Japanese,Chinese,Example_JP,Example_CN,Example_Furigana,Grammar_Notes,Audio_Path
踏む,踩、踏,道を注意して踏むようにしましょう。,请注意踩好道路。,<ruby>道<rt>みち</rt></ruby>を<ruby>注意<rt>ちゅうい</rt></ruby>して<ruby>踏む<rt>ふむ</rt></ruby>ようにしましょう,<ol><li>道（みち）：道路、路面。</li><li>〜を：表示动作对象的助词。</li><li>注意して：动词「注意する」的て形，表示方式、手段。</li><li>踏む（ふむ）：踩、踏，表示用脚压在物体表面上。</li><li>ようにしましょう：表达劝告或建议，“请尽量……”。「ように」用于表示目的、期望等，「しましょう」为「する」的意向形。</li></ol>,[sound:jlpt_vocabulary_in_sentence_踏む.mp3]
～区,区，行政区划,私は中央区に住んでいます。,我住在中央区。,<ruby>私<rt>わたし</rt></ruby>は<ruby>中央区<rt>ちゅうおうく</rt></ruby>に<ruby>住んで<rt>すんで</rt></ruby><ruby>います<rt>います</rt></ruby>。,<ol><li>私（わたし）：我。指说话人自己。</li><li>は：助词，提示主语。</li><li>中央区（ちゅうおうく）：“中央区”，日本城市中一种行政区划。“～区（く）”在日本大城市指市下行政区，例如东京有涩谷区、新宿区等。</li><li>に：助词，表示动作的目的地、存在地点。</li><li>住んでいます（すんでいます）：“住んでいる”的礼貌形，表示现在正在居住。</li><li>句型：～に住んでいます，表示住在……地方。</li><li>日本的大都市通常分为“区（く）”作为行政单元，常在住所、邮寄地址中出现。</li></ol>,[sound:jlpt_vocabulary_in_sentence_～区.mp3]
すっと,一下子，顺利,彼の言葉で気持ちがすっと軽くなった。,因为他的话，心情一下子变轻松了。,<ruby>彼<rt>かれ</rt></ruby>の<ruby>言葉<rt>ことば</rt></ruby>で<ruby>気持ち<rt>きもち</rt></ruby>がすっと<ruby>軽く<rt>かるく</rt></ruby><ruby>なった<rt>なった</rt></ruby>。,<ol><li>彼（かれ）：他，用于男性第三人称。</li><li>言葉（ことば）：话语、语言。</li><li>で：表示原因或手段，这里表示“因为”他的语言。</li><li>気持ち（きもち）：心情、情绪。</li><li>が：主格助词，标记主语。</li><li>すっと：副词，表示动作迅速、轻快或心理上豁然开朗的样子。</li><li>軽く（かるく）：“轻い”（かるい）的副词形式，意思是轻松地、轻快地。</li><li>なった：成为、变成的意思，是自动词“なる”的过去式。</li><li>句法：全句“彼の言葉で気持ちがすっと軽くなった”结构为“因……而……”，表达心理状态因某事迅速发生积极变化。</li></ol>,[sound:jlpt_vocabulary_in_sentence_すっと.mp3]
盗む,偷窃,彼はお金を盗みました。,他偷了钱。,<ruby>彼は<rt>かれは</rt></ruby><ruby>お金<rt>おかね</rt></ruby><ruby>を<rt>を</rt></ruby><ruby>盗みました<rt>ぬすみました</rt></ruby>。,<ol><li>彼（かれ）：第三人称单数代词，指“他”。</li><li>お金（おかね）：名词，钱，前缀“お”表示礼貌。</li><li>を：助词，宾格标记，表示动作的对象。</li><li>盗みました（ぬすみました）：动词“盗む（ぬすむ）”的ます形过去式，表示已经偷窃。</li><li>句子结构：主语+宾语+动词，符合日语基本语序（SOV）。</li><li>动词“盗む”用于表示非法获取、偷取财物的行为。</li></ol>,[sound:jlpt_vocabulary_in_sentence_盗む.mp3]
大抵,大致，大多,大抵の人は朝ご飯を食べます。,大多数人吃早饭。,<ruby>大抵<rt>たいてい</rt></ruby>の<ruby>人<rt>ひと</rt></ruby>は<ruby>朝ご飯<rt>あさごはん</rt></ruby>を<ruby>食べます<rt>たべます</rt></ruby>。,"<ol><li>「大抵（たいてい）」意思是""大致、通常、大多数""，用于表示绝大部分情况。</li><li>「〜の人は」表示限定的群体，这里指“大部分人”。</li><li>「朝ご飯を食べます」是“吃早饭”的意思。一般日本人早上重视早餐，早餐通常以米饭、味噌汤等为主。</li></ol>",[sound:jlpt_vocabulary_in_sentence_大抵.mp3]
とうとう,终于,とうとう映画が始まりました。,电影终于开始了。,<ruby>とうとう<rt>とうとう</rt></ruby><ruby>映画<rt>えいが</rt></ruby>が<ruby>始まりました<rt>はじまりました</rt></ruby>。,<ol><li>とうとう：副词，表示经过长时间后，最终某件事实现了，有“终于”、“到头来”的意思，常见于正负两种结局。</li><li>映画（えいが）：名词，意思是“电影”。</li><li>始まりました（はじまりました）：动词“始まる”的敬体过去式，表示“已经开始了”。敬体用于普通礼貌表达。</li></ol>,[sound:jlpt_vocabulary_in_sentence_とうとう.mp3]
ガソリン,汽油,車にガソリンを入れます。,给汽车加汽油。,<ruby>車<rt>くるま</rt></ruby>にガソリンを<ruby>入れます<rt>いれます</rt></ruby>。,<ol><li>車（くるま）：名词，意思是“汽车”。</li><li>に：格助词，表目的地、动作的归着点。</li><li>ガソリン：外来语，指“汽油”。</li><li>を：宾格助词，标示动作作用的对象。</li><li>入れます（いれます）：动词“入れる”的敬体，意为“放入、加进”。</li><li>语序为“对象+に+物品+を+动词”，常用来表达向某物加进某物的动作。</li></ol>,[sound:jlpt_vocabulary_in_sentence_ガソリン.mp3]
鳴る,响，鸣叫,電話が鳴ると急いで出ました。,电话响了，我赶紧接了。,<ruby>電話<rt>でんわ</rt></ruby>が<ruby>鳴る<rt>なる</rt></ruby>と<ruby>急いで<rt>いそいで</rt></ruby><ruby>出ました<rt>でました</rt></ruby>。,<ol><li>電話（でんわ）：电话。</li><li>が：表示主语的助词。</li><li>鳴る（なる）：自动词，表示发出声响，用于钟、电话、动物等非人类的鸣叫/响声。</li><li>と：用于前后两动作的连接，这里表示“只要电话响就……”的顺接。</li><li>急いで（いそいで）：表示动作迅速进行，动词“急ぐ”的て形，用于连接下一个动作。</li><li>出ました（でました）：动词“出る”（出去、接听等）的过去敬体形，这里指“接听（电话）”。</li><li>语法点：“～と”后接表示结果的句子，表示一旦前面动作发生，后句动作就随之发生。</li><li>文化注：日本在接电话时会尽快接听，表现礼貌和重视。</li></ol>,[sound:jlpt_vocabulary_in_sentence_鳴る.mp3]
しっかり,牢固，扎实,彼は仕事をしっかりやります。,他工作很认真扎实。,<ruby>彼<rt>かれ</rt></ruby>は<ruby>仕事<rt>しごと</rt></ruby>をしっかり<ruby>やります<rt>やります</rt></ruby>。,<ol><li>彼（かれ）：指他，第三人称男性。</li><li>仕事（しごと）：工作、事务。</li><li>を：助词，表示动作涉及的对象。</li><li>しっかり：副词，意思是牢牢地、扎实地、认真地（本句中表示对待工作的态度认真负责）。</li><li>やります：动词“やる”的礼貌形，意思是做、干。</li><li>句型“名词をしっかりやります”：表示做某事认真扎实、有责任心。</li></ol>,[sound:jlpt_vocabulary_in_sentence_しっかり.mp3]
生きる,生活、活着,強く生きることが大切です。,坚强地活着很重要。,<ruby>強く<rt>つよく</rt></ruby><ruby>生きる<rt>いきる</rt></ruby><ruby>こと<rt>こと</rt></ruby><ruby>が<rt>が</rt></ruby><ruby>大切です<rt>たいせつです</rt></ruby>。,<ol><li>強く（つよく）：副词，表示“坚强地、有力地”。</li><li>生きる（いきる）：动词，意思是“生活、活着、生存”。此处是动词原形做定语补充内容。</li><li>こと：用作“事情、事物”，此处将前面的动词短语名词化。</li><li>が：主格助词，表示主语。</li><li>大切（たいせつ）です：形容动词“重要、宝贵”的敬体形式。</li><li>语法：“动词原形+ことが大切です”——表示“做某事很重要”，为表达建议、强调观点的固定句型。</li></ol>,[sound:jlpt_vocabulary_in_sentence_生きる.mp3]
苦い,苦的,この薬は少し苦いです。,这个药有点苦。,<ruby>この<rt>この</rt></ruby><ruby>薬<rt>くすり</rt></ruby>は<ruby>少し<rt>すこし</rt></ruby><ruby>苦い<rt>にがい</rt></ruby><ruby>です<rt>です</rt></ruby>。,<ol><li>この：指示词，表示“这个”。</li><li>薬（くすり）：名词，意思是“药”。</li><li>は：助词，表示主题。</li><li>少し（すこし）：副词，表示“少量”、“有点”。</li><li>苦い（にがい）：形容词，意思是“苦的”，一般表示味道，也可形容心情等抽象感觉。</li><li>です：礼貌句尾，与形容词连用使句子更正式。</li><li>日语中形容词直接修饰主语，结构为“主语+は+形容词+です”，表示某物具有某特性。</li></ol>,[sound:jlpt_vocabulary_in_sentence_苦い.mp3]
沸く,沸腾,お湯が沸くまで待ってください。,请等到水烧开为止。,<ruby>お湯<rt>おゆ</rt></ruby>が<ruby>沸く<rt>わく</rt></ruby>まで<ruby>待って<rt>まって</rt></ruby>ください。,<ol><li>お湯（おゆ）：热水，开水，前缀「お」表尊敬或礼貌。</li><li>が：助词，表示主语。</li><li>沸く（わく）：动词，表示液体加热到沸腾状态。</li><li>まで：表示动作或状态持续到某个时间点。</li><li>待ってください：动词て形「待って」加「ください」表示“请做某事”。「待つ（まつ）」=等待。</li><li>语法补充：「まで待ってください」是常用的请对方等到某一状态为止的表达。</li></ol>,[sound:jlpt_vocabulary_in_sentence_沸く.mp3]
意見,意见,会議で意見を述べました。,我在会议上发表了意见。,<ruby>会議<rt>かいぎ</rt></ruby>で<ruby>意見<rt>いけん</rt></ruby>を<ruby>述べました<rt>のべました</rt></ruby>。,<ol><li>会議（かいぎ）：表示会议、会议场合。</li><li>で：场所助词，表示动作发生的场所。</li><li>意見（いけん）：名词，意思是意见、看法。</li><li>を：宾语助词，标明动作的对象。</li><li>述べました（のべました）：动词“述べる”（のべる）的敬体过去式，意思是陈述、表达。</li><li>语法知识：此句使用了「动词ます形」的礼貌表达方式，表示对听者的尊敬。宾语助词「を」标记“意見”为述说的内容。</li></ol>,[sound:jlpt_vocabulary_in_sentence_意見.mp3]
やはり; やっぱり,果然，还是,やはり彼が来ましたね。,果然他来了啊。,<ruby>やはり<rt>やはり</rt></ruby><ruby>彼<rt>かれ</rt></ruby>が<ruby>来ました<rt>きました</rt></ruby>ね。,<ol><li>やはり：副词，表示与预想、预期一致，含有“果然、还是”的意思，也可以用やっぱり（较口语）。</li><li>彼（かれ）：指代他人，意思是“他”。</li><li>来ました（きました）：动词来る（くる）的ます形过去式，表示“来了”。</li><li>助词が：表示主语。</li><li>语尾ね：用于确认对方的认同，相当于“啊、呢”。</li></ol>,[sound:jlpt_vocabulary_in_sentence_やはり; やっぱり.mp3]
漫画,漫画,私は毎日漫画を読みます。,我每天都看漫画。,<ruby>私<rt>わたし</rt></ruby>は<ruby>毎日<rt>まいにち</rt></ruby><ruby>漫画<rt>まんが</rt></ruby>を<ruby>読みます<rt>よみます</rt></ruby>。,<ol><li>私（わたし）：第一人称代词，意为“我”。</li><li>毎日（まいにち）：副词，指“每天”、“每日”。</li><li>漫画（まんが）：名词，意为“漫画”。</li><li>を：助词，表示动作的宾语，即“漫画”是“读”的对象。</li><li>読みます（よみます）：动词“読む（よむ）”的敬体形式，意为“读”。</li><li>日语句子常用 S（主语）＋O（宾语）＋V（动词）的顺序。本句使用了这一语法顺序：私は（主语） 漫画を（宾语） 読みます（动词）。</li></ol>,[sound:jlpt_vocabulary_in_sentence_漫画.mp3]
ステレオ,立体声,新しいステレオを買いました。,我买了新的立体声音响。,<ruby>新しい<rt>あたらしい</rt></ruby><ruby>ステレオ<rt>すてれお</rt></ruby><ruby>を<rt>を</rt></ruby><ruby>買いました<rt>かいました</rt></ruby>。,<ol><li>新しい（あたらしい）：形容词，意思是“新的”。</li><li>ステレオ（すてれお）：外来语，表示“立体声、音响设备”。</li><li>を：助词，表示动作的对象（宾语）。</li><li>買いました（かいました）：动词“買う（买）”的敬体过去式，表示“买了”。</li><li>语法：助词「を」用来连接宾语和动词，在敬体表达中，“ました”接在动词连用形后表示过去时且语气礼貌。</li></ol>,[sound:jlpt_vocabulary_in_sentence_ステレオ.mp3]
医学,医学,彼は医学を勉強しています。,他在学习医学。,<ruby>彼<rt>かれ</rt></ruby>は<ruby>医学<rt>いがく</rt></ruby>を<ruby>勉強しています<rt>べんきょうしています</rt></ruby>。,<ol><li>彼（かれ）：他，指男性。</li><li>医学（いがく）：医学，是指研究疾病、健康、治疗等相关知识的学科。</li><li>を：宾格助词，连接动作对象（这里指学习医学）。</li><li>勉強しています：动词“勉強する”的ている形，表示正在进行某动作，此处指正在学习。</li><li>语法点：“～しています”表达动作正在进行，强调某人当前正处于某种活动或状态中。</li></ol>,[sound:jlpt_vocabulary_in_sentence_医学.mp3]
テキスト,文本,このテキストを読んでください。,请阅读这个文本。,<ruby>この<rt>この</rt></ruby><ruby>テキスト<rt>てきすと</rt></ruby><ruby>を<rt>を</rt></ruby><ruby>読んで<rt>よんで</rt></ruby><ruby>ください<rt>ください</rt></ruby>。,<ol><li>この：连体词，表示“这个”。用于靠近说话人、已知或者前面提及的事物。</li><li>テキスト：外来语，意为“文本”，“课本”或“材料”。在学习场合多指教科书。</li><li>を：助词，提示动作的对象，放在宾语后面。</li><li>読んでください：「読んで」为动词“読む”（读）的て形，后接“ください”（请），表达请求或命令，意为“请读”。</li><li>句子结构是“名词+を+动词て形+ください”，常用于请对方做某事。</li></ol>,[sound:jlpt_vocabulary_in_sentence_テキスト.mp3]
～月,几月,誕生日は何月ですか。,你的生日是几月？,<ruby>誕生日<rt>たんじょうび</rt></ruby>は<ruby>何月<rt>なんがつ</rt></ruby>ですか。,<ol><li>誕生日（たんじょうび）：表示“生日”。</li><li>は：助词，表示主题。</li><li>何月（なんがつ）：疑问词，“几月”，用于询问月份。「～月」用来表示几月份。前面填入阿拉伯数字（一月 １月 いちがつ）。</li><li>です：礼貌句尾。</li><li>か：疑问句结尾，表示提问。</li><li>本句型用于询问月份，非常常见。</li></ol>,[sound:jlpt_vocabulary_in_sentence_～月.mp3]
折る,折断，弄弯,彼は枝を簡単に折った。,他轻松地折断了树枝。,<ruby>彼は<rt>かれは</rt></ruby><ruby>枝を<rt>えだを</rt></ruby><ruby>簡単に<rt>かんたんに</rt></ruby><ruby>折った<rt>おった</rt></ruby>。,<ol><li>彼（かれ）：指“他”，用于第三人称男性。</li><li>枝（えだ）：意为“树枝”。</li><li>簡単に（かんたんに）：副词，表示“轻松地”或“简单地”。</li><li>折った（おった）：动词“折る”的过去式，表示把某物折断。</li><li>语法：日语句子常采用主语—宾语—谓语的顺序。动词“折る”为他动词，必须带宾语。助词「を」用于连接宾语和动词。</li></ol>,[sound:jlpt_vocabulary_in_sentence_折る.mp3]
～会,会，能,私はピアノを弾くことができます。,我会弹钢琴。,<ruby>私<rt>わたし</rt></ruby>はピアノを<ruby>弾く<rt>ひく</rt></ruby>ことができます。,<ol><li>ピアノ：钢琴（外来语）。</li><li>弾く（ひく）：弹奏（乐器）。</li><li>ことができます：表示“能够、会”，是“动词简体形+ことができます”结构，表达能力或可能性。例：泳ぐことができます（会游泳）。</li><li>は：助词，提示主题。</li><li>を：助词，表示动作对象。</li><li>文化补充：日本学生常以钢琴等兴趣特长自我介绍，表述方式常用“～ことができます”。</li></ol>,[sound:jlpt_vocabulary_in_sentence_～会.mp3]
うかがう,拜访，请教,先生の家にうかがいました。,我拜访了老师的家。,<ruby>先生<rt>せんせい</rt></ruby>の<ruby>家<rt>いえ</rt></ruby>に<ruby>うかがいました<rt>うかがいました</rt></ruby>。,<ol><li>先生（せんせい）：老师，称呼他人的教师或长辈。</li><li>家（いえ）：家，房子。</li><li>に：表示动作的方向或到达的地点，译为“到、去”。</li><li>うかがいました：「うかがう」是“访问、请教”的自谦语，用于表达对他人的尊敬，常在与上司、老师交往时使用。本句是ます形的过去式，表明动作已完成。</li><li>语法：表示自谦时，使用「うかがう」来代替「行く（いく 去）」或「聞く（きく 听、问）」，体现对对方的尊敬。</li></ol>,[sound:jlpt_vocabulary_in_sentence_うかがう.mp3]
聞こえる,能听见,外から音楽が聞こえる。,从外面能听到音乐。,<ruby>外<rt>そと</rt></ruby>から<ruby>音楽<rt>おんがく</rt></ruby>が<ruby>聞こえる<rt>きこえる</rt></ruby>。,<ol><li>外（そと）：指外面、外部。</li><li>から：表示起点、来源。「从……」</li><li>音楽（おんがく）：音乐。</li><li>が：表示主语。</li><li>聞こえる（きこえる）：自他动词，表示「能听见」某种声音，多指非主观意愿下自然听到。</li><li>语法：『名词＋が＋聞こえる』表达「能听见～」的意思，常用于描述偶然或自然传来的声音。</li></ol>,[sound:jlpt_vocabulary_in_sentence_聞こえる.mp3]
僕,我（男）,僕は毎日学校に行きます。,我每天去学校。,<ruby>僕<rt>ぼく</rt></ruby><ruby>は<rt>は</rt></ruby><ruby>毎日<rt>まいにち</rt></ruby><ruby>学校<rt>がっこう</rt></ruby><ruby>に<rt>に</rt></ruby><ruby>行きます<rt>いきます</rt></ruby>。,<ol><li>僕（ぼく）：第一人称代词，男性常用，表达“我”。</li><li>は：主题助词，表示句子的主语。</li><li>毎日（まいにち）：副词，意思是“每天”。</li><li>学校（がっこう）：名词，“学校”。</li><li>に：表示方向或目的地的助词。</li><li>行きます（いきます）：动词“行く”的敬体现在时，意思是“去”。</li><li>本句为基本主谓宾结构：主语+时间+目的地+动作。</li><li>男性自称多用“僕”，表示谦逊、亲切或随和。</li></ol>,[sound:jlpt_vocabulary_in_sentence_僕.mp3]
必ず,一定，务必,明日は必ず来てください。,明天请务必来。,<ruby>明日<rt>あした</rt></ruby>は<ruby>必ず<rt>かならず</rt></ruby><ruby>来て<rt>きて</rt></ruby>ください。,<ol><li>明日（あした）：名词，意为“明天”。</li><li>は：主题助词，标明主语（“明日”）。</li><li>必ず（かならず）：副词，意为“一定、务必”，表示强烈的确定性或叮嘱，常用于请求或命令句中。</li><li>来てください：动词“来る”的て形“来て”加上“ください”，表示请对方做某事，含有礼貌祈使的语气。</li><li>语法说明：“必ず”常位于动词前，用来加强语气。日语中在请求、劝告时，加上“ください”构成礼貌表达。</li></ol>,[sound:jlpt_vocabulary_in_sentence_必ず.mp3]
壊す,破坏，弄坏,子供が大事なおもちゃを壊した。,孩子把重要的玩具弄坏了。,<ruby>子供<rt>こども</rt></ruby>が<ruby>大事な<rt>だいじな</rt></ruby>おもちゃを<ruby>壊した<rt>こわした</rt></ruby>。,<ol><li>子供（こども）：孩子。</li><li>が：主格助词，表示主语。</li><li>大事（だいじ）：重要。『な』作为连体词接续修饰名词。</li><li>おもちゃ：玩具。</li><li>を：宾格助词，标记动作的对象。</li><li>壊す（こわす）：动词，意思为“弄坏”或“破坏”，此处是过去式「壊した」（弄坏了）。</li><li>日语常用『〜を壊す』表示把某物弄坏。</li></ol>,[sound:jlpt_vocabulary_in_sentence_壊す.mp3]
怒る,生气,先生は昨日怒りました。,老师昨天生气了。,<ruby>先生<rt>せんせい</rt></ruby>は<ruby>昨日<rt>きのう</rt></ruby><ruby>怒りました<rt>おこりました</rt></ruby>。,<ol><li>先生（せんせい）：老师。</li><li>は：主题助词，表示主语。</li><li>昨日（きのう）：昨天。</li><li>怒りました（おこりました）：动词「怒る」（生气）的过去式，表示过去发生的事情。动词连用形加ました表达礼貌。</li><li>日语中，过去式常用于描述已经发生的事件。「怒る」常用于描述情绪变化或突发的不快情感。</li></ol>,[sound:jlpt_vocabulary_in_sentence_怒る.mp3]
床屋,理发店,私は近くの床屋に行きます。,我去附近的理发店。,<ruby>私<rt>わたし</rt></ruby>は<ruby>近く<rt>ちかく</rt></ruby>の<ruby>床屋<rt>とこや</rt></ruby>に<ruby>行きます<rt>いきます</rt></ruby>。,<ol><li>私（わたし）：第一人称，表示“我”。</li><li>近く（ちかく）：名词，意思是“附近、近处”。后接の，作定语修饰后面的名词。</li><li>床屋（とこや）：名词，意思是“理发店”，指理发师经营的店铺。</li><li>に：助词，表示动作的目的地或方向。</li><li>行きます（いきます）：动词“行く（いく）”的敬体形式，意思是“去”。</li><li>日语中去某地时常用“〜に行きます”的固定句型。</li></ol>,[sound:jlpt_vocabulary_in_sentence_床屋.mp3]
オートバイ,摩托车,彼は新しいオートバイを買いました。,他买了新的摩托车。,<ruby>彼<rt>かれ</rt></ruby>は<ruby>新しい<rt>あたらしい</rt></ruby>オートバイを<ruby>買いました<rt>かいました</rt></ruby>。,<ol><li>彼（かれ）：他、第三人称男性代词。</li><li>新しい（あたらしい）：形容词，表示“新的”。</li><li>オートバイ：外来语，指“摩托车”。源自英文 motorcycle，日语音译。</li><li>を：助词，标记宾语。</li><li>買いました（かいました）：动词買う（买）的ます形过去式，表示“买了”，是敬体。</li><li>「新しいオートバイを買いました」整体结构为“〜を買いました（买了〜）”，常见表达动作完成。</li></ol>,[sound:jlpt_vocabulary_in_sentence_オートバイ.mp3]
運動,运动,毎日運動することが大切です。,每天运动很重要。,<ruby>毎日<rt>まいにち</rt></ruby><ruby>運動<rt>うんどう</rt></ruby>することが<ruby>大切<rt>たいせつ</rt></ruby>です。,<ol><li>毎日（まいにち）：表示“每天”。</li><li>運動（うんどう）：表示“运动”。此句为名词用法，后续用「する」动词化。</li><li>することが：名词化短语，表示做某事。</li><li>大切（たいせつ）です：表示“重要”。「大切」接「です」构成正式表达。</li><li>句型：Aすることが大切です = 做A很重要。</li></ol>,[sound:jlpt_vocabulary_in_sentence_運動.mp3]
止む,停止，终止,突然雨が止んだ。,雨突然停了。,<ruby>突然<rt>とつぜん</rt></ruby><ruby>雨<rt>あめ</rt></ruby>が<ruby>止んだ<rt>やんだ</rt></ruby>。,<ol><li>突然（とつぜん）：副词，表示“突然，忽然”。</li><li>雨（あめ）：名词，意思是“雨”。</li><li>が：助词，表示主语，这里用于指出“雨”是动作的发出者或状态的主体。</li><li>止んだ（やんだ）：动词“止む（やむ）”的过去式，表示“停了”或“结束了”。动词“止む”常用于描述自然现象（如雨、风、声音等）停止。</li><li>句子的语法结构为“〜が〜（动词）”，是日语中常见的描述某事发生（或结束）的方式。</li></ol>,[sound:jlpt_vocabulary_in_sentence_止む.mp3]
もし,如果,もし雨が降ったら、出かけません。,如果下雨的话，我就不出门了。,<ruby>もし<rt>もし</rt></ruby><ruby>雨<rt>あめ</rt></ruby>が<ruby>降ったら<rt>ふったら</rt></ruby>、<ruby>出かけません<rt>でかけません</rt></ruby>。,<ol><li>もし：表示假设，相当于“如果”。用于假设性的句子开头，常与“たら、なら”等假定条件句式搭配。</li><li>雨（あめ）：汉字为“雨”，意思是雨水。</li><li>が：助词，表示主语。</li><li>降ったら（ふったら）：动词“降る（ふる）”的过去假定形，表示“如果下了……”。</li><li>出かけません（でかけません）：出かける（出去，外出）的否定形，表示“不出去”。</li><li>句型「もし～たら」：常用于表达“如果……的话”。这是日语条件句中常见的用法。</li></ol>,[sound:jlpt_vocabulary_in_sentence_もし.mp3]
表,表格、表面,この表を見てください。,请看这个表格。,<ruby>この<rt>この</rt></ruby><ruby>表<rt>ひょう</rt></ruby><ruby>を<rt>を</rt></ruby><ruby>見て<rt>みて</rt></ruby><ruby>ください<rt>ください</rt></ruby>。,<ol><li>この：连体词，表示“这个”。</li><li>表（ひょう）：名词，意思是表格、清单，有时也指“表面”。在句中做宾语。</li><li>を：助词，连接宾语和动词，表示动作的对象。</li><li>見て（みて）：动词“見る”（看）的て形，用于与下文“ください”连用表示请求。</li><li>ください：表示请求、请～，用在て形动词后。</li><li>句型“～てください”：表达请求或命令的语气，相当于“请～”。</li></ol>,[sound:jlpt_vocabulary_in_sentence_表.mp3]
大学生,大学生,私は大学生です。,我是大学生。,<ruby>私<rt>わたし</rt></ruby>は<ruby>大学生<rt>だいがくせい</rt></ruby>です。,<ol><li>私（わたし）：第一人称代词，表示“我”。</li><li>は：助词，提示主语。</li><li>大学生（だいがくせい）：名词，意为“大学生”。</li><li>です：判断句结尾的礼貌语气词，用于说明或判断。</li><li>句型“～は～です”：表示“……是……”的意思，是最基础的日语介绍句型。</li></ol>,[sound:jlpt_vocabulary_in_sentence_大学生.mp3]
運転手,司机,彼の父は運転手です。,他的父亲是司机。,<ruby>彼<rt>かれ</rt></ruby>の<ruby>父<rt>ちち</rt></ruby>は<ruby>運転手<rt>うんてんしゅ</rt></ruby>です。,<ol><li>彼（かれ）：他，第三人称男性代词。の：表示所属关系，类似中文“的”。父（ちち）：父亲，自己的父亲时用此词。は：主题助词，指出句子的主题。“父は”即“父亲是……”</li><li>運転手（うんてんしゅ）：司机，从“運転”（うんてん，驾驶）和“手”（しゅ，表示技艺者）构成。です：判断词，相当于中文的“是”，表达礼貌。</li><li>语法说明：本句为AはBです型句型，即“X是Y”。日本人在正式和不熟的人面前常用“です”表示礼貌。</li></ol>,[sound:jlpt_vocabulary_in_sentence_運転手.mp3]
予習,预习,明日 の 試験 の ために 予習 を します。,为了明天的考试我要预习。,<ruby>明日<rt>あした</rt></ruby>の<ruby>試験<rt>しけん</rt></ruby>のために<ruby>予習<rt>よしゅう</rt></ruby>をします。,<ol><li>明日（あした）：名词，表示“明天”。</li><li>試験（しけん）：名词，表示“考试”。</li><li>ために：表示目的，意思是“为了……”。</li><li>予習（よしゅう）：名词，表示“预习”。</li><li>を：助词，表示动作的对象，这里指“予習”。</li><li>します：动词“する（做）”的敬体，表示动作。</li><li>句子结构：先说明为谁，以“ために”引出目的，然后说明具体动作“予習をします”。</li></ol>,[sound:jlpt_vocabulary_in_sentence_予習.mp3]
心配,担心,明日の天気が心配です。,我担心明天的天气。,<ruby>明日<rt>あした</rt></ruby>の<ruby>天気<rt>てんき</rt></ruby>が<ruby>心配<rt>しんぱい</rt></ruby>です。,<ol><li>明日（あした）：表示“明天”。</li><li>天気（てんき）：指“天气”。</li><li>心配（しんぱい）：表示“担心、挂念”，可作名词或な形容词，在此句中作名词用法。</li><li>が：表示主语助词，这里指“担心的对象”。</li><li>です：礼貌结句表达，常用于表达个人状态或感受。</li><li>语法：句型“～が心配です”用来表达“担心～”。主语用“が”提示，表达主观情感。</li></ol>,[sound:jlpt_vocabulary_in_sentence_心配.mp3]
別,分别、区别,二人は別の道を選んだ。,两人选择了不同的道路。,<ruby>二人<rt>ふたり</rt></ruby>は<ruby>別<rt>べつ</rt></ruby>の<ruby>道<rt>みち</rt></ruby>を<ruby>選んだ<rt>えらんだ</rt></ruby>。,<ol><li>別（べつ）：名词，表示“区别，别的”，用作连体词时修饰后面的名词，意思为“另外的、不同的”。</li><li>助词「の」：起到连接、修饰名词的作用，表示前面的“别”用来修饰后面的“道”，即“不同的道路”。</li><li>动词「選んだ」（选んだ，选ぶ的过去式）：表示“选择”。本句用过去式，说明动作已完成。</li></ol>,[sound:jlpt_vocabulary_in_sentence_別.mp3]
非常に,非常，特别,この映画は非常に面白いです。,这部电影非常有趣。,<ruby>この<rt>この</rt></ruby><ruby>映画<rt>えいが</rt></ruby>は<ruby>非常に<rt>ひじょうに</rt></ruby><ruby>面白い<rt>おもしろい</rt></ruby>です。,<ol><li>この：指示词，表示“这”。</li><li>映画（えいが）：名词，表示“电影”。</li><li>は：主题助词，提示句子的主题。</li><li>非常に（ひじょうに）：副词，意思是“非常、特别”，用来加强后面形容词或动词的程度。</li><li>面白い（おもしろい）：形容词，意思是“有趣的”。</li><li>です：礼貌形句尾。</li><li>语法：结构为“主语＋は＋非常に＋形容词／动词＋です”，用于礼貌地表达主观评价或状态，加强语气。</li></ol>,[sound:jlpt_vocabulary_in_sentence_非常に.mp3]
お宅,府上，家,昨日はお宅に伺いました。,昨天我去拜访了您的府上。,<ruby>昨日<rt>きのう</rt></ruby>は<ruby>お宅<rt>おたく</rt></ruby>に<ruby>伺いました<rt>うかがいました</rt></ruby>。,<ol><li>お宅（おたく）：尊敬语，指对方的家、府上，是“家（いえ）”的敬语形式，在正式或礼貌场合使用。</li><li>伺いました（うかがいました）：“伺う”是“行く（去）、来る（来）、聞く（问）”的自谦语，表示说话人对对方的尊敬和自己的谦逊。</li><li>语法结构“〜に伺う”：表示去（主语的行为，表达敬意）拜访某人（对象）。</li></ol>,[sound:jlpt_vocabulary_in_sentence_お宅.mp3]
柔らかい,柔软的,この布はとても柔らかいです。,这块布非常柔软。,<ruby>この<rt>この</rt></ruby><ruby>布<rt>ぬの</rt></ruby><ruby>は<rt>は</rt></ruby><ruby>とても<rt>とても</rt></ruby><ruby>柔らかい<rt>やわらかい</rt></ruby><ruby>です<rt>です</rt></ruby>。,<ol><li>この：指示词，意思是“这”。</li><li>布（ぬの）：名词，布料、织物。</li><li>は：主题助词，标记句子的主题。</li><li>とても：副词，表示“非常”。</li><li>柔らかい（やわらかい）：形容词，意思是“柔软的”。</li><li>です：礼貌语尾，表述陈述句。<br>语法点：「柔らかい」为い形容词，直接修饰名词或放在句末用。</li></ol>,[sound:jlpt_vocabulary_in_sentence_柔らかい.mp3]
拾う,捡起,道で小銭を拾いました。,我在路上捡到了硬币。,<ruby>道<rt>みち</rt></ruby>で<ruby>小銭<rt>こぜに</rt></ruby>を<ruby>拾いました<rt>ひろいました</rt></ruby>。,<ol><li>道（みち）：道路的意思，用于表示“在路上”时搭配助词で使用。</li><li>小銭（こぜに）：零钱，硬币。</li><li>を：表示动作的对象，即“捡”的对象是小銭。</li><li>拾いました（ひろいました）：动词“拾う（ひろう）”的过去式，表示已经完成捡的动作。</li><li>语法点：「～ました」为敬体的过去时，表示对听话人的礼貌。</li></ol>,[sound:jlpt_vocabulary_in_sentence_拾う.mp3]
～ございます,有；在；敬语,こちらが新しいメニューでございます。,这是我们的新菜单。,<ruby>こちら<rt>こちら</rt></ruby><ruby>が<rt>が</rt></ruby><ruby>新しい<rt>あたらしい</rt></ruby><ruby>メニュー<rt>めにゅー</rt></ruby><ruby>でございます<rt>でございます</rt></ruby>。,<ol><li>「ございます」是「ある」的敬语形式，用于表达“有”或“在”，多见于服务行业中的礼貌用语。例如「〜でございます」用来礼貌地说明某事物的存在。</li><li>「新しい」意为“新的”，“メニュー”意为“菜单”。「こちらが〜でございます」意为“这是……”，是介绍、指示时非常客气的表达。餐厅服务员介绍菜单、商品等时常用此句型。</li></ol>,[sound:jlpt_vocabulary_in_sentence_～ございます.mp3]
気,心情,最近は気が晴れません。,最近心情不好。,<ruby>最近<rt>さいきん</rt></ruby>は<ruby>気<rt>き</rt></ruby>が<ruby>晴れません<rt>はれません</rt></ruby>。,<ol><li>最近（さいきん）：最近，近来，表示时间上的接近。</li><li>は：主题助词，强调“最近”这个时间段。</li><li>気（き）：表示心情、精神状态。“気が晴れる”意为心情变好，烦恼消解。“～ません”为否定表达，表示“没能”或“不”。</li><li>晴れません（はれません）：晴れる的否定形，这里引申为“心情无法变好”。本句整体表达“心情不佳、情绪低落”。</li></ol>,[sound:jlpt_vocabulary_in_sentence_気.mp3]
比べる,比较,去年と比べると、今年は暑いです。,和去年相比，今年很热。,<ruby>去年<rt>きょねん</rt></ruby>と<ruby>比べる<rt>くらべる</rt></ruby>と、<ruby>今年<rt>ことし</rt></ruby>は<ruby>暑い<rt>あつい</rt></ruby>です。,<ol><li>去年（きょねん）：去年的意思。</li><li>と：这里表示和某对象进行比较。</li><li>比べる（くらべる）：动词“比较”的意思。</li><li>今年（ことし）：今年。</li><li>は：主题助词，用于提示主语。</li><li>暑い（あつい）：形容词，表示“热”。</li><li>です：礼貌体终止，表示陈述。</li><li>句型“Ａと比べると、Ｂ”：表示“和A相比，B怎么样”。</li></ol>,[sound:jlpt_vocabulary_in_sentence_比べる.mp3]
ほとんど,几乎、差不多,ほとんどの人がその映画を見ました。,几乎所有人都看了那部电影。,<ruby>ほとんど<rt>ほとんど</rt></ruby>の<ruby>人<rt>ひと</rt></ruby>がその<ruby>映画<rt>えいが</rt></ruby>を<ruby>見ました<rt>みました</rt></ruby>。,<ol><li>ほとんど：副词，表示“几乎、差不多”，常用于说明数量或程度接近全部。</li><li>の：连接助词，表示所属，这里用来修饰后面的“人”。</li><li>人（ひと）：名词，指“人”。</li><li>が：主语助词，标明主语“人”。</li><li>その：指示词，意思是“那”、“那部”。</li><li>映画（えいが）：名词，“电影”。</li><li>を：宾语助词，标明动作的对象，“电影”。</li><li>見ました（みました）：动词“見る（看）”的过去敬体形式，表示“看了”。</li><li>本句语法结构：主语 + が + 目的语 + を + 动词，属于基本句型。</li></ol>,[sound:jlpt_vocabulary_in_sentence_ほとんど.mp3]
つもり,打算，计划,明日から早く起きるつもりです。,我打算从明天开始早起。,<ruby>明日<rt>あした</rt></ruby>から<ruby>早く<rt>はやく</rt></ruby><ruby>起きる<rt>おきる</rt></ruby>つもりです。,<ol><li>明日（あした）：明天。</li><li>から：表示起点，相当于“从”。</li><li>早く（はやく）：早，副词。</li><li>起きる（おきる）：起床。</li><li>つもり：接在动词普通形后，表示“打算、计划”。</li><li>です：礼貌句尾助动词。</li><li>语法解析：“动词普通形+つもりです”表达说话人的打算或计划，常用于第一人称。</li></ol>,[sound:jlpt_vocabulary_in_sentence_つもり.mp3]
郊外,郊区,郊外に広い公園があります。,郊区有一个很大的公园。,<ruby>郊外<rt>こうがい</rt></ruby>に<ruby>広い<rt>ひろい</rt></ruby><ruby>公園<rt>こうえん</rt></ruby>が<ruby>あります<rt>あります</rt></ruby>。,<ol><li>郊外（こうがい）：名词，指城市周围的区域，即郊区。</li><li>に：助词，表示动作发生的地点或存在的场所。</li><li>広い（ひろい）：形容词，意为“宽广的、广阔的”。</li><li>公園（こうえん）：名词，意为“公园”。</li><li>があります：固定表达，“あります”表示无生命物体的存在，中文为“有”。用来描述事物存在于某地。</li><li>句子结构是“场所に 物があります”，表示在哪有某物。</li></ol>,[sound:jlpt_vocabulary_in_sentence_郊外.mp3]
だめ,不行，不能,ここで寝てはだめです。,不能在这里睡觉。,<ruby>ここ<rt>ここ</rt></ruby><ruby>で<rt>で</rt></ruby><ruby>寝て<rt>ねて</rt></ruby><ruby>は<rt>は</rt></ruby><ruby>だめ<rt>だめ</rt></ruby><ruby>です<rt>です</rt></ruby>。,<ol><li>ここ：表示“这里”。</li><li>で：表示动作发生的地点。</li><li>寝てはだめ：动词て形（寝て）＋はだめ，表示禁止做某事，相当于“不能……”“不可以……”。</li><li>です：语气助词，用于礼貌表达。</li><li>语法说明：“てはだめ”是表达禁止的常用口语句型，类似于“してはいけません”但语气更柔和。</li></ol>,[sound:jlpt_vocabulary_in_sentence_だめ.mp3]
売り場,卖场,この売り場はとても広いです。,这个卖场非常宽敞。,<ruby>この<rt>この</rt></ruby><ruby>売り場<rt>うりば</rt></ruby><ruby>は<rt>は</rt></ruby><ruby>とても<rt>とても</rt></ruby><ruby>広い<rt>ひろい</rt></ruby><ruby>です<rt>です</rt></ruby>。,<ol><li>この：指示词，表示“这个”。</li><li>売り場（うりば）：名词，指“卖场”或“销售区”。</li><li>は：主语助词，表示主题。</li><li>とても：副词，表示“非常”。</li><li>広い（ひろい）：形容词，意思是“宽敞”。</li><li>です：礼貌语尾，常用于陈述句。</li><li>基础语法：“A は B です”表示“A是B”。</li></ol>,[sound:jlpt_vocabulary_in_sentence_売り場.mp3]
正月,新年,正月には家族と一緒に過ごします。,新年时和家人在一起度过。,<ruby>正月<rt>しょうがつ</rt></ruby>には<ruby>家族<rt>かぞく</rt></ruby>と<ruby>一緒<rt>いっしょ</rt></ruby>に<ruby>過ごします<rt>すごします</rt></ruby>。,<ol><li>正月（しょうがつ）：表示“新年”或“元旦”，在日本通常指1月1日至1月3日的期间，也是重要节日。</li><li>家族（かぞく）：家庭成员。</li><li>一緒に（いっしょに）：表示“和……一起”。</li><li>過ごします（すごします）：“度过”的意思，是动词“過ごす”的礼貌形。</li><li>语法说明：“には”为复合助词，表示动作发生的时间或场合。“と”表示共同动作的对象。</li><li>文化补充：日本的新年期间，家人通常会团聚在一起，进行各种传统活动，如吃年糕、拜年等。</li></ol>,[sound:jlpt_vocabulary_in_sentence_正月.mp3]
規則,规则,学校の規則を守らなければなりません。,必须遵守学校的规则。,<ruby>学校<rt>がっこう</rt></ruby>の<ruby>規則<rt>きそく</rt></ruby>を<ruby>守らなければなりません<rt>まもらなければなりません</rt></ruby>。,<ol><li>学校（がっこう）：学校。</li><li>の：表示所属、限定，相当于“的”。</li><li>規則（きそく）：规则、规章。</li><li>を：宾格助词，表示动作的对象。</li><li>守らなければなりません：动词“守る（まもる，遵守、保护）”的否定假定形加「なければなりません」，表示“必须……”。</li><li>日语表达“なければなりません”常用于表达义务或强制，需要做某事，不做不可。</li></ol>,[sound:jlpt_vocabulary_in_sentence_規則.mp3]
うん,嗯、对,うん、今日は忙しいです。,嗯，今天很忙。,うん、<ruby>今日<rt>きょう</rt></ruby>は<ruby>忙しい<rt>いそがしい</rt></ruby>です。,<ol><li>「うん」：口语用语，表示肯定、应答，相当于汉语的“嗯”“对”。比较随意，常用于朋友或熟人之间。</li><li>「今日は」（きょうは）：表示“今天”，「今日」（きょう）+「は」（主题助词），引出当天作为话题。</li><li>「忙しい」（いそがしい）：形容词“忙碌的”。</li><li>「です」：礼貌语气结尾，使句子显得正式有礼貌。</li></ol>,[sound:jlpt_vocabulary_in_sentence_うん.mp3]
発音,发音,彼の発音はとてもきれいです。,他的发音非常清晰。,<ruby>彼<rt>かれ</rt></ruby>の<ruby>発音<rt>はつおん</rt></ruby>はとてもきれいです。,<ol><li>彼（かれ）：指“他”，用于称呼第三人称的男性。</li><li>発音（はつおん）：名词，“发音”。</li><li>は：主语助词，标记主语“发音”。</li><li>とても：副词，非常、很。</li><li>きれい：形容动词，表示“干净、好听、漂亮”等意思，此处指“发音清晰”。</li><li>です：礼貌的断定句终结助动词。</li><li>整个句型“主语は形容词です”用于描述主语的性质或状态。</li></ol>,[sound:jlpt_vocabulary_in_sentence_発音.mp3]
焼く,烤、烧,母が魚を焼いています。,妈妈正在烤鱼。,<ruby>母<rt>はは</rt></ruby>が<ruby>魚<rt>さかな</rt></ruby>を<ruby>焼いて<rt>やいて</rt></ruby><ruby>います<rt>います</rt></ruby>。,<ol><li>母（はは）：母亲。</li><li>が：主格助词，表示主语。</li><li>魚（さかな）：鱼。</li><li>を：宾格助词，表示动作对象。</li><li>焼く（やく）：动词，意为“烧”、“烤”。本句使用「焼いています」，即「焼く」的て形加「います」，表示正在进行的动作（表示现在进行时）。</li><li>います：表示状态的持续，常用在动作正在进行时。</li><li>语法点：「动词て形＋います」表示动作正在进行或者习惯性动作。</li></ol>,[sound:jlpt_vocabulary_in_sentence_焼く.mp3]
屋上,屋顶,学校の屋上で写真を撮りました。,我在学校的屋顶拍了照片。,<ruby>学校<rt>がっこう</rt></ruby>の<ruby>屋上<rt>おくじょう</rt></ruby>で<ruby>写真<rt>しゃしん</rt></ruby>を<ruby>撮りました<rt>とりました</rt></ruby>。,<ol><li>学校（がっこう）：学校。</li><li>の：表示所属和连体修饰的助词，如“的”。</li><li>屋上（おくじょう）：屋顶，楼顶。</li><li>で：表示动作发生的场所的助词。</li><li>写真（しゃしん）：照片。</li><li>を：宾格助词，标记动作对象。</li><li>撮りました（とりました）：动词“撮る（とる）”的过去式，拍摄。</li><li>句型：“場所＋で＋動作”，表示在某场所进行某动作。</li></ol>,[sound:jlpt_vocabulary_in_sentence_屋上.mp3]
失礼,失礼，冒昧,失礼ですが、お名前を伺ってもよろしいですか。,很冒昧，请问可以告诉我您的名字吗？,<ruby>失礼<rt>しつれい</rt></ruby><ruby>ですが<rt>ですが</rt></ruby>、<ruby>お名前<rt>おなまえ</rt></ruby><ruby>を<rt>を</rt></ruby><ruby>伺って<rt>うかがって</rt></ruby><ruby>も<rt>も</rt></ruby><ruby>よろしい<rt>よろしい</rt></ruby><ruby>です<rt>です</rt></ruby><ruby>か<rt>か</rt></ruby>。,<ol><li>失礼（しつれい）：意思为冒昧、打扰。在表达请求或提问前常用作礼貌开头。</li><li>ですが：表示转折或委婉语气，“但是；不过”。用在句首表示抱歉打扰。</li><li>お名前（おなまえ）：名字的敬语表达，其中“お”为敬语前缀。</li><li>伺ってもよろしいですか：意为“可以请教……吗”，是表示请求许可的敬语表达；“伺う（うかがう）”为“问、请教”的自谦语，“～てもよろしいですか”为“可不可以……”的礼貌表达。</li><li>该句常用于正式或初次见面等场合，体现日本礼貌或重视尊重对方的文化背景。</li></ol>,[sound:jlpt_vocabulary_in_sentence_失礼.mp3]
ごみ,垃圾,ごみは毎朝出してください。,请每天早上扔垃圾。,ごみは<ruby>毎朝<rt>まいあさ</rt></ruby><ruby>出して<rt>だして</rt></ruby>ください。,<ol><li>ごみ：名词，指“垃圾”。</li><li>は：助词，表示主题。</li><li>毎朝（まいあさ）：副词，表示“每天早上”。</li><li>出して（だして）：动词“出す”（だす）的て形，意为“拿出、扔出”。</li><li>ください：常用表达，接在动词て形后，表示请求或命令，“请……”。</li><li>语法点：“动词て形+ください”是表达请求的常用句型。</li><li>日本城市通常要求居民在规定时间、分门别类地处理生活垃圾，这句就是生活场景常用表达。</li></ol>,[sound:jlpt_vocabulary_in_sentence_ごみ.mp3]
アフリカ,非洲,アフリカでは多くの動物が暮らしています。,在非洲有许多动物生活。,アフリカでは<ruby>多く<rt>おおく</rt></ruby>の<ruby>動物<rt>どうぶつ</rt></ruby>が<ruby>暮らしています<rt>くらしています</rt></ruby>。,<ol><li>アフリカ（あふりか）：指非洲，是地名外来语。</li><li>では：表示场所或话题，“～で”表示地点，“は”作提示，合起来常用于表示“在……方面”。</li><li>多くの：意为“许多的”，“多く”（おおく）为名词，后接“の”连接名词修饰“動物”。</li><li>動物（どうぶつ）：指动物。</li><li>が：主格助词，提示主语。</li><li>暮らしています（くらしています）：“暮らす”是动词，表示居住、生活。“～ています”是表示正在进行的状态，常译为“正在……”、“有……在……”等。</li></ol>,[sound:jlpt_vocabulary_in_sentence_アフリカ.mp3]
点,点，分数,試験で九十点を取りました。,考试得了九十分。,<ruby>試験<rt>しけん</rt></ruby>で<ruby>九十点<rt>きゅうじってん</rt></ruby>を<ruby>取りました<rt>とりました</rt></ruby>。,<ol><li>「試験（しけん）」：考试。</li><li>「で」：表示场所、手段或原因，这里用于表示考试作为事件、场合。</li><li>「九十点（きゅうじってん）」：九十分，日语中「点」用于分数。</li><li>「を」：宾格助词，标识动作对象。</li><li>「取りました（とりました）」：动词「取る（とる）」的过去敬体形，意思是取得、获得。</li><li>本句使用「〜を取りました」结构，意指取得了某个成绩。</li></ol>,[sound:jlpt_vocabulary_in_sentence_点.mp3]
一生懸命,拼命努力,彼は一生懸命勉強しています。,他正拼命地学习。,<ruby>彼<rt>かれ</rt></ruby>は<ruby>一生懸命<rt>いっしょうけんめい</rt></ruby><ruby>勉強<rt>べんきょう</rt></ruby>しています。,<ol><li>彼（かれ）：他，指代男性。</li><li>一生懸命（いっしょうけんめい）：表示尽全力、拼命地努力，常作副词使用。</li><li>勉強（べんきょう）：学习。</li><li>しています：表示正在进行某事，这里是“正在学习”的含义，是「する」的て形加上「います」构成持续进行时。</li><li>「一生懸命」常用于表现态度认真、投入全部精力来做一件事，是日本文化中强调努力精神的常用表达。</li></ol>,[sound:jlpt_vocabulary_in_sentence_一生懸命.mp3]
今度,这次，下次,今度の休みに旅行します。,这次休假去旅行。,<ruby>今度<rt>こんど</rt></ruby><ruby>の<rt>の</rt></ruby><ruby>休み<rt>やすみ</rt></ruby><ruby>に<rt>に</rt></ruby><ruby>旅行<rt>りょこう</rt></ruby><ruby>します<rt>します</rt></ruby>。,<ol><li>今度（こんど）：表示“这次”或“下次”，具体指哪一次取决于上下文，这里指即将到来的休假。</li><li>の：表示前后名词的修饰关系，这里“今度の休み”为“这次的休假”。</li><li>に：助词，表示动作发生的时间点。</li><li>旅行（りょこう）します：动词“旅行する”的ます形，表示“去旅行”。</li><li>日语中，“今度”可表示即将到来的某次，需根据场合理解具体是“这次”还是“下次”。</li></ol>,[sound:jlpt_vocabulary_in_sentence_今度.mp3]
機会,机会,これは絶好の機会です。,这是绝好的机会。,<ruby>これは<rt>これは</rt></ruby><ruby>絶好<rt>ぜっこう</rt></ruby><ruby>の<rt>の</rt></ruby><ruby>機会<rt>きかい</rt></ruby><ruby>です。<rt>です。</rt></ruby>,<ol><li>これは：指“这个”，用于指代前面提到的内容。</li><li>絶好（ぜっこう）：意思是“绝好”，“最好的”。</li><li>の：日语中常用的连接词，将修饰语和被修饰语连接，这里连接“絶好”与“機会”。</li><li>機会（きかい）：机会。</li><li>です：句末敬体表达，相当于“是”。</li><li>语法知识：“AのB”表示A修饰B，“絶好の機会”即“绝好的机会”。</li></ol>,[sound:jlpt_vocabulary_in_sentence_機会.mp3]
建てる,建造,父は新しい家を建てる予定です。,父亲打算建一座新房子。,<ruby>父は<rt>ちちは</rt></ruby><ruby>新しい<rt>あたらしい</rt></ruby><ruby>家を<rt>いえを</rt></ruby><ruby>建てる<rt>たてる</rt></ruby><ruby>予定です。<rt>よていです。</rt></ruby>,<ol><li>父（ちち）：父亲，家中父亲的称呼。</li><li>新しい（あたらしい）：新的，形容词，修饰后面的名词“家”。</li><li>家（いえ）：房子、住宅。</li><li>を：助词，标示动作的对象，这里指要建造的“家”。</li><li>建てる（たてる）：建造、修建（动词），表示兴建建筑等。</li><li>予定（よてい）：计划、打算，名词。</li><li>です：礼貌结句助动词。</li><li>语法说明：“〜予定です”表示有做某事的计划或打算，常用于表达将来的意图。</li></ol>,[sound:jlpt_vocabulary_in_sentence_建てる.mp3]
複雑,复杂,この問題は複雑すぎます。,这个问题太复杂了。,<ruby>この<rt>この</rt></ruby><ruby>問題<rt>もんだい</rt></ruby>は<ruby>複雑<rt>ふくざつ</rt></ruby><ruby>すぎます<rt>すぎます</rt></ruby>。,<ol><li>この：指示词，表示“这个”。</li><li>問題（もんだい）：名词，意思是“问题”。</li><li>は：助词，提示主题。</li><li>複雑（ふくざつ）：形容动词，意思是“复杂”。</li><li>すぎます：表示“过于、太……”，接在形容词、形容动词连用形后表示程度过高。</li><li>本句型“〜すぎます”常用于表达某事物超出正常范围，多含消极意味。</li></ol>,[sound:jlpt_vocabulary_in_sentence_複雑.mp3]
彼,他,彼は明日学校に来ます。,他明天会来学校。,<ruby>彼<rt>かれ</rt></ruby>は<ruby>明日<rt>あした</rt></ruby><ruby>学校<rt>がっこう</rt></ruby>に<ruby>来ます<rt>きます</rt></ruby>。,<ol><li>彼（かれ）：意思是“他”，用来指代男性第三人称。</li><li>は：主题助词，表示句子的主题。</li><li>明日（あした）：表示“明天”。</li><li>学校（がっこう）：意思是“学校”。</li><li>に：表示动作的目的地，即动作“来る（きます）”的方向。</li><li>来ます（きます）：动词“来る”的ます形，表示“来”。</li><li>本句为简单的主谓宾结构，表示某人会去某地做某事，是初级日语常用句型。</li></ol>,[sound:jlpt_vocabulary_in_sentence_彼.mp3]
いらっしゃる,来、去、在等敬语,先生はもう教室にいらっしゃいます。,老师已经在教室了。,<ruby>先生<rt>せんせい</rt></ruby>はもう<ruby>教室<rt>きょうしつ</rt></ruby>に<ruby>いらっしゃいます<rt>いらっしゃいます</rt></ruby>。,<ol><li>先生（せんせい）：老师。</li><li>もう：已经，表已经发生。</li><li>教室（きょうしつ）：教室。</li><li>に：格助词，表示动作或状态所在的位置。</li><li>いらっしゃいます：是「いらっしゃる」的敬体形。用作“来、去、在”等的尊敬语，表达对上位者、尊敬对象的动作表示尊敬。</li><li>「いらっしゃる」是「来る」「行く」「いる」的尊敬语，常用于说话对象或第三方是尊敬对象时。</li></ol>,[sound:jlpt_vocabulary_in_sentence_いらっしゃる.mp3]
布団,被子,毎晩布団で寝ます。,我每天晚上都在被子里睡觉。,<ruby>毎晩<rt>まいばん</rt></ruby><ruby>布団<rt>ふとん</rt></ruby>で<ruby>寝ます<rt>ねます</rt></ruby>。,<ol><li>毎晩（まいばん）：意思是“每晚”。</li><li>布団（ふとん）：日本的传统床上用品，通常指棉被或褥子。</li><li>で：表示动作发生的场所，在这里指“在布团里”。</li><li>寝ます（ねます）：动词“寝る（ねる）”的敬体，意思是“睡觉”。</li><li>语法：日语里，场所+で+动词，表示在某地进行某动作。</li><li>文化补充：布团是日本传统寝具，常铺在榻榻米上，用完后会收起来，非常节省空间。</li></ol>,[sound:jlpt_vocabulary_in_sentence_布団.mp3]
大事,重要的事,家族は私にとって大事です。,家人对我来说很重要。,<ruby>家族<rt>かぞく</rt></ruby>は<ruby>私<rt>わたし</rt></ruby>にとって<ruby>大事<rt>だいじ</rt></ruby>です。,<ol><li>家族（かぞく）：家庭成员，家人。</li><li>は：提示主语的助词，用于强调主语“家族”。</li><li>私（わたし）：我。</li><li>にとって：表示“对于……来说”，常用表达。</li><li>大事（だいじ）：重要的，宝贵的。“大事”既可作名词也可作形容动词。</li><li>です：礼貌语尾，表示断定。</li><li>语法：“AはBにとってCです”结构，表示“A对B来说是C”。日常生活中用来表达价值观或重视程度。</li></ol>,[sound:jlpt_vocabulary_in_sentence_大事.mp3]
贈り物,礼物,友達に贈り物を渡しました。,我把礼物交给了朋友。,<ruby>友達<rt>ともだち</rt></ruby>に<ruby>贈り物<rt>おくりもの</rt></ruby>を<ruby>渡しました<rt>わたしました</rt></ruby>。,<ol><li>友達（ともだち）：朋友。</li><li>に：表示动作的接受对象，相当于“给……”的意思。</li><li>贈り物（おくりもの）：礼物，馈赠。</li><li>を：宾语助词，表明动作的对象。</li><li>渡しました（わたしました）：“渡す（わたす）”的过去式，表示递交、交付。</li><li>句型讲解：“AにBを渡す”结构，表示“把B递交/给A”。</li></ol>,[sound:jlpt_vocabulary_in_sentence_贈り物.mp3]
泥棒,小偷,夜中に泥棒が家に入った。,半夜有小偷进了家里。,<ruby>夜中<rt>よなか</rt></ruby>に<ruby>泥棒<rt>どろぼう</rt></ruby>が<ruby>家<rt>いえ</rt></ruby>に<ruby>入った<rt>はいった</rt></ruby>。,<ol><li>夜中（よなか）：半夜，深夜，表示时间段。</li><li>泥棒（どろぼう）：小偷、盗贼，是本句的主题词。</li><li>が：表示主语的助词。“泥棒が”意思是“（有）小偷”。</li><li>家（いえ）：家、住宅。</li><li>に：表示动作发生的场所，接在“家”后面。</li><li>入った（はいった）：动词“入る（进入）”的过去式，表示“进入了”。</li><li>结构讲解：主语“泥棒”用“が”表示，动作用过去式，整个句子描述过去发生的小偷进入家中的事实。</li></ol>,[sound:jlpt_vocabulary_in_sentence_泥棒.mp3]
～製,制造、产品,このかばんは日本製です。,这个包是日本制造的。,<ruby>この<rt>この</rt></ruby><ruby>かばん<rt>かばん</rt></ruby><ruby>は<rt>は</rt></ruby><ruby>日本製<rt>にほんせい</rt></ruby><ruby>です<rt>です</rt></ruby>。,<ol><li>この：连体词，意思为“这个”，用于修饰后面的名词。</li><li>かばん：名词，意思是“包、书包”。</li><li>は：提示助词，表明主语或主题。</li><li>日本製（にほんせい）：名词，表示“日本制造”，其中製（せい）接在国家名或公司名后，表示制造产地或制造商。</li><li>です：判断句结尾，表示礼貌语气。</li><li>句型“～製”：用于表示产品的制造国、制造地或工厂，例如中国製（ちゅうごくせい），アメリカ製（あめりかせい）等。</li></ol>,[sound:jlpt_vocabulary_in_sentence_～製.mp3]
注意,注意、当心,道を渡るときは注意してください。,过马路时请注意。,<ruby>道<rt>みち</rt></ruby>を<ruby>渡る<rt>わたる</rt></ruby>ときは<ruby>注意<rt>ちゅうい</rt></ruby>してください。,<ol><li>道（みち）：道路。</li><li>渡る（わたる）：动词，表示“穿越、渡过”。</li><li>とき：表示“……的时候”。</li><li>注意（ちゅうい）：指注意力集中、警惕。</li><li>して：する的て形，用于连接后续。</li><li>ください：礼貌请求，用于祈使语气“请……”。</li><li>句型“動詞てください”：用于请对方做某事。</li></ol>,[sound:jlpt_vocabulary_in_sentence_注意.mp3]
台風,台风,昨日は台風のせいで学校が休みでした。,昨天因为台风学校放假了。,<ruby>昨日<rt>きのう</rt></ruby>は<ruby>台風<rt>たいふう</rt></ruby>のせいで<ruby>学校<rt>がっこう</rt></ruby>が<ruby>休み<rt>やすみ</rt></ruby>でした。,<ol><li>昨日（きのう）：名词，表示昨天。</li><li>は：主题助词，表示主语。</li><li>台風（たいふう）：名词，意为“台风”。</li><li>のせいで：表达“因为……”的原因，常用于消极影响。</li><li>学校（がっこう）：名词，表示学校。</li><li>が：主格助词，标记主语。</li><li>休み（やすみ）：名词，表示休息、假期。</li><li>でした：です的过去式，表示礼貌语气。</li><li>“のせいで”是表示原因的语法，通常用于导致不好的结果。</li></ol>,[sound:jlpt_vocabulary_in_sentence_台風.mp3]
日,白天，日子,今日はとても良い日ですね。,今天是非常美好的一天呢。,<ruby>今日<rt>きょう</rt></ruby>はとても<ruby>良い<rt>いい</rt></ruby><ruby>日<rt>ひ</rt></ruby>ですね。,<ol><li>今日（きょう）：意思是“今天”。</li><li>は：助词，提示主语（主题）。</li><li>とても：副词，表示“非常”。</li><li>良い（いい）：形容词，意思是“好”。</li><li>日（ひ）：本句中的目标词，意思是“日子”、“一天”。</li><li>ですね：句尾语气词，“です”表示礼貌，“ね”表示征求同意或感叹。</li><li>本句语法结构为“主题+は+描述”，用于表达对当前日子的感受。</li></ol>,[sound:jlpt_vocabulary_in_sentence_日.mp3]
～軒,～家、～间,この通りには三軒のレストランがあります。,这条街上有三家餐厅。,<ruby>この<rt>この</rt></ruby><ruby>通り<rt>とおり</rt></ruby><ruby>には<rt>には</rt></ruby><ruby>三軒<rt>さんげん</rt></ruby>のレストランが<ruby>あります<rt>あります</rt></ruby>。,<ol><li>三軒（さんげん）：这里的「軒」是日本用于计量房屋、商店等建筑物数量的量词。前面加数词表示“几家”、“几间”。特别注意三軒的读音是「さんげん」，不是「さんけん」，是特殊读音变化。</li><li>この通り（とおり）：意思是“这条街道”。には表示动作的场所。</li><li>あります：动词表示“有”，在此语境中用于存在句，说明场所内有某物或某人。</li><li>文化注：日语中数建筑物常用「軒」来计量，如一軒（いっけん）、二軒（にけん）、三軒（さんげん）。</li></ol>,[sound:jlpt_vocabulary_in_sentence_～軒.mp3]
そう,那样，似乎,彼はそう言いました。,他说了那样的话。,<ruby>彼<rt>かれ</rt></ruby>はそう<ruby>言いました<rt>いいました</rt></ruby>。,<ol><li>彼（かれ）：他，指代男性。</li><li>は：主题助词，表示主语。</li><li>そう：副词，表示“那样、如此”，常用于指代前文提及的事物或内容。</li><li>言いました（いいました）：动词「言う」（说）的过去式敬体，表示“说了”。</li><li>日语中「そう」可以单独使用，也常与动词连用表示传闻、推测等语气。</li></ol>,[sound:jlpt_vocabulary_in_sentence_そう.mp3]
通る,通过，经过,この道を通ると駅に着きます。,走这条路就能到达车站。,<ruby>この<rt>この</rt></ruby><ruby>道<rt>みち</rt></ruby><ruby>を<rt>を</rt></ruby><ruby>通る<rt>とおる</rt></ruby><ruby>と<rt>と</rt></ruby><ruby>駅<rt>えき</rt></ruby><ruby>に<rt>に</rt></ruby><ruby>着きます<rt>つきます</rt></ruby>。,<ol><li>この：这个（指明特定的事物或方向）。</li><li>道（みち）：道路。</li><li>を：助词，表示动作的对象。</li><li>通る（とおる）：动词，表示“通过、穿过”。五段动词，常用于表示穿越某个空间。</li><li>と：助词，表示条件，相当于“……的话”。</li><li>駅（えき）：车站。</li><li>に：助词，表示动作的目的地。</li><li>着きます（つきます）：动词，表示“到达”。“着く（つく）”的ます形礼貌表达。</li><li>句型结构：「この道を通ると」表示“如果走这条路的话”，と引导假定条件，后面接结果。</li></ol>,[sound:jlpt_vocabulary_in_sentence_通る.mp3]
過ぎる,超过，过于,この店は夜十時を過ぎると閉まります。,这家店超过晚上十点就关门。,<ruby>この店は<rt>このみせは</rt></ruby><ruby>夜十時を<rt>よるじゅうじを</rt></ruby><ruby>過ぎる<rt>すぎる</rt></ruby>と<ruby>閉まります。<rt>しまります。</rt></ruby>,<ol><li>この店（このみせ）：这里的「店」意为店铺，「この」表示“这家”。</li><li>夜十時（よるじゅうじ）：晚上十点。</li><li>を過ぎる（をすぎる）：动词「過ぎる」表示“超过、经过”，与时间、场所等搭配用于表达超过某个时间点，此处为“超过十点”。「を」表示对象。</li><li>と：表示条件，“一……就……”的意思。</li><li>閉まります（しまります）：动词「閉まる」（关门、关闭）的敬体形式。</li><li>语法：「〜を過ぎる」可以用于时间、年龄等，表示“超过/过了……”。</li></ol>,[sound:jlpt_vocabulary_in_sentence_過ぎる.mp3]
レポート; リポート,报告,先生にレポートを提出しました。,我向老师提交了报告。,<ruby>先生<rt>せんせい</rt></ruby>にレポートを<ruby>提出<rt>ていしゅつ</rt></ruby><ruby>しました<rt>しました</rt></ruby>。,<ol><li>レポート：外来语，意为“报告”，在学校生活或工作场合常指书面作业或论文。</li><li>先生（せんせい）：老师。</li><li>に：表示动作的对象，这里是“向老师”。</li><li>を：宾语助词，表示动作的承受者，这里指“报告”。</li><li>提出（ていしゅつ）する：表示“提交、递交”。“提出しました”是其过去式尊敬表达。</li><li>日语句型“～に～を提出する”常用于表达“向某人提交某物”。</li></ol>,[sound:jlpt_vocabulary_in_sentence_レポート; リポート.mp3]
葉,叶子,葉が風に揺れています。,叶子在风中摇曳。,<ruby>葉<rt>は</rt></ruby>が<ruby>風<rt>かぜ</rt></ruby>に<ruby>揺れています<rt>ゆれています</rt></ruby>。,<ol><li>葉（は）：指植物的叶子。</li><li>が：表示主语的助词，用于表明“叶”是句子的主语。</li><li>風（かぜ）：表示风，句中做动作的施事对象。</li><li>に：表示动作发生的场所、方向或对象。</li><li>揺れています（ゆれています）：动词“揺れる”（摇动）的现在进行时，用“ています”表示动作正在发生。</li><li>语法知识：句子结构为“主语+が+环境+に+动作正在进行”，属于日常描述自然现象的表达方式。</li></ol>,[sound:jlpt_vocabulary_in_sentence_葉.mp3]
必要,必要，必须,明日は傘が必要です。,明天需要雨伞。,<ruby>明日<rt>あした</rt></ruby>は<ruby>傘<rt>かさ</rt></ruby>が<ruby>必要<rt>ひつよう</rt></ruby>です。,<ol><li>明日（あした）：名词，表示“明天”。</li><li>傘（かさ）：名词，表示“伞”。</li><li>が：格助词，标记主语或说明主语发生某种状态，通常翻译为“……（是）”。</li><li>必要（ひつよう）：形容动词，表示“必要、需要”。用法为“……が必要です”，即“需要……”。</li><li>です：礼貌助动词，使句子变得礼貌。</li><li>语法知识：“名词が必要です”结构用来表达“需要某物”，适用于说明必要的物品、条件等。</li><li>文化背景：在日本天气多变，带伞是日常生活常见需求，表达“必要”时经常用到“必要です”。</li></ol>,[sound:jlpt_vocabulary_in_sentence_必要.mp3]
課長,科长,課長はすぐに会議に来ました。,科长马上来了会议。,<ruby>課長<rt>かちょう</rt></ruby>はすぐに<ruby>会議<rt>かいぎ</rt></ruby>に<ruby>来ました<rt>きました</rt></ruby>。,<ol><li>課長（かちょう）：公司或机关部门的中级管理职称，表示“科长”。</li><li>は：主题助词，提示句子的主语。</li><li>すぐに：副词，表示“马上、立刻”。</li><li>会議（かいぎ）：名词，意思是“会议”。</li><li>に：表示动作的目标或发生地的助词。</li><li>来ました（きました）：来（くる）的敬体过去式，表示“来了”。<br>文化补充：日本公司有详细的职位分级，課長（かちょう）一般是科级主管，地位高于主任（しゅにん），低于部長（ぶちょう）。</li></ol>,[sound:jlpt_vocabulary_in_sentence_課長.mp3]
地震,地震,昨夜大きな地震がありました。,昨晚发生了大地震。,<ruby>昨夜<rt>さくや</rt></ruby><ruby>大きな<rt>おおきな</rt></ruby><ruby>地震<rt>じしん</rt></ruby>が<ruby>ありました<rt>ありました</rt></ruby>。,<ol><li>昨夜（さくや）：意思是“昨晚”。</li><li>大きな：形容词“大きい”改为连体形修饰名词，意思是“大的……”。</li><li>地震（じしん）：表示“地震”。</li><li>が：主语助词，表示前面的内容是主语。</li><li>ありました：动词“ある”（有、发生）的过去式敬体，表达某事发生过。</li><li>语法说明：名词+が+ありました，用于陈述曾经发生过的某现象或事件。</li><li>日本位于地震带，是世界上地震多发国家之一，因此日常生活中常会提及“地震”。</li></ol>,[sound:jlpt_vocabulary_in_sentence_地震.mp3]
すると,于是、然后,彼が来た。すると静かになった。,他来了。于是安静下来了。,<ruby>彼<rt>かれ</rt></ruby>が<ruby>来た<rt>きた</rt></ruby>。すると<ruby>静か<rt>しずか</rt></ruby>になった。,<ol><li>彼（かれ）：他（指男性）。</li><li>来た（きた）：动词“来る（くる）”的过去式，表示“来了”。</li><li>が：主格助词，表示主语。</li><li>すると：接续词，表示前项结果发生后，紧接着出现了新的情况，可译为“于是”、“然后”。</li><li>静か（しずか）：形容动词，意为“安静”。</li><li>になった：に为形容动词连接助词，表示变化，なった为“なる（变成）”的过去式，合起来“变得……了”。</li><li>语法说明：前句叙述一件事，后用“すると”引出随之发生的新状况，比“そして”更突出因果关系，常用于叙述故事或说明事情的因果承接关系。</li></ol>,[sound:jlpt_vocabulary_in_sentence_すると.mp3]
止める,停止，制止,彼は車を止めるために急いだ。,他为了停车而赶忙。,<ruby>彼は<rt>かれは</rt></ruby><ruby>車を<rt>くるまを</rt></ruby><ruby>止める<rt>とめる</rt></ruby>ために<ruby>急いだ。<rt>いそいだ。</rt></ruby>,<ol><li>彼（かれ）：他，男性第三人称。</li><li>は：主题助词，表示主语。</li><li>車（くるま）：车。</li><li>を：宾语助词，表示动词的对象。</li><li>止める（とめる）：使停止，制止（他动词）。</li><li>ために：表示目的，译为“为了……”。</li><li>急いだ（いそいだ）：“急ぐ”变成过去式，意为赶忙。</li><li>语法亮点：“止める”是他动词，表示让某物停止；与“止まる”（自动词）区分。“ために”常用于表达目的。</li></ol>,[sound:jlpt_vocabulary_in_sentence_止める.mp3]
ガラス,玻璃,ガラスのコップが割れました。,玻璃杯子碎了。,ガラスのコップが<ruby>割れました<rt>われました</rt></ruby>。,<ol><li>ガラス：玻璃，表示材料名，在本句中做定语修饰后面的コップ（杯子）。</li><li>コップ：玻璃杯（kopu），外来语，指饮水用的玻璃杯。</li><li>の：助词，表示前后名词的修饰关系，相当于“的”。</li><li>が：主格助词，标明主语，这里指“玻璃杯”。</li><li>割れました：（割れる）动词，意思是“碎了、破了”，这里用た形表示过去的状态或结果。</li></ol>,[sound:jlpt_vocabulary_in_sentence_ガラス.mp3]
～学部,系、学院,私は経済学部に通っています。,我在经济系上学。,<ruby>私<rt>わたし</rt></ruby>は<ruby>経済学部<rt>けいざいがくぶ</rt></ruby>に<ruby>通っています<rt>かよっています</rt></ruby>。,<ol><li>私（わたし）：第一人称，表示“我”。</li><li>経済学部（けいざいがくぶ）：经済学部，意为“经济系”或“经济学院”。～学部（がくぶ）为大学院系的后缀，表示具体的学科分部。</li><li>に：助词，表示动作的目的地，这里指在“经济学部”。</li><li>通っています（かよっています）：动词“通う（かよう）”的ている形，表示经常往返于某地，上学或上班均可。</li><li>语法：“～に通う”意为“去（某地）上学/上班”。日语中，大学通常有不同的学部，如文学部、法学部等。</li></ol>,[sound:jlpt_vocabulary_in_sentence_～学部.mp3]
厳しい,严格，严厉,先生は学生に厳しいです。,老师对学生很严格。,<ruby>先生<rt>せんせい</rt></ruby>は<ruby>学生<rt>がくせい</rt></ruby>に<ruby>厳しい<rt>きびしい</rt></ruby>です。,<ol><li>先生（せんせい）：老师。</li><li>学生（がくせい）：学生。</li><li>に：表示对象，这里为“对……”。</li><li>厳しい（きびしい）：形容词，意思是严格、严厉。</li><li>です：礼貌句尾。</li><li>语法知识：形容词「厳しい」用于描述人的性格或态度，表示“对某人很严格”。句型为“对象に厳しい”。</li></ol>,[sound:jlpt_vocabulary_in_sentence_厳しい.mp3]
エスカレーター,自动扶梯,駅のエスカレーターはとても長いです。,车站的自动扶梯很长。,<ruby>駅<rt>えき</rt></ruby>のエスカレーターはとても<ruby>長い<rt>ながい</rt></ruby>です。,<ol><li>駅（えき）：车站。</li><li>の：表示前后名词的所属关系，相当于“的”。</li><li>エスカレーター：外来语，指自动扶梯。</li><li>は：主题助词，提示主语。</li><li>とても：副词，表示“非常、很”。</li><li>長い（ながい）：形容词，意思是“长”。</li><li>です：礼貌结句助动词，常用于句尾。</li><li>语法点：“AのB”表示“A的B”，“BはCです”表示“B是C”，为基础叙述句型。</li></ol>,[sound:jlpt_vocabulary_in_sentence_エスカレーター.mp3]
人口,,Error generating example for 人口: API error: Status code 503,Error generating translation: API error: Status code 503,,,[sound:jlpt_vocabulary_in_sentence_人口.mp3]
月,月亮,今夜は月がとてもきれいです。,今晚的月亮非常美丽。,<ruby>今夜<rt>こんや</rt></ruby>は<ruby>月<rt>つき</rt></ruby>がとてもきれいです。,<ol><li>今夜（こんや）：今天晚上，常用于表达“今晚”。</li><li>月（つき）：月亮。</li><li>が：助词，表示主语。</li><li>とても：副词，非常。</li><li>きれい：形容动词，漂亮，美丽。</li><li>です：礼貌语气结尾。</li><li>本句语法结构为「主语+が+形容词+です」，常见表达观察或评价自然现象。</li><li>日本文化中，欣赏月亮是一种悠久的习惯，如“赏月”。</li></ol>,[sound:jlpt_vocabulary_in_sentence_月.mp3]
絹,丝绸,この絹の着物はとても高いです。,这件丝绸和服非常昂贵。,<ruby>この<rt>この</rt></ruby><ruby>絹<rt>きぬ</rt></ruby>の<ruby>着物<rt>きもの</rt></ruby>は<ruby>とても<rt>とても</rt></ruby><ruby>高い<rt>たかい</rt></ruby><ruby>です<rt>です</rt></ruby>。,<ol><li>この：指示词，表示“这个”。</li><li>絹（きぬ）：名词，表示“丝绸”。</li><li>の：连接名词，表示修饰关系，类似于汉语的“的”。</li><li>着物（きもの）：名词，传统的日本衣服。</li><li>は：主题助词，标记句子的主题。</li><li>とても：副词，表示“非常”。</li><li>高い（たかい）：形容词，意思是“贵、高”。</li><li>です：礼貌尾语，用于结尾，表示尊敬。</li><li>语法结构“名词+の+名词”，表所属或修饰关系，例如“絹の着物”为“丝绸的和服”。</li><li>文化背景：日本的丝绸制品，如和服，非常著名且价格昂贵，是传统文化的重要组成部分。</li></ol>,[sound:jlpt_vocabulary_in_sentence_絹.mp3]
ちっとも,一点也不,その話はちっとも面白くなかった。,那个故事一点也不有趣。,<ruby>その<rt>その</rt></ruby><ruby>話<rt>はなし</rt></ruby><ruby>は<rt>は</rt></ruby><ruby>ちっとも<rt>ちっとも</rt></ruby><ruby>面白く<rt>おもしろく</rt></ruby><ruby>なかった<rt>なかった</rt></ruby>。,<ol><li>その：指代前面提到的物品或事情，意思是“那个”。</li><li>話（はなし）：“故事、谈话”。</li><li>は：主题助词，用于提示主题。</li><li>ちっとも：副词，常与否定形式连用，表示“完全不，一点也不”。</li><li>面白くなかった：形容词面白い（有趣）的否定过去式，表示“不有趣”。</li><li>语法说明：“ちっとも”后面通常接否定形式，用以强调全然不是某种状态。</li></ol>,[sound:jlpt_vocabulary_in_sentence_ちっとも.mp3]
深い,深的,この川はとても深いです。,这条河非常深。,この<ruby>川<rt>かわ</rt></ruby>はとても<ruby>深い<rt>ふかい</rt></ruby>です。,<ol><li>この：指示词，意思为“这”，修饰后面的名词。</li><li>川（かわ）：名词，表示“河”。</li><li>は：助词，主题标记，表示“主语”或“话题”。</li><li>とても：副词，表示“非常、很”。</li><li>深い（ふかい）：形容词，意思是“深的”，用于形容河流、洞穴等深度大。</li><li>です：礼貌句末助动词，用于使句子表达更委婉。</li><li>“この川はとても深いです”是一种基础的日语句型：“AはBです”，表示“Ａ是Ｂ”。在实际生活中，日本有许多河流，注意游泳和戏水的安全，日本学校也会教导学生注意水域深度。</li></ol>,[sound:jlpt_vocabulary_in_sentence_深い.mp3]
壊れる,坏，损坏,この時計は簡単に壊れる。,这块手表很容易坏。,<ruby>この<rt>この</rt></ruby><ruby>時計<rt>とけい</rt></ruby><ruby>は<rt>は</rt></ruby><ruby>簡単に<rt>かんたんに</rt></ruby><ruby>壊れる<rt>こわれる</rt></ruby>。,<ol><li>この：连体词，表示“这个”。</li><li>時計（とけい）：名词，意思是“手表”或“钟表”。</li><li>は：助词，提示主题。</li><li>簡単に（かんたんに）：副词，意思是“容易地”。</li><li>壊れる（こわれる）：自动词，意思是“坏了、损坏了”，用来形容物品自然或因外力失去正常功能。</li><li>句子结构为“主语+は+副词+动词（自动词）”，表达对该物品特性的描述。</li></ol>,[sound:jlpt_vocabulary_in_sentence_壊れる.mp3]
揺れる,摇晃,強い風で木が揺れる。,因为强风，树在摇晃。,<ruby>強い<rt>つよい</rt></ruby><ruby>風<rt>かぜ</rt></ruby>で<ruby>木<rt>き</rt></ruby>が<ruby>揺れる<rt>ゆれる</rt></ruby>。,<ol><li>強い（つよい）：形容词，表示“强的”或“强烈的”。</li><li>風（かぜ）：名词，意思为“风”。</li><li>で：表示动作发生的原因或手段，这里表示因为风。</li><li>木（き）：名词，意思为“树”。</li><li>が：主语助词，提示主语“木”。</li><li>揺れる（ゆれる）：自动词，表示“摇晃、晃动”。</li><li>句子结构为“因……导致……（动作/状态变化）”，适合描述因外力导致某物体自然变化。</li></ol>,[sound:jlpt_vocabulary_in_sentence_揺れる.mp3]
落る,掉落,葉っぱが木から落ることがあります。,树叶有时会从树上掉落。,<ruby>葉っぱ<rt>はっぱ</rt></ruby>が<ruby>木<rt>き</rt></ruby>から<ruby>落る<rt>おちる</rt></ruby>ことがあります。,<ol><li>葉っぱ（はっぱ）：树叶。</li><li>木（き）：树。</li><li>から：表示动作的起点，中文为“从”。</li><li>落る（おちる）：动词，意为“掉落”、“落下”。</li><li>こと：把动词落る（おちる）名词化，表示“掉落这件事情”。</li><li>が：助词，表示主语。</li><li>あります：动词“有”，在此用于表达“发生（某事）”，常与“こと”连用。</li><li>语法：~ことがあります 用于表示曾经发生过的某种情况，或有时会发生某种情况。相当于“有时会…”、“曾经…”的意思。</li><li>文化背景：落叶在日本的秋天十分常见，是“枫叶季”（もみじがり）的代表性景象。</li></ol>,[sound:jlpt_vocabulary_in_sentence_落る.mp3]
できるだけ,尽量、尽可能,できるだけ早く来てください。,请尽可能早点来。,<ruby>できるだけ<rt>できるだけ</rt></ruby><ruby>早く<rt>はやく</rt></ruby><ruby>来て<rt>きて</rt></ruby><ruby>ください<rt>ください</rt></ruby>。,<ol><li>できるだけ：副词短语，表示“尽量、尽可能”。用于具体行动前，强调在条件允许范围内尽量去做某事。</li><li>早く（はやく）：形容词“早い”的副词形式，意思是“早、早点”。</li><li>来てください：动词“来る（くる）”的て形“来て”加“ください”，表示“请来”，是有礼貌的请求表达方式。</li><li>句型结构：［できるだけ＋副词／动词］用法，在日常会话和书面语中都常见，强调在自己能力范围或环境允许下做到最好。</li></ol>,[sound:jlpt_vocabulary_in_sentence_できるだけ.mp3]
悲しい,悲伤的,彼の話を聞いて悲しい気持ちになりました。,听了他的话后，我感到很悲伤。,<ruby>彼の<rt>かれの</rt></ruby><ruby>話を<rt>はなしを</rt></ruby><ruby>聞いて<rt>きいて</rt></ruby><ruby>悲しい<rt>かなしい</rt></ruby><ruby>気持ちに<rt>きもちに</rt></ruby><ruby>なりました<rt>なりました</rt></ruby>。,<ol><li>悲しい（かなしい）：形容词，意为“悲伤的、难过的”。</li><li>気持ちになる：表示变得有某种心情或感觉，中文为“感到……”。「～になりました」表示变化已经发生。</li><li>「話を聞いて」：动词「聞く」（听）用て形连接表示原因，“听了……”。</li><li>「彼（かれ）」：指“他”，为第三人称代词。</li></ol>,[sound:jlpt_vocabulary_in_sentence_悲しい.mp3]
中学校,初中,妹は来年中学校に入ります。,妹妹明年要上初中。,<ruby>妹<rt>いもうと</rt></ruby>は<ruby>来年<rt>らいねん</rt></ruby><ruby>中学校<rt>ちゅうがっこう</rt></ruby>に<ruby>入ります<rt>はいります</rt></ruby>。,"<ol><li>妹（いもうと）：妹妹。</li><li>は：助词，提示主题。</li><li>来年（らいねん）：明年。</li><li>中学校（ちゅうがっこう）：初中，义务教育的一部分，通常指日本的7-9年级。</li><li>に：表示动作的目的地或时间点，这里是""进入""的场所。</li><li>入ります（はいります）：进入，这里指升学、进入学校。</li><li>句子语法：主语（妹は）＋时间（来年）＋场所（中学校に）＋动词（入ります），符合基本日语句型。</li></ol>",[sound:jlpt_vocabulary_in_sentence_中学校.mp3]
ガス,煤气,この部屋はガスストーブを使います。,这个房间用煤气取暖器。,<ruby>この<rt>この</rt></ruby><ruby>部屋<rt>へや</rt></ruby><ruby>は<rt>は</rt></ruby><ruby>ガスストーブ<rt>がすすとーぶ</rt></ruby><ruby>を<rt>を</rt></ruby><ruby>使います<rt>つかいます</rt></ruby>。,<ol><li>この：连体词，表示“这个”，用于指代靠近说话人的事物。</li><li>部屋（へや）：名词，意思是“房间”。</li><li>ガスストーブ：复合名词，指“煤气取暖器”，由“ガス（煤气）”和“ストーブ（取暖器）”合成。</li><li>を：宾格助词，表示动作的对象。</li><li>使います（つかいます）：动词“使う”的敬体形式，意思是“使用”。</li><li>は：主题助词，表示主语或者对比。</li><li>语序：日语语序一般为主语-宾语-谓语；和汉语结构不同。</li><li>在日本，很多家庭冬季使用煤气取暖器，使用时要注意通风以防一氧化碳中毒。</li></ol>,[sound:jlpt_vocabulary_in_sentence_ガス.mp3]
祈る,祈祷,彼は家族の幸せを祈る。,他为家人的幸福祈祷。,<ruby>彼は<rt>かれは</rt></ruby><ruby>家族<rt>かぞく</rt></ruby>の<ruby>幸せ<rt>しあわせ</rt></ruby>を<ruby>祈る<rt>いのる</rt></ruby>。,<ol><li>彼（かれ）：他，指男性第三人称。</li><li>家族（かぞく）：家庭成员，全家人。</li><li>の：表示前后名词的所属关系（家族の幸せ：家人的幸福）。</li><li>幸せ（しあわせ）：幸福、幸福感。</li><li>を：宾语助词，用于表示动作的对象，此处修饰“幸せ”。</li><li>祈る（いのる）：祈祷、祈愿。这里用在他动词基本形，表示为幸福而祈祷。</li><li>句型“名词を祈る”：表示为某事进行祈祷，是常用表达。</li></ol>,[sound:jlpt_vocabulary_in_sentence_祈る.mp3]
盛ん,繁盛、兴盛,この町は工業が盛んです。,这个小镇工业很发达。,この<ruby>町<rt>まち</rt></ruby>は<ruby>工業<rt>こうぎょう</rt></ruby>が<ruby>盛ん<rt>さかん</rt></ruby>です。,<ol><li>この：指示词，意为“这个”。</li><li>町（まち）：名词，意为“城镇、小镇”。</li><li>は：提示助词，表示主题。</li><li>工業（こうぎょう）：名词，指“工业”。</li><li>が：主语助词，标记主语。</li><li>盛ん（さかん）：形容动词，表示“兴盛、繁荣”，可修饰名词，也可做谓语用。</li><li>です：礼貌句末助动词，表示敬语。</li><li>语法点：“〜が盛んです”表达“……很发达”“……很兴盛”的意思，常用于描述城市、产业、运动等。</li></ol>,[sound:jlpt_vocabulary_in_sentence_盛ん.mp3]
アルバイト,兼职工作,私はアルバイトを探しています。,我正在找兼职工作。,<ruby>私<rt>わたし</rt></ruby>はアルバイトを<ruby>探しています<rt>さがしています</rt></ruby>。,<ol><li>私（わたし）：表示“我”。</li><li>は：主题助词，表示主语。</li><li>アルバイト：兼职、打工，源自德语“Arbeit”。</li><li>を：宾语助词，标明动作对象。</li><li>探しています（さがしています）：是动词“探す”（寻找）的ている形，表示动作正在进行中。语法：～ている，表示某事正在发生或持续。</li></ol>,[sound:jlpt_vocabulary_in_sentence_アルバイト.mp3]
起こす,叫醒；引起,毎朝母が私を起こします。,每天早上妈妈叫醒我。,<ruby>毎朝<rt>まいあさ</rt></ruby><ruby>母<rt>はは</rt></ruby>が<ruby>私<rt>わたし</rt></ruby>を<ruby>起こします<rt>おこします</rt></ruby>。,<ol><li>毎朝（まいあさ）：每个早上。</li><li>母（はは）：妈妈。表示第一人称的母亲。</li><li>が：主格助词，表示母亲是主语。</li><li>私（わたし）：我。</li><li>を：宾格助词，指定“我”为动作的对象。</li><li>起こします（おこします）：动词「起こす」的ます形，表示“叫醒”或“引起”。在本句中指叫醒某人。</li><li>本句用的是使役含义，即让某人起床。在家庭文化中，日本常用家人叫醒上下学的场景。</li></ol>,[sound:jlpt_vocabulary_in_sentence_起こす.mp3]
致す,致以、做,ご案内を致しますので、少々お待ちください。,我来为您引导，请稍等一下。,<ruby>ご案内<rt>ごあんない</rt></ruby>を<ruby>致します<rt>いたします</rt></ruby>ので、<ruby>少々<rt>しょうしょう</rt></ruby><ruby>お待ち<rt>おまち</rt></ruby><ruby>ください<rt>ください</rt></ruby>。,<ol><li>ご案内（ごあんない）：表示敬语，用于“引导、通知”等含义，前面的“ご”表示尊敬。</li><li>を：宾格助词，表示动作对象。</li><li>致します（いたします）：「する」的自谦语形式，表示自己的动作，对对方表示谦逊。「ご案内を致します」合起来意为“为您引导”。</li><li>ので：表示原因或理由，相当于“因为……所以……”。</li><li>少々（しょうしょう）：少量，一点点，常用于敬语表达“稍微、一会儿”。</li><li>お待ちください（おまちください）：「お～ください」是敬语表达，“请～”，这里是“请等一下”。</li><li>本句用于服务行业、接待中，整体是敬语表达，显示礼貌和对对方的尊重。</li></ol>,[sound:jlpt_vocabulary_in_sentence_致す.mp3]
噛む,咬，咀嚼,犬は骨を噛むのが好きです。,狗喜欢咬骨头。,<ruby>犬<rt>いぬ</rt></ruby>は<ruby>骨<rt>ほね</rt></ruby>を<ruby>噛む<rt>かむ</rt></ruby>のが<ruby>好きです<rt>すきです</rt></ruby>。,<ol><li>犬（いぬ）：狗。</li><li>骨（ほね）：骨头。</li><li>噛む（かむ）：咬、咀嚼，为五段动词，这里为基础形。</li><li>のが：表示前面的动词行为作为后续主语，构成“〜するのが好き”表示喜欢做某事。</li><li>好きです（すきです）：喜欢。</li><li>助词「は」标记主语，「を」标记宾语。</li></ol>,[sound:jlpt_vocabulary_in_sentence_噛む.mp3]
赤ちゃん,婴儿,赤ちゃんが泣いています。,婴儿正在哭。,<ruby>赤ちゃん<rt>あかちゃん</rt></ruby><ruby>が<rt>が</rt></ruby><ruby>泣いて<rt>ないて</rt></ruby><ruby>います<rt>います</rt></ruby>。,<ol><li>赤ちゃん（あかちゃん）：表示“婴儿、宝宝”。属于常用名词，后缀「ちゃん」用于表达亲昵口吻，多用于称呼小孩或家人。</li><li>が：助词，标记主语，也就是句子的主题“赤ちゃん”。</li><li>泣いています：「泣く（なく）」是“哭泣”的意思，「〜ています」表示正在进行中的动作，合起来「泣いています」表示“正在哭”。</li><li>日语口语和书面语中常用「〜ています」表示动作正在进行。</li></ol>,[sound:jlpt_vocabulary_in_sentence_赤ちゃん.mp3]
浅い,浅的,この川は水が浅いです。,这条河的水很浅。,<ruby>この<rt>この</rt></ruby><ruby>川<rt>かわ</rt></ruby>は<ruby>水<rt>みず</rt></ruby>が<ruby>浅い<rt>あさい</rt></ruby><ruby>です<rt>です</rt></ruby>。,"<ol><li>この：连体词，表示""这个""。</li><li>川（かわ）：名词，意为""河流""。</li><li>は：助词，提示主题。</li><li>水（みず）：名词，意为""水""。</li><li>が：助词，强调主语。</li><li>浅い（あさい）：形容词，意为""浅的""，用于描述深度或程度较小。</li><li>です：礼貌句尾，表述断定。</li><li>本句采用""主题はAがBです""句型，前半作为说明对象，后半表达具体属性，是常用描述对象特征的结构。</li></ol>",[sound:jlpt_vocabulary_in_sentence_浅い.mp3]
嘘,谎言、假话,彼の話は嘘だった。,他的话是谎言。,<ruby>彼<rt>かれ</rt></ruby>の<ruby>話<rt>はなし</rt></ruby>は<ruby>嘘<rt>うそ</rt></ruby>だった。,<ol><li>彼（かれ）：他；是日语中常用的人称代词。</li><li>話（はなし）：表示“话、谈话”。</li><li>は：主题助词，强调主语。</li><li>嘘（うそ）：名词，意思为“谎言、假话”。</li><li>だった：だ的过去式，连接名词后，表示过去肯定。（简体口语表达）</li><li>句型“〜は〜だった”，意思是“……是……（过去）”。</li></ol>,[sound:jlpt_vocabulary_in_sentence_嘘.mp3]
小説,小说,彼は小説を書くのが好きです。,他喜欢写小说。,<ruby>彼<rt>かれ</rt></ruby>は<ruby>小説<rt>しょうせつ</rt></ruby>を<ruby>書く<rt>かく</rt></ruby>のが<ruby>好き<rt>すき</rt></ruby>です。,<ol><li>彼（かれ）：他；小説（しょうせつ）：小说；書く（かく）：写；の：用来将前面动词书写名词化，表示“写小说这种事”；が：表示主语；好き（すき）：喜欢；です：礼貌结尾。</li><li>语法说明：“动词原形＋のが好きです”表示喜欢做某事。本句表示“喜欢写小说”。</li></ol>,[sound:jlpt_vocabulary_in_sentence_小説.mp3]
親,父母,親は子供の成長を見守ります。,父母会守护孩子的成长。,<ruby>親<rt>おや</rt></ruby>は<ruby>子供<rt>こども</rt></ruby>の<ruby>成長<rt>せいちょう</rt></ruby>を<ruby>見守ります<rt>みまもります</rt></ruby>。,<ol><li>親（おや）：指父母或家长，也可以泛指抚养、照顾自己的人。</li><li>子供（こども）：孩子、子女。</li><li>成長（せいちょう）：成长、成长过程。</li><li>見守る（みまもる）：注视、守护，表示持续关心和关注。</li><li>「は」是主题助词，用于提示主语。</li><li>「の」表示所属关系，类似中文的“的”。</li><li>本句表达父母关心并一直注视着孩子成长的过程，是日常常用表达。</li></ol>,[sound:jlpt_vocabulary_in_sentence_親.mp3]
それに,而且,彼は優しい。それに頭もいいです。,他很温柔，而且头脑也很好。,<ruby>彼<rt>かれ</rt></ruby>は<ruby>優しい<rt>やさしい</rt></ruby>。それに<ruby>頭<rt>あたま</rt></ruby>もいいです。,<ol><li>それに：连接两个句子，表示递进关系，相当于中文的“而且、此外”。</li><li>彼（かれ）：指男性的第三人称“他”。</li><li>優しい（やさしい）：形容词，表示“温柔”。</li><li>頭（あたま）がいい：惯用表达，意思是“头脑好、聪明”。</li><li>です：礼貌结句助动词。</li><li>“A。 それにB。”：用于表达B是在A的基础上附加的内容。</li></ol>,[sound:jlpt_vocabulary_in_sentence_それに.mp3]
西洋,西方、西洋,西洋の音楽が好きです。,我喜欢西方的音乐。,<ruby>西洋<rt>せいよう</rt></ruby>の<ruby>音楽<rt>おんがく</rt></ruby>が<ruby>好き<rt>すき</rt></ruby>です。,<ol><li>西洋（せいよう）：指西方、欧美等地，常用于描述文化、艺术等领域。例如：西洋料理（西餐）、西洋美術（西方美术）。</li><li>「の」：表示所属、修饰关系，此处「西洋の音楽」意思是“西方的音乐”，“の”连接名词和名词。</li><li>音楽（おんがく）：意思是音乐。</li><li>好き（すき）：形容动词，表示“喜欢”。</li><li>「が」：助词，表示主语或喜欢的对象。</li><li>「です」：礼貌结尾，表示陈述句。</li></ol>,[sound:jlpt_vocabulary_in_sentence_西洋.mp3]
思う,认为，想,明日の天気は晴れると思う。,我认为明天的天气会晴。,<ruby>明日<rt>あした</rt></ruby>の<ruby>天気<rt>てんき</rt></ruby>は<ruby>晴れる<rt>はれる</rt></ruby>と<ruby>思う<rt>おもう</rt></ruby>。,<ol><li>明日（あした）：明天。</li><li>天気（てんき）：天气。</li><li>晴れる（はれる）：放晴，晴朗的动词形式。</li><li>「～と思う」（～とおもう）：表示“我认为/觉得～”，用于表达主观判断、想法或推测。这里“と”连接前述内容，引用自己的想法。</li><li>日语表达主观意见常用「〜と思う」，是日常生活中常用句型，也用于客观陈述时表达谦逊。</li></ol>,[sound:jlpt_vocabulary_in_sentence_思う.mp3]
パート (タイム),兼职工作,私は週に三回パートをしています。,我一周做三次兼职工作。,<ruby>私<rt>わたし</rt></ruby>は<ruby>週<rt>しゅう</rt></ruby>に<ruby>三回<rt>さんかい</rt></ruby>パートを<ruby>しています<rt>しています</rt></ruby>。,<ol><li>「パート（タイム）」指的是“兼职工作”，来自英语 part-time。日本许多家庭主妇或学生会做パート补贴家用或赚取生活费。</li><li>「週に三回」意思是“一周三次”，“に”表时间频率的介词。</li><li>「しています」是“する”（做）的ている形，表示习惯性、持续的动作。</li></ol>,[sound:jlpt_vocabulary_in_sentence_パート (タイム).mp3]
時代,时代,この時代はインターネットが普及しています。,这个时代互联网已经普及。,<ruby>この<rt>この</rt></ruby><ruby>時代<rt>じだい</rt></ruby><ruby>は<rt>は</rt></ruby><ruby>インターネット<rt>いんたーねっと</rt></ruby><ruby>が<rt>が</rt></ruby><ruby>普及しています<rt>ふきゅうしています</rt></ruby>。,<ol><li>この：指示词，意为“这个”。</li><li>時代（じだい）：名词，意为“时代”。</li><li>は：主题助词，标记主语。</li><li>インターネット：外来语，意为“互联网”。</li><li>が：主语助词，强调后面内容。</li><li>普及しています（ふきゅうしています）：普及（动词“ふきゅうする”的ている形式），表示某事正在发生或已经成为常态。“～しています”表示动作的持续或结果状态。</li><li>本句使用了“この＋名词”结构，“～は～が～しています”说明当前时代的特征。</li></ol>,[sound:jlpt_vocabulary_in_sentence_時代.mp3]
申し上げる,敬意说、表达,ご意見を申し上げます。,我要表达一下我的意见。,<ruby>ご意見<rt>ごいけん</rt></ruby>を<ruby>申し上げます<rt>もうしあげます</rt></ruby>。,<ol><li>ご意見（ごいけん）：意见，“ご”为表示尊敬的前缀。</li><li>を：宾格助词，表示动作的对象。</li><li>申し上げます（もうしあげます）：动词“申す（もうす）”+“上げる（あげる）”的组合，表示比“言う”更谦逊的说法，通常用于向比自己地位高的人表达“说、讲、表达”。</li><li>本句是商务、正式场合中常用的谦逊表达方式。</li></ol>,[sound:jlpt_vocabulary_in_sentence_申し上げる.mp3]
～式,方式，样式,新しい日本式の家はとても人気です。,新式的日本房子非常受欢迎。,<ruby>新しい<rt>あたらしい</rt></ruby><ruby>日本式<rt>にほんしき</rt></ruby><ruby>の<rt>の</rt></ruby><ruby>家<rt>いえ</rt></ruby><ruby>は<rt>は</rt></ruby><ruby>とても<rt>とても</rt></ruby><ruby>人気<rt>にんき</rt></ruby><ruby>です<rt>です</rt></ruby>。,<ol><li>新しい（あたらしい）：形容词，意思是“新的”。</li><li>日本式（にほんしき）：名词，“日本样式，日本式”。「～式」是接在名词后表示“……方式、……样式”。</li><li>の：连接两名词，表示修饰。</li><li>家（いえ）：名词，表示“房子”。</li><li>は：主题助词。</li><li>とても：副词，表示“非常”。</li><li>人気（にんき）：名词，表示“人气、受欢迎”。</li><li>です：礼貌句尾。</li><li>「～式」语法：用在名词之后，表示特定的方式或类别，如「日本式」「西洋式」。</li></ol>,[sound:jlpt_vocabulary_in_sentence_～式.mp3]
出席,出席,私は会議に出席します。,我参加会议。,<ruby>私<rt>わたし</rt></ruby>は<ruby>会議<rt>かいぎ</rt></ruby>に<ruby>出席<rt>しゅっせき</rt></ruby>します。,<ol><li>私（わたし）：意思是“我”。</li><li>は：主题助词，表示主语。</li><li>会議（かいぎ）：意思是“会议”。</li><li>に：表示动作的目标或方向，这里指“到会议”。</li><li>出席（しゅっせき）：表示“出席、参加（正式的集会等）”。</li><li>します：动词“する”的礼貌形，表示做某个动作。</li><li>句型“〜に出席します”常用来表达参加正式活动或会议的场合。</li></ol>,[sound:jlpt_vocabulary_in_sentence_出席.mp3]
～家,专家、家,彼は音楽家として有名です。,他作为音乐家很有名。,<ruby>彼<rt>かれ</rt></ruby>は<ruby>音楽家<rt>おんがくか</rt></ruby>として<ruby>有名<rt>ゆうめい</rt></ruby>です。,<ol><li>彼（かれ）：指“他”。音乐家（おんがくか）：ここ的「～家」表示精通某一领域的人或专家，本例为“音乐家”。</li><li>として：作为……，表明身份或立场。<br>有名（ゆうめい）：有名，著名。<br>です：礼貌语句尾。</li></ol>,[sound:jlpt_vocabulary_in_sentence_～家.mp3]
迎える,迎接,新しい年を迎えるのは楽しみです。,迎接新的一年令人期待。,<ruby>新しい<rt>あたらしい</rt></ruby><ruby>年<rt>とし</rt></ruby>を<ruby>迎える<rt>むかえる</rt></ruby>のは<ruby>楽しみ<rt>たのしみ</rt></ruby>です。,<ol><li>新しい（あたらしい）：形容词，意思是“新的”。</li><li>年（とし）：名词，意为“年”，在句中作宾语。</li><li>迎える（むかえる）：动词，表示“迎接”，在这里是主要谓语动词。</li><li>〜のは：将动词迎える🍜，加上のは变成名词，相当于“迎接……这件事”。</li><li>楽しみ（たのしみ）：名词，意思是“期待、高兴的事”。</li><li>です：礼貌体终助词，使句子更加正式。</li><li>日本文化中，迎接新年是一项非常重要的活动，经常与家人团聚、进行各种庆祝活动。</li></ol>,[sound:jlpt_vocabulary_in_sentence_迎える.mp3]
触る,触摸,猫に触ると暖かい気持ちになる。,摸猫会让人感到温暖。,<ruby>猫<rt>ねこ</rt></ruby>に<ruby>触る<rt>さわる</rt></ruby>と<ruby>暖かい<rt>あたたかい</rt></ruby><ruby>気持ち<rt>きもち</rt></ruby><ruby>になる<rt>になる</rt></ruby>。,<ol><li>猫（ねこ）：猫。</li><li>に：表示动作的对象，这里指“对……（猫）”。</li><li>触る（さわる）：触摸，碰。</li><li>と：表示前项成立时会出现后项的自然结果，此用法为“……的话、就……”。</li><li>暖かい（あたたかい）：温暖的。</li><li>気持ち（きもち）：感觉、心情。</li><li>になる：变成……，这里指“产生……的感觉”。</li><li>句型：“～に触ると～になる”为“触摸……会变得……”结构，表达因果关系。</li></ol>,[sound:jlpt_vocabulary_in_sentence_触る.mp3]
建て,建造,新しい家を建てました。,盖了新房子。,<ruby>新しい<rt>あたらしい</rt></ruby><ruby>家<rt>いえ</rt></ruby>を<ruby>建てました<rt>たてました</rt></ruby>。,<ol><li>新しい（あたらしい）：形容词，表示“新的”。</li><li>家（いえ）：名词，意思是“家”或“房子”。</li><li>を：助词，表示动作的对象。</li><li>建てました（たてました）：动词“建てる（たてる）”的过去敬体形式，意思是“建造了”。</li><li>句子结构：主语省略+宾语+动词的标准语序。</li></ol>,[sound:jlpt_vocabulary_in_sentence_建て.mp3]
社長,总经理,社長は会議に参加します。,总经理参加会议。,<ruby>社長<rt>しゃちょう</rt></ruby>は<ruby>会議<rt>かいぎ</rt></ruby>に<ruby>参加します<rt>さんかします</rt></ruby>。,"<ol><li>社長（しゃちょう）：公司或组织中的总经理、董事长，一般是企业的最高负责人。</li><li>は：主题助词，标明主语。</li><li>会議（かいぎ）：会议。</li><li>に：表示动作的目的地或对象，此处用来表示""参加""的会议。</li><li>参加します（さんかします）：动词，意思是“参加”。</li><li>“社長は会議に参加します。”为“主语+は+目的地+に+动词”结构，表示主语去参加某地/某活动。</li></ol>",[sound:jlpt_vocabulary_in_sentence_社長.mp3]
動物園,动物园,昨日家族と動物園に行きました。,昨天和家人一起去了动物园。,<ruby>昨日<rt>きのう</rt></ruby><ruby>家族<rt>かぞく</rt></ruby>と<ruby>動物園<rt>どうぶつえん</rt></ruby>に<ruby>行きました<rt>いきました</rt></ruby>。,<ol><li>昨日（きのう）：表示“昨天”。</li><li>家族（かぞく）：表示“家人”。</li><li>と：并列助词，表示和谁一起。</li><li>動物園（どうぶつえん）：本句目标单词，意为“动物园”。</li><li>に：格助词，表示动作的目的地。</li><li>行きました（いきました）：“行く（去）”的礼貌过去式，用于表达已经发生的动作。</li><li>本句基本语法为“谁+と+どこに+行きました”，表示“和谁去了哪里”。</li></ol>,[sound:jlpt_vocabulary_in_sentence_動物園.mp3]
捕まえる,抓住，逮捕,彼は魚を手で捕まえた。,他用手抓住了鱼。,<ruby>彼<rt>かれ</rt></ruby>は<ruby>魚<rt>さかな</rt></ruby>を<ruby>手<rt>て</rt></ruby>で<ruby>捕まえた<rt>つかまえた</rt></ruby>。,<ol><li>彼（かれ）：他，指男性第三人称单数。</li><li>魚（さかな）：鱼。</li><li>手（て）：手。</li><li>で：表示动作的手段，这里表示用“手”做动作。</li><li>捕まえる（つかまえる）：动词，意思是“抓住、捕捉”。这里用过去形“捕まえた”，表示动作已经完成。</li><li>日语句子词序为主语+宾语+动词。助词“を”标记宾语。</li></ol>,[sound:jlpt_vocabulary_in_sentence_捕まえる.mp3]
季節,季节,日本の季節は四つあります。,日本有四个季节。,<ruby>日本<rt>にほん</rt></ruby>の<ruby>季節<rt>きせつ</rt></ruby>は<ruby>四つ<rt>よっつ</rt></ruby><ruby>あります<rt>あります</rt></ruby>。,<ol><li>日本（にほん）：指日本国家。</li><li>の：助词，表示前面的名词是后面名词的所属、修饰。</li><li>季節（きせつ）：意思为“季节”。</li><li>は：主题助词，表示句子的主题。</li><li>四つ（よっつ）：数词，表示“四个”，用于计数事物。</li><li>あります：动词“ある”的礼貌形，表示存在（无生命物体或概念）。</li><li>本句结构为“～は～があります”，用于说明某地或某事物中存在某物/事物。</li></ol>,[sound:jlpt_vocabulary_in_sentence_季節.mp3]
寄る,靠近，顺便去,学校の帰りに本屋に寄る。,放学回家的路上顺便去书店。,<ruby>学校<rt>がっこう</rt></ruby>の<ruby>帰り<rt>かえり</rt></ruby>に<ruby>本屋<rt>ほんや</rt></ruby>に<ruby>寄る<rt>よる</rt></ruby>。,<ol><li>学校（がっこう）：学校。</li><li>帰り（かえり）：回家，返回。</li><li>～の帰りに：表示“在……回来的路上”。</li><li>本屋（ほんや）：书店。</li><li>寄る（よる）：顺便去、顺路去某地。</li><li>语法：动词「寄る」原形作谓语，表示“顺便去、顺路去”。“Aの帰りにBに寄る”用法常见，表示从A回去时顺便B地一下。</li></ol>,[sound:jlpt_vocabulary_in_sentence_寄る.mp3]
決まる,决定,試合の日程が決まる。,比赛的日期被决定了。,<ruby>試合<rt>しあい</rt></ruby>の<ruby>日程<rt>にってい</rt></ruby>が<ruby>決まる<rt>きまる</rt></ruby>。,<ol><li>試合（しあい）：比赛。</li><li>日程（にってい）：日程、日子的安排。</li><li>「が」：主语助词，表示前面的“日程”是主语。</li><li>決まる（きまる）：自动词，意思是“决定、确定”。</li><li>本句型为“～が決まる”，表示某事被决定下来，主体通常为事情或计划。</li></ol>,[sound:jlpt_vocabulary_in_sentence_決まる.mp3]
開く,打开,窓を開くと風が入ります。,把窗户打开就会有风进来。,<ruby>窓<rt>まど</rt></ruby>を<ruby>開く<rt>ひらく</rt></ruby>と<ruby>風<rt>かぜ</rt></ruby>が<ruby>入ります<rt>はいります</rt></ruby>。,<ol><li>窓（まど）：名词，意思是“窗户”。</li><li>を：助词，表示动作的对象，这里指“打开”窗户。</li><li>開く（ひらく）：动词，意思是“打开”，用于门窗等可以打开的东西。</li><li>と：助词，表示假定条件，“……的话”。</li><li>風（かぜ）：名词，意思为“风”。</li><li>が：助词，表示主语。</li><li>入ります（はいります）：动词“入る”的敬体，意思是“进入”。</li><li>句型“动词辞书形＋と”表示“只要……就……”的条件。</li></ol>,[sound:jlpt_vocabulary_in_sentence_開く.mp3]
逃げる,逃跑,彼は危険から逃げることにした。,他决定从危险中逃跑。,<ruby>彼<rt>かれ</rt></ruby>は<ruby>危険<rt>きけん</rt></ruby>から<ruby>逃げる<rt>にげる</rt></ruby>ことにした。,"<ol><li>彼（かれ）：他。</li><li>危険（きけん）：危险。</li><li>から：表示动作的起点，这里指""从危险中""。</li><li>逃げる（にげる）：逃跑，逃离。</li><li>ことにした：动词基本形+ことにした，表示“决定做……”。</li><li>本句语法结构是“动词基本形＋ことにした”，常用来表达说话人主观的决定。</li></ol>",[sound:jlpt_vocabulary_in_sentence_逃げる.mp3]
だから,所以,今日は雨です。だから傘が必要です。,今天下雨，所以需要雨伞。,<ruby>今日<rt>きょう</rt></ruby>は<ruby>雨<rt>あめ</rt></ruby>です。だから<ruby>傘<rt>かさ</rt></ruby>が<ruby>必要<rt>ひつよう</rt></ruby>です。,<ol><li>今日（きょう）：今天。</li><li>は：主题助词，标记句子的主题。</li><li>雨（あめ）：雨。</li><li>です：礼貌助动词，用于句末表示肯定。</li><li>だから：表示因果关系，相当于“所以”。常用于口语中，前面为原因，后面为结果。</li><li>傘（かさ）：伞。</li><li>が：主语助词，标记主语。</li><li>必要（ひつよう）：必要、需要。</li><li>「だから」连接前后两个句子，表达因果。前句为原因，后句为结果。</li></ol>,[sound:jlpt_vocabulary_in_sentence_だから.mp3]
残念,可惜，遗憾,試合に負けて残念です。,比赛输了，很遗憾。,<ruby>試合<rt>しあい</rt></ruby>に<ruby>負けて<rt>まけて</rt></ruby><ruby>残念<rt>ざんねん</rt></ruby>です。,<ol><li>試合（しあい）：比赛。</li><li>に：表示动作的对象，是助词。</li><li>負けて（まけて）：动词「負ける」（输）的て形，表接续用法。</li><li>残念（ざんねん）：形容动词，表示遗憾、可惜。</li><li>です：礼貌结句助动词，表示礼貌。</li><li>句子结构是「〜て残念です」，表示对某事感到惋惜或遗憾。</li></ol>,[sound:jlpt_vocabulary_in_sentence_残念.mp3]
畳,榻榻米,部屋には畳が敷いてあります。,房间里铺着榻榻米。,<ruby>部屋<rt>へや</rt></ruby>には<ruby>畳<rt>たたみ</rt></ruby>が<ruby>敷いて<rt>しいて</rt></ruby><ruby>あります<rt>あります</rt></ruby>。,<ol><li>部屋（へや）：房间。</li><li>に：表示场所的助词，表“在……”。</li><li>は：主题助词，表示主语。</li><li>畳（たたみ）：榻榻米，日本传统的草编席子。</li><li>が：主语助词，强调前面的内容。</li><li>敷いてあります：「敷く（しく）」的て形加「あります」，表示某物以某种状态被维持（即被动状态的持续），常用于说明物体的摆放、布置状况。</li><li>日式房间里常用「畳」做地板覆盖材料，体现日本传统居住文化。</li></ol>,[sound:jlpt_vocabulary_in_sentence_畳.mp3]
丁寧,礼貌、恭敬,彼はとても丁寧に話します。,他讲话非常有礼貌。,<ruby>彼は<rt>かれは</rt></ruby><ruby>とても<rt>とても</rt></ruby><ruby>丁寧<rt>ていねい</rt></ruby><ruby>に<rt>に</rt></ruby><ruby>話します<rt>はなします</rt></ruby>。,<ol><li>彼（かれ）：第三人称单数“他”。</li><li>とても：副词，非常、很。</li><li>丁寧（ていねい）：形容动词，表示“有礼貌”的意思，后接“に”变成副词。</li><li>～に：形容动词/形容词变副词时的用法。</li><li>話します（はなします）：动词“说话”的敬体。</li><li>整个句子结构是“主语+副词+动词”，意思是“某人非常礼貌地说话”。在日本社会，丁寧さ（有礼貌）十分重要，特别是在正式和工作场合。</li></ol>,[sound:jlpt_vocabulary_in_sentence_丁寧.mp3]
地理,地理,私は地理が得意です。,我擅长地理。,<ruby>私<rt>わたし</rt></ruby>は<ruby>地理<rt>ちり</rt></ruby>が<ruby>得意<rt>とくい</rt></ruby>です。,<ol><li>私（わたし）：第一人称，意思是“我”。</li><li>地理（ちり）：指自然地理或地理学。</li><li>が：主语助词，表明地理是主语。</li><li>得意（とくい）：擅长、拿手。</li><li>です：敬体句尾助动词，使句子表达礼貌。</li><li>句型“一は○が得意です。”：表示“某人擅长某事”。</li></ol>,[sound:jlpt_vocabulary_in_sentence_地理.mp3]
さっき,刚才,さっき駅で友達に会いました。,刚才在车站见到了朋友。,<ruby>さっき<rt>さっき</rt></ruby><ruby>駅<rt>えき</rt></ruby>で<ruby>友達<rt>ともだち</rt></ruby>に<ruby>会いました<rt>あいました</rt></ruby>。,<ol><li>さっき：副词，表示“刚才、刚刚”，指的是离现在时间不远的过去。</li><li>駅（えき）：名词，意为“车站”。で：助词，表示动作发生的场所。</li><li>友達（ともだち）：名词，意为“朋友”。に：对格助词，表示动作的对象。</li><li>会いました（あいました）：动词“会う”的过去式，表示“见到了”。</li><li>本句为过去经历描述，用过去式表达已经发生的动作。</li></ol>,[sound:jlpt_vocabulary_in_sentence_さっき.mp3]
怖い,可怕的,夜道は怖いので一人で歩きません。,夜路很可怕，所以我不独自走。,<ruby>夜道<rt>よみち</rt></ruby>は<ruby>怖い<rt>こわい</rt></ruby>ので<ruby>一人で<rt>ひとりで</rt></ruby><ruby>歩きません<rt>あるきません</rt></ruby>。,<ol><li>夜道（よみち）：指晚上的道路或夜路。<br>怖い（こわい）：形容词，意为“可怕的”。<br>ので：表示原因或理由，意思是“因为……所以……”。<br>一人で（ひとりで）：表示独自、一个人。<br>歩きません（あるきません）：动词“歩く”（走）的否定形式，表示“不走”。</li><li>日语中，句末加「ません」表示否定；其中「ので」为书面语气的因果连词，比「から」更柔和常用于解释理由。</li></ol>,[sound:jlpt_vocabulary_in_sentence_怖い.mp3]
包む,包裹,プレゼントを紙で包む。,用纸把礼物包起来。,プレゼントを<ruby>紙<rt>かみ</rt></ruby>で<ruby>包む<rt>つつむ</rt></ruby>。,<ol><li>プレゼント：礼物。</li><li>紙（かみ）：纸张。</li><li>で：格助词，表示动作发生的手段、工具，这里指“用纸”。</li><li>包む（つつむ）：动词，表示“包裹、包起来”。</li><li>语法知识：“を”用于宾语标记，“で”表示手段，“包む”作谓语，句型是“名词を名词で动词”，表示“用……把……做某事”。</li></ol>,[sound:jlpt_vocabulary_in_sentence_包む.mp3]
なるべく,尽量，尽可能,なるべく早く返事をください。,请尽量早点回复。,<ruby>なるべく<rt>なるべく</rt></ruby><ruby>早く<rt>はやく</rt></ruby><ruby>返事<rt>へんじ</rt></ruby><ruby>を<rt>を</rt></ruby><ruby>ください<rt>ください</rt></ruby>。,<ol><li>なるべく：副词，意思是“尽量、尽可能”。用于表达希望尽可能做到某件事。</li><li>早く（はやく）：形容词“早い”的副词形，意思是“早点、尽早”。</li><li>返事（へんじ）：名词，意思是“回复、答复”。</li><li>を：助词，表示宾语。</li><li>ください：用于请求对方做某事，相当于“请......”。</li><li>句型“〜をください”：礼貌地请求对方给予或做某件事。</li></ol>,[sound:jlpt_vocabulary_in_sentence_なるべく.mp3]
無理,勉强，不可能,そんなに無理しなくても大丈夫です。,不用那么勉强也没关系。,<ruby>そんなに<rt>そんなに</rt></ruby><ruby>無理<rt>むり</rt></ruby><ruby>しなくても<rt>しなくても</rt></ruby><ruby>大丈夫<rt>だいじょうぶ</rt></ruby><ruby>です<rt>です</rt></ruby>。,<ol><li>そんなに：副词，表示“那么、那样”。</li><li>無理（むり）：名词、形容动词，意思是“勉强、硬来、不可能”。</li><li>しなくても：动词“する”（做）的否定て形，表示“即使不做……也”。</li><li>大丈夫（だいじょうぶ）：形容动词，意思是“没问题、没关系”。</li><li>语法——「～しなくても大丈夫」结构意思为“即使不做……也可以/没关系”，适用于表达无需过度努力或不用勉强的场合。</li><li>文化——日常生活中，当他人太过勉强自己时，常用本句表达关心和体贴，劝对方不需要过度努力。</li></ol>,[sound:jlpt_vocabulary_in_sentence_無理.mp3]
サンドイッチ,三明治,朝ごはんにサンドイッチを食べました。,早餐我吃了三明治。,<ruby>朝ごはん<rt>あさごはん</rt></ruby>に<ruby>サンドイッチ<rt>さんどいっち</rt></ruby>を<ruby>食べました<rt>たべました</rt></ruby>。,<ol><li>朝ごはん（あさごはん）：早餐。</li><li>に：表示时间点，译为“在……（时）”。</li><li>サンドイッチ（さんどいっち）：三明治，外来语。</li><li>を：宾格助词，标示动作的对象。</li><li>食べました（たべました）：动词「食べる」的礼貌过去式，表示“吃了”。</li><li>日语表示动作顺序一般为“时间+に+对象+を+动词”，本句结构典型。</li></ol>,[sound:jlpt_vocabulary_in_sentence_サンドイッチ.mp3]
会議室,会议室,新しい会議室は二階にあります。,新的会议室在二楼。,<ruby>新しい<rt>あたらしい</rt></ruby><ruby>会議室<rt>かいぎしつ</rt></ruby>は<ruby>二階<rt>にかい</rt></ruby>に<ruby>あります<rt>あります</rt></ruby>。,<ol><li>新しい：形容词，意思是“新的”。</li><li>会議室（かいぎしつ）：名词，表示“会议室”。</li><li>は：主题助词，标明句子主题。</li><li>二階（にかい）：名词，意思是“两楼、二层”。</li><li>に：表示地点的助词，和“あります”搭配，表示某物存在于某处。</li><li>あります：动词，表示“有、存在（物体存在）”。</li><li>日语表达地点存在时常用「XはYにあります」，即“X在Y（场所）”。</li></ol>,[sound:jlpt_vocabulary_in_sentence_会議室.mp3]
品物,物品,品物が届きました。,物品已经送达了。,<ruby>品物<rt>しなもの</rt></ruby>が<ruby>届きました<rt>とどきました</rt></ruby>。,<ol><li>品物（しなもの）：意思为“物品、商品”，可指日常用品、礼物等各类实物。</li><li>届きました（とどきました）：是动词“届く（とどく）”的敬体过去式，表示“送达、到达”。</li><li>が：助词，强调前面的主语，即“物品”这一主体。</li><li>用法说明：常用表达“品物が届く”，表示快递、邮寄等物品到达收件人。</li></ol>,[sound:jlpt_vocabulary_in_sentence_品物.mp3]
人形,人偶,彼は人形を大切にしています。,他很珍惜那个娃娃。,<ruby>彼は<rt>かれは</rt></ruby><ruby>人形<rt>にんぎょう</rt></ruby>を<ruby>大切に<rt>たいせつに</rt></ruby><ruby>しています<rt>しています</rt></ruby>。,<ol><li>彼（かれ）：他，男性第三人称。</li><li>人形（にんぎょう）：人偶、娃娃。</li><li>を：助词，标明动作的对象。</li><li>大切にする：固定表达，意为“珍惜”、“重视”。「大切に」为副词，「する」为动词。</li><li>しています：表示正在进行某动作，「しています」为敬体形式。其中「して」为动词「する」的连用形，「います」表示动作正在发生。</li></ol>,[sound:jlpt_vocabulary_in_sentence_人形.mp3]
利用,利用，使用,図書館を利用して勉強します。,我利用图书馆学习。,<ruby>図書館<rt>としょかん</rt></ruby><ruby>を<rt>を</rt></ruby><ruby>利用して<rt>りようして</rt></ruby><ruby>勉強します<rt>べんきょうします</rt></ruby>。,<ol><li>図書館（としょかん）：图书馆。</li><li>を：助词，表示动作对象，是日语中标示宾语的助词。</li><li>利用して（りようして）：「利用する」的て形，表示“利用、使用”，这里与“して”连用，形成动作承接。</li><li>勉強します（べんきょうします）：“学习”的敬体形式。</li><li>本句型“〜を利用して〜します”用于表达通过某个手段来完成另一动作。</li></ol>,[sound:jlpt_vocabulary_in_sentence_利用.mp3]
飾る,装饰,部屋に花を飾る。,在房间里装饰花。,<ruby>部屋<rt>へや</rt></ruby>に<ruby>花<rt>はな</rt></ruby>を<ruby>飾る<rt>かざる</rt></ruby>。,<ol><li>部屋（へや）：房间。</li><li>に：表示动作的地点，相当于汉语的“在……”</li><li>花（はな）：花。</li><li>を：宾语助词，表示动作的对象。</li><li>飾る（かざる）：动词，意思是“装饰、点缀”。</li><li>语序：日语中宾语（花）在动词（飾る）前，助词“に”引导地点，“を”引导宾语。</li></ol>,[sound:jlpt_vocabulary_in_sentence_飾る.mp3]
止める,停止，停下,駅で車を止めます。,在车站把车停下。,<ruby>駅<rt>えき</rt></ruby>で<ruby>車<rt>くるま</rt></ruby>を<ruby>止めます<rt>とめます</rt></ruby>。,<ol><li>駅（えき）：车站。</li><li>で：表示地点，用于说明动作发生的场所。</li><li>車（くるま）：车辆，车。</li><li>を：宾语助词，表示动作的对象。</li><li>止めます（とめます）：动词「止める」的敬体形式，意思是“停下、停止”。</li><li>语法说明：「名词＋を＋止める」表示“使（某物）停止”，常用于交通工具等对象。「ます」是敬体结尾，表礼貌。</li></ol>,[sound:jlpt_vocabulary_in_sentence_止める.mp3]
恥ずかしい,害羞,彼は恥ずかしい顔をしました。,他露出了害羞的表情。,<ruby>彼<rt>かれ</rt></ruby>は<ruby>恥ずかしい<rt>はずかしい</rt></ruby><ruby>顔<rt>かお</rt></ruby>を<ruby>しました<rt>しました</rt></ruby>。,<ol><li>彼（かれ）：第三人称代词，意为“他”。</li><li>は：主题助词，表示句子的主题。</li><li>恥ずかしい（はずかしい）：形容词，意思为“害羞的、难为情的、羞涩的”。</li><li>顔（かお）：名词，意思为“脸、表情”。</li><li>を：宾语助词，表示动作的对象，这里是“表情”。</li><li>しました：动词“する”（做）的过去式礼貌形，表示动作已经完成。</li><li>句型“〇〇をします”表动作或产生某种表情。</li></ol>,[sound:jlpt_vocabulary_in_sentence_恥ずかしい.mp3]
いくら～ても,无论怎么…都…,いくら探しても見つかりませんでした。,无论怎么找都没有找到。,<ruby>いくら<rt>いくら</rt></ruby><ruby>探しても<rt>さがしても</rt></ruby><ruby>見つかりませんでした<rt>みつかりませんでした</rt></ruby>。,<ol><li>いくら～ても：表示“无论怎么……都……”的意思，常用于表达即使做某事多少次、多少努力，也不会改变结果。例如本句“いくら探しても”，即“无论怎么找”。</li><li>探して（さがして）：“探す”的て形。</li><li>見つかりませんでした：动词“見つかる”（找到）的否定过去式，表示“没有找到”。</li><li>句子结构：いくら＋动词て形＋も，后接表示结论的谓语部分。</li></ol>,[sound:jlpt_vocabulary_in_sentence_いくら～ても.mp3]
用事,事情,今日は用事があるので早く帰ります。,因为今天有事要做，所以我会早点回家。,<ruby>今日<rt>きょう</rt></ruby>は<ruby>用事<rt>ようじ</rt></ruby>があるので<ruby>早く<rt>はやく</rt></ruby><ruby>帰ります<rt>かえります</rt></ruby>。,<ol><li>今日（きょう）：今天。</li><li>は：主题助词，表示句子的主语或话题。</li><li>用事（ようじ）：事情、公事、私事等要处理的事务。</li><li>が：主语标记助词，表示存在的主语。</li><li>ある：有，存在（用于无生命物体或抽象事物）。</li><li>ので：表示原因，类似于“因为……所以……”</li><li>早く（はやく）：早地、早点。</li><li>帰ります（かえります）：回家、返回。</li><li>此句型“用事があるので”常用来婉转地表达有事在身，文化上常用于拒绝别人时表示客气。</li></ol>,[sound:jlpt_vocabulary_in_sentence_用事.mp3]
ビル,大楼,あのビルはとても高いです。,那栋大楼很高。,<ruby>あの<rt>あの</rt></ruby><ruby>ビル<rt>びる</rt></ruby>は<ruby>とても<rt>とても</rt></ruby><ruby>高い<rt>たかい</rt></ruby><ruby>です<rt>です</rt></ruby>。,<ol><li>あの：指示代词，表示离说话人和听话人都较远的事物，相当于“那”。</li><li>ビル：外来语，意为“大楼”或“建筑物”。日本日常用语多指现代高层建筑。</li><li>は：助词，主题标记，表示主语。</li><li>とても：副词，意为“很，非常”，用于强调性质或状态。</li><li>高い（たかい）：形容词，意为“高”。</li><li>です：礼貌语尾，用于陈述句结尾，使语气更委婉。</li><li>语法结构：主题（は）+ 形容词 + です，常用于简单叙述描述。</li></ol>,[sound:jlpt_vocabulary_in_sentence_ビル.mp3]
けんかする,吵架,友達とけんかすることはありますか。,你和朋友会吵架吗？,<ruby>友達<rt>ともだち</rt></ruby>と<ruby>けんかする<rt>けんかする</rt></ruby>ことはありますか。,<ol><li>友達（ともだち）：朋友。<br>と：和，用于并列名词连接。</li><li>けんかする：吵架、争吵，「する」为动词，表示动作。</li><li>こと：名词化助词，把前面的动词变为名词性用法。</li><li>は：主题助词，表示主语（主题）。</li><li>あります：有、发生，表示存在。这里「けんかすることがありますか」表示“有……的情况吗”。</li><li>语法：「动词原形+ことがある」表示“有过……的经验”或者“有……这种情况”。</li><li>日本社会中朋友之间如果发生吵架，许多人会主动和好，重视人际关系的和谐。</li></ol>,[sound:jlpt_vocabulary_in_sentence_けんかする.mp3]
頑張る,努力,毎日 頑張って 勉強しています。,我每天都在努力学习。,<ruby>毎日<rt>まいにち</rt></ruby> <ruby>頑張って<rt>がんばって</rt></ruby> <ruby>勉強しています<rt>べんきょうしています</rt></ruby>。,<ol><li>毎日（まいにち）：每天。</li><li>頑張って（がんばって）：「頑張る」的て形，表示努力做某事，此处作副词修饰后文动作。</li><li>勉強しています：表示正在学习。「しています」为「する」的ている形式，表示状态持续。</li><li>语法：「～て います」表示某动作正在进行或状态持续。</li></ol>,[sound:jlpt_vocabulary_in_sentence_頑張る.mp3]
投げる,投掷；扔,彼はボールを強く投げる。,他用力投球。,<ruby>彼は<rt>かれは</rt></ruby>ボールを<ruby>強く<rt>つよく</rt></ruby><ruby>投げる<rt>なげる</rt></ruby>。,<ol><li>彼（かれ）：他，指男性第三人称。</li><li>ボール：ball，指球。</li><li>を：助词，表示动作的对象（宾语标记）。</li><li>強く（つよく）：副词，表示用力地、强烈地。</li><li>投げる（なげる）：动词，意思是扔、投掷。原形动词，可用于现在和将来时表习惯或通用动作。</li><li>语序：日语常为“主语+宾语+动词”结构。</li></ol>,[sound:jlpt_vocabulary_in_sentence_投げる.mp3]
故障,故障，故障,このエレベーターは故障しています。,这个电梯发生故障了。,<ruby>この<rt>この</rt></ruby><ruby>エレベーター<rt>えれべーたー</rt></ruby><ruby>は<rt>は</rt></ruby><ruby>故障<rt>こしょう</rt></ruby><ruby>しています<rt>しています</rt></ruby>。,<ol><li>この：指代近处的事物，意思是“这个”。</li><li>エレベーター（えれべーたー）：外来词，表示“电梯”。</li><li>は：提示助词，表示主题。</li><li>故障（こしょう）：表示设备出现问题、无法正常运转，即“故障”。</li><li>しています：是“する”的ている形式，表示动作的持续，这里表示电梯正在处于故障状态。</li><li>语法知识：“〜ています”表示某种状态正在持续（状态持续用法）。</li></ol>,[sound:jlpt_vocabulary_in_sentence_故障.mp3]
力,力量,彼は力を入れて勉強しています。,他正在努力学习。,<ruby>彼<rt>かれ</rt></ruby>は<ruby>力<rt>ちから</rt></ruby>を<ruby>入れて<rt>いれて</rt></ruby><ruby>勉強<rt>べんきょう</rt></ruby><ruby>しています<rt>しています</rt></ruby>。,<ol><li>彼（かれ）：他，指代男性。</li><li>力（ちから）：力量、精力。这里表示努力、用功。</li><li>を：助词，标记宾语。</li><li>入れて（いれて）：动词“入れる”的て形，作连用表示动作方式，“注入、加进”。</li><li>勉強（べんきょう）：学习。</li><li>しています：正在做……，是“する”的ている形式，表示持续状态。</li><li>整句语法：“力を入れて”表示“努力做某事”，常用于表示很用心地去做一件事情。“〜ています”表示正在进行。</li></ol>,[sound:jlpt_vocabulary_in_sentence_力.mp3]
受ける,接受、受到,彼の意見を受けることにした。,我决定接受他的意见。,<ruby>彼<rt>かれ</rt></ruby>の<ruby>意見<rt>いけん</rt></ruby>を<ruby>受ける<rt>うける</rt></ruby>ことにした。,<ol><li>彼（かれ）：他，指代男性第三人称。</li><li>意見（いけん）：意见、看法。</li><li>を：宾格助词，表示动作对象。</li><li>受ける（うける）：接受、收到，这里指采纳意见。</li><li>ことにする：表示“决定做某事”，由动词基本形＋ことにする构成，表达说话人的决定。</li><li>した：する的过去式，表示已经做出的决定。</li></ol>,[sound:jlpt_vocabulary_in_sentence_受ける.mp3]
気分,心情,今日は気分がとてもいいです。,今天心情很好。,<ruby>今日は<rt>きょうは</rt></ruby><ruby>気分<rt>きぶん</rt></ruby><ruby>が<rt>が</rt></ruby><ruby>とても<rt>とても</rt></ruby><ruby>いい<rt>いい</rt></ruby><ruby>です。<rt>です。</rt></ruby>,<ol><li>今日は（きょうは）：表示今天，「は」是主题助词。</li><li>気分（きぶん）：指人的心情、情绪。</li><li>が：主格助词，标明主语。</li><li>とても：副词，意思是“非常”。</li><li>いい：形容词，表示“好、舒服”。</li><li>です：礼貌句尾，表达敬意。</li><li>整句语法：「気分がいい」表示心情愉快，日常口语常用表达法。</li></ol>,[sound:jlpt_vocabulary_in_sentence_気分.mp3]
間違える,弄错，搞错,彼は答えを間違えました。,他把答案弄错了。,<ruby>彼は<rt>かれは</rt></ruby><ruby>答えを<rt>こたえを</rt></ruby><ruby>間違えました<rt>まちがえました</rt></ruby>。,<ol><li>彼（かれ）：他，指男性。</li><li>は：助词，主语提示。</li><li>答え（こたえ）：答案、回答。</li><li>を：助词，表示动作的对象（宾语）。</li><li>間違える（まちがえる）：动词，意思是“弄错、搞错”，这里用ました为其敬体过去式。</li><li>日语中，动词变化时加入「ました」表示过去和敬语。</li></ol>,[sound:jlpt_vocabulary_in_sentence_間違える.mp3]
そんな,那样的,そんなことは言わないでください。,请不要说那样的话。,<ruby>そんな<rt>そんな</rt></ruby><ruby>こと<rt>こと</rt></ruby><ruby>は<rt>は</rt></ruby><ruby>言わないで<rt>いわないで</rt></ruby><ruby>ください<rt>ください</rt></ruby>。,<ol><li>そんな：指代前文或对方提到的「那样」「那种」。</li><li>こと：表示事情、事物，常与抽象内容搭配。</li><li>は：提示助词，标明主语或主题。</li><li>言わないでください：表示「请不要说」，这是动词否定て形+ください的礼貌请求表达。</li><li>该句型表达一种礼貌的否定请求。</li></ol>,[sound:jlpt_vocabulary_in_sentence_そんな.mp3]
星,星星,夜空に星がたくさん見えます。,夜空中可以看到许多星星。,<ruby>夜空<rt>よぞら</rt></ruby>に<ruby>星<rt>ほし</rt></ruby>がたくさん<ruby>見えます<rt>みえます</rt></ruby>。,<ol><li>夜空（よぞら）：夜晚的天空。</li><li>星（ほし）：星星。</li><li>に：表示作用或存在的场所。</li><li>が：主格助词，表示主语。</li><li>たくさん：许多，很多。</li><li>見えます（みえます）：动词“見える”（看见、看得见）的敬体形式。</li><li>语法：“〜に〜が見えます”是表达“在〜能看见〜”的固定用法。</li></ol>,[sound:jlpt_vocabulary_in_sentence_星.mp3]
場合,情况,雨の場合は中止します。,下雨的情况下就取消。,<ruby>雨<rt>あめ</rt></ruby>の<ruby>場合<rt>ばあい</rt></ruby>は<ruby>中止<rt>ちゅうし</rt></ruby><ruby>します<rt>します</rt></ruby>。,<ol><li>雨（あめ）：名词，表示“雨”。</li><li>の場合（ばあい）：接在名词后，表示“……的情况下、……时”。用来说明某种条件或情况发生时的处理方法。</li><li>は：助词，提示主题。</li><li>中止（ちゅうし）：名词，表示“中止、取消”。</li><li>します：动词“する”的ます形，作出行为。</li><li>本句语法“〜の場合（ばあい）は、〜します”常用于说明出现特定情况时采取的处理措施。常见于告知、公告、规则说明等正式场合。</li></ol>,[sound:jlpt_vocabulary_in_sentence_場合.mp3]
やっと,终于,やっと宿題が終わりました。,作业终于完成了。,やっと<ruby>宿題<rt>しゅくだい</rt></ruby>が<ruby>終わりました<rt>おわりました</rt></ruby>。,<ol><li>やっと：副词，表示经历长时间、努力后事情终于实现，常用于表达期待已久结果的到来。</li><li>宿題（しゅくだい）：名词，意思是“作业”。</li><li>終わりました（おわりました）：动词「終わる」的过去式，表示“结束了”、“完成了”。</li><li>が：表示主语或主题的小品词，连接“宿題”和后文的动词。</li><li>整体语法结构：“やっと”+动作结果，强调某事历经波折终于完成。</li></ol>,[sound:jlpt_vocabulary_in_sentence_やっと.mp3]
足りる,足够,お金が足りるか心配です。,我担心钱是否足够。,<ruby>お金<rt>おかね</rt></ruby>が<ruby>足りる<rt>たりる</rt></ruby>か<ruby>心配<rt>しんぱい</rt></ruby>です。,<ol><li>お金（おかね）：钱。</li><li>が：表示主语，助词。</li><li>足りる（たりる）：动词，表示“足够、够用”。</li><li>か：表示疑问，相当于“是否”。</li><li>心配（しんぱい）：担心、担忧。</li><li>です：礼貌句尾。</li><li>句型“〜が足りる”：表示某物是否足够，多用于数量或能力方面。</li></ol>,[sound:jlpt_vocabulary_in_sentence_足りる.mp3]
行う,进行,先生は会議を行います。,老师举行会议。,<ruby>先生<rt>せんせい</rt></ruby><ruby>は<rt>は</rt></ruby><ruby>会議<rt>かいぎ</rt></ruby><ruby>を<rt>を</rt></ruby><ruby>行います<rt>おこないます</rt></ruby>。,<ol><li>先生（せんせい）：老师。</li><li>会議（かいぎ）：会议。</li><li>行います（おこないます）：动词「行う」的ます形，意思为“举办、进行、举行”。</li><li>は：主题助词，提示句子的主题。</li><li>を：宾语助词，表示动作的对象（这里指“会议”）。</li><li>语法知识：动作由句子主语执行。「〜を行う」表示“进行某事”。动词敬体形式（ます形）多用于礼貌场合。</li></ol>,[sound:jlpt_vocabulary_in_sentence_行う.mp3]
ぶどう,葡萄,私はぶどうが大好きです。,我非常喜欢葡萄。,<ruby>私<rt>わたし</rt></ruby>はぶどうが<ruby>大好き<rt>だいすき</rt></ruby>です。,<ol><li>私（わたし）：第一人称代词，表示“我”。<br>は：主题助词，标记句子的主题。<br>ぶどう：葡萄，水果名。<br>が：主语助词，这里表明喜欢的对象。<br>大好き（だいすき）：非常喜欢。<br>です：礼貌结句。</li><li>语法说明：<br>“～が好き（すき）です”表示喜欢某物；若要强调“非常喜欢”，可用“大好き（だいすき）です”。<br>主题和喜欢的对象间分别用“は”和“が”助词连结。</li></ol>,[sound:jlpt_vocabulary_in_sentence_ぶどう.mp3]
無くなる,消失,鍵が無くなってしまいました。,钥匙不见了。,<ruby>鍵<rt>かぎ</rt></ruby>が<ruby>無くなって<rt>なくなって</rt></ruby><ruby>しまいました<rt>しまいました</rt></ruby>。,<ol><li>鍵（かぎ）：名词，意思是“钥匙”。</li><li>が：助词，表示主语。</li><li>無くなる（なくなる）：动词，意思是“消失、丢失”。这里用“無くなって”是其て形。</li><li>しまいました：表示动作已经彻底完成，常带有遗憾或困扰的语气。在口语中常用「しまう」。</li><li>句子结构是“名词+が+無くなってしまいました”，表达“……弄丢了/不见了”的遗憾感。</li></ol>,[sound:jlpt_vocabulary_in_sentence_無くなる.mp3]
準備,准备,明日の会議の準備をしています。,我正在为明天的会议做准备。,<ruby>明日<rt>あした</rt></ruby>の<ruby>会議<rt>かいぎ</rt></ruby>の<ruby>準備<rt>じゅんび</rt></ruby>を<ruby>しています<rt>しています</rt></ruby>。,<ol><li>明日（あした）：明天。</li><li>会議（かいぎ）：会议。</li><li>準備（じゅんび）：准备。</li><li>の：表示所属、修饰关系（“的”）。</li><li>～をしています：“を”是宾语助词，表示动作的对象；“しています”为“する”的进行时，表示正在进行某动作。</li><li>句型“～の準備をしています”表示“正在为……做准备”。</li></ol>,[sound:jlpt_vocabulary_in_sentence_準備.mp3]
世界,世界,彼は世界中を旅した。,他曾周游世界各地。,<ruby>彼<rt>かれ</rt></ruby>は<ruby>世界中<rt>せかいじゅう</rt></ruby>を<ruby>旅した<rt>たびした</rt></ruby>。,<ol><li>彼（かれ）：他，男性第三人称。</li><li>は：主题助词，表示主语。</li><li>世界中（せかいじゅう）：世界各地，“中”表示整个范围。</li><li>を：宾语助词，标记动作的对象。</li><li>旅した：动词“旅する”（旅行）的过去形，表示已经旅行。</li><li>语法：句子使用“～を旅する”表示周游、旅行遍某地。</li><li>文化补充：日本人常说“世界中を旅したい”，表达对世界探索渴望。</li></ol>,[sound:jlpt_vocabulary_in_sentence_世界.mp3]
住所,住处,新しい住所を教えてください。,请告诉我新的住处。,<ruby>新しい<rt>あたらしい</rt></ruby><ruby>住所<rt>じゅうしょ</rt></ruby>を<ruby>教えて<rt>おしえて</rt></ruby>ください。,<ol><li>新しい：形容词，意思是“新的”。</li><li>住所（じゅうしょ）：名词，意为住处、住址。</li><li>を：助词，标示动作的对象。</li><li>教えてください：是“教える（告诉）”的て形加ください，表示请对方做某事，有礼貌请求的意思。</li><li>句型“〜てください”表示请求或者指示对方做某事。</li></ol>,[sound:jlpt_vocabulary_in_sentence_住所.mp3]
再来月,下下个月,再来月は新しい仕事が始まります。,下下个月开始新工作。,<ruby>再来月<rt>さらいげつ</rt></ruby>は<ruby>新しい<rt>あたらしい</rt></ruby><ruby>仕事<rt>しごと</rt></ruby>が<ruby>始まります<rt>はじまります</rt></ruby>。,<ol><li>再来月（さらいげつ）：意思是“下下个月”，比下个月（来月 らいげつ）要再往后一个月。</li><li>新しい仕事（あたらしいしごと）：新工作。“新しい”为“新的”，“仕事”为“工作”。</li><li>始まります（はじまります）：动词“始まる”（开始）的礼貌形，表示事情正式开始。</li><li>主语助词“は”表示主题，が指动作发出者。</li></ol>,[sound:jlpt_vocabulary_in_sentence_再来月.mp3]
林,树林,林の中で小鳥が鳴いています。,树林里有小鸟在叫。,<ruby>林<rt>はやし</rt></ruby>の<ruby>中<rt>なか</rt></ruby>で<ruby>小鳥<rt>ことり</rt></ruby>が<ruby>鳴いています<rt>ないています</rt></ruby>。,<ol><li>林（はやし）：树林，常指人造或自然的成片树木群。</li><li>の：格助词，表示前后体词的所属关系，译为“的”。</li><li>中（なか）：表示某个范围内部。</li><li>で：助词，表示动作发生的场所，用于地点名词后。</li><li>小鳥（ことり）：小鸟。</li><li>が：主格助词，标记句子的主语。</li><li>鳴いています（ないています）：动词“鳴く”（动物鸣叫）的ている形，表示正在进行的动作，译为“正在叫”。</li><li>语法点：“〜ています”表示动作正在进行或状态持续。</li><li>文化补充：日本森林丰富，鸟类栖息，林间听鸟叫是常见景象。</li></ol>,[sound:jlpt_vocabulary_in_sentence_林.mp3]
倍,倍数,この箱は前の箱の三倍の大きさがあります。,这个箱子的大小是前一个箱子的三倍。,<ruby>この<rt>この</rt></ruby><ruby>箱<rt>はこ</rt></ruby>は<ruby>前<rt>まえ</rt></ruby>の<ruby>箱<rt>はこ</rt></ruby>の<ruby>三倍<rt>さんばい</rt></ruby>の<ruby>大きさ<rt>おおきさ</rt></ruby>が<ruby>あります<rt>あります</rt></ruby>。,<ol><li>この：表示近称，“这个”。</li><li>箱（はこ）：箱子。</li><li>は：主题助词，标记主语。</li><li>前（まえ）の箱：前一个箱子，“の”表示修饰关系。</li><li>三倍（さんばい）：三倍，数量词+“倍”表示几倍。</li><li>の：连接名词，表示属性或所属。</li><li>大きさ（おおきさ）：大小、尺寸。</li><li>が：主语标记助词，此处引出存在的事物。</li><li>あります：表示存在（用于无生命物体）。</li><li>语法：结构“ＡはＢのＮ倍です/あります”表示A在某方面是B的N倍。</li></ol>,[sound:jlpt_vocabulary_in_sentence_倍.mp3]
痩せる,变瘦,私は最近痩せました。,我最近瘦了。,<ruby>私<rt>わたし</rt></ruby>は<ruby>最近<rt>さいきん</rt></ruby><ruby>痩せました<rt>やせました</rt></ruby>。,<ol><li>私（わたし）：第一人称“我”。</li><li>は：主题助词，用于标记句子的主题。</li><li>最近（さいきん）：表示“最近、近来”。</li><li>痩せました（やせました）：动词“痩せる”（变瘦）的ます形过去时，表示动作已完成。“ました”是ます形的过去式表达。</li><li>语法：这是一个简单陈述句，结构为“主语+は+时态词+动词ます形过去式”。</li></ol>,[sound:jlpt_vocabulary_in_sentence_痩せる.mp3]
線,线,この線をまっすぐ引いてください。,请把这条线直直地画出来。,<ruby>この<rt>この</rt></ruby><ruby>線<rt>せん</rt></ruby><ruby>を<rt>を</rt></ruby><ruby>まっすぐ<rt>まっすぐ</rt></ruby><ruby>引いて<rt>ひいて</rt></ruby><ruby>ください<rt>ください</rt></ruby>。,<ol><li>この：指示词，意思是“这个”。</li><li>線（せん）：名词，意思是“线”。</li><li>を：助词，表宾语，连接名词与动词。</li><li>まっすぐ：副词，意思是“笔直地、直直地”。</li><li>引いて（ひいて）：动词“引く（ひく）”的て形，意思这里是“画线”。</li><li>ください：表示请求，动词て形加「ください」表达“请……”的语法形式。</li><li>整体语法结构是「名词+を+动词て形+ください」，用于礼貌请求对方做某事。</li></ol>,[sound:jlpt_vocabulary_in_sentence_線.mp3]
戦争,战争,戦争は多くの人に影響を与える。,战争会影响许多人。,<ruby>戦争<rt>せんそう</rt></ruby>は<ruby>多く<rt>おおく</rt></ruby>の<ruby>人<rt>ひと</rt></ruby>に<ruby>影響<rt>えいきょう</rt></ruby>を<ruby>与える<rt>あたえる</rt></ruby>。,<ol><li>戦争（せんそう）：战争。</li><li>多くの人（おおくのひと）：许多人。</li><li>影響（えいきょう）を与える（あたえる）：产生影响，带来影响，这里为动词短语。</li><li>は：主题助词，用于提示话题。</li><li>に：表示作用的对象。</li><li>を：宾格助词，表示动作的对象。</li><li>语法说明：「は」后接名词做主语，「を与える」构成谓语，这是一种基本的日语陈述句结构。</li></ol>,[sound:jlpt_vocabulary_in_sentence_戦争.mp3]
決める,决定,明日の予定を決める。,决定明天的日程。,<ruby>明日<rt>あした</rt></ruby>の<ruby>予定<rt>よてい</rt></ruby>を<ruby>決める<rt>きめる</rt></ruby>。,<ol><li>明日（あした）：明天。「明日」是时间名词。</li><li>予定（よてい）：预定、计划，名词。</li><li>を：助词，表示动作的对象。</li><li>決める（きめる）：决定，动词。他动词，前面可接具体要决定的对象。</li><li>句子结构：『A を決める』表示“决定A”。</li></ol>,[sound:jlpt_vocabulary_in_sentence_決める.mp3]
調べる,查询,インターネットで調べるのが便利です。,用互联网查询很方便。,インターネットで<ruby>調べる<rt>しらべる</rt></ruby>のが<ruby>便利<rt>べんり</rt></ruby>です。,<ol><li>インターネットで：用助词「で」表示场所，相当于“在互联网（上）”。</li><li>調べる（しらべる）：动词，意思是查询、调查。</li><li>のが：将动词短语名词化，「动词基本形+のが」表示“做…这件事”。</li><li>便利（べんり）：形容动词，意思是“方便”。</li><li>です：礼貌句末助词，使句子更加礼貌。</li></ol>,[sound:jlpt_vocabulary_in_sentence_調べる.mp3]
寝坊,睡懒觉,今朝は寝坊して遅刻しました。,今天早上睡懒觉迟到了。,<ruby>今朝<rt>けさ</rt></ruby>は<ruby>寝坊<rt>ねぼう</rt></ruby>して<ruby>遅刻<rt>ちこく</rt></ruby>しました。,<ol><li>今朝（けさ）：意为“今天早上”，是时间名词。</li><li>寝坊（ねぼう）：指“睡懒觉”，即睡过头，常与する构成寝坊する（睡懒觉）。</li><li>して：为寝坊する的て形，表示动作连接，后接下一个动作。</li><li>遅刻（ちこく）：意为“迟到”，是名词，也可用作动词（遅刻する）。</li><li>しました：する的过去式表示“做了某事”。全句为过去时，表示已经发生。</li><li>文化背景：在日常生活、学校和职场中，寝坊经常被认为是不够自律，因此经常寝坊被视为不好的习惯。</li></ol>,[sound:jlpt_vocabulary_in_sentence_寝坊.mp3]
パパ,爸爸,パパは毎朝コーヒーを飲みます。,爸爸每天早上喝咖啡。,パパは<ruby>毎朝<rt>まいあさ</rt></ruby>コーヒーを<ruby>飲みます<rt>のみます</rt></ruby>。,<ol><li>パパ：口语中对父亲的亲昵称呼，类似中文的“爸爸”。</li><li>は：助词，标记主语，发音为“わ”。</li><li>毎朝（まいあさ）：每天早上，副词短语。</li><li>コーヒー：咖啡，外来语。</li><li>を：助词，表示动作的对象（宾语）。</li><li>飲みます（のみます）：动词“饮む（のむ）”的礼貌形，表示喝（咖啡等）。</li><li>日语中饮食动词常用“ます形”，表达礼貌。</li></ol>,[sound:jlpt_vocabulary_in_sentence_パパ.mp3]
光る,发光,夜空に星が光る。,夜空中有星星在发光。,<ruby>夜空<rt>よぞら</rt></ruby>に<ruby>星<rt>ほし</rt></ruby>が<ruby>光る<rt>ひかる</rt></ruby>。,<ol><li>夜空（よぞら）：夜晚的天空。</li><li>に：表示动作发生的地点助词。</li><li>星（ほし）：星星。</li><li>が：主语助词，强调“星”。</li><li>光る（ひかる）：动词，表示发光、闪耀，是五段动词。</li><li>句中结构为“场所+に+主语+が+动词”，是描述某物在某地发生某动作的常用表达。</li></ol>,[sound:jlpt_vocabulary_in_sentence_光る.mp3]
夫,丈夫,夫は毎日会社に行きます。,丈夫每天去公司。,<ruby>夫<rt>おっと</rt></ruby><ruby>は<rt>は</rt></ruby><ruby>毎日<rt>まいにち</rt></ruby><ruby>会社<rt>かいしゃ</rt></ruby><ruby>に<rt>に</rt></ruby><ruby>行きます<rt>いきます</rt></ruby>。,<ol><li>夫（おっと）：指“丈夫、先生”，是说话人自己的丈夫的表达方式，较为直接和中性。</li><li>は：主题助词，用于提示主语，即“夫”。</li><li>毎日（まいにち）：表示“每天”。</li><li>会社（かいしゃ）：表示“公司”。</li><li>に：表示动作的目的地，这里指去公司的“方向”。</li><li>行きます（いきます）：动词“行く（去）”的礼貌形，表示前往某地。</li><li>句子的语法结构为「主语+は+时间+场所+に+动词+ます」，是日常生活场景常用表达。</li></ol>,[sound:jlpt_vocabulary_in_sentence_夫.mp3]
雲,云,空に白い雲がゆっくり流れています。,天空中白色的云慢慢地飘着。,<ruby>空<rt>そら</rt></ruby>に<ruby>白い<rt>しろい</rt></ruby><ruby>雲<rt>くも</rt></ruby>がゆっくり<ruby>流れています<rt>ながれています</rt></ruby>。,<ol><li>空（そら）：天空。</li><li>白い：形容词，意思是“白色的”。</li><li>雲（くも）：名词，表示“云”。</li><li>が：主格助词，标明主语“白い雲”。</li><li>ゆっくり：副词，表示“慢慢地”。</li><li>流れています（ながれています）：动词“流れる”的ている形，表示动作正在进行中，“在流动”。</li><li>助词“に”表示动作发生的地点，这里表示“在空中”。</li></ol>,[sound:jlpt_vocabulary_in_sentence_雲.mp3]
坂,坡道,この坂を上るのは大変です。,爬这个坡很辛苦。,<ruby>この<rt>この</rt></ruby><ruby>坂<rt>さか</rt></ruby><ruby>を<rt>を</rt></ruby><ruby>上る<rt>のぼる</rt></ruby><ruby>の<rt>の</rt></ruby><ruby>は<rt>は</rt></ruby><ruby>大変<rt>たいへん</rt></ruby><ruby>です<rt>です</rt></ruby>。,<ol><li>この：指示词，意为“这个”。</li><li>坂（さか）：名词，意思是“坡道、斜坡”。</li><li>を：助词，表示动作的对象。</li><li>上る（のぼる）：动词，意思是“爬、登上”。</li><li>のは：名词化结构，动词上る后的“の”将其名词化，“は”作主题。</li><li>大変（たいへん）：形容动词，表示“很辛苦、很困难”。</li><li>です：礼貌结尾。</li><li>语法要点：用“のは”将动词上る（のぼる）名词化作为句子的主题，表达“（做某事）很……”。如：“歩くのは楽しい。”（步行很开心）。</li></ol>,[sound:jlpt_vocabulary_in_sentence_坂.mp3]
～(て) しまう,完了、遗憾,宿題を忘れてしまいました。,我把作业给忘了。,<ruby>宿題<rt>しゅくだい</rt></ruby>を<ruby>忘れて<rt>わすれて</rt></ruby><ruby>しまいました<rt>しまいました</rt></ruby>。,<ol><li>宿題（しゅくだい）：作业。</li><li>を：宾语助词，表示动作的对象。</li><li>忘れて（わすれて）：动词“忘れる”的て形，用来连接后续表达。</li><li>しまいました：助动词しまう的敬体过去式，这里表示“已经做完某事（完了）”或者“做了并产生遗憾或后悔”。</li><li>「～てしまう」表示某事已经发生，有时带有无奈、后悔、遗憾等情感色彩。</li></ol>,[sound:jlpt_vocabulary_in_sentence_～(て) しまう.mp3]
飛行場,机场,彼は新しい飛行場に行きました。,他去了新的机场。,<ruby>彼は<rt>かれは</rt></ruby><ruby>新しい<rt>あたらしい</rt></ruby><ruby>飛行場<rt>ひこうじょう</rt></ruby>に<ruby>行きました<rt>いきました</rt></ruby>。,<ol><li>彼（かれ）：他，男性第三人称人称代词。</li><li>新しい（あたらしい）：新的，形容词。</li><li>飛行場（ひこうじょう）：机场，指飞机起降的场所。</li><li>に：表示动作的目的地，常与移动动词一起使用。</li><li>行きました（いきました）：去，「行く」的过去式敬体，表示已经去了某地。</li><li>这句话结构为“主语+目的地+に+移动动词”，是描述去某地的基本句型。</li></ol>,[sound:jlpt_vocabulary_in_sentence_飛行場.mp3]
柔道,柔道,彼は柔道の大会で優勝しました。,他在柔道比赛中获得了冠军。,<ruby>彼<rt>かれ</rt></ruby>は<ruby>柔道<rt>じゅうどう</rt></ruby>の<ruby>大会<rt>たいかい</rt></ruby>で<ruby>優勝<rt>ゆうしょう</rt></ruby>しました。,<ol><li>彼（かれ）：他，指代男性第三人称。</li><li>柔道（じゅうどう）：一种日本传统武道，用于体育竞技或锻炼身体。</li><li>の：表示所属、连接名词，具有“的”功能。</li><li>大会（たいかい）：比赛、竞赛大会。</li><li>で：表示动作发生的场所，这里是“在柔道的比赛中”。</li><li>優勝（ゆうしょう）：冠军、获胜。</li><li>しました：“する”的敬体过去式，表示“做了……”。</li><li>本句结构为“主语+在（～で）+场所+动词”，表达谁在什么场合做了什么事。</li><li>柔道起源于日本，是日本重要文化和国际性体育项目。</li></ol>,[sound:jlpt_vocabulary_in_sentence_柔道.mp3]
決して,决不，绝对不,彼は決して約束を破らない。,他绝不会违反约定。,<ruby>彼<rt>かれ</rt></ruby>は<ruby>決して<rt>けっして</rt></ruby><ruby>約束<rt>やくそく</rt></ruby>を<ruby>破らない<rt>やぶらない</rt></ruby>。,<ol><li>彼（かれ）：他。</li><li>決して（けっして）：副词，意思为“绝不”，常与后续否定表达（如「ない」）搭配使用，表示强烈的否定。</li><li>約束（やくそく）：约定，承诺。</li><li>を：宾语助词，标记动作对象。</li><li>破らない（やぶらない）：动词「破る（やぶる）」的否定形，意思为“不违反、不破坏”。</li><li>语法说明：「決して～ない」是一种固定结构，表示“绝对不……”，强调坚定或彻底的否定。</li></ol>,[sound:jlpt_vocabulary_in_sentence_決して.mp3]
事務所,事务所,私は事務所で働いています。,我在事务所工作。,<ruby>私<rt>わたし</rt></ruby>は<ruby>事務所<rt>じむしょ</rt></ruby>で<ruby>働いています<rt>はたらいています</rt></ruby>。,<ol><li>私（わたし）：第一人称，表示“我”。</li><li>事務所（じむしょ）：指办公、处理事务的场所，即“事务所”。</li><li>で：助词，表示动作发生的场所。</li><li>働いています（はたらいています）：是动词“働く”的ている形，表示正在进行的动作，即“正在工作”。</li><li>句子结构：用“名词+で+动词”表达“在某地做某事”。如“学校で勉強します”。</li></ol>,[sound:jlpt_vocabulary_in_sentence_事務所.mp3]
連絡,联系,明日までに連絡します。,我会在明天之前联系你。,<ruby>明日<rt>あした</rt></ruby>までに<ruby>連絡<rt>れんらく</rt></ruby>します。,<ol><li>明日（あした）：明天，表示时间。</li><li>までに：用于表示动作的截止期限，相当于“在……之前”。</li><li>連絡（れんらく）：名词，意思是联系、联络。</li><li>します：する的敬体，表示动作“联系”。</li><li>全句语法结构：“时间+までに+动作”，表明在某个时间点之前完成该动作，是日语常用表达法。</li></ol>,[sound:jlpt_vocabulary_in_sentence_連絡.mp3]
小学校,小学,妹は小学校に通っています。,妹妹在上小学。,<ruby>妹<rt>いもうと</rt></ruby>は<ruby>小学校<rt>しょうがっこう</rt></ruby>に<ruby>通っています<rt>かよっています</rt></ruby>。,<ol><li>妹（いもうと）：妹妹。</li><li>は：主题助词，表示主语。</li><li>小学校（しょうがっこう）：小学。</li><li>に：表示方向或目标，这里指去的地方。</li><li>通っています（かよっています）：动词“通う”（かよう）的ている形，表示现在或习惯性动作，意思是“正在上”或“经常去”。</li><li>句子整体语法：“AはBに通っています” 结构，表示A去B上学或上班。</li><li>日本小学生一般6岁入学，学习6年。</li></ol>,[sound:jlpt_vocabulary_in_sentence_小学校.mp3]
客,客人,今日は大切な客が来ます。,今天有重要的客人来。,<ruby>今日<rt>きょう</rt></ruby>は<ruby>大切な<rt>たいせつな</rt></ruby><ruby>客<rt>きゃく</rt></ruby>が<ruby>来ます<rt>きます</rt></ruby>。,<ol><li>今日（きょう）：今天。</li><li>大切な：重要的，珍贵的。是形容动词。</li><li>客（きゃく）：客人，来访的人。</li><li>が：主语助词，标明主语。</li><li>来ます（きます）：「来る」的ます形，表示来（到）这里。</li><li>整体意思为“今天有重要的客人来”。句中的「大切な」修饰名词「客」。</li></ol>,[sound:jlpt_vocabulary_in_sentence_客.mp3]
昔,以前，过去,昔はここに大きな木がありました。,以前这里有一棵大树。,<ruby>昔<rt>むかし</rt></ruby>はここに<ruby>大きな<rt>おおきな</rt></ruby><ruby>木<rt>き</rt></ruby>が<ruby>ありました<rt>ありました</rt></ruby>。,<ol><li>昔（むかし）：名词，表示以前、过去的时期，常用于对比现在的情况。</li><li>は：提示助词，标记主语或对比主题。</li><li>ここ：代词，表示“这里”。</li><li>に：助词，表示动作发生的场所。</li><li>大きな：连体词，修饰名词，意思是“大”。</li><li>木（き）：名词，指“树”。</li><li>が：主格助词，标记主语。</li><li>ありました：动词「ある」的过去式礼貌形，表示“有”。</li><li>整体语法结构：过去时间+は+场所+に+事物+が+ありました，表示过去某地有某物。</li></ol>,[sound:jlpt_vocabulary_in_sentence_昔.mp3]
美しい,美丽的,この花は美しいですね。,这朵花真美丽啊。,<ruby>この<rt>この</rt></ruby><ruby>花<rt>はな</rt></ruby><ruby>は<rt>は</rt></ruby><ruby>美しい<rt>うつくしい</rt></ruby><ruby>です<rt>です</rt></ruby><ruby>ね<rt>ね</rt></ruby>。,<ol><li>この：指示词，意思是“这个（的）”。</li><li>花（はな）：名词，花。</li><li>は：助词，主题标记，表示主题“这朵花”。</li><li>美しい（うつくしい）：形容词，意思是“美丽的”。</li><li>です：礼貌形结尾，表示肯定语气。</li><li>ね：结尾助词，表示说话人与听话人之间的共感或确认。</li><li>句子语法结构：“この+名词+は+形容词+です+ね。”，为标准说明事物状态并表达感叹或确认的句型。</li></ol>,[sound:jlpt_vocabulary_in_sentence_美しい.mp3]
捨てる,扔掉,古い服を捨てることにしました。,我决定把旧衣服扔掉。,<ruby>古い<rt>ふるい</rt></ruby><ruby>服<rt>ふく</rt></ruby>を<ruby>捨てる<rt>すてる</rt></ruby><ruby>ことにしました<rt>ことにしました</rt></ruby>。,<ol><li>古い（ふるい）：形容词，意思是“旧的”。</li><li>服（ふく）：名词，“衣服”。</li><li>を：助词，表示动作的对象，即“把……”。</li><li>捨てる（すてる）：动词，意思是“扔掉、丢弃”。</li><li>〜ことにしました：表达决定做某事。动词辞书形＋ことにする，表示“决定做……”。</li></ol>,[sound:jlpt_vocabulary_in_sentence_捨てる.mp3]
なさる,做，进行,先生が説明をなさいます。,老师要做说明。,<ruby>先生<rt>せんせい</rt></ruby>が<ruby>説明<rt>せつめい</rt></ruby>を<ruby>なさいます<rt>なさいます</rt></ruby>。,<ol><li>なさる：敬语动词，代替「する」，用于表达“做、进行”，表示对他人的尊敬。常用于上司、老师等尊敬对象的行为。</li><li>先生（せんせい）：老师，对教师或医生等有地位者的称呼。</li><li>説明（せつめい）：说明、解释。</li><li>「～をなさいます」：结构为“名词+を+なさる”，表示“进行某事”的尊敬说法。</li></ol>,[sound:jlpt_vocabulary_in_sentence_なさる.mp3]
事,事情,大事な事を忘れてしまいました。,我把重要的事情忘了。,<ruby>大事<rt>だいじ</rt></ruby>な<ruby>事<rt>こと</rt></ruby>を<ruby>忘れて<rt>わすれて</rt></ruby><ruby>しまいました<rt>しまいました</rt></ruby>。,<ol><li>大事（だいじ）：形容动词，表示“重要、宝贵”。</li><li>事（こと）：名词，表示“事情、事物”等，常与其他词组合表示具体的事例。</li><li>〜を：助词，表示动作的宾语。</li><li>忘れてしまいました：动词“忘れる（わすれる）”的て形加しまう的敬体，表示“已经忘掉了、遗憾地忘了”。</li><li>この句型表达过去某事已经发生，且带有遗憾、无奈的语气，是日本口语中常见用法。</li></ol>,[sound:jlpt_vocabulary_in_sentence_事.mp3]
どんどん,迅速地,彼はどんどん日本語が上手になります。,他日语越来越好。,<ruby>彼<rt>かれ</rt></ruby>はどんどん<ruby>日本語<rt>にほんご</rt></ruby>が<ruby>上手<rt>じょうず</rt></ruby>になります。,<ol><li>彼（かれ）：他，代词，指男性。</li><li>どんどん：副词，表示事情进展很快，迅速地、不停地。</li><li>日本語（にほんご）：日语。</li><li>上手（じょうず）：形容动词，擅长、做得好。</li><li>动词『なる』（变成），『上手になる』指变得擅长。</li><li>语法知识：“どんどん”多修饰动词，表达变化速度快、顺利进展；「～が上手になる」是某方面能力变好的常用表达。</li></ol>,[sound:jlpt_vocabulary_in_sentence_どんどん.mp3]
試合,比赛,今日の試合はとても面白かった。,今天的比赛非常有趣。,<ruby>今日<rt>きょう</rt></ruby>の<ruby>試合<rt>しあい</rt></ruby>はとても<ruby>面白かった<rt>おもしろかった</rt></ruby>。,<ol><li>今日（きょう）：名词，表示“今天”。</li><li>の：连接词，表示所属或修饰关系，这里连接“今日”与“試合”。</li><li>試合（しあい）：名词，表示“比赛”。</li><li>は：主语提示助词，表示句子的主题。</li><li>とても：副词，表示“非常”。</li><li>面白かった（おもしろかった）：形容词“面白い”的过去式，表示“有趣”，这里说明比赛已经结束。</li><li>日语表达时间的主语时，常会用“今日の”等结构修饰后面的名词，这是一种常见用法。</li><li>句末使用过去时“かった”说明事件已发生。</li></ol>,[sound:jlpt_vocabulary_in_sentence_試合.mp3]
適当,适当、合适,適当な方法を選びます。,选择合适的方法。,<ruby>適当<rt>てきとう</rt></ruby>な<ruby>方法<rt>ほうほう</rt></ruby>を<ruby>選びます<rt>えらびます</rt></ruby>。,<ol><li>適当（てきとう）：形容动词，意为“适当、合适”。后接な修饰名词。</li><li>方法（ほうほう）：名词，意思是“方法”。</li><li>を：助词，表示动作的宾语。</li><li>選びます（えらびます）：动词“選ぶ”的ます形，意思是“选择”。<br>语法点：形容动词+な+名词构成定语修饰，如“適当な方法”。动词ます形用于正式说话场合。</li></ol>,[sound:jlpt_vocabulary_in_sentence_適当.mp3]
素晴らしい,精彩的,あなたの演奏は素晴らしいです。,你的演奏太精彩了。,<ruby>あなた<rt>あなた</rt></ruby><ruby>の<rt>の</rt></ruby><ruby>演奏<rt>えんそう</rt></ruby><ruby>は<rt>は</rt></ruby><ruby>素晴らしい<rt>すばらしい</rt></ruby><ruby>です<rt>です</rt></ruby>。,<ol><li>あなた：第二人称代词，意思是“你”。</li><li>演奏（えんそう）：名词，表示“演奏、演出”。</li><li>は：主题助词，标记句子的主题“你的演奏”。</li><li>素晴らしい（すばらしい）：形容词，意为“精彩的”“很棒的”。</li><li>です：礼貌结句助动词，使句子更正式。</li><li>日语中形容词可以直接作为谓语使用，如“素晴らしいです”表示“很精彩”。</li></ol>,[sound:jlpt_vocabulary_in_sentence_素晴らしい.mp3]
美術館,美术馆,美術館で絵を見ました。,我在美术馆看了画。,<ruby>美術館<rt>びじゅつかん</rt></ruby>で<ruby>絵<rt>え</rt></ruby>を<ruby>見ました<rt>みました</rt></ruby>。,<ol><li>美術館（びじゅつかん）：表示美术馆，是观赏美术作品的公共场所。</li><li>で：场所助词，表示动作进行的场所，相当于“在……”。</li><li>絵（え）：绘画、画作。</li><li>を：宾语助词，表示动作的对象。</li><li>見ました（みました）：动词「見る」（看）的敬体过去式，表达“看了”。</li><li>本句结构为“场所で+对象を+动词ました”，常用于描述在某地做了某事。</li></ol>,[sound:jlpt_vocabulary_in_sentence_美術館.mp3]
文法,语法,日本語の文法は面白いです。,日语的语法很有趣。,<ruby>日本語<rt>にほんご</rt></ruby>の<ruby>文法<rt>ぶんぽう</rt></ruby>は<ruby>面白い<rt>おもしろい</rt></ruby>です。,<ol><li>日本語（にほんご）：日语。「日本」是国家名，「語」表示语言。</li><li>の：表示所属或性质的助词，相当于汉语的“的”。</li><li>文法（ぶんぽう）：语法，是该句的主题。</li><li>は：主题助词，标示句子的主题。</li><li>面白い（おもしろい）：形容词，意为有趣的。</li><li>です：礼貌结句词，使句子更为正式。</li><li>日语表达中，常用「のは」结构说明主题的属性。</li></ol>,[sound:jlpt_vocabulary_in_sentence_文法.mp3]
終わり,结束,映画の終わりが近づいてきた。,电影的结尾快到了。,<ruby>映画<rt>えいが</rt></ruby>の<ruby>終わり<rt>おわり</rt></ruby>が<ruby>近づいて<rt>ちかづいて</rt></ruby>きた。,<ol><li>映画（えいが）：电影。</li><li>の：表示所属或修饰。</li><li>終わり（おわり）：结束、结尾，本句为名词，指电影结尾。</li><li>が：主语助词，表示『終わり』是主语。</li><li>近づいてきた（ちかづいてきた）：指事物正在接近，来源于动词『近づく』（靠近），『〜てくる』表示动作已开始且有变化感。</li><li>句子语法结构为「AのB」，表示A的B，在此为“电影的结束”。表达了事件发展即将结束的状态。</li></ol>,[sound:jlpt_vocabulary_in_sentence_終わり.mp3]
壁,墙壁,部屋の壁に絵がかかっています。,房间的墙壁上挂着画。,<ruby>部屋<rt>へや</rt></ruby>の<ruby>壁<rt>かべ</rt></ruby>に<ruby>絵<rt>え</rt></ruby>が<ruby>かかっています<rt>かかっています</rt></ruby>。,<ol><li>部屋（へや）：房间。</li><li>の：表示所属或修饰关系，相当于汉语“的”。</li><li>壁（かべ）：墙壁。</li><li>に：表示动作发生的场所或目标。</li><li>絵（え）：画、绘画。</li><li>が：主语助词，标示主语。</li><li>かかっています：动词“かかる”（挂、悬挂）的ている形，表示持续状态，意为“正在挂着”。</li><li>语法知识：句子结构为“～に～がかかっています”，常用于描述某物正挂在某个位置上。</li></ol>,[sound:jlpt_vocabulary_in_sentence_壁.mp3]
一度,一次，曾经,私は一度京都に行ったことがあります。,我曾经去过一次京都。,<ruby>私<rt>わたし</rt></ruby>は<ruby>一度<rt>いちど</rt></ruby><ruby>京都<rt>きょうと</rt></ruby>に<ruby>行った<rt>いった</rt></ruby><ruby>こと<rt>こと</rt></ruby>が<ruby>あります<rt>あります</rt></ruby>。,<ol><li>私（わたし）：第一人称代词，表示“我”。</li><li>一度（いちど）：副词，表示“一次”或“曾经”。</li><li>京都（きょうと）：日本城市名，京都。</li><li>に：表示动作的目的地或方向。</li><li>行ったことがある：表示过往的经验，意为“去过”。其结构为“动词た形＋ことがある”。</li><li>整体句意：通过“～たことがある”，表达过去做过某事的经验。</li></ol>,[sound:jlpt_vocabulary_in_sentence_一度.mp3]
お礼,感谢，谢礼,先生にお礼を言いました。,我向老师表达了谢意。,<ruby>先生<rt>せんせい</rt></ruby>に<ruby>お礼<rt>おれい</rt></ruby>を<ruby>言いました<rt>いいました</rt></ruby>。,<ol><li>お礼（おれい）：名词，意思为“感谢”“谢礼”。通常用于表达谢意，也可作为赠送的谢礼物。</li><li>～にお礼を言う：表达感谢的常用句型，意思是“向某人表示感谢”或“感谢某人”。に表示感谢的对象。言いました（いいました）是“说”的过去式。</li></ol>,[sound:jlpt_vocabulary_in_sentence_お礼.mp3]
親切,亲切,先生はとても親切です。,老师非常亲切。,<ruby>先生<rt>せんせい</rt></ruby><ruby>は<rt>は</rt></ruby><ruby>とても<rt>とても</rt></ruby><ruby>親切<rt>しんせつ</rt></ruby><ruby>です<rt>です</rt></ruby>。,<ol><li>先生（せんせい）：老师。</li><li>は：提示主语的助词。</li><li>とても：副词，表示“非常”。</li><li>親切（しんせつ）：形容动词，意为“亲切、热情”。</li><li>です：礼貌结句形式，用于句末。</li><li>这个句子为基本的主谓表述结构，描述主语的性质或状态。</li></ol>,[sound:jlpt_vocabulary_in_sentence_親切.mp3]
知らせる,通知，告知,先生が新しい情報を知らせる。,老师通知了新消息。,<ruby>先生<rt>せんせい</rt></ruby>が<ruby>新しい<rt>あたらしい</rt></ruby><ruby>情報<rt>じょうほう</rt></ruby>を<ruby>知らせる<rt>しらせる</rt></ruby>。,<ol><li>「先生（せんせい）」：老师。</li><li>「が」：标记主语的助词。</li><li>「新しい（あたらしい）」：新的，形容词。</li><li>「情報（じょうほう）」：信息，消息。</li><li>「を」：宾语助词，标记前面的名词为动作对象。</li><li>「知らせる（しらせる）」：告知，通知，表示让别人知道某事，是一类动词（他动词）。</li><li>语法：「AがBを知らせる」表示A把B的信息告知给别人。句末动词用简体「知らせる」，常用于书面语或平辈之间。</li></ol>,[sound:jlpt_vocabulary_in_sentence_知らせる.mp3]
歯医者,牙医,昨日 歯医者 に 行きました。,昨天去了牙医那里。,<ruby>昨日<rt>きのう</rt></ruby> <ruby>歯医者<rt>はいしゃ</rt></ruby> に <ruby>行きました<rt>いきました</rt></ruby>。,<ol><li>昨日（きのう）：表示“昨天”。</li><li>歯医者（はいしゃ）：指“牙医”或“牙科诊所”。</li><li>に：表示动作的目标地点，这里指去的目的地是“歯医者”。</li><li>行きました（いきました）：“行く”（去）的过去式敬体，表示过去去过某地。</li><li>本句语法是“时间 + 场所 + に + 移动动词”，用于表达去某地做某事。</li></ol>,[sound:jlpt_vocabulary_in_sentence_歯医者.mp3]
熱心,热心,彼は熱心に仕事をしています。,他在认真地工作。,<ruby>彼<rt>かれ</rt></ruby>は<ruby>熱心<rt>ねっしん</rt></ruby>に<ruby>仕事<rt>しごと</rt></ruby>を<ruby>しています<rt>しています</rt></ruby>。,<ol><li>彼（かれ）：他，男性第三人称。</li><li>熱心（ねっしん）：形容动词，表示对某事物非常关注、投入。</li><li>〜に：表示方式或状态，这里修饰动词“しています”。</li><li>仕事（しごと）：名词，工作。</li><li>を：宾语助词，标记动作的对象。</li><li>しています：动词“する”的ている形，表示正在进行时，结合“熱心に”表示正在以热心的方式工作。</li><li>语法说明：热心に+动词（〜する），表示“热心地去做某事”。“に”为副词化助词，用于变为方式状语。</li></ol>,[sound:jlpt_vocabulary_in_sentence_熱心.mp3]
始める,开始,新しい仕事を始めるのは緊張します。,开始新的工作会让人紧张。,<ruby>新しい<rt>あたらしい</rt></ruby><ruby>仕事<rt>しごと</rt></ruby>を<ruby>始める<rt>はじめる</rt></ruby>のは<ruby>緊張します<rt>きんちょうします</rt></ruby>。,<ol><li>新しい（あたらしい）：形容词，意思是“新的”。</li><li>仕事（しごと）：名词，意思是“工作”。</li><li>を：宾格助词，用于连接动词的宾语。</li><li>始める（はじめる）：动词，意思是“开始”。用来表达动作的起始。</li><li>～のは：将动词短语名词化，作为句子的主语。</li><li>緊張します（きんちょうします）：动词“緊張する”的敬体形式，表示“紧张”。</li><li>语法：“动词る形＋のは”结构，将动词的动作名词化后，作为主语或者话题，再由后句评价描述。</li></ol>,[sound:jlpt_vocabulary_in_sentence_始める.mp3]
もらう,得到、收到,先生に本をもらいました。,我从老师那里收到了书。,<ruby>先生<rt>せんせい</rt></ruby>に<ruby>本<rt>ほん</rt></ruby>を<ruby>もらいました<rt>もらいました</rt></ruby>。,<ol><li>先生（せんせい）：老师。</li><li>に：表示动作的来源，译为“从”。</li><li>本（ほん）：书。</li><li>を：宾语助词，后接动作的对象。</li><li>もらいました：动词「もらう」（得到、收到）的过去式礼貌形。表示“收到”某物，强调接受者（即说话人本人）。</li><li>语法：「A に 物 を もらう」表示“从A那里得到物品”。这里是说“从老师那里收到了书”。</li></ol>,[sound:jlpt_vocabulary_in_sentence_もらう.mp3]
泣く,哭,子供が大声で泣く。,孩子大声哭。,<ruby>子供<rt>こども</rt></ruby>が<ruby>大声<rt>おおごえ</rt></ruby>で<ruby>泣く<rt>なく</rt></ruby>。,<ol><li>子供（こども）：孩子。</li><li>大声（おおごえ）：大声。</li><li>で：表示手段方式，这里表示用大声。</li><li>泣く（なく）：哭（自动词，表示因情绪流泪）。</li><li>句型讲解：『Nが～でV』表示“主语N用～的方式做V”。</li><li>在日本，孩子在公共场合哭泣时，家长会温柔地安抚，而不是严厉斥责，体现日本育儿文化的宽容。</li></ol>,[sound:jlpt_vocabulary_in_sentence_泣く.mp3]
治る,治愈，痊愈,風邪が治るまで安静にしてください。,请在感冒痊愈前保持安静。,<ruby>風邪<rt>かぜ</rt></ruby>が<ruby>治る<rt>なおる</rt></ruby>まで<ruby>安静<rt>あんせい</rt></ruby>にしてください,<ol><li>風邪（かぜ）：指感冒，一种常见的疾病。</li><li>が：主语助词，标记句子的主语「風邪」。</li><li>治る（なおる）：五段动词，意思是痊愈、恢复健康，用于疾病或坏掉的东西修好。</li><li>まで：助词，表示动作或状态持续到某个时间点。</li><li>安静（あんせい）：名词，指安静、静养，常用于医疗场景。</li><li>に：助词，将「安静」名词变为副词，修饰后面的「してください」。</li><li>してください：动词「する」的て形+ください，表示“请做某事”。这一表达用来礼貌地请求对方。</li><li>语法结构：「〜まで…してください」表示“在……之前请……”，强调某一状态维持至特定时间为止。</li><li>文化补充：在日本，生病时医生和家人常常会叮嘱要安静休息，是常见的健康建议。</li></ol>,[sound:jlpt_vocabulary_in_sentence_治る.mp3]
熱,热度,彼は熱が高いので休みます。,他因发烧很高所以请假休息。,<ruby>彼は<rt>かれは</rt></ruby><ruby>熱が<rt>ねつが</rt></ruby><ruby>高い<rt>たかい</rt></ruby><ruby>ので<rt>ので</rt></ruby><ruby>休みます。<rt>やすみます。</rt></ruby>,<ol><li>彼（かれ）：他。日语里常用于指男性第三人称，也可泛指“那个人”。</li><li>熱（ねつ）：名词，意为“热、体温、发烧”。</li><li>高い（たかい）：形容词，这里指“高（的）”。在健康语境下通常形容体温、热度等。</li><li>ので：表原因理由，和中文的“因为……所以……”相似，正式场合常用。</li><li>休みます（やすみます）：动词“休む（やすむ）”的ます形，表示“休息、请假”。</li><li>用法：“熱が高い”是常见表达，指“发高烧”。如果身体不适需要请假，多会用此类表达。</li></ol>,[sound:jlpt_vocabulary_in_sentence_熱.mp3]
お祭り,节日庆典,昨日は町でお祭りがありました。,昨天镇上有节日庆典。,<ruby>昨日<rt>きのう</rt></ruby>は<ruby>町<rt>まち</rt></ruby>で<ruby>お祭り<rt>おまつり</rt></ruby>が<ruby>ありました<rt>ありました</rt></ruby>。,<ol><li>昨日（きのう）：表示“昨天”。</li><li>町（まち）：表示“城镇，街道”。</li><li>で：助词，表示动作发生的场所。</li><li>お祭り（おまつり）：节日庆典。前面加「お」为表示郑重、礼貌。</li><li>が：助词，表示主语。</li><li>ありました：“有”或“举办了”之意，「ある」的过去式，表示过去发生的状态。</li><li>句型：[场所]で[事件]がありました：表示某地发生了某事。</li></ol>,[sound:jlpt_vocabulary_in_sentence_お祭り.mp3]
水道,自来水管道,この町は水道がとても発達しています。,这个小镇的自来水管道非常发达。,<ruby>この<rt>この</rt></ruby><ruby>町<rt>まち</rt></ruby>は<ruby>水道<rt>すいどう</rt></ruby>が<ruby>とても<rt>とても</rt></ruby><ruby>発達<rt>はったつ</rt></ruby><ruby>しています<rt>しています</rt></ruby>。,<ol><li>この：指示词，意思是“这个”。</li><li>町（まち）：名词，“小镇”或“城市”。</li><li>は：主题助词，表示句子的主题。</li><li>水道（すいどう）：名词，指自来水管道、水路系统。</li><li>が：主语助词，表示“水道”是主语。</li><li>とても：副词，表示“非常、很”。</li><li>発達（はったつ）しています：动词“发达”，ている形表示持续状态。</li><li>语法知识：“は”常用于引出句子主题，“が”用来强化主语；“しています”表示一种状况持续。</li><li>日本大多数市区的自来水系统非常完善，自来水可直接饮用，这和中国的部分城市情况不同。</li></ol>,[sound:jlpt_vocabulary_in_sentence_水道.mp3]
匂い,气味,花の匂いがとても好きです。,我很喜欢花的气味。,<ruby>花<rt>はな</rt></ruby><ruby>の<rt>の</rt></ruby><ruby>匂い<rt>におい</rt></ruby><ruby>が<rt>が</rt></ruby><ruby>とても<rt>とても</rt></ruby><ruby>好き<rt>すき</rt></ruby><ruby>です<rt>です</rt></ruby>。,<ol><li>花（はな）：名词，意思是“花”。</li><li>の：助词，连接名词，表示前者修饰后者，相当于“的”。</li><li>匂い（におい）：名词，表示气味、香味。</li><li>が：助词，表示主语或主语成分。</li><li>とても：副词，表示“很、非常”。</li><li>好き（すき）：形容动词，表示喜欢。</li><li>です：礼貌结尾词，常用于句末，使语气礼貌。</li></ol>,[sound:jlpt_vocabulary_in_sentence_匂い.mp3]
ベル,铃,ベルの音が教室に響いた。,铃声在教室里响起了。,<ruby>ベル<rt>べる</rt></ruby>の<ruby>音<rt>おと</rt></ruby>が<ruby>教室<rt>きょうしつ</rt></ruby>に<ruby>響いた<rt>ひびいた</rt></ruby>。,<ol><li>ベル：源自英文“bell”，意为铃、铃声。常用于学校、车站等场合提醒事件发生。</li><li>音（おと）：意思是“声音”。</li><li>教室（きょうしつ）：意思是“教室”。</li><li>響いた（ひびいた）：动词“響く（ひびく）”的过去式，意为“响起了”。</li><li>语法说明：“AがBに響いた”表示“A的声音在B处响起”。</li><li>文化背景：在日本学校，下课或上课经常会用铃声（ベル）提醒学生时间。</li></ol>,[sound:jlpt_vocabulary_in_sentence_ベル.mp3]
赤ん坊,婴儿,赤ん坊が泣いています。,婴儿正在哭。,<ruby>赤ん坊<rt>あかんぼう</rt></ruby>が<ruby>泣いて<rt>ないて</rt></ruby>います。,<ol><li>赤ん坊（あかんぼう）：婴儿、幼儿的意思，为名词，常用来指刚出生或年龄很小的孩子。</li><li>〜が：助词，表示主语。</li><li>泣いています：动词“泣く”（なく，哭）的て形加“います”，表示动作正在进行，译为“正在哭”。此为「ている」表达法，表示持续的动作或状态。</li></ol>,[sound:jlpt_vocabulary_in_sentence_赤ん坊.mp3]
おかしい,奇怪的,この話は少しおかしいです。,这个故事有点奇怪。,<ruby>この<rt>この</rt></ruby><ruby>話<rt>はなし</rt></ruby><ruby>は<rt>は</rt></ruby><ruby>少し<rt>すこし</rt></ruby><ruby>おかしい<rt>おかしい</rt></ruby><ruby>です<rt>です</rt></ruby>。,<ol><li>この：指示词，表示“这个”。</li><li>話（はなし）：名词，意思是“故事”或“说话”。</li><li>は：主题助词，接在主题后指出句子的主题。</li><li>少し（すこし）：副词，表示“一点，稍微”。</li><li>おかしい：形容词，意为“奇怪的”，“可疑的”，“好笑的”。</li><li>です：礼貌结尾词，使句子更正式和礼貌。</li><li>语法：日语形容词直接修饰主语时，后加“です”可构成礼貌句式。</li></ol>,[sound:jlpt_vocabulary_in_sentence_おかしい.mp3]
事故,事故,昨日の事故は大きなニュースになった。,昨天的事故成了重大新闻。,<ruby>昨日<rt>きのう</rt></ruby>の<ruby>事故<rt>じこ</rt></ruby>は<ruby>大きな<rt>おおきな</rt></ruby>ニュースに<ruby>なった<rt>なった</rt></ruby>。,<ol><li>昨日（きのう）：昨天。</li><li>事故（じこ）：事故、意外事件。</li><li>は：主语助词，标明主语。</li><li>大きな：大的，用于修饰名词。</li><li>ニュース：新闻，外来语。</li><li>に：表示结果、变化的对象。</li><li>なった：动词「なる」（变成、成为）的过去式，表示变成某种状态。</li><li>句型讲解：「AはBになった」表示“A变成/成为了B”。</li><li>文化补充：发生重大事故时，日本媒体会广泛报道，社会也很关注公共安全问题。</li></ol>,[sound:jlpt_vocabulary_in_sentence_事故.mp3]
変,奇怪、变化,彼の行動は少し変ですね。,他的举止有点奇怪。,<ruby>彼<rt>かれ</rt></ruby>の<ruby>行動<rt>こうどう</rt></ruby>は<ruby>少し<rt>すこし</rt></ruby><ruby>変<rt>へん</rt></ruby>ですね。,<ol><li>彼（かれ）：他，指男性第三人称。</li><li>行動（こうどう）：行动、举止。</li><li>変（へん）：名词，表示奇怪、不正常，有“异常”的意思。在口语中常用来形容人或事物不一般。</li><li>少し（すこし）：副词，表示“有点儿、稍微”。</li><li>です：敬体终助词，表示礼貌。</li><li>ね：终助词，加强语气，征求同意或确认。</li><li>“変”常用于形容人有点不寻常、奇怪，有时具有轻微的负面评价。</li></ol>,[sound:jlpt_vocabulary_in_sentence_変.mp3]
辞典,词典,私は毎日辞典を使います。,我每天都使用词典。,<ruby>私<rt>わたし</rt></ruby>は<ruby>毎日<rt>まいにち</rt></ruby><ruby>辞典<rt>じてん</rt></ruby>を<ruby>使います<rt>つかいます</rt></ruby>。,<ol><li>私（わたし）：第一人称代词，表示“我”。</li><li>は：提示助词，表示主题。</li><li>毎日（まいにち）：副词，意思是“每天”。</li><li>辞典（じてん）：名词，意指“词典”。</li><li>を：宾语助词，表示动作的对象。</li><li>使います（つかいます）：动词“使う（つかう）”的敬体形式，意思是“使用”。</li><li>“私は毎日辞典を使います。”为基本的主谓宾结构，表达主语每天进行某种行为。助词“は”和“を”用法基础，是初级必学语法。</li></ol>,[sound:jlpt_vocabulary_in_sentence_辞典.mp3]
残る,剩下,テーブルにパンが少し残る。,桌子上剩下了一点面包。,<ruby>テーブル<rt>てーぶる</rt></ruby>に<ruby>パン<rt>ぱん</rt></ruby>が<ruby>少し<rt>すこし</rt></ruby><ruby>残る<rt>のこる</rt></ruby>。,"<ol><li>テーブル：桌子。</li><li>に：表示存在的场所助词，解释为""在……上""。</li><li>パン：面包。</li><li>が：助词，标记主语（这里是“面包”）。</li><li>少し：少量，表示数量不多。</li><li>残る（のこる）：动词，意思是“剩下”、“留下”。</li><li>此句型用“～が～に残る”表示某物在某处剩下、遗留。</li></ol>",[sound:jlpt_vocabulary_in_sentence_残る.mp3]
立てる,立起，建立,机の上に本を立てる。,把书立在桌子上。,<ruby>机<rt>つくえ</rt></ruby>の<ruby>上<rt>うえ</rt></ruby>に<ruby>本<rt>ほん</rt></ruby>を<ruby>立てる<rt>たてる</rt></ruby>。,<ol><li>机（つくえ）：桌子。</li><li>の：表所属或连接名词的助词。</li><li>上（うえ）：表示“上方、上面”。</li><li>に：表示地点、目标的助词，这里用来指放置的地方。</li><li>本（ほん）：书。</li><li>を：宾语助词，说明“书”是动作的对象。</li><li>立てる（たてる）：动词，表示“使竖立、立起、竖放”。</li><li>句型分析：S（场所）にOを立てる，意思是在某处将某物竖起来。</li><li>日本文化中，书理整齐地竖放表现重视书籍，也是常见整理习惯。</li></ol>,[sound:jlpt_vocabulary_in_sentence_立てる.mp3]
くれる,给我,友達が手紙をくれました。,朋友给了我一封信。,<ruby>友達<rt>ともだち</rt></ruby>が<ruby>手紙<rt>てがみ</rt></ruby>を<ruby>くれました<rt>くれました</rt></ruby>。,<ol><li>友達（ともだち）：朋友。</li><li>が：主格助词，表示主语。</li><li>手紙（てがみ）：信件。</li><li>を：宾格助词，表示动作的对象。</li><li>くれました：动词「くれる」的礼貌过去式，表示别人为“我”或“我们”做某事。用法：AがBにXをくれる（A给B某物，B为“说话人或其亲密相关者”时用）。</li><li>本句语法点为授受动词：「くれる」总是表示别人“给予我（我们）”。</li></ol>,[sound:jlpt_vocabulary_in_sentence_くれる.mp3]
～員,成员、人员,その会社の社員は百人います。,那家公司的员工有一百人。,その<ruby>会社<rt>かいしゃ</rt></ruby>の<ruby>社員<rt>しゃいん</rt></ruby>は<ruby>百人<rt>ひゃくにん</rt></ruby>います。,<ol><li>その：表示指示，意思是“那、那个”。</li><li>会社（かいしゃ）：公司。</li><li>の：格助词，连接前后两个名词，表示所属关系。</li><li>社員（しゃいん）：公司职员，其中“～員”是表示成员、人员的接尾词，可如“店員”“会員”等使用。</li><li>は：提示助词，标记主语。</li><li>百人（ひゃくにん）：一百人，数词加“人”表示人数。</li><li>います：动词“いる”的ます形，此处表示存在（人/动物）。</li></ol>,[sound:jlpt_vocabulary_in_sentence_～員.mp3]
原因,原因,彼が遅刻した原因は寝坊です。,他迟到的原因是睡过头。,<ruby>彼<rt>かれ</rt></ruby>が<ruby>遅刻<rt>ちこく</rt></ruby><ruby>した<rt>した</rt></ruby><ruby>原因<rt>げんいん</rt></ruby>は<ruby>寝坊<rt>ねぼう</rt></ruby><ruby>です<rt>です</rt></ruby>。,<ol><li>彼（かれ）：他。</li><li>が：主语助词，标记前面的词为句子的主语。</li><li>遅刻（ちこく）：迟到。</li><li>した：做（这里是“遅刻する”的过去式）。</li><li>原因（げんいん）：原因。</li><li>は：提示主题的助词。</li><li>寝坊（ねぼう）：睡懒觉、睡过头。</li><li>です：判断句尾语气词，表礼貌。</li><li>「〜した原因は〜です」：表达“……的原因是……”的固定句型。</li></ol>,[sound:jlpt_vocabulary_in_sentence_原因.mp3]
驚く,吃惊,彼の成績に驚く人が多い。,有很多人对他的成绩感到吃惊。,<ruby>彼<rt>かれ</rt></ruby>の<ruby>成績<rt>せいせき</rt></ruby>に<ruby>驚く<rt>おどろく</rt></ruby><ruby>人<rt>ひと</rt></ruby>が<ruby>多い<rt>おおい</rt></ruby>。,<ol><li>彼（かれ）：他；指男性。</li><li>成績（せいせき）：成绩、成就，多用于学习、工作等方面的评价。</li><li>に：表示动作的目标或对象。</li><li>驚く（おどろく）：自动词，表示吃惊、感到惊讶。</li><li>人（ひと）：人。</li><li>が：表示主语。</li><li>多い（おおい）：多的，数量大。</li><li>「～に驚く」结构：表示对某事物感到吃惊。</li></ol>,[sound:jlpt_vocabulary_in_sentence_驚く.mp3]
いただく,接受，得到,先生から本をいただきました。,我从老师那里得到了书。,<ruby>先生<rt>せんせい</rt></ruby>から<ruby>本<rt>ほん</rt></ruby>を<ruby>いただきました<rt>いただきました</rt></ruby>。,<ol><li>先生（せんせい）：老师。</li><li>から：表示动作的出发点，中文为“从……”。</li><li>本（ほん）：书。</li><li>を：宾语助词，表明“本”为动作的对象。</li><li>いただきました：「いただく」是“もらう”的自谦语，表示“接受、得到”，用于说话人从比自己地位高的人（如老师）那里接受物品或恩惠，体现谦逊和礼貌。</li><li>本句结构为“人＋から＋物＋を＋いただく”，常用于表达从他人处收到某物时的谦逊表达。</li></ol>,[sound:jlpt_vocabulary_in_sentence_いただく.mp3]
祖母,祖母,祖母は毎朝早く起きます。,祖母每天早上很早起床。,<ruby>祖母<rt>そぼ</rt></ruby>は<ruby>毎朝<rt>まいあさ</rt></ruby><ruby>早く<rt>はやく</rt></ruby><ruby>起きます<rt>おきます</rt></ruby>。,<ol><li>祖母（そぼ）：指“祖母、奶奶”，用于说自己的祖母，注意比“おばあさん”（おばあさん）更为谦逊，通常不用于称呼别人家的祖母。</li><li>は：主题助词，提示“祖母”为句子的主题。</li><li>毎朝（まいあさ）：表示“每天早上”。</li><li>早く（はやく）：副词，表示时间“早地、早早地”。</li><li>起きます（おきます）：动词“起床”的敬体形式。全句语序遵循日语主-时-谓结构。</li></ol>,[sound:jlpt_vocabulary_in_sentence_祖母.mp3]
場所,场所,この場所はとても静かです。,这个地方非常安静。,<ruby>この<rt>この</rt></ruby><ruby>場所<rt>ばしょ</rt></ruby><ruby>は<rt>は</rt></ruby><ruby>とても<rt>とても</rt></ruby><ruby>静か<rt>しずか</rt></ruby><ruby>です<rt>です</rt></ruby>。,<ol><li>この：连体词，意思是“这个”，指代距离说话人较近的事物。</li><li>場所（ばしょ）：名词，意思为“场所、地点”。</li><li>は：主题助词，提示主语，用于强调主语“場所”。</li><li>とても：副词，意思是“非常、很”，用于加强后面形容词的程度。</li><li>静か（しずか）：形容动词，意思是“安静”。</li><li>です：敬体助动词，表示断定语气，属于礼貌表达。</li><li>句子结构为“主语+は+补语+です”，为典型日语敬体肯定句。</li></ol>,[sound:jlpt_vocabulary_in_sentence_場所.mp3]
答,回答,先生の質問に答えました。,我回答了老师的问题。,<ruby>先生<rt>せんせい</rt></ruby>の<ruby>質問<rt>しつもん</rt></ruby>に<ruby>答えました<rt>こたえました</rt></ruby>。,"<ol><li>先生（せんせい）：老师。</li><li>質問（しつもん）：问题、提问。</li><li>に：表示动作的对象，此处指""向老师的问题""。</li><li>答（こた）える：动词，表示""回答""。</li><li>ました：动词ます形的过去式，表示过去发生的动作。</li><li>语法：""〜に答える""意为""回答……""，""に""用于指出回答的对象。</li></ol>",[sound:jlpt_vocabulary_in_sentence_答.mp3]
もちろん,当然,もちろん私も行きます。,当然我也会去。,<ruby>もちろん<rt>もちろん</rt></ruby><ruby>私<rt>わたし</rt></ruby>も<ruby>行きます<rt>いきます</rt></ruby>。,<ol><li>もちろん：副词，表示“当然”，用于强调理所当然的内容，日常对话常用。</li><li>私（わたし）：第一人称代词，意为“我”。</li><li>も：助词，表示“也”，用于与前述内容并列添加信息。</li><li>行きます（いきます）：动词“行く”（去）的敬体形式。</li><li>句子的基本语序是「主语+助词+动词」，体现了日语陈述句的基本结构。</li></ol>,[sound:jlpt_vocabulary_in_sentence_もちろん.mp3]
漬ける,腌制,野菜を塩に漬ける。,把蔬菜用盐腌制。,<ruby>野菜<rt>やさい</rt></ruby>を<ruby>塩<rt>しお</rt></ruby>に<ruby>漬ける<rt>つける</rt></ruby>。,<ol><li>野菜（やさい）：蔬菜。</li><li>塩（しお）：盐。</li><li>に：表示动作的目标或作用对象，这里指“把……放入……”。</li><li>漬ける（つける）：使某物浸泡、腌制起来，是他动词。</li><li>日语中用于腌制时常以“～を～に漬ける”结构来表达，比如“肉をたれに漬ける”表示“把肉腌在酱汁里”。</li></ol>,[sound:jlpt_vocabulary_in_sentence_漬ける.mp3]
受付,前台，接待处,受付で名前を書いてください。,请在前台填写姓名。,<ruby>受付<rt>うけつけ</rt></ruby><ruby>で<rt>で</rt></ruby><ruby>名前<rt>なまえ</rt></ruby><ruby>を<rt>を</rt></ruby><ruby>書いて<rt>かいて</rt></ruby><ruby>ください<rt>ください</rt></ruby>。,<ol><li>受付（うけつけ）：意为“前台”或“接待处”，常用于公司、医院等进入处，办理手续或咨询事宜。</li><li>で：表场所助词，表示在某地进行某动作，这里指“在前台”。</li><li>名前（なまえ）：名词，意为“姓名”。</li><li>を：宾格助词，标示动作涉及的对象，“写名字”。</li><li>書いてください：动词「書く」（写）的て形加「ください」，表示“请写”。句末用て形+ください表示礼貌请求。</li></ol>,[sound:jlpt_vocabulary_in_sentence_受付.mp3]
内,里面，内部,この箱の内には手紙が入っています。,这个箱子里面有信。,<ruby>この<rt>この</rt></ruby><ruby>箱<rt>はこ</rt></ruby><ruby>の<rt>の</rt></ruby><ruby>内<rt>うち</rt></ruby><ruby>に<rt>に</rt></ruby><ruby>は<rt>は</rt></ruby><ruby>手紙<rt>てがみ</rt></ruby><ruby>が<rt>が</rt></ruby><ruby>入っています<rt>はいっています</rt></ruby>。,<ol><li>この：表示指示，意为“这个”。</li><li>箱（はこ）：表示“箱子”。</li><li>の：助词，连接名词，表所属。</li><li>内（うち）：表示“内部、里面”，用在表示范围或某个东西的内部。</li><li>には：に为表示场所的助词，は为主题助词，组合后强调“在……里面”。</li><li>手紙（てがみ）：信件。</li><li>が：主格助词，指代“手紙”作为主语。</li><li>入っています（はいっています）：动词“入る”的ている形式，表示状态，意为“在里面”。</li><li>句中“の内”构成“……的内部”意思，是常见的表达场所内部的结构。</li></ol>,[sound:jlpt_vocabulary_in_sentence_内.mp3]
スクリーン,屏幕,映画館のスクリーンはとても大きいです。,电影院的屏幕非常大。,<ruby>映画館<rt>えいがかん</rt></ruby>のスクリーンはとても<ruby>大きい<rt>おおきい</rt></ruby>です。,<ol><li>映画館（えいがかん）：电影院。「映画」是电影，「館」指场所。</li><li>スクリーン：外来语，意为「屏幕」。</li><li>は：主题助词，表示主语（电影院的屏幕）。</li><li>とても：副词，表示「非常、很」。</li><li>大きい（おおきい）：形容词，意思是「大」。</li><li>です：礼貌结尾，表示断定。</li><li>语法点：「AはBです」为基础句型，表示「A是B」。</li><li>文化提醒：在日本，很多电影院会采用大尺寸屏幕，以提升观影体验。</li></ol>,[sound:jlpt_vocabulary_in_sentence_スクリーン.mp3]
増える,增加,最近は外国人観光客が増えています。,最近外国游客正在增多。,<ruby>最近<rt>さいきん</rt></ruby>は<ruby>外国人<rt>がいこくじん</rt></ruby><ruby>観光客<rt>かんこうきゃく</rt></ruby>が<ruby>増えています<rt>ふえています</rt></ruby>。,<ol><li>最近（さいきん）：指最近、近来。</li><li>外国人（がいこくじん）：外国的人。</li><li>観光客（かんこうきゃく）：游客。</li><li>が：主格助词，标示主语。</li><li>増える（ふえる）：自动词，意思是增加、增多。</li><li>〜ています：表示某个动作或状态正在进行或持续，ここでは「増えています」表示人数持续增加的状态。</li><li>句子结构：“主语＋が＋増えています”用来表达某个群体的数量在增加。</li></ol>,[sound:jlpt_vocabulary_in_sentence_増える.mp3]
または,或者,コーヒーまたはお茶を選んでください。,请选咖啡或者茶。,コーヒー<ruby>または<rt>または</rt></ruby><ruby>お茶<rt>おちゃ</rt></ruby><ruby>を<rt>を</rt></ruby><ruby>選んで<rt>えらんで</rt></ruby><ruby>ください<rt>ください</rt></ruby>。,<ol><li>コーヒー：咖啡。</li><li>または：日语连词，意为“或者”，用于选择性地列举两个或以上的事项。</li><li>お茶（おちゃ）：茶，泛指各种茶饮。</li><li>を：助词，表示宾语。</li><li>選んで（えらんで）：动词“選ぶ”（选择）的て形，表示动作的进行。</li><li>ください：表达请求和命令的礼貌用语，接在动词て形后，表示“请……”。</li><li>语法点：本句型是请求对方在咖啡和茶之中选择一种，体现了“または”连接选择项的用法。</li></ol>,[sound:jlpt_vocabulary_in_sentence_または.mp3]
けがする,受伤,彼は転んでけがしました。,他摔倒了受伤了。,<ruby>彼<rt>かれ</rt></ruby>は<ruby>転んで<rt>ころんで</rt></ruby>けがしました。,<ol><li>彼（かれ）：第三人称代词，表示“他”。</li><li>転んで（ころんで）：是动词“転ぶ（ころぶ）”（摔倒）的て形，表示顺接状语，后项为由于前项而发生的动作。</li><li>けがする：名词“けが”（受伤）加上动词“する”（做、发生），构成惯用表达“受伤”。“けがしました”为“けがする”的过去敬体，表示已经受伤。</li><li>日语的受身表达常用动词て形连接，表示因果或动作顺序。</li></ol>,[sound:jlpt_vocabulary_in_sentence_けがする.mp3]
以下,以下，以下的,この書類は以下の項目です。,这份文件是以下的项目。,<ruby>この<rt>この</rt></ruby><ruby>書類<rt>しょるい</rt></ruby>は<ruby>以下<rt>いか</rt></ruby>の<ruby>項目<rt>こうもく</rt></ruby>です。,<ol><li>この：指示代词，表示“这个”。</li><li>書類（しょるい）：名词，意思是“文件、资料”。</li><li>は：主题助词，用于提示句子的主题。</li><li>以下（いか）：名词，意为“以下、之下”，引出范围或内容的下限。</li><li>の：连接体词和名词，表所属关系或限定。</li><li>項目（こうもく）：名词，“项目、条款”。</li><li>です：礼貌终止助动词，表断定和尊敬。</li><li>语法说明：句型“～は～です”用于说明某事物是什么。“以下の～”表示下述所列举的内容，常用于书面语和正式场合，如公告、说明书中列项目。</li></ol>,[sound:jlpt_vocabulary_in_sentence_以下.mp3]
選ぶ,选择,好きな色を選ぶのは楽しいです。,选择喜欢的颜色很有趣。,<ruby>好きな<rt>すきな</rt></ruby><ruby>色<rt>いろ</rt></ruby>を<ruby>選ぶ<rt>えらぶ</rt></ruby>のは<ruby>楽しい<rt>たのしい</rt></ruby>です。,<ol><li>好きな：表示“喜欢的”。“好き”是形容动词，后加“な”修饰名词。</li><li>色（いろ）：颜色。</li><li>を：助词，表示动作对象。</li><li>選ぶ（えらぶ）：动词“选择”。</li><li>のは：把前面的内容名词化，作主语或主题。</li><li>楽しい（たのしい）：形容词“有趣、快乐”。</li><li>です：礼貌体句尾。</li><li>整个句子语法结构为“（动词短语）のは＋形容词です”，表示“做某事很……”。</li></ol>,[sound:jlpt_vocabulary_in_sentence_選ぶ.mp3]
～ばかり,净是、总是,最近、甘いものばかり食べています。,最近我总是在吃甜食。,<ruby>最近<rt>さいきん</rt></ruby>、<ruby>甘いもの<rt>あまいもの</rt></ruby><ruby>ばかり<rt>ばかり</rt></ruby><ruby>食べています<rt>たべています</rt></ruby>。,<ol><li>最近（さいきん）：最近，指时间上的最近。</li><li>甘いもの（あまいもの）：甜食。“甘い”是“甜”的意思，“もの”是“东西”。</li><li>ばかり：接在名词、动词连体形等之后，表示“总是……”、“净是……”，有夸张的语气，强调某事重复或单一。</li><li>食べています：是“食べる（吃）”的て形加“います”，表示动作的持续，译为“正在吃”或“总是吃”。</li><li>「ばかり」用法小结：表示限定或强烈重复，常用于“ばかり食べている”“ばかり見ている”等，口语常见，需要注意表达强调时的语气。</li></ol>,[sound:jlpt_vocabulary_in_sentence_～ばかり.mp3]
心,心、内心,彼の心はとても優しいです。,他的心非常温柔。,<ruby>彼<rt>かれ</rt></ruby>の<ruby>心<rt>こころ</rt></ruby>はとても<ruby>優しい<rt>やさしい</rt></ruby>です。,<ol><li>彼（かれ）：第三人称代词，意思是“他”。</li><li>心（こころ）：名词，指人的“心”“内心”“心灵”。</li><li>は：主题助词，表示主语，读作“わ”。</li><li>とても：副词，意思是“非常”“很”。</li><li>優しい（やさしい）：形容词，意思是“温柔”“柔和”。</li><li>です：礼貌句尾。</li><li>整体句型为“主语+の+名词+は+形容词+です”，表示对某主体特征的描述。</li></ol>,[sound:jlpt_vocabulary_in_sentence_心.mp3]
～だす,开始，突然发生,急に雨が降りだした。,突然开始下雨了。,<ruby>急に<rt>きゅうに</rt></ruby><ruby>雨<rt>あめ</rt></ruby>が<ruby>降りだした<rt>ふりだした</rt></ruby>。,<ol><li>急に（きゅうに）：副词，意思是“突然”；表示事物变化的突然性。</li><li>雨（あめ）：名词，表示“雨”。</li><li>が：助词，主语标记，表示主语“雨”。</li><li>降りだす（ふりだす）：动词“降る（下，降）”的连用形“降り”接续上「だす」，表示“突然开始下（雨）”。「～だす」接在动词连用形后，表示动作或状态突然开始。</li><li>语法：「～だす」用法是把动词连用形和「だす」搭配，通常用于表达某动作突然发生、开始；带有突发性或突然变化的语气。</li></ol>,[sound:jlpt_vocabulary_in_sentence_～だす.mp3]
サラダ,沙拉,夕食にサラダを作りました。,我做了沙拉当晚餐。,<ruby>夕食<rt>ゆうしょく</rt></ruby>にサラダを<ruby>作りました<rt>つくりました</rt></ruby>。,<ol><li>夕食（ゆうしょく）：晚餐。</li><li>に：表示时间点，这里指“在晚餐时”。</li><li>サラダ：沙拉，外来语。</li><li>を：宾格助词，标记动作的对象。</li><li>作りました（つくりました）：动词“作る”（做、制作）的过去式。</li><li>句子结构为“时间点＋に＋对象＋を＋动词”表示“在某时做了某事”。</li><li>在日本，沙拉是一种常见副食，通常由蔬菜水果等混合而成，可配餐食用。</li></ol>,[sound:jlpt_vocabulary_in_sentence_サラダ.mp3]
届ける,送达，递送,荷物を家に届ける。,把行李送到家里。,<ruby>荷物<rt>にもつ</rt></ruby>を<ruby>家<rt>いえ</rt></ruby>に<ruby>届ける<rt>とどける</rt></ruby>。,"<ol><li>荷物（にもつ）：行李、包裹。</li><li>を：宾语助词，标记动词作用对象。</li><li>家（いえ）：家、家庭。</li><li>に：用于表示动作的目的地、方向。</li><li>届ける（とどける）：动词，意思是""送达""、""递送""、""提交""。</li><li>语法结构：『AをBに届ける』表示“把A送到B”。</li></ol>",[sound:jlpt_vocabulary_in_sentence_届ける.mp3]
挨拶,问候,朝、先生に挨拶をしました。,早上我向老师打了招呼。,<ruby>朝<rt>あさ</rt></ruby>、<ruby>先生<rt>せんせい</rt></ruby>に<ruby>挨拶<rt>あいさつ</rt></ruby>を<ruby>しました<rt>しました</rt></ruby>。,<ol><li>朝（あさ）：早晨，早上。</li><li>先生（せんせい）：老师，常用于称呼教师或受人尊敬的人。</li><li>に：表示动作的对象，相当于汉语的“向……”。</li><li>挨拶（あいさつ）：问候、打招呼。</li><li>を：宾格助词，标明动作的对象。</li><li>しました：动词「する」（做）的过去式“しました”，表示已经完成的动作。</li><li>句型“〜に〜をする”：表示对谁做什么动作，如“先生に挨拶をする”（向老师问候）。</li></ol>,[sound:jlpt_vocabulary_in_sentence_挨拶.mp3]
景色,风景,この町の景色はとても美しいです。,这个小镇的风景非常美丽。,この<ruby>町<rt>まち</rt></ruby>の<ruby>景色<rt>けしき</rt></ruby>はとても<ruby>美しい<rt>うつくしい</rt></ruby>です。,<ol><li>この：指示连体词，意思是“这个”，用于修饰后面的名词。</li><li>町（まち）：名词，意思是“城镇”。</li><li>の：助词，连接名词，表示所属关系，类似于“的”。</li><li>景色（けしき）：名词，意思是“风景、景色”，本句的主题。</li><li>は：提示助词，强调主语（此处指“景色”）。</li><li>とても：副词，意思是“非常”。</li><li>美しい（うつくしい）：形容词，意思是“美丽的”。</li><li>です：礼貌形结束语，表明句子结束。</li><li>语法结构“名词+は+形容词+です”，表示主语具备某属性。</li></ol>,[sound:jlpt_vocabulary_in_sentence_景色.mp3]
確か,确实，的确,確か明日は休みだったと思います。,我记得明天确实是休息日。,<ruby>確か<rt>たしか</rt></ruby><ruby>明日<rt>あした</rt></ruby>は<ruby>休み<rt>やすみ</rt></ruby>だったと<ruby>思います<rt>おもいます</rt></ruby>。,<ol><li>確か（たしか）：副词，表示“确实、应该、好像”。用于表达记忆里不太确定但有把握的内容。</li><li>明日（あした）：表示“明天”。</li><li>休み（やすみ）：名词，意为“休息、休假”。</li><li>だった：是「だ」的过去式，接在名词后表示过去的断定。“是……的”。</li><li>と思います（とおもいます）：表达说话人“我觉得/认为/想”的意思。常作为表达不完全确定的推测用法。</li><li>语法结构：句子的主干是「確か〜と思います」，常用来表示记忆中的不完全肯定，有一定把握的说法。</li></ol>,[sound:jlpt_vocabulary_in_sentence_確か.mp3]
ステーキ,牛排,昨日ステーキを食べました。,昨天吃了牛排。,<ruby>昨日<rt>きのう</rt></ruby>ステーキを<ruby>食べました<rt>たべました</rt></ruby>。,<ol><li>昨日（きのう）：表示“昨天”。</li><li>ステーキ：外来语，意为“牛排”。</li><li>を：宾格助词，表示动作的对象。</li><li>食べました：动词“食べる（吃）”的敬体过去式。</li><li>语法说明：该句型是“时间+宾语+を+动词ました”，表达“在某个时间做了某事”。</li></ol>,[sound:jlpt_vocabulary_in_sentence_ステーキ.mp3]
食料品,食品,駅の近くに新しい食料品店ができました。,车站附近新开了一家食品店。,<ruby>駅<rt>えき</rt></ruby>の<ruby>近く<rt>ちかく</rt></ruby>に<ruby>新しい<rt>あたらしい</rt></ruby><ruby>食料品店<rt>しょくりょうひんてん</rt></ruby>が<ruby>できました<rt>できました</rt></ruby>。,<ol><li>駅（えき）：车站。</li><li>近く（ちかく）：附近、近邻。</li><li>新しい（あたらしい）：新的，用于修饰名词。</li><li>食料品店（しょくりょうひんてん）：食品店，“食料品”为“食品”，加“店”即食品店。</li><li>が：主语提示助词，标明主语。</li><li>できました：动词“できる”的过去式，表示“完成、建成、新开”。</li><li>句型“〜に〜ができました”：表示“在某处出现了/新开设了什么”，常用于描述新建建筑、店铺。</li></ol>,[sound:jlpt_vocabulary_in_sentence_食料品.mp3]
森,森林,この森には動物がたくさんいます。,这个森林里有许多动物。,<ruby>この<rt>この</rt></ruby><ruby>森<rt>もり</rt></ruby><ruby>には<rt>には</rt></ruby><ruby>動物<rt>どうぶつ</rt></ruby><ruby>が<rt>が</rt></ruby><ruby>たくさん<rt>たくさん</rt></ruby><ruby>います<rt>います</rt></ruby>。,<ol><li>この：连体词，表示“这个”，用于指示近距离的事物。</li><li>森（もり）：名词，意为“森林”。</li><li>には：助词“に”表方向、地点，“は”为提示助词，用于强调“森林”这个地点。</li><li>動物（どうぶつ）：名词，意为“动物”。</li><li>が：主格助词，表示主语。</li><li>たくさん：副词，意为“很多、许多”。</li><li>います：动词“いる”的敬体形式，表示（生物）存在。</li><li>本句结构是“场所+に（は）+生物+が+います”，用来表达生物在哪里存在，日常生活中非常常用。</li></ol>,[sound:jlpt_vocabulary_in_sentence_森.mp3]
以内,之内、以内,三日以内に返事をください。,请在三天之内回复。,<ruby>三日<rt>みっか</rt></ruby><ruby>以内<rt>いない</rt></ruby>に<ruby>返事<rt>へんじ</rt></ruby>をください。,<ol><li>三日（みっか）：三天。</li><li>以内（いない）：表示“在……之内、以内”，用法是在数量词或时间词后，表示限定范围。例如“三日以内”意为“三天之内”。</li><li>～に：时间点助词，这里表明动作发生的时间范围。</li><li>返事（へんじ）：回复、答复。</li><li>ください：是“请……”、“请给我……”的礼貌表达，经常用于请求对方做某事。</li><li>语法知识：“名词＋以内に”表示在限定范围时间或数量之内。常见于书信、通知等正式或半正式场合。</li></ol>,[sound:jlpt_vocabulary_in_sentence_以内.mp3]
予定,预定，计划,明日は友達と映画に行く予定です。,明天计划和朋友去看电影。,<ruby>明日<rt>あした</rt></ruby>は<ruby>友達<rt>ともだち</rt></ruby>と<ruby>映画<rt>えいが</rt></ruby>に<ruby>行く<rt>いく</rt></ruby><ruby>予定<rt>よてい</rt></ruby>です。,<ol><li>明日（あした）：明天。</li><li>友達（ともだち）：朋友。</li><li>映画（えいが）：电影。</li><li>に：表示动作的目的地（去哪里）。</li><li>行く（いく）：去。</li><li>予定（よてい）：预定、计划，用来表达事先安排好的事情。</li><li>「～予定です」语法：接在动词连体形后面，表示“打算、计划要做……”的意思。</li></ol>,[sound:jlpt_vocabulary_in_sentence_予定.mp3]
オーバー,过度，超过,彼の話は少しオーバーだと思います。,我觉得他的话有点夸张。,<ruby>彼<rt>かれ</rt></ruby>の<ruby>話<rt>はなし</rt></ruby>は<ruby>少し<rt>すこし</rt></ruby><ruby>オーバー<rt>おーばー</rt></ruby>だ<ruby>と思います<rt>とおもいます</rt></ruby>。,<ol><li>彼（かれ）：他，指代第三人称男性。</li><li>の：表示所属、修饰关系。</li><li>話（はなし）：话、言谈。</li><li>少し（すこし）：有些、稍微。</li><li>オーバー（おーばー）：外来语，意为“过度、夸张、超出”。</li><li>だ：判断句终助动词。</li><li>と思います（とおもいます）：表示「我认为/觉得」的表达法。</li><li>语法知识：句子中「オーバーだ」用作形容动词，意思为“过分、夸张”。外来语在日语中常作为此类形容词使用。</li><li>文化补充：日语会直接引用英文单词，表达现代语意。オーバー来源于英文“over”，用来描述夸张或超过界限的行为。</li></ol>,[sound:jlpt_vocabulary_in_sentence_オーバー.mp3]
乾く,干，干燥,洗濯物が乾くのを待っています。,我在等洗的衣服变干。,<ruby>洗濯物<rt>せんたくもの</rt></ruby>が<ruby>乾く<rt>かわく</rt></ruby>のを<ruby>待っています<rt>まっています</rt></ruby>。,<ol><li>洗濯物（せんたくもの）：洗过的衣物。</li><li>乾く（かわく）：自动词，表示“变干”或“干燥”。</li><li>〜のを待っています：表示正在等待某事发生。其中「の」将动词名词化，「を待っています」表达正在等待的状态。</li></ol>,[sound:jlpt_vocabulary_in_sentence_乾く.mp3]
石,石头,小さい石を拾いました。,捡起了一块小石头。,<ruby>小さい<rt>ちいさい</rt></ruby><ruby>石<rt>いし</rt></ruby><ruby>を<rt>を</rt></ruby><ruby>拾いました<rt>ひろいました</rt></ruby>。,<ol><li>小さい（ちいさい）：形容词，意为“小的”。</li><li>石（いし）：名词，意为“石头”。</li><li>を：助词，表宾语，前面的“石”是动作的对象。</li><li>拾いました（ひろいました）：动词“拾う”的ます形过去式，表示“捡起了”，常用于礼貌表达。</li><li>句型“……を拾いました”：用于表达把某物捡起来。</li></ol>,[sound:jlpt_vocabulary_in_sentence_石.mp3]
思い出す,想起来,昔のことを思い出します。,我想起了以前的事情。,<ruby>昔<rt>むかし</rt></ruby>のことを<ruby>思い出します<rt>おもいだします</rt></ruby>。,<ol><li>昔（むかし）：名词，指以前、过去。</li><li>の：连接词，修饰后面的事物，表示所属或内容。</li><li>こと：名词，事情、事物。</li><li>を：宾语助词，表示动作的对象。</li><li>思い出します（おもいだします）：动词，表示“想起来、回忆”，是「思い出す」的ます形，常用于正式场合。</li><li>本句使用「思い出します」表达对过去事情的回忆和怀念。</li></ol>,[sound:jlpt_vocabulary_in_sentence_思い出す.mp3]
踊る,跳舞,子供たちが元気よく踊る。,孩子们精神十足地跳舞。,<ruby>子供たち<rt>こどもたち</rt></ruby>が<ruby>元気よく<rt>げんきよく</rt></ruby><ruby>踊る<rt>おどる</rt></ruby>。,<ol><li>子供たち（こどもたち）：名词，孩子们。「〜たち」用来表示复数。</li><li>が：助词，表示主语。</li><li>元気よく（げんきよく）：副词，意思是精神十足地，有活力地。由名词「元気」变成副词形式。</li><li>踊る（おどる）：动词，意为跳舞，本句为动词基本形，说明现在或习惯性动作。</li><li>文化背景：「踊る」常用于传统节日（如盆踊り）或表演场景，表达跳舞这一行为。</li></ol>,[sound:jlpt_vocabulary_in_sentence_踊る.mp3]
細かい,细致,彼は細かい作業が得意です。,他擅长细致的工作。,<ruby>彼は<rt>かれは</rt></ruby><ruby>細かい<rt>こまかい</rt></ruby><ruby>作業<rt>さぎょう</rt></ruby><ruby>が<rt>が</rt></ruby><ruby>得意<rt>とくい</rt></ruby><ruby>です。<rt>です。</rt></ruby>,<ol><li>彼（かれ）：他，第三人称男性代词。</li><li>細かい（こまかい）：形容词，表示细致、细小，也可以形容性格谨慎周密。</li><li>作業（さぎょう）：工作、作业。</li><li>が：主语助词，强调“细致的工作”。</li><li>得意（とくい）：擅长，拿手。</li><li>です：礼貌句尾，表示肯定。</li><li>整体语法结构：“Aが得意です”＝“擅长A”，是常用表达，适合描述人的特长。</li></ol>,[sound:jlpt_vocabulary_in_sentence_細かい.mp3]
塗る,涂抹,壁にペンキを塗るのが楽しいです。,在墙上刷油漆很有趣。,<ruby>壁<rt>かべ</rt></ruby>にペンキを<ruby>塗る<rt>ぬる</rt></ruby>のが<ruby>楽しい<rt>たのしい</rt></ruby>です。,<ol><li>壁（かべ）：墙壁。</li><li>に：表示动作的目标、地点。</li><li>ペンキ：油漆。</li><li>を：宾语助词，标记动作的对象。</li><li>塗る（ぬる）：涂抹、上色。</li><li>のが：动词变成名词结构（简体动词＋のが），表示某事是……。</li><li>楽しい（たのしい）：愉快的、高兴的。</li><li>です：敬语终结助词。</li><li>本句中的「塗る」是他动词，表示把某物涂在其他东西表面。</li></ol>,[sound:jlpt_vocabulary_in_sentence_塗る.mp3]
ご主人,丈夫，主人,ご主人は今出かけています。,您的丈夫现在出门了。,<ruby>ご主人<rt>ごしゅじん</rt></ruby>は<ruby>今<rt>いま</rt></ruby><ruby>出かけて<rt>でかけて</rt></ruby><ruby>います<rt>います</rt></ruby>。,<ol><li>ご主人（ごしゅじん）：表示“（别人的）丈夫”或“主人”，带有敬语“ご”，用于称呼对方的丈夫时，表示尊敬。</li><li>は：主题助词，表示主语或主话题。</li><li>今（いま）：现在。</li><li>出かけています（でかけています）：为动词“出かける”（外出）的ている形，表示动作正在进行，即“正在外出/在外”。</li><li>句子结构为“主语+は+正在进行的动作”，表达“主语正在某动作中”。</li><li>文化说明：日语中称呼别人的丈夫用“ご主人”，对自己丈夫多用“主人”或“夫”。</li></ol>,[sound:jlpt_vocabulary_in_sentence_ご主人.mp3]
珍しい,稀有的,これは珍しい花ですね。,这是一朵稀有的花呢。,<ruby>これは<rt>これは</rt></ruby><ruby>珍しい<rt>めずらしい</rt></ruby><ruby>花<rt>はな</rt></ruby><ruby>です<rt>です</rt></ruby><ruby>ね。<rt>ね。</rt></ruby>,<ol><li>これは：これは（这是），指示代词「これ」（これ，表示“这”）+ 助词「は」（は，提示话题）。</li><li>珍しい：形容词，意为“稀有的、少见的”。用于修饰后面的名词。</li><li>花（はな）：名词，花。</li><li>です：敬体句末表达，被用来使句子更加礼貌。</li><li>ね：语气助词，用于表达确认或感叹，含“呢”的语气。</li><li>语序：日语中属性修饰通常放在名词前，即“珍しい花”=“稀有的花”。</li></ol>,[sound:jlpt_vocabulary_in_sentence_珍しい.mp3]
用,使用,このはさみを用いて紙を切ります。,用这把剪刀剪纸。,<ruby>この<rt>この</rt></ruby><ruby>はさみ<rt>はさみ</rt></ruby><ruby>を<rt>を</rt></ruby><ruby>用いて<rt>もちいて</rt></ruby><ruby>紙<rt>かみ</rt></ruby><ruby>を<rt>を</rt></ruby><ruby>切ります<rt>きります</rt></ruby>。,<ol><li>この：连体词，表示“这个”。</li><li>はさみ：名词，意思是“剪刀”。</li><li>を：格助词，表示动作对象，这里是“剪刀”和“纸”。</li><li>用いて（もちいて）：动词「用いる」的て形，意思是“使用、利用”。</li><li>紙（かみ）：名词，“纸”。</li><li>切ります：动词「切る」的ます形，意思是“剪、切”。</li><li>语法：「〜を用いて」表示“使用……”的意思，用于说明借助某种工具或手段进行动作。</li></ol>,[sound:jlpt_vocabulary_in_sentence_用.mp3]
公務員,公务员,彼は公務員として働いています。,他作为公务员在工作。,<ruby>彼<rt>かれ</rt></ruby>は<ruby>公務員<rt>こうむいん</rt></ruby>として<ruby>働いて<rt>はたらいて</rt></ruby><ruby>います<rt>います</rt></ruby>。,<ol><li>彼（かれ）：他；は：主题助词。</li><li>公務員（こうむいん）：公务员，指国家或地方政府的工作人员。</li><li>として：表示作为某种身份或立场。</li><li>働いています：动词「働く」（工作）的ている形式，表示正在进行或状态持续。</li><li>本句结构为「AはBとしてCしています」，“A作为B正在做C”。日本公职体系中「公務員」属于安定职业，考试难度较高，社会地位较高。</li></ol>,[sound:jlpt_vocabulary_in_sentence_公務員.mp3]
お嬢さん,小姐，姑娘,お嬢さんは学校へ行きます。,小姐去学校。,<ruby>お嬢さん<rt>おじょうさん</rt></ruby><ruby>は<rt>は</rt></ruby><ruby>学校<rt>がっこう</rt></ruby><ruby>へ<rt>へ</rt></ruby><ruby>行きます<rt>いきます</rt></ruby>。,<ol><li>お嬢さん（おじょうさん）：含有敬意的表达，指别人家的女儿、小姐，常用于礼貌场合，不用于称呼自己家的女儿。</li><li>学校（がっこう）：学校。</li><li>は：主题助词，提示主语。</li><li>へ：方向助词，表示去往某地时使用，读音为「え」。</li><li>行きます（いきます）：动词“行く”的礼貌形，表示去。</li><li>本句常用于请求、询问或说明他人行动的场合，礼貌且含尊重之意。例如向他人询问女儿动向时，可称「お嬢さん」。</li></ol>,[sound:jlpt_vocabulary_in_sentence_お嬢さん.mp3]
用意,用心、意图,彼の用意は周到だった。,他的准备很周全。,<ruby>彼<rt>かれ</rt></ruby>の<ruby>用意<rt>ようい</rt></ruby>は<ruby>周到<rt>しゅうとう</rt></ruby>だった。,<ol><li>彼（かれ）：他，指代男性第三人称。</li><li>の：表示所属关系的助词。</li><li>用意（ようい）：准备、预备、需事先安排的事项。</li><li>は：提示助词，强调主语。</li><li>周到（しゅうとう）：周到、细心。</li><li>だった：是“だ”的过去式，表示状态的过去。</li><li>语法知识：AはBだった，表示“Ａ是Ｂ（过去）”。</li></ol>,[sound:jlpt_vocabulary_in_sentence_用意.mp3]
探す,寻找,私は新しい仕事を探しています。,我正在找新的工作。,<ruby>私<rt>わたし</rt></ruby>は<ruby>新しい<rt>あたらしい</rt></ruby><ruby>仕事<rt>しごと</rt></ruby>を<ruby>探しています<rt>さがしています</rt></ruby>。,<ol><li>私（わたし）：第一人称，意为“我”。</li><li>新しい（あたらしい）：形容词，意思是“新的”。</li><li>仕事（しごと）：名词，意思是“工作”。</li><li>を：助词，表示动作的对象。</li><li>探しています（さがしています）：“探す”的ている形式，表示正在进行的动作，意为“正在寻找”。这里用「～ています」表达持续或动作正在进行。</li><li>日语的「探す」多用于找人、物、机会等实际或抽象事物。</li></ol>,[sound:jlpt_vocabulary_in_sentence_探す.mp3]
形,形状,この形は丸いです。,这个形状是圆的。,<ruby>この<rt>この</rt></ruby><ruby>形<rt>かたち</rt></ruby><ruby>は<rt>は</rt></ruby><ruby>丸い<rt>まるい</rt></ruby><ruby>です<rt>です</rt></ruby>。,<ol><li>この：指示词，意为“这个”。</li><li>形(かたち)：名词，意为“形状、外形”。</li><li>は：助词，提示主语。</li><li>丸い(まるい)：形容词，意为“圆的”。</li><li>です：敬体助动词，表示礼貌。</li><li>句型“名词 は 形容词 です”用于表达某物的性质或状态。</li></ol>,[sound:jlpt_vocabulary_in_sentence_形.mp3]
運転,驾驶,父は車を運転しています。,爸爸正在开车。,<ruby>父<rt>ちち</rt></ruby>は<ruby>車<rt>くるま</rt></ruby>を<ruby>運転<rt>うんてん</rt></ruby><ruby>しています<rt>しています</rt></ruby>。,<ol><li>父（ちち）：父亲，常用于称呼自己的父亲。</li><li>車（くるま）：汽车、车辆。</li><li>を：宾格助词，标记动作的对象。</li><li>運転（うんてん）：名词，意为“驾驶”。此处用作动词时常接“する”。</li><li>しています：表示动作正在进行。“して”是“する”的て形，“います”表示持续状态。</li><li>句子结构：主语は+宾语を+动词，表述某人正在进行某事。</li></ol>,[sound:jlpt_vocabulary_in_sentence_運転.mp3]
すっかり,完全,彼はすっかり元気になりました。,他完全恢复了精神。,<ruby>彼<rt>かれ</rt></ruby>はすっかり<ruby>元気<rt>げんき</rt></ruby>に<ruby>なりました<rt>なりました</rt></ruby>。,<ol><li>すっかり：副词，表示「完全地」「彻底地」。常用于状态或事情发生根本性的变化。</li><li>元気（げんき）：名词，意为「精神」「健康」。</li><li>なりました：是「なる」的过去式，表示「变成了」「成为了」。此处分为「元気になる」为固定表达「变健康、恢复精神」。<br>整个句子结构为「AはすっかりBになりました」，即：A完全变成了B。</li></ol>,[sound:jlpt_vocabulary_in_sentence_すっかり.mp3]
アナウンサー,播音员,彼女は有名なアナウンサーです。,她是一位有名的播音员。,<ruby>彼女<rt>かのじょ</rt></ruby>は<ruby>有名<rt>ゆうめい</rt></ruby>なアナウンサーです。,<ol><li>彼女（かのじょ）：名词，意思是“她”。</li><li>は：助词，表示主语，读作“わ”。</li><li>有名（ゆうめい）：形容动词，意思是“有名的”。</li><li>な：形容动词与名词连接时用的。</li><li>アナウンサー：名词，指“播音员、主持人”，多用于电视、广播的新闻播报道员。</li><li>です：礼貌形句末助动词，表判断，相当于“是”。</li><li>本句语法结构为[主语+は+属性/身份+です]，表达某人的职业、身份、属性。</li></ol>,[sound:jlpt_vocabulary_in_sentence_アナウンサー.mp3]
お土産,特产,旅行でお土産を買いました。,旅行时买了特产。,<ruby>旅行<rt>りょこう</rt></ruby><ruby>で<rt>で</rt></ruby><ruby>お土産<rt>おみやげ</rt></ruby><ruby>を<rt>を</rt></ruby><ruby>買いました<rt>かいました</rt></ruby>。,"<ol><li>お土産（おみやげ）：指送给他人的礼物、特产，通常为旅行途中带回去的本地特产或纪念品。</li><li>旅行（りょこう）：指旅游、旅行。</li><li>で：表示动作发生的场所，这里是指""在旅行中（时）""。</li><li>を：宾格助词，提示动作的对象，这里是""お土産""。</li><li>買いました：动词""買う（买）""的过去式敬体，用于表示已经完成的动作，表达礼貌。</li><li>日语中，人们旅行时常会给家人、同事带回地方土产（お土産），是一种重视人际关系与礼仪的文化习惯。</li></ol>",[sound:jlpt_vocabulary_in_sentence_お土産.mp3]
消しゴム,橡皮擦,机の上に消しゴムがあります。,桌子上有一块橡皮擦。,<ruby>机<rt>つくえ</rt></ruby>の<ruby>上<rt>うえ</rt></ruby>に<ruby>消しゴム<rt>けしごむ</rt></ruby>があります。,<ol><li>机（つくえ）：桌子。</li><li>上（うえ）：上面。“机の上”意为“桌子上”。</li><li>に：表示存在地点，译为“在……”。</li><li>消しゴム（けしごむ）：橡皮擦。</li><li>が：标示主语，说明句子的主题。</li><li>あります：表示物品存在，通常用于无生命物体，基本形为“ある”。</li><li>语法结构：“场所 + に + 物 + が + あります”表示某地有某物，是日语表达存在的常用句型。</li></ol>,[sound:jlpt_vocabulary_in_sentence_消しゴム.mp3]
旅館,旅馆,京都の旅館に泊まりました。,我住在了京都的旅馆。,<ruby>京都<rt>きょうと</rt></ruby>の<ruby>旅館<rt>りょかん</rt></ruby>に<ruby>泊まりました<rt>とまりました</rt></ruby>。,<ol><li>京都（きょうと）：日本著名的历史古都。</li><li>旅館（りょかん）：日本风格的传统旅馆，以榻榻米、浴池和日式服务为特色。</li><li>に：表示动作的目的地（助词），表方向。</li><li>泊まりました：动词「泊まる」（住宿）的ます形过去式，表示已经住宿。</li><li>句子结构：『Aに泊まりました』——表达“在A住下（过夜）”。</li></ol>,[sound:jlpt_vocabulary_in_sentence_旅館.mp3]
海岸,海岸,子供たちは海岸で貝を拾った。,孩子们在海岸捡了贝壳。,<ruby>子供たち<rt>こどもたち</rt></ruby>は<ruby>海岸<rt>かいがん</rt></ruby>で<ruby>貝<rt>かい</rt></ruby>を<ruby>拾った<rt>ひろった</rt></ruby>。,<ol><li>子供たち（こどもたち）：孩子们，「たち」表示复数。</li><li>海岸（かいがん）：海岸，海边。</li><li>で：表示动作发生的场所，相当于“在……”。</li><li>貝（かい）：贝壳。</li><li>を：宾语助词，表示动作涉及的对象。</li><li>拾った（ひろった）：动词「拾う」（ひろう，捡）过去式，表示“捡了”。</li><li>句中语法结构为“主语は+场所で+宾语を+动词”，为常见的日语基本句型。</li></ol>,[sound:jlpt_vocabulary_in_sentence_海岸.mp3]
寂しい,寂寞,一人でいると寂しいです。,一个人待着很寂寞。,<ruby>一人で<rt>ひとりで</rt></ruby><ruby>いると<rt>いると</rt></ruby><ruby>寂しい<rt>さびしい</rt></ruby><ruby>です。<rt>です。</rt></ruby>,<ol><li>一人で：表示“一个人地”，「一人（ひとり）」是“一个人”，“で”表示手段或状态。</li><li>いると：动词いる（表示人或动物存在）连接助词“と”构成条件，相当于“……的时候”。</li><li>寂しい（さびしい）：形容词，“寂寞、孤单”。</li><li>です：用于句尾敬体表达，使语气委婉。</li></ol>,[sound:jlpt_vocabulary_in_sentence_寂しい.mp3]
火,火，火焰,キャンプファイヤーの火が明るい。,篝火的火很明亮。,<ruby>キャンプファイヤー<rt>きゃんぷふぁいやー</rt></ruby><ruby>の<rt>の</rt></ruby><ruby>火<rt>ひ</rt></ruby><ruby>が<rt>が</rt></ruby><ruby>明るい<rt>あかるい</rt></ruby>。,<ol><li>キャンプファイヤー：外来语，意为露营篝火（キャンプ：露营，ファイヤー：fire）。</li><li>の：表示前后两名词之间的所属或修饰关系。</li><li>火（ひ）：指火焰，本句为名词。</li><li>が：表示主语，强调“火”。</li><li>明るい（あかるい）：形容词，意思是明亮，用于形容火光的性质。</li><li>全句结构为“名词の名词が形容词”，表达“……的……很……”的语法。</li></ol>,[sound:jlpt_vocabulary_in_sentence_火.mp3]
育てる,培养,先生は花を育てるのが好きです。,老师喜欢种花。,<ruby>先生<rt>せんせい</rt></ruby>は<ruby>花<rt>はな</rt></ruby>を<ruby>育てる<rt>そだてる</rt></ruby>のが<ruby>好き<rt>すき</rt></ruby>です。,<ol><li>先生（せんせい）：老师。</li><li>花（はな）：花。</li><li>育てる（そだてる）：培养、种植、抚养。这里指种花。</li><li>「〜のが好き」：表示喜欢做某事，这里“の”把动词育てる名词化，整体表示“喜欢种花”。</li><li>助词「は」表示主题，「を」表示动作对象，「が」作喜欢的主语标记，「です」是礼貌句尾。</li></ol>,[sound:jlpt_vocabulary_in_sentence_育てる.mp3]
味噌,味增酱,味噌汁は日本の伝統的な料理です。,味增汤是日本的传统料理。,<ruby>味噌汁<rt>みそしる</rt></ruby>は<ruby>日本<rt>にほん</rt></ruby>の<ruby>伝統的<rt>でんとうてき</rt></ruby>な<ruby>料理<rt>りょうり</rt></ruby>です。,<ol><li>味噌（みそ）：用大豆等原料发酵制成的酱，是日本料理的常见调味料。</li><li>汁（しる）：在这里指汤品，“味噌汁（みそしる）”即味增汤，是用味噌调味的汤。</li><li>は：提示主语的助词。</li><li>日本（にほん）：国家名，指日本。</li><li>の：表示所属或修饰。</li><li>伝統的（でんとうてき）：形容词，表示“传统的”。</li><li>な：形容动词“伝統的”接名词的连接词。</li><li>料理（りょうり）：料理、菜肴。</li><li>です：礼貌句末助动词，表示判断语气。</li><li>在日本，味噌汁是每天餐桌上常见的一道汤，是日本饮食文化的重要组成部分。</li></ol>,[sound:jlpt_vocabulary_in_sentence_味噌.mp3]
お祝い,庆祝,友達の誕生日にお祝いをしました。,在朋友生日时我进行了庆祝。,<ruby>友達<rt>ともだち</rt></ruby>の<ruby>誕生日<rt>たんじょうび</rt></ruby>に<ruby>お祝い<rt>おいわい</rt></ruby>を<ruby>しました<rt>しました</rt></ruby>。,<ol><li>お祝い（おいわい）：表示祝贺、庆祝、贺礼，前缀「お」用于表示礼貌或尊敬。「祝い」来源于动词「祝う（いわう）」的名词形。</li><li>友達（ともだち）：朋友。「の」是日语的表示所属关系的助词，连接「友達」与「誕生日」，意思是“朋友的”。</li><li>誕生日（たんじょうび）：生日。「に」是时间助词，表示某个时间点。</li><li>お祝いをしました：动词「する」的过去式，表示“做了某事”。整个句子意思是“为朋友的生日进行了庆祝”。</li><li>语法：日语「に」用来标明动作发生的时间点；「お祝いをする」是常用表达，描述庆祝、祝贺的行为。</li></ol>,[sound:jlpt_vocabulary_in_sentence_お祝い.mp3]
乗り物,交通工具,駅には多くの乗り物があります。,车站有许多交通工具。,<ruby>駅<rt>えき</rt></ruby>には<ruby>多く<rt>おおく</rt></ruby>の<ruby>乗り物<rt>のりもの</rt></ruby>が<ruby>あります<rt>あります</rt></ruby>。,<ol><li>駅（えき）：名词，指车站。</li><li>には：助词组合，「に」表示地点，「は」作主题提示。</li><li>多く（おおく）：形容动词，表示数量多。</li><li>の：连接名词，修饰后面的词。</li><li>乗り物（のりもの）：名词，指交通工具，如电车、汽车、自行车等。</li><li>があります：「ある」的礼貌形，表示（无生命物品）存在。</li><li>语法点：该句是典型的「场所には——があります」结构，表达“某场所有……”的意思。</li></ol>,[sound:jlpt_vocabulary_in_sentence_乗り物.mp3]
案内,引导；指南,駅で案内を頼みました。,我在车站请求了引导。,<ruby>駅<rt>えき</rt></ruby>で<ruby>案内<rt>あんない</rt></ruby>を<ruby>頼みました<rt>たのみました</rt></ruby>。,<ol><li>案内（あんない）：名词，意思为“引导、向导、介绍、指南”等。常用作动词形式“案内する”，意为“带路、引导”。</li><li>駅（えき）：名词，车站。</li><li>で：助词，表示动作的场所（这句话是在“车站”进行动作）。</li><li>頼みました（たのみました）：动词“頼む”（请求、拜托）的过去式敬体形式。这里表示“请求了”。</li><li>“～を頼みました”结构，表示请求对方做某事，如“案内を頼みました”即“请求引导”。</li></ol>,[sound:jlpt_vocabulary_in_sentence_案内.mp3]
通う,通勤，上学,私は毎日会社に通っています。,我每天都上班。,<ruby>私<rt>わたし</rt></ruby>は<ruby>毎日<rt>まいにち</rt></ruby><ruby>会社<rt>かいしゃ</rt></ruby>に<ruby>通っています<rt>かよっています</rt></ruby>。,<ol><li>私（わたし）：第一人称「我」。</li><li>は：主格助词，表示主题。</li><li>毎日（まいにち）：副词，意思是“每天”。</li><li>会社（かいしゃ）：名词，“公司”，这里为去的地方。</li><li>に：表示动作的目的地或归属方向。</li><li>通っています（かよっています）：动词「通う」（かよう）的ている形，表示动作的进行或习惯，作“正在上班/上学/通勤”等讲。</li><li>语法：「動詞ている」用法常表示当前状态、反复习惯或正在进行中的动作。</li></ol>,[sound:jlpt_vocabulary_in_sentence_通う.mp3]
連れる,带领,私は弟を連れて公園へ行きました。,我带着弟弟去了公园。,<ruby>私<rt>わたし</rt></ruby>は<ruby>弟<rt>おとうと</rt></ruby>を<ruby>連れて<rt>つれて</rt></ruby><ruby>公園<rt>こうえん</rt></ruby>へ<ruby>行きました<rt>いきました</rt></ruby>。,<ol><li>連れる（つれる）：动词，意思是“带领、带着某人一起去”。常用结构有「Aを連れてBへ行く」，表示带着A去B。</li><li>句子结构：私は（主语）弟を（宾语）連れて（带着弟弟）公園へ（去公园方向）行きました（过去式“去过”）。「へ」为方向助词。</li></ol>,[sound:jlpt_vocabulary_in_sentence_連れる.mp3]
技術,技术,彼は新しい技術を学んでいる。,他正在学习新技术。,<ruby>彼<rt>かれ</rt></ruby>は<ruby>新しい<rt>あたらしい</rt></ruby><ruby>技術<rt>ぎじゅつ</rt></ruby>を<ruby>学んでいる<rt>まなんでいる</rt></ruby>。,<ol><li>彼（かれ）：第三人称代词，意思是“他”。</li><li>新しい（あたらしい）：形容词，表示“新的”。</li><li>技術（ぎじゅつ）：名词，意思是“技术”。</li><li>を：助词，标记动作的宾语。</li><li>学んでいる（まなんでいる）：动词“学ぶ（まなぶ）”的ている形，表示正在进行的动作，即“正在学习”。</li><li>语法：「ている」用来表达动作正在进行或某状态的持续。</li></ol>,[sound:jlpt_vocabulary_in_sentence_技術.mp3]
小鳥,小鸟,小鳥が朝に歌っています。,小鸟在早晨歌唱。,<ruby>小鳥<rt>ことり</rt></ruby>が<ruby>朝<rt>あさ</rt></ruby>に<ruby>歌っています<rt>うたっています</rt></ruby>。,<ol><li>小鳥（ことり）：意为“小鸟”，由“小（こ）”表示“小”，和“鳥（とり）”表示“鸟”构成。</li><li>「が」：主格助词，标明主语。</li><li>朝（あさ）：表示“早晨”。</li><li>「に」：时间助词，表示动作发生的时间点。</li><li>歌っています（うたっています）：是「歌う（うたう）」的ている形式（表示正在进行的动作），用于表达“正在歌唱”。</li><li>日语用「ている」表达正在进行或习惯性动作；句子整体结构为“主語が 時間に 動詞ている”。</li></ol>,[sound:jlpt_vocabulary_in_sentence_小鳥.mp3]
下宿,寄宿，租房,私は大学の近くで下宿しています。,我在大学附近寄宿。,<ruby>私<rt>わたし</rt></ruby>は<ruby>大学<rt>だいがく</rt></ruby>の<ruby>近く<rt>ちかく</rt></ruby>で<ruby>下宿<rt>げしゅく</rt></ruby><ruby>しています<rt>しています</rt></ruby>。,<ol><li>下宿（げしゅく）：指的是在外租房或寄宿，通常用于学生等在学校附近租房居住的情况。</li><li>しています：是「する」的「ている」形式，表示动作正在进行中，即“正在做……”。这里表示“现在正在寄宿”。</li><li>「で」：表示地点助词，指动作发生的场所。“在大学附近”——动作发生的地点。“大学の近くで”。</li></ol>,[sound:jlpt_vocabulary_in_sentence_下宿.mp3]
ジャム,果酱,パンにジャムをぬります。,在面包上抹果酱。,パンにジャムを<ruby>ぬります<rt>ぬります</rt></ruby>。,<ol><li>パン：面包。</li><li>に：表示动作的目标或场所助词，在这里表示“在……上”。</li><li>ジャム：果酱（外来语，jam）。</li><li>を：宾语助词，表示动作的对象。</li><li>ぬります：动词“塗る（ぬる）”的ます形，意为“涂、抹”。</li><li>句型“名词に名词をぬります。”：表示“在……上抹……”的意思。</li><li>生活中日本人常吃涂有果酱的面包当早餐。</li></ol>,[sound:jlpt_vocabulary_in_sentence_ジャム.mp3]
招待,招待，款待,友達を家に招待しました。,我邀请了朋友来家里。,<ruby>友達<rt>ともだち</rt></ruby>を<ruby>家<rt>いえ</rt></ruby>に<ruby>招待しました<rt>しょうたいしました</rt></ruby>。,<ol><li>友達（ともだち）：朋友。</li><li>を：助词，标记动作的对象。</li><li>家（いえ）：家，家庭。</li><li>に：助词，表示动作的目的地或方向。</li><li>招待しました（しょうたいしました）：「招待する」的过去式，表示已邀请。する变为ました属于敬体表达。</li><li>语法：「〜を〜に招待する」表示“邀请某人到某地”。</li></ol>,[sound:jlpt_vocabulary_in_sentence_招待.mp3]
鏡,镜子,鏡は壁にかけてあります。,镜子挂在墙上。,<ruby>鏡<rt>かがみ</rt></ruby><ruby>は<rt>は</rt></ruby><ruby>壁<rt>かべ</rt></ruby><ruby>に<rt>に</rt></ruby><ruby>かけて<rt>かけて</rt></ruby><ruby>あります<rt>あります</rt></ruby>。,<ol><li>鏡（かがみ）：镜子。</li><li>は：提示主题的助词。</li><li>壁（かべ）：墙。</li><li>に：表示动作的结果或存在的地点，译为“在……”。</li><li>かけてあります：「～てあります」表示某物由人为动作而处于某种状态，常用于物体被放置、挂起等情景。</li><li>这是表达物品被挂在某地的典型句式。</li></ol>,[sound:jlpt_vocabulary_in_sentence_鏡.mp3]
はず,应该,彼はもう帰ったはずです。,他应该已经回去了。,<ruby>彼<rt>かれ</rt></ruby>はもう<ruby>帰った<rt>かえった</rt></ruby>はずです。,<ol><li>彼（かれ）：他。</li><li>は：主题助词，表明主语。</li><li>もう：已经。</li><li>帰った（かえった）：动词「帰る」（回去）的过去式。</li><li>はず：表示说话人根据已知信息推测某事很有把握应该是这样，常译为“应该”。</li><li>です：敬语结尾。</li><li>用法：“动词た形＋はず”表示对已发生或假定发生的事情有较高把握的推断。</li></ol>,[sound:jlpt_vocabulary_in_sentence_はず.mp3]
法律,法律,日本には厳しい法律があります。,日本有严格的法律。,<ruby>日本<rt>にほん</rt></ruby><ruby>には<rt>には</rt></ruby><ruby>厳しい<rt>きびしい</rt></ruby><ruby>法律<rt>ほうりつ</rt></ruby><ruby>が<rt>が</rt></ruby><ruby>あります<rt>あります</rt></ruby>。,<ol><li>日本（にほん）：日本国。</li><li>には：表示“在……中”或“对于……”的意思，是助词“に”加强调助词“は”。</li><li>厳しい（きびしい）：形容词，意为“严格的、严厉的”。</li><li>法律（ほうりつ）：名词，意为“法律”。</li><li>があります：表达存在，前接无生命的事物，表示物品或无生命名词存在。</li><li>本句型“～には～があります”常用于介绍某地存在某物。</li></ol>,[sound:jlpt_vocabulary_in_sentence_法律.mp3]
進む,前进,列車はゆっくりと進む。,列车慢慢地前进。,<ruby>列車<rt>れっしゃ</rt></ruby><ruby>は<rt>は</rt></ruby><ruby>ゆっくりと<rt>ゆっくりと</rt></ruby><ruby>進む<rt>すすむ</rt></ruby>。,<ol><li>列車（れっしゃ）：列车、火车。</li><li>は：主题助词，用于提示句子的主题。</li><li>ゆっくりと：副词，表示“慢慢地、缓慢地”。</li><li>進む（すすむ）：动词，表示“前进、进行”。可以指物体移动、事情的发展等。</li><li>日语中副词加上“と”后，多用于修饰动词表示动作方式。</li></ol>,[sound:jlpt_vocabulary_in_sentence_進む.mp3]
楽む,享受、乐趣,友達とピクニックを楽む。,和朋友一起享受野餐。,<ruby>友達<rt>ともだち</rt></ruby>とピクニックを<ruby>楽む<rt>たのしむ</rt></ruby>。,<ol><li>友達（ともだち）：朋友。</li><li>ピクニック：外来语，意为“野餐”。</li><li>を：宾格助词，表示动作的对象。</li><li>楽む（たのしむ）：动词，意思是享受、快乐，是「楽しむ」的误写，实际应为「楽しむ」。</li><li>和“……を楽しむ”表达“享受……”的意思，例如「音楽を楽しむ」指“享受音乐”。</li></ol>,[sound:jlpt_vocabulary_in_sentence_楽む.mp3]
貿易,贸易,日本は多くの国と貿易をしています。,日本与许多国家进行贸易。,<ruby>日本<rt>にほん</rt></ruby>は<ruby>多く<rt>おおく</rt></ruby>の<ruby>国<rt>くに</rt></ruby>と<ruby>貿易<rt>ぼうえき</rt></ruby>を<ruby>しています<rt>しています</rt></ruby>。,<ol><li>日本（にほん）：日本国，是国家名。</li><li>多く（おおく）：表示数量多。</li><li>の：连接名词，表示所属关系，这里是“多くの国”（许多国家）。</li><li>国（くに）：国家。</li><li>と：助词，表示与……一起（和）。</li><li>貿易（ぼうえき）：贸易。</li><li>を：宾格助词，标记动作的对象，即进行的对象为“贸易”。</li><li>しています：动词“する”的て形加“います”，表示动作的进行中或习惯性动作。“貿易をしています”表示正在做、一直进行贸易。</li><li>句型“〜は〜と〜をしています”用于表述定期进行的动作。</li></ol>,[sound:jlpt_vocabulary_in_sentence_貿易.mp3]
反対,反对,私はその意見に反対します。,我反对那个意见。,<ruby>私<rt>わたし</rt></ruby>はその<ruby>意見<rt>いけん</rt></ruby>に<ruby>反対<rt>はんたい</rt></ruby>します。,<ol><li>私（わたし）：第一人称，表示“我”。</li><li>その：指示词，表示“那个”。</li><li>意見（いけん）：名词，意思是“意见”。</li><li>に：助词，表对象，对哪个事物表示立场或态度。</li><li>反対（はんたい）：名词，表示“反对”。这里可作动词，后接“します”构成动词“反对”。</li><li>します：动词“する”的敬体形式，这里表示“做”，和名词“反対”组合成“反对”。</li><li>助词“は”是主题标记。</li><li>日语表示立场时常用“（事物）に反対します”，要注意对象用“に”而不是“を”。</li></ol>,[sound:jlpt_vocabulary_in_sentence_反対.mp3]
おる,在，居住,私は大阪におる。,我在大阪。,<ruby>私<rt>わたし</rt></ruby>は<ruby>大阪<rt>おおさか</rt></ruby>に<ruby>おる<rt>おる</rt></ruby>。,<ol><li>おる：为「いる」的礼貌、谦逊或方言形式，表示“在、居住（于）”，常用于关西等地口语。</li><li>「私は」：用作主语，表示“我”。「大阪に」：助词「に」表存在地点。</li><li>句型「～におる」：表达人在某地的存在。</li><li>文化点：「おる」在关西地区常见，日常生活中较为口语化，正式场合多用「いる」。</li></ol>,[sound:jlpt_vocabulary_in_sentence_おる.mp3]
申す,说，讲（自谦）,私は田中と申します。,我叫田中（自谦）。,<ruby>私<rt>わたし</rt></ruby>は<ruby>田中<rt>たなか</rt></ruby>と<ruby>申します<rt>もうします</rt></ruby>。,<ol><li>「申す」（もうす）：动词，是「言う」（いう，说）的自谦语，用于降低自己的身份，表达谦虚。</li><li>「私は田中と申します。」：用于自我介绍时表达“我叫田中”，比「名前は田中です」更加礼貌正式，常用于商务或正式场合。</li><li>「と」是引用助词，在此处连接姓名和动词，表示“以......为名”。</li></ol>,[sound:jlpt_vocabulary_in_sentence_申す.mp3]
試験,考试,明日 試験 が あります。,明天有考试。,<ruby>明日<rt>あした</rt></ruby> <ruby>試験<rt>しけん</rt></ruby> が <ruby>あります<rt>あります</rt></ruby>。,<ol><li>明日（あした）：表示“明天”，是时间名词。</li><li>試験（しけん）：考试、测验。</li><li>が：格助词，指明主语。</li><li>あります：动词“ある”的礼貌体，表示（无生命物体）“有”。句型“〜が あります”用于表示事物或活动的存在。</li><li>整个句子的句型为：时间+主语（が）+动词，表达“何时有什么”。</li></ol>,[sound:jlpt_vocabulary_in_sentence_試験.mp3]
真面目,真面目，本来面貌,彼の真面目はまだ誰にも知られていない。,他的真面目还没有被任何人知晓。,<ruby>彼<rt>かれ</rt></ruby>の<ruby>真面目<rt>しんめんもく</rt></ruby>はまだ<ruby>誰<rt>だれ</rt></ruby>にも<ruby>知られていない<rt>しられていない</rt></ruby>。,<ol><li>彼（かれ）：他，指某个男性。</li><li>真面目（しんめんもく）：本来面貌、真实面孔，常用于揭露一个人的真实性格或本质。</li><li>まだ：还，仍旧表示动作或状态尚未发生。</li><li>誰にも：任何人也……，「誰にも」与否定句结合，构成“无人……”的意思。</li><li>知られていない：「知られる」是「知る」的被动态，表示“被知道”，「〜ていない」表示某事尚未发生或并未完成，合起来即“还没有被知道”。</li><li>语法解析：「AはBに知られていない」表示“B还不知道A”，是常见被动表达。</li></ol>,[sound:jlpt_vocabulary_in_sentence_真面目.mp3]
ごらんになる,看、观看,先生が映画をごらんになりました。,老师看了电影。,<ruby>先生<rt>せんせい</rt></ruby>が<ruby>映画<rt>えいが</rt></ruby>を<ruby>ごらんになりました<rt>ごらんになりました</rt></ruby>。,<ol><li>先生（せんせい）：老师。</li><li>映画（えいが）：电影。</li><li>ごらんになる：是「見る」的尊敬语，用于尊称对方的动作，表示“看、观看”。</li><li>〜になりました：这里是「ごらんになる」的过去式，表达“看了”。</li><li>语序：日语中“が”标记主语，“を”标记宾语。</li><li>在日语中对长辈、上司使用尊敬语式表达，体现日本礼仪文化。</li></ol>,[sound:jlpt_vocabulary_in_sentence_ごらんになる.mp3]
店員,店员,店員に道を聞きました。,我向店员问了路。,<ruby>店員<rt>てんいん</rt></ruby>に<ruby>道<rt>みち</rt></ruby>を<ruby>聞きました<rt>ききました</rt></ruby>。,<ol><li>店員（てんいん）：店铺工作的人，即店员。</li><li>に：表示动作的对象，这里指“向店员”。</li><li>道（みち）：道路，路。</li><li>を：宾格助词，指明动作的直接宾语，本句指“路”。</li><li>聞きました（ききました）：动词“聞く”（问，询问）的过去式。</li><li>句式“〇〇に△△を聞く”用于表达“向某人询问某事”。</li></ol>,[sound:jlpt_vocabulary_in_sentence_店員.mp3]
泊まる,住宿,彼は友達の家に泊まった。,他住在了朋友家。,<ruby>彼は<rt>かれは</rt></ruby><ruby>友達の<rt>ともだちの</rt></ruby><ruby>家に<rt>いえに</rt></ruby><ruby>泊まった<rt>とまった</rt></ruby>。,<ol><li>彼（かれ）：他，指男性第三人称。</li><li>友達（ともだち）：朋友。</li><li>家（いえ）：家、住宅。</li><li>に：表示动作的目标地点的助词。</li><li>泊まる（とまる）：动词，表示“住宿、投宿”，这里用过去式「泊まった」，表示已发生的动作。</li><li>句型“〜に泊まる”表示“在某地住宿”。</li></ol>,[sound:jlpt_vocabulary_in_sentence_泊まる.mp3]
よろしい,可以、好的,食事の後でよろしいです。,吃饭以后可以。,<ruby>食事<rt>しょくじ</rt></ruby>の<ruby>後で<rt>あとで</rt></ruby><ruby>よろしい<rt>よろしい</rt></ruby><ruby>です<rt>です</rt></ruby>。,<ol><li>食事（しょくじ）：名词，表示“吃饭，餐食”。</li><li>の：连接名词和后续成分，表示所属、时间等。</li><li>後で（あとで）：副词，表示“之后、以后”。</li><li>よろしい：形容词「良い（よい）」的礼貌正式说法，意为“可以、好的”。多用于尊敬语或比较正式场合。</li><li>です：礼貌句尾词，表示尊敬和礼节。</li><li>语法点：“名词+の+後で”表示“～之后”；「よろしい」常用在询问或确认能否做某事时，比「いい」更正式、更有礼貌，常用于商务、服务等场合。</li></ol>,[sound:jlpt_vocabulary_in_sentence_よろしい.mp3]
今夜,今晚,今夜は星がきれいです。,今晚的星星很美。,<ruby>今夜<rt>こんや</rt></ruby>は<ruby>星<rt>ほし</rt></ruby>がきれいです。,<ol><li>今夜（こんや）：意思为“今晚”，用于表示说话当日的夜晚。</li><li>は：主题助词，标记主语。</li><li>星（ほし）：星星。</li><li>が：主格助词，连接主语与描述内容。</li><li>きれい：形容动词，表示“漂亮、好看”。</li><li>です：敬体结尾，表达礼貌。</li><li>日语表达中，“今夜”常用于谈论当天晚上将发生的事或气氛。</li></ol>,[sound:jlpt_vocabulary_in_sentence_今夜.mp3]
おつり,找零,店員がおつりを渡しました。,店员把找零递给了我。,<ruby>店員<rt>てんいん</rt></ruby>がおつりを<ruby>渡しました<rt>わたしました</rt></ruby>。,<ol><li>店員（てんいん）：意思是“店员”。</li><li>が：主格助词，标记主语“店员”。</li><li>おつり：找零，付钱后收到的零钱，注意“お”是表示礼貌的前缀。</li><li>を：宾格助词，标记宾语“找零”。</li><li>渡しました（わたしました）：动词“渡す”的过去式，意思是“递给了”。</li><li>语法说明：日语中动词过去式一般用“ました”结尾，用于表达动作已完成。</li><li>文化补充：在日本购物时，商家通常会非常礼貌地递交找零，一般会用双手递出。</li></ol>,[sound:jlpt_vocabulary_in_sentence_おつり.mp3]
チェックする,检查,先生が宿題をチェックする。,老师检查作业。,<ruby>先生<rt>せんせい</rt></ruby>が<ruby>宿題<rt>しゅくだい</rt></ruby>を<ruby>チェック<rt>ちぇっく</rt></ruby>する。,<ol><li>先生（せんせい）：老师。</li><li>が：主格助词，表示主语。</li><li>宿題（しゅくだい）：作业，家庭作业。</li><li>を：宾格助词，表示动作对象。</li><li>チェックする：「check」的外来语用法，加上「する」变成动词“检查、核对”。</li><li>本句为一般现在时态，表示习惯或经常性行为。</li></ol>,[sound:jlpt_vocabulary_in_sentence_チェックする.mp3]
会話,会话,日本語の会話を練習します。,我练习日语会话。,<ruby>日本語<rt>にほんご</rt></ruby><ruby>の<rt>の</rt></ruby><ruby>会話<rt>かいわ</rt></ruby><ruby>を<rt>を</rt></ruby><ruby>練習します<rt>れんしゅうします</rt></ruby>。,<ol><li>日本語（にほんご）：日语。</li><li>会話（かいわ）：会话、对话。此处为名词，指两人或多人进行语言交流的行为。</li><li>を：助词，标记宾语，在句中表示“会话”是动作“练习”的对象。</li><li>練習します（れんしゅうします）：动词“练习”的敬体形式，表示进行某种练习。</li><li>语序为“主语 + の + 目的语 + を + 动词”，体现日语中常见的宾语后置结构。</li></ol>,[sound:jlpt_vocabulary_in_sentence_会話.mp3]
空気,空气,山の空気はとても新鮮です。,山里的空气非常新鲜。,<ruby>山<rt>やま</rt></ruby>の<ruby>空気<rt>くうき</rt></ruby>はとても<ruby>新鮮<rt>しんせん</rt></ruby>です。,<ol><li>山（やま）：山、山脉。</li><li>空気（くうき）：空气。</li><li>は：提示主语的助词，表示主语“山の空気”。</li><li>とても：副词，非常、很，用于修饰形容词。</li><li>新鮮（しんせん）：形容动词，意思是新鲜；后接「です」表示礼貌语气。</li><li>本句型为“～は～です”，即“……是……”的基本叙述句。</li></ol>,[sound:jlpt_vocabulary_in_sentence_空気.mp3]
交通,交通,東京の交通はとても便利です。,东京的交通非常方便。,<ruby>東京<rt>とうきょう</rt></ruby>の<ruby>交通<rt>こうつう</rt></ruby>はとても<ruby>便利<rt>べんり</rt></ruby>です。,<ol><li>東京（とうきょう）：日本的首都“东京”。</li><li>の：表示所属或限定，连接名词，类似于中文的“的”。</li><li>交通（こうつう）：指交通、运输，包含交通设施与状况等含义。</li><li>は：提示助词，表示主题。</li><li>とても：副词，表示程度“非常”。</li><li>便利（べんり）：形容动词，表示“方便”。</li><li>です：礼貌句末助动词。</li><li>本句型为“～の～は〜です”，常用于描述某个领域的性质。</li></ol>,[sound:jlpt_vocabulary_in_sentence_交通.mp3]
ワープロ,文字处理器,ワープロで文書を作成します。,用文字处理器编辑文档。,<ruby>ワープロ<rt>わーぷろ</rt></ruby><ruby>で<rt>で</rt></ruby><ruby>文書<rt>ぶんしょ</rt></ruby><ruby>を<rt>を</rt></ruby><ruby>作成します<rt>さくせいします</rt></ruby>。,<ol><li>ワープロ：即“文字处理器（わーどぷろせっさー）”的缩略语，指可以用来打字、编辑、处理文档的机器或软件。</li><li>で：表示手段、工具，相当于“用……”。</li><li>文書（ぶんしょ）：意思是“文件、文档”。</li><li>を：宾语助词，表示动作的对象。</li><li>作成します（さくせいします）：“作成”是“制作、编辑”的意思，“します”为动词“する”的敬体，合起来表示“制作、编辑”。</li></ol>,[sound:jlpt_vocabulary_in_sentence_ワープロ.mp3]
喜ぶ,高兴,子供たちはプレゼントを喜ぶ。,孩子们为礼物感到高兴。,<ruby>子供たち<rt>こどもたち</rt></ruby>はプレゼントを<ruby>喜ぶ<rt>よろこぶ</rt></ruby>。,<ol><li>子供たち（こどもたち）：孩子们。「たち」是日语中名词的复数表达，表示“们”。</li><li>は：主题助词，提示句子的主题“孩子们”。</li><li>プレゼント：外来语，意为“礼物”。</li><li>を：宾语助词，说明前面的名词“プレゼント”为动作对象。</li><li>喜ぶ（よろこぶ）：动词，表示“高兴、喜悦”，这里用在基本形，表达一般状态。</li><li>日语句子结构通常为主语/话题+宾语+动词，动词常置于句末。</li></ol>,[sound:jlpt_vocabulary_in_sentence_喜ぶ.mp3]
急行,快车,急行電車は快速より停車駅が少ない。,急行列车比快速列车停靠的车站更少。,<ruby>急行電車<rt>きゅうこうでんしゃ</rt></ruby>は<ruby>快速<rt>かいそく</rt></ruby>より<ruby>停車駅<rt>ていしゃえき</rt></ruby>が<ruby>少ない<rt>すくない</rt></ruby>。,<ol><li>急行（きゅうこう）：意思是“快车”，指比普通列车速度快、停靠站点较少的列车类型。电車（でんしゃ）为“电车”，即电力驱动的列车，两者合起来指“急行列车”。</li><li>は：提示主题的助词，表示“……是……”的主语。</li><li>快速（かいそく）：也是一种列车类型，停靠站比急行多但比普通列车少。</li><li>より：表示比较，相当于汉语“比……”。</li><li>停車駅（ていしゃえき）：指列车停靠的车站。</li><li>が：主格助词，表示停車駅是少ない的主题。</li><li>少ない（すくない）：意思是“少”，形容词。</li><li>日本铁道系统中，列车按速度和停靠站多少分为：普通、快速、急行、特急等，急行一般比快速停的站更少，票价略高。</li></ol>,[sound:jlpt_vocabulary_in_sentence_急行.mp3]
皆,大家,皆が集まって話し合いました。,大家聚在一起进行了讨论。,<ruby>皆<rt>みな</rt></ruby><ruby>が<rt>が</rt></ruby><ruby>集まって<rt>あつまって</rt></ruby><ruby>話し合いました<rt>はなしあいました</rt></ruby>。,<ol><li>皆（みな）：表示“大家、所有人”，可单独作主语或与助词搭配。</li><li>集まって（あつまって）：动词“集まる”的て形，表示“集合、聚集”，常接在一起表动作连续。</li><li>話し合いました（はなしあいました）：动词“話し合う”的过去敬体形式，表示“讨论、商量”。</li><li>助词“が”表主语，用于主语与谓语动词的关系。</li></ol>,[sound:jlpt_vocabulary_in_sentence_皆.mp3]
味,味道,この料理は味が濃いですね。,这道菜的味道很浓呢。,この<ruby>料理<rt>りょうり</rt></ruby>は<ruby>味<rt>あじ</rt></ruby>が<ruby>濃い<rt>こい</rt></ruby>ですね。,<ol><li>この：表示“这”或“这个”，用于紧接名词（如料理）之前修饰。</li><li>料理（りょうり）：指菜肴、烹饪的食物。</li><li>は：主题助词，提示主语“这道菜”。</li><li>味（あじ）：意思是“味道”。</li><li>が：主格助词，突出强调名词（这里是“味”）。</li><li>濃い（こい）：形容词，表示“浓、味重”之意，常用于形容口味、颜色等。</li><li>ですね：句末常用表达，传达说话人感叹、确认、同意。です为礼貌形，ね表示征求对方同感。</li><li>语法结构：AはBがCです。（A的B是C）结构，日语称述对象的某一属性，常见于描述人或物的特征。</li></ol>,[sound:jlpt_vocabulary_in_sentence_味.mp3]
空港,机场,新しい空港が完成しました。,新的机场建成了。,<ruby>新しい<rt>あたらしい</rt></ruby><ruby>空港<rt>くうこう</rt></ruby>が<ruby>完成しました<rt>かんせいしました</rt></ruby>。,<ol><li>新しい（あたらしい）：形容词，意思是“新的”。</li><li>空港（くうこう）：名词，意思是“机场”。</li><li>が：主格助词，标明主语。</li><li>完成しました（かんせいしました）：动词“完成する（完成）”的敬体过去式，意思是“完成了”。</li><li>句型“〜が完成しました”表示某事物已经建成、完成，常用于工程、建筑等场景。</li></ol>,[sound:jlpt_vocabulary_in_sentence_空港.mp3]
手袋,手套,冬には手袋をして出かけます。,冬天会戴上手套外出。,<ruby>冬<rt>ふゆ</rt></ruby>には<ruby>手袋<rt>てぶくろ</rt></ruby>をして<ruby>出かけます<rt>でかけます</rt></ruby>。,<ol><li>冬（ふゆ）：冬天。</li><li>には：（助词“に”表示时间点，“は”为主题提示）。</li><li>手袋（てぶくろ）：手套，目标单词。</li><li>を：宾语助词，标记“手袋”为动作对象。</li><li>して：「する」的て形，表示“做”某动作，这里指“戴”。</li><li>出かけます（でかけます）：出门、外出。</li><li>整句语法：时间+には+动作，表习惯性行为。</li></ol>,[sound:jlpt_vocabulary_in_sentence_手袋.mp3]
校長,校长,校長は朝早く学校に来ます。,校长一大早就来到学校。,<ruby>校長<rt>こうちょう</rt></ruby>は<ruby>朝早く<rt>あさはやく</rt></ruby><ruby>学校<rt>がっこう</rt></ruby>に<ruby>来ます<rt>きます</rt></ruby>。,<ol><li>校長（こうちょう）：意为“校长”，指学校的主要负责人。</li><li>朝早く（あさはやく）：指“清早、很早的时候”。“早く”为副词，用来修饰“来ます”。</li><li>学校（がっこう）：意为“学校”。</li><li>に：这里用作方向助词，表示动作的目的地。</li><li>来ます（きます）：“来る（くる）”的敬体形式，表示“来”。</li><li>“は”是提示主题的助词，强调句子的话题。</li><li>本句型为典型的日语主语-时间-地点-动词结构。</li></ol>,[sound:jlpt_vocabulary_in_sentence_校長.mp3]
ごちそう,美食,昨日はごちそうをたくさん食べました。,昨天吃了很多美食。,<ruby>昨日<rt>きのう</rt></ruby>はごちそうをたくさん<ruby>食べました<rt>たべました</rt></ruby>。,<ol><li>ごちそう：指美味的食物、盛宴。可以用来表示「请客的饭菜」。</li><li>昨日（きのう）：表示昨天。</li><li>は：主题助词，标示主语「昨日」。</li><li>を：宾格助词，指出动作对象「ごちそう」。</li><li>たくさん：副词，表示数量多。</li><li>食べました：动词「食べる」（吃）的过去式敬体，表示“吃了”。</li><li>语法知识：「～をたくさん食べました」结构中，「たくさん」修饰「食べました」，表示动作数量多。</li></ol>,[sound:jlpt_vocabulary_in_sentence_ごちそう.mp3]
踊り,舞蹈,子供たちは公園で踊りを見せた。,孩子们在公园表演了舞蹈。,<ruby>子供たち<rt>こどもたち</rt></ruby>は<ruby>公園<rt>こうえん</rt></ruby>で<ruby>踊り<rt>おどり</rt></ruby>を<ruby>見せた<rt>みせた</rt></ruby>。,<ol><li>子供たち：名词「子供（こども）」的复数形式，表示“孩子们”。<br>は：主题助词，表示主语。</li><li>公園（こうえん）：名词，意思是“公园”。<br>で：场所助词，表示动作发生的地方。</li><li>踊り（おどり）：名词，意思是“舞蹈”。是目标单词。</li><li>を：宾语助词，标记动作的对象。</li><li>見せた（みせた）：动词「見せる」的过去式，意思是“展示”、“表演”。</li><li>语法重点：助词「で」用于表示动作发生的场所，「を」标记动作的对象。句末动词变成过去形表示事件已发生。</li></ol>,[sound:jlpt_vocabulary_in_sentence_踊り.mp3]
興味,兴趣,私は歴史に興味があります。,我对历史有兴趣。,<ruby>私<rt>わたし</rt></ruby>は<ruby>歴史<rt>れきし</rt></ruby>に<ruby>興味<rt>きょうみ</rt></ruby>が<ruby>あります<rt>あります</rt></ruby>。,<ol><li>私（わたし）：第一人称代词，表示“我”。</li><li>歴史（れきし）：名词，意思是“历史”。</li><li>に：助词，表示动作涉及的对象，这里为“对历史”。</li><li>興味（きょうみ）：名词，表示“兴趣”。</li><li>が：助词，表示主语。</li><li>あります：动词“ある”的礼貌型，表示存在或拥有无生命事物（如兴趣）。</li><li>句型“〜に興味がある/あります”常用表达“对……有兴趣”，用于正式或日常场合。</li></ol>,[sound:jlpt_vocabulary_in_sentence_興味.mp3]
引っ越す,搬家,私は先月新しい町に引っ越しました。,我上个月搬到了新的城市。,<ruby>私<rt>わたし</rt></ruby>は<ruby>先月<rt>せんげつ</rt></ruby><ruby>新しい<rt>あたらしい</rt></ruby><ruby>町<rt>まち</rt></ruby>に<ruby>引っ越しました<rt>ひっこしました</rt></ruby>。,<ol><li>私（わたし）：第一人称，意为“我”。</li><li>先月（せんげつ）：名词，表示“上个月”。</li><li>新しい（あたらしい）：形容词，意思为“新”。</li><li>町（まち）：名词，表示“城镇、城市”。</li><li>に：助词，表示动作的目的地，对应“到……”</li><li>引っ越しました（ひっこしました）：动词“引っ越す（ひっこす）”的过去敬体形，表示“已经搬家”。</li><li>本句使用了过去年敬体“〜ました”表示动作已经完成，并带有礼貌语气。</li></ol>,[sound:jlpt_vocabulary_in_sentence_引っ越す.mp3]
冷房,空调制冷,夏は冷房がないと暑くて困ります。,夏天没有空调制冷会很热，很难受。,<ruby>夏<rt>なつ</rt></ruby>は<ruby>冷房<rt>れいぼう</rt></ruby>がないと<ruby>暑くて<rt>あつくて</rt></ruby><ruby>困ります<rt>こまります</rt></ruby>。,<ol><li>夏（なつ）：夏天。 <br>は：主题助词，表示主语。 <br>冷房（れいぼう）：空调制冷。 <br>が：主语助词，说明“冷房”为否定的主语。 <br>ない：动词“ある”的否定形，表示“没有”。 <br>と：表示假定条件“如果……的话”。 <br>暑くて（あつくて）：形容词“暑い”的て形，表示原因或并列。 <br>困ります（こまります）：动词“困る”的敬体形式，表示“为难”、“困扰”。 </li><li>语法点：“～ないと……困る”表示“如果没有……会很为难”。 <br>“て形+困ります”表达因前项原因带来的困扰。 <br>冷房在日本夏季十分重要，许多建筑物都设有空调。</li></ol>,[sound:jlpt_vocabulary_in_sentence_冷房.mp3]
都合,方便，合适,明日の都合を教えてください。,请告诉我明天的时间安排。,<ruby>明日<rt>あした</rt></ruby>の<ruby>都合<rt>つごう</rt></ruby>を<ruby>教えて<rt>おしえて</rt></ruby>ください,<ol><li>明日（あした）：明天。</li><li>都合（つごう）：方便、合适、时间安排，常用于询问他人能否配合的情境，表达是否有空或条件是否合适。</li><li>教えてください：动词教える（おしえる，告诉、告知）的て形加くたさい，表示请告诉我或请告知。</li><li>语法结构：「～を 教えてください」表示“请告诉我～”。委婉请求信息的常用表达。</li></ol>,[sound:jlpt_vocabulary_in_sentence_都合.mp3]
遠慮,客气，推辞,遠慮しないで食べてください。,请不要客气，尽管吃吧。,<ruby>遠慮<rt>えんりょ</rt></ruby><ruby>しないで<rt>しないで</rt></ruby><ruby>食べて<rt>たべて</rt></ruby><ruby>ください。<rt>ください。</rt></ruby>,<ol><li>遠慮（えんりょ）：表示“客气、推辞、避免”，在生活中常用于让对方不要有负担地做某事。</li><li>しないで：表示“请不要……”，是动词否定连用形+で的用法，这里意为“不要远慮”。</li><li>〜てください：动词て形+ください，表达礼貌请求，意为“请……”。</li></ol>,[sound:jlpt_vocabulary_in_sentence_遠慮.mp3]
亡くなる,去世,おじいさんは去年亡くなりました。,爷爷去年去世了。,<ruby>おじいさん<rt>おじいさん</rt></ruby>は<ruby>去年<rt>きょねん</rt></ruby><ruby>亡くなりました<rt>なくなりました</rt></ruby>。,<ol><li>おじいさん：意思是“爷爷”或“祖父”。</li><li>は：助词，表示主题（提示主语）。</li><li>去年（きょねん）：去年，上一个年度。</li><li>亡くなりました（なくなりました）：动词“亡くなる”的过去敬体形式，表示“去世了”，是“死ぬ”的委婉表达，常用于谈及他人去世以示尊重。</li><li>语法点：「亡くなる」为自他动词中的自动词，仅指人/生物去世时使用。日语中说“死ぬ”较为直接，礼貌或谈及亲人时多用“亡くなる”。</li></ol>,[sound:jlpt_vocabulary_in_sentence_亡くなる.mp3]
科学,科学,科学は人類の発展に貢献しています。,科学正在为人类的发展做出贡献。,<ruby>科学<rt>かがく</rt></ruby>は<ruby>人類<rt>じんるい</rt></ruby>の<ruby>発展<rt>はってん</rt></ruby>に<ruby>貢献<rt>こうけん</rt></ruby><ruby>しています<rt>しています</rt></ruby>。,<ol><li>科学（かがく）：指通过系统研究和实验获取知识和技术的方法与体系。</li><li>は：提示主题的助词，表明“科学”为句子的主题。</li><li>人類（じんるい）：意思为人类。</li><li>の：表所属关系，“人類の”表示“人类的”。</li><li>発展（はってん）：发展、进步。</li><li>に：方向性助词，用于表明动作的目标。</li><li>貢献（こうけん）する：贡献、做出贡献，常用于社会、发展等方面。</li><li>〜しています：表示动作正在进行中，表明“科学”在持续地为人类做贡献。</li></ol>,[sound:jlpt_vocabulary_in_sentence_科学.mp3]
はっきり,清楚，明确,彼の声がはっきり聞こえます。,能清楚地听到他的声音。,<ruby>彼<rt>かれ</rt></ruby>の<ruby>声<rt>こえ</rt></ruby>がはっきり<ruby>聞こえます<rt>きこえます</rt></ruby>。,<ol><li>彼（かれ）：他，指代男性。</li><li>の：表示前后名词之间的所属关系。</li><li>声（こえ）：声音。</li><li>が：主语助词，表示主语。</li><li>はっきり：副词，表示“清楚、明确”。</li><li>聞こえます（きこえます）：动词“聞こえる（听得见）”的敬语形式。</li><li>整个句子为“主语+が+副词+动词敬语形式”的结构，表明能明确地听见某人的声音。</li></ol>,[sound:jlpt_vocabulary_in_sentence_はっきり.mp3]
差し上げる,"奉送,敬赠",先生に花を差し上げました。,我把花献给了老师。,<ruby>先生<rt>せんせい</rt></ruby>に<ruby>花<rt>はな</rt></ruby>を<ruby>差し上げました<rt>さしあげました</rt></ruby>。,<ol><li>先生（せんせい）：老师。</li><li>に：表示给予对象，相当于“给……”。</li><li>花（はな）：花。</li><li>を：宾格助词，表示动作的对象。</li><li>差し上げました（さしあげました）：“差し上げる”的敬体过去式，表示把某物“敬献／奉送”给上级或尊敬的人。</li><li>语法说明：①“差し上げる”是“あげる”的敬语，用于自己的动作，表示给予比自己地位高的人，体现了日语中的敬语文化。②动词过去式“〜ました”敬体表达，表示过去发生的行为。</li></ol>,[sound:jlpt_vocabulary_in_sentence_差し上げる.mp3]
気持ち,心情,今日は気持ちがいい天気ですね。,今天的天气让人感觉很好呢。,<ruby>今日<rt>きょう</rt></ruby>は<ruby>気持ち<rt>きもち</rt></ruby>がいい<ruby>天気<rt>てんき</rt></ruby>ですね。,<ol><li>今日（きょう）：今天。</li><li>気持ち（きもち）：心情、感觉。可指心理或身体上的感受。常用于表达舒服、不舒服等感受。</li><li>がいい：这里是表示状态好，和气持ち等词搭配时，表达“很舒服、感觉很好”的意思。</li><li>天気（てんき）：天气。</li><li>ですね：表示同意或确认语气，译为“呢”。</li><li>语法知识：日语描述感受常用「気持ちがいい／悪い」，类似汉语“感觉很好/不好”；「～ですね」为礼貌表达，加强句末语气。</li></ol>,[sound:jlpt_vocabulary_in_sentence_気持ち.mp3]
祖父,祖父,祖父は毎朝散歩します。,祖父每天早上都会散步。,<ruby>祖父<rt>そふ</rt></ruby>は<ruby>毎朝<rt>まいあさ</rt></ruby><ruby>散歩<rt>さんぽ</rt></ruby><ruby>します<rt>します</rt></ruby>。,<ol><li>祖父（そふ）：名词，意为“祖父”，是指自己的爷爷。在介绍自己家庭成员时一般使用，不适合直接称呼对方的祖父（那时常用「おじいさん」）。</li><li>は：助词，主语提示助词，用于表示主语“祖父”。</li><li>毎朝（まいあさ）：副词，意思是“每天早晨”。</li><li>散歩（さんぽ）します：动词短语，“散步”的意思。“します”是“する”的敬体形，接在名词“散歩”后表示“进行某种活动”或“做”。</li><li>语法知识：AはBします——用来说明主语A进行某动作B。如本句表示“祖父每天早上散步”。</li></ol>,[sound:jlpt_vocabulary_in_sentence_祖父.mp3]
港,港口,この町には大きな港があります。,这个城市有一个很大的港口。,<ruby>この<rt>この</rt></ruby><ruby>町<rt>まち</rt></ruby><ruby>には<rt>には</rt></ruby><ruby>大きな<rt>おおきな</rt></ruby><ruby>港<rt>みなと</rt></ruby><ruby>が<rt>が</rt></ruby><ruby>あります<rt>あります</rt></ruby>。,<ol><li>この：指示词，意思为“这个”。</li><li>町（まち）：城市、城镇。</li><li>には：表示方向和存在场所的助词组合，に为地点，は做主题提示。</li><li>大きな：形容动词“おおきい”（大）的连体形，修饰名词。</li><li>港（みなと）：名词，意思是“港口、港湾”。</li><li>があります：存在动词“ある”的礼貌形，表示非生物的存在。</li><li>本句为存在句型“场所に 物が あります”，用于说明某地有某物。</li><li>日本四面环海，港口城市如横滨、神户等十分重要，也是国际贸易枢纽。</li></ol>,[sound:jlpt_vocabulary_in_sentence_港.mp3]
予約,预约,明日のホテルを予約しました。,预订了明天的酒店。,<ruby>明日<rt>あした</rt></ruby>のホテルを<ruby>予約<rt>よやく</rt></ruby>しました。,<ol><li>明日（あした）：表示“明天”。</li><li>ホテル：外来语，意思是“酒店”。</li><li>を：宾格助词，用于表示动作的对象。</li><li>予約（よやく）：名词，指“预约、预订”。</li><li>しました：「する」的过去式“しました”，表示完成某个动作，即“做了”。</li><li>句子的语法结构是“名词を动词しました”，即“做了某事”。</li></ol>,[sound:jlpt_vocabulary_in_sentence_予約.mp3]
凄い,Failed to parse JSON for translation of 凄い,Failed to parse JSON for example of 凄い,Failed to parse JSON for translation,Failed to parse JSON for furigana of 凄い,Failed to parse JSON for grammar notes of 凄い,[sound:jlpt_vocabulary_in_sentence_凄い.mp3]
入学,入学，入校,妹は今年大学に入学しました。,妹妹今年考入了大学。,<ruby>妹<rt>いもうと</rt></ruby>は<ruby>今年<rt>ことし</rt></ruby><ruby>大学<rt>だいがく</rt></ruby>に<ruby>入学しました<rt>にゅうがくしました</rt></ruby>。,"<ol><li>妹（いもうと）：指说话人的妹妹。</li><li>は：主题助词，标记句子的主题。</li><li>今年（ことし）：今年，今年度。</li><li>大学（だいがく）：大学。</li><li>に：表示动作的目的地，这里指""进入""大学。</li><li>入学しました：入学（にゅうがく，指进入学校学习）+ しました（する的过去式礼貌形），表示已经完成的动作。</li><li>语法点：动词ました型，表示过去发生的动作。</li><li>文化补充：在日本，每年四月是学校的入学季节，很多学校会举行隆重的入学式（にゅうがくしき）。</li></ol>",[sound:jlpt_vocabulary_in_sentence_入学.mp3]
片付ける,整理，收拾,部屋を片付けるのが好きです。,我喜欢整理房间。,<ruby>部屋<rt>へや</rt></ruby>を<ruby>片付ける<rt>かたづける</rt></ruby>のが<ruby>好き<rt>すき</rt></ruby><ruby>です<rt>です</rt></ruby>。,<ol><li>部屋（へや）：房间。</li><li>を：宾语助词，标记动作的对象。</li><li>片付ける（かたづける）：整理、收拾。</li><li>のが：将动词片付ける名词化，表示动作这一行为。</li><li>好き（すき）：喜欢，表达主观喜好。</li><li>です：礼貌语气结尾。</li><li>语法说明：「〜のが好きです」表示“喜欢做……”的意思。动词用连用形（辞书形）+のが好き。</li></ol>,[sound:jlpt_vocabulary_in_sentence_片付ける.mp3]
写す,抄写；转录,先生のノートを写すことはよくないです。,抄写老师的笔记是不好的。,<ruby>先生<rt>せんせい</rt></ruby>のノートを<ruby>写す<rt>うつす</rt></ruby>ことはよくないです。,<ol><li>先生（せんせい）：老师。</li><li>ノート：笔记本、笔记。</li><li>を：宾格助词，表示动作的对象。</li><li>写す（うつす）：抄写、照抄。此处表示抄写老师的笔记。</li><li>こと：将动词“写す”名词化，作“抄写这件事”。</li><li>は：提示主题助词。</li><li>よくない：形容词“良い”的否定形式，意思是“不好”。</li><li>です：礼貌句末助动词。</li><li>语法：“动词原形+こと”表示把动词的动作名词化。本句表达行为本身是不好的意见。</li><li>文化背景：在日本课堂上，学生一般要独立记笔记，直接抄袭老师或同学的笔记常被视为不好的行为。</li></ol>,[sound:jlpt_vocabulary_in_sentence_写す.mp3]
パソコン,电脑,私は新しいパソコンを買いました。,我买了新电脑。,<ruby>私<rt>わたし</rt></ruby>は<ruby>新しい<rt>あたらしい</rt></ruby>パソコンを<ruby>買いました<rt>かいました</rt></ruby>。,"<ol><li>私（わたし）：我。</li><li>新しい（あたらしい）：新的。</li><li>パソコン：个人电脑，computer（来源于""personal computer""的缩写）。</li><li>を：宾语助词，表示动作的对象。</li><li>買いました（かいました）：「買う」的ます形过去式，买了。</li><li>语序为""主语（私は）+宾语（新しいパソコンを）+谓语（買いました）""。</li><li>日本人常将""电脑""简称为""パソコン""，源自英语personal computer的缩写。</li></ol>",[sound:jlpt_vocabulary_in_sentence_パソコン.mp3]
部長,部长,部長は今日も元気です。,部长今天也很精神。,<ruby>部長<rt>ぶちょう</rt></ruby><ruby>は<rt>は</rt></ruby><ruby>今日<rt>きょう</rt></ruby><ruby>も<rt>も</rt></ruby><ruby>元気<rt>げんき</rt></ruby><ruby>です<rt>です</rt></ruby>。,<ol><li>部長（ぶちょう）：部门最高负责人，常见于公司、机关等组织，意为“部长”。</li><li>は：助词，表示主题，即“……是……”。</li><li>今日（きょう）：今天。</li><li>も：助词，表示“也”。</li><li>元気（げんき）：健康、有精神。</li><li>です：礼貌句尾。</li><li>本句结构为“主语+は+时间词+も+形容词+です”，是日本表达状态、礼貌问候的常见句型。</li></ol>,[sound:jlpt_vocabulary_in_sentence_部長.mp3]
火事,火灾,昨日近くで火事がありました。,昨天附近发生了火灾。,<ruby>昨日<rt>きのう</rt></ruby><ruby>近く<rt>ちかく</rt></ruby>で<ruby>火事<rt>かじ</rt></ruby>が<ruby>ありました<rt>ありました</rt></ruby>。,<ol><li>昨日（きのう）：表示“昨天”。</li><li>近く（ちかく）：表示“附近”。</li><li>で：表示动作发生的场所助词。</li><li>火事（かじ）：表示“火灾”。</li><li>が：主语助词，标明“火灾”为主题。</li><li>ありました：动词“ある”的过去式，表示“发生了”或“有了”。</li><li>这个句子表达了在昨天，附近发生了火灾的意思。</li></ol>,[sound:jlpt_vocabulary_in_sentence_火事.mp3]
足す,添加，补充,砂糖を少し足します。,加一点砂糖。,<ruby>砂糖<rt>さとう</rt></ruby>を<ruby>少し<rt>すこし</rt></ruby><ruby>足します<rt>たします</rt></ruby>。,<ol><li>砂糖（さとう）：砂糖，食用糖。</li><li>を：助词，表宾语。</li><li>少し（すこし）：副词，表示“一点儿，稍微”。</li><li>足します（たします）：动词“足す”的ます形，意思是“添加、补充”。</li><li>句型结构：名词+を+动词ます形，表示对某物进行某种动作。</li></ol>,[sound:jlpt_vocabulary_in_sentence_足す.mp3]
教会,教堂,日曜日に教会へ行きます。,星期天去教堂。,<ruby>日曜日<rt>にちようび</rt></ruby>に<ruby>教会<rt>きょうかい</rt></ruby>へ<ruby>行きます<rt>いきます</rt></ruby>。,<ol><li>日曜日（にちようび）：星期天。</li><li>教会（きょうかい）：教堂，基督教宗教活动场所。</li><li>へ：表示动作的目的地，相当于中文“去（哪里）”。</li><li>行きます（いきます）：行く（いく）的礼貌形，意思是“去”。</li><li>句子结构为「时间+に+目的地+へ+动词ます形」。</li></ol>,[sound:jlpt_vocabulary_in_sentence_教会.mp3]
彼ら,他们,彼らは毎朝早く学校へ行く。,他们每天早上很早去学校。,<ruby>彼ら<rt>かれら</rt></ruby>は<ruby>毎朝<rt>まいあさ</rt></ruby><ruby>早く<rt>はやく</rt></ruby><ruby>学校<rt>がっこう</rt></ruby>へ<ruby>行く<rt>いく</rt></ruby>。,<ol><li>彼ら（かれら）：表示“他们”，是指代第三人称复数的代词，常用于男性或男女混合群体，如只指女性用彼女たち（かのじょたち）。</li><li>毎朝（まいあさ）：意思是“每天早上”。</li><li>早く（はやく）：副词，表示“很早”“早点”。</li><li>学校（がっこう）：意思是“学校”。</li><li>へ：助词，表示“去往某地”。</li><li>行く（いく）：动词“去”，表示移动到某个地方。</li><li>日语句子语序通常为“主语+时间+副词+地点+动词”结构。</li></ol>,[sound:jlpt_vocabulary_in_sentence_彼ら.mp3]
一杯,一杯,水を一杯ください。,请给我一杯水。,<ruby>水<rt>みず</rt></ruby><ruby>を<rt>を</rt></ruby><ruby>一杯<rt>いっぱい</rt></ruby><ruby>ください<rt>ください</rt></ruby>。,<ol><li>水（みず）：水。</li><li>を：助词，表示动作的对象。</li><li>一杯（いっぱい）：一杯，一杯量的单位。</li><li>ください：敬语表达，请给我（某物），是「くれる」的礼貌说法，常用于请求。</li><li>语序：日语通常为“对象+を+数量+ください”。</li><li>文化背景：在日本，餐厅点饮料或食物时常用“〜をください”表达礼貌请求。</li></ol>,[sound:jlpt_vocabulary_in_sentence_一杯.mp3]
アメリカ,美国,アメリカに友達がいます。,我在美国有朋友。,アメリカに<ruby>友達<rt>ともだち</rt></ruby>が<ruby>います<rt>います</rt></ruby>。,<ol><li>アメリカ：美国的意思，是外来语（カタカナ片假名书写）。</li><li>に：助词，表示动作发生的场所、目标。</li><li>友達（ともだち）：朋友。</li><li>が：助词，表示主语。</li><li>います：表示“在、有”，常用来表示有人或动物的存在。</li><li>句型“〜に〜がいます”：表示“在某地有……（人/动物）”。</li></ol>,[sound:jlpt_vocabulary_in_sentence_アメリカ.mp3]
男性,男性，男人,この会社には男性が多いです。,这家公司里男性比较多。,<ruby>この<rt>この</rt></ruby><ruby>会社<rt>かいしゃ</rt></ruby><ruby>に<rt>に</rt></ruby><ruby>は<rt>は</rt></ruby><ruby>男性<rt>だんせい</rt></ruby><ruby>が<rt>が</rt></ruby><ruby>多い<rt>おおい</rt></ruby><ruby>です<rt>です</rt></ruby>。,<ol><li>この：连体词，表示“这个”。</li><li>会社（かいしゃ）：名词，表示“公司”。</li><li>には：格助词“に”表场所，“は”提示主语。</li><li>男性（だんせい）：名词，意思为“男性、男人”。</li><li>が：主格助词，突出主语“男性”。</li><li>多い（おおい）：形容词，意思为“多”。</li><li>です：礼貌句末助动词。</li><li>本句型“〜には〜が多いです”用于表达“在……有很多……”的意思。</li></ol>,[sound:jlpt_vocabulary_in_sentence_男性.mp3]
理由,理由，原因,彼女が来ない理由を知りません。,我不知道她不来的理由。,<ruby>彼女<rt>かのじょ</rt></ruby>が<ruby>来ない<rt>こない</rt></ruby><ruby>理由<rt>りゆう</rt></ruby>を<ruby>知りません<rt>しりません</rt></ruby>。,<ol><li>彼女（かのじょ）：她。日语第三人称女性代词，用于指代谈话之外的女性。</li><li>が：主格助词，标记句子的主语。</li><li>来ない（こない）：动词「来る（くる）」的否定形，意思是“不来”。</li><li>理由（りゆう）：理由、原因。可用于询问或陈述某种行为或现象的解释。</li><li>を：宾格助词，标记句子的宾语。</li><li>知りません（しりません）：动词「知る（しる）」的否定敬体形，表示“不知道”。</li><li>语法：「理由を知りません」结构，表示“不知道理由/原因”。理由通常放在宾语位置，接助词「を」。</li></ol>,[sound:jlpt_vocabulary_in_sentence_理由.mp3]
生産,生产,この工場では自動車を生産しています。,这家工厂正在生产汽车。,<ruby>この<rt>この</rt></ruby><ruby>工場<rt>こうじょう</rt></ruby><ruby>では<rt>では</rt></ruby><ruby>自動車<rt>じどうしゃ</rt></ruby><ruby>を<rt>を</rt></ruby><ruby>生産<rt>せいさん</rt></ruby><ruby>しています<rt>しています</rt></ruby>。,<ol><li>この：指示词，表示“这个”。</li><li>工場（こうじょう）：工厂。</li><li>では：表示场所助词“在~里”。</li><li>自動車（じどうしゃ）：汽车。</li><li>を：宾格助词，表示动作对象。</li><li>生産（せいさん）：表示“生产”。</li><li>しています：“している”为ている形，表示正在进行中的动作。</li><li>本句型“場所では～を生産しています”可用于介绍场所正在生产某物。</li></ol>,[sound:jlpt_vocabulary_in_sentence_生産.mp3]
着物,和服,母は着物を着て写真を撮りました。,妈妈穿着和服拍了照片。,<ruby>母<rt>はは</rt></ruby>は<ruby>着物<rt>きもの</rt></ruby>を<ruby>着て<rt>きて</rt></ruby><ruby>写真<rt>しゃしん</rt></ruby>を<ruby>撮りました<rt>とりました</rt></ruby>。,<ol><li>着物（きもの）：指日本的传统服饰，即和服，由织物缝制而成，常用于正式或传统场合。</li><li>動詞「着る」（きる）的て形是「着て」，表示动作的连贯，此处用于描述动作顺序（穿了和服后拍照）。</li><li>「母は」表示主语‘妈妈’、「を」是宾格助词，用于标记动作的对象，「写真を撮りました」表示‘拍了照片’，述语为过去式。</li><li>文化背景：在日本，穿着和服拍照常见于节日、成人礼、结婚等重要时刻，表现传统文化。</li></ol>,[sound:jlpt_vocabulary_in_sentence_着物.mp3]
おもちゃ,玩具,弟はおもちゃで遊んでいます。,弟弟正在玩玩具。,<ruby>弟<rt>おとうと</rt></ruby>はおもちゃで<ruby>遊んで<rt>あそんで</rt></ruby><ruby>います<rt>います</rt></ruby>。,<ol><li>弟（おとうと）：意思是“弟弟”，指说话人的弟弟。</li><li>おもちゃ：意思是“玩具”。</li><li>で：表示动作的场所，现在指“用玩具”（工具、手段），此处是用工具格。</li><li>遊んでいます（あそんでいます）：动词遊ぶ（あそぶ，玩）て形加います表示正在进行的动作，“正在玩”。</li><li>「〜ています」是表示动作正在进行或习惯动作的表达方式。</li></ol>,[sound:jlpt_vocabulary_in_sentence_おもちゃ.mp3]
暮れる,天黑，日暮,日が暮れる前に帰りましょう。,天黑前我们回家吧。,<ruby>日<rt>ひ</rt></ruby>が<ruby>暮れる<rt>くれる</rt></ruby><ruby>前<rt>まえ</rt></ruby>に<ruby>帰り<rt>かえり</rt></ruby>ましょう。,<ol><li>日（ひ）：日、太阳。</li><li>が：表示主语的助词。</li><li>暮れる（くれる）：动词，表示“天黑”，指太阳下山，天空变暗。</li><li>前（まえ）：名词，表示“之前”。</li><li>に：表示动作发生的时间点助词。</li><li>帰りましょう（かえりましょう）：动词“帰る（かえる）”的意志形，表示“回家吧”。</li><li>语法：“〜前に”表示“在……之前”；“ましょう”表达提议或邀请，语气温和。</li></ol>,[sound:jlpt_vocabulary_in_sentence_暮れる.mp3]
釣る,钓鱼,父と一緒に川で魚を釣る。,和爸爸一起在河里钓鱼。,<ruby>父<rt>ちち</rt></ruby>と<ruby>一緒に<rt>いっしょに</rt></ruby><ruby>川<rt>かわ</rt></ruby>で<ruby>魚<rt>さかな</rt></ruby>を<ruby>釣る<rt>つる</rt></ruby>。,<ol><li>父（ちち）：父亲；与后面的「と」搭配表示“和谁一起”。</li><li>一緒に（いっしょに）：副词，意思是“一起”。</li><li>川（かわ）：河流，“で”表示动作发生的地点。</li><li>魚（さかな）：鱼；“を”表示宾语。</li><li>釣る（つる）：动词，意思是“钓（鱼）”。</li><li>动词基本形用于普通说明或描述当前动作。日语里钓鱼常用「釣る」这个词，反映日本广泛的钓鱼习惯和文化。</li></ol>,[sound:jlpt_vocabulary_in_sentence_釣る.mp3]
～ちゃん,小名、昵称,さくらちゃんは今日も元気です。,小樱今天也很有精神。,<ruby>さくらちゃん<rt>さくらちゃん</rt></ruby><ruby>は<rt>は</rt></ruby><ruby>今日<rt>きょう</rt></ruby><ruby>も<rt>も</rt></ruby><ruby>元気<rt>げんき</rt></ruby><ruby>です<rt>です</rt></ruby>。,<ol><li>さくらちゃん：さくら（人名）+ちゃん，表示亲昵称呼，常用于称呼小孩、女性、亲近的人或动物。</li><li>元気（げんき）：健康、有精神的意思，常用于问候或描述状态。</li><li>は：主题助词，提示句子的主语。</li><li>も：表“也”的意思，表示和以前一样。</li><li>です：礼貌结句。</li><li>「～ちゃん」用法：在别人名字后加“ちゃん”，具有亲昵或可爱之意，比“さん”更亲切。一般用于对小孩、家人、好友、宠物等，成人男性之间通常不用。</li></ol>,[sound:jlpt_vocabulary_in_sentence_～ちゃん.mp3]
打つ,打，敲，射,太鼓を打つのが上手です。,他很擅长敲鼓。,<ruby>太鼓<rt>たいこ</rt></ruby>を<ruby>打つ<rt>うつ</rt></ruby>のが<ruby>上手<rt>じょうず</rt></ruby>です。,<ol><li>太鼓（たいこ）：鼓，在日本文化中常用于节庆或表演。</li><li>打つ（うつ）：动词，意为打、敲、击，用于表示用力敲击物体，也可以指射击或打字等。</li><li>のが：接续助词，表示前面的动作作为一项事情或行为被说明。</li><li>上手（じょうず）：形容动词，表示擅长、熟练。</li><li>「太鼓を打つ」中的「を」为宾格助词，表示动作的对象。「が」为主格助词，表示主语。</li></ol>,[sound:jlpt_vocabulary_in_sentence_打つ.mp3]
あんな,那样的,あんな話は信じられません。,那样的话我无法相信。,あんな<ruby>話<rt>はなし</rt></ruby>は<ruby>信じられ<rt>しんじられ</rt></ruby>ません,<ol><li>あんな：指代离说话人、听话人都很远、与双方都无关的人或事物，表示“那样的”。</li><li>話（はなし）：表示“话”、“事情”。如“あんな話”是“那样的话/事情”。</li><li>信じられません：是“信じる（相信）”的可能态・否定形，意为“无法相信”。</li><li>「は」为主题助词，提示主语。整个句子表达对某事物不可信赖的态度。</li></ol>,[sound:jlpt_vocabulary_in_sentence_あんな.mp3]
謝る,道歉,彼は私に謝った。,他向我道歉了。,<ruby>彼<rt>かれ</rt></ruby>は<ruby>私<rt>わたし</rt></ruby>に<ruby>謝った<rt>あやまった</rt></ruby>。,<ol><li>彼（かれ）：他、男性用第三人称代词。</li><li>は：主题助词，表示句子的主题。</li><li>私（わたし）：我，第一人称代词。</li><li>に：表示动作的对象（向谁）。</li><li>謝った（あやまった）：动词「謝る」的过去式，表示道歉、谢罪。</li><li>句子结构为：主语（彼は）+对象（私に）+动词（謝った），表明确切的行为对象以及动作结果。</li></ol>,[sound:jlpt_vocabulary_in_sentence_謝る.mp3]
昼間,白天,昼間は公園で子供が遊んでいます。,白天公园里有孩子在玩耍。,<ruby>昼間<rt>ひるま</rt></ruby><ruby>は<rt>は</rt></ruby><ruby>公園<rt>こうえん</rt></ruby><ruby>で<rt>で</rt></ruby><ruby>子供<rt>こども</rt></ruby><ruby>が<rt>が</rt></ruby><ruby>遊んで<rt>あそんで</rt></ruby><ruby>います<rt>います</rt></ruby>。,<ol><li>昼間（ひるま）：意思是白天，即太阳升起到落下的这段时间。</li><li>は：助词，表示主题。</li><li>公園（こうえん）：公园。</li><li>で：助词，表示动作发生的场所。</li><li>子供（こども）：孩子。</li><li>が：助词，表示主语（做动作的人）。</li><li>遊んでいます：动词「遊ぶ（あそぶ）」的て形+います，表示正在进行的动作，意为“正在玩”。</li><li>日语句子的基本语序是“主题+场所+主语+动作”。</li></ol>,[sound:jlpt_vocabulary_in_sentence_昼間.mp3]
教育,教育,日本では教育がとても大切です。,在日本，教育非常重要。,<ruby>日本<rt>にほん</rt></ruby>では<ruby>教育<rt>きょういく</rt></ruby>がとても<ruby>大切<rt>たいせつ</rt></ruby>です。,<ol><li>日本（にほん）：表示国家日本。</li><li>では：助词「で」表示地点，「は」提示主语，组合起来用于强调话题发生的场所。</li><li>教育（きょういく）：表示教育。</li><li>が：表示主语。</li><li>とても：非常、很。</li><li>大切（たいせつ）：重要、宝贵。</li><li>です：礼貌结句表达。</li><li>语法点：本句是「……では……が……です」结构，用于表达在某地某事物的性质或状态。</li><li>文化背景：日本社会重视教育，教育被认为是个人和社会发展的关键。</li></ol>,[sound:jlpt_vocabulary_in_sentence_教育.mp3]
女性,女性，女人,この会社には女性が多いです。,这家公司女性很多。,この<ruby>会社<rt>かいしゃ</rt></ruby>には<ruby>女性<rt>じょせい</rt></ruby>が<ruby>多い<rt>おおい</rt></ruby>です。,<ol><li>この：指示词，表示“这个”。</li><li>会社（かいしゃ）：名词，表示“公司”。</li><li>には：“に”表示场所，“は”是主題助词。一同使用时强调“在公司这个范围”。</li><li>女性（じょせい）：名词，表示“女性、女人”。</li><li>が：主格助词，表示主语。</li><li>多い（おおい）：形容词，表示“多”。</li><li>です：礼貌句尾。</li></ol>,[sound:jlpt_vocabulary_in_sentence_女性.mp3]
米,大米,米は日本人の主食です。,大米是日本人的主食。,<ruby>米<rt>こめ</rt></ruby>は<ruby>日本人<rt>にほんじん</rt></ruby>の<ruby>主食<rt>しゅしょく</rt></ruby>です。,<ol><li>米（こめ）：指的是未经加工的稻米，即大米。日常生活中广泛作为主食。</li><li>は：助词，表示主题。</li><li>日本人（にほんじん）：指日本民族或日本国民。</li><li>の：连接“日本人”与“主食”，表示所属关系。</li><li>主食（しゅしょく）：主要食物、主食。</li><li>です：礼貌句末表达。</li><li>文化背景：在日本，大米长期以来一直是餐桌上的主食，代表日本饮食文化的核心部分。</li></ol>,[sound:jlpt_vocabulary_in_sentence_米.mp3]
邪魔,打扰,今 お邪魔しても いいですか。,现在打扰一下可以吗？,<ruby>今<rt>いま</rt></ruby> <ruby>お邪魔<rt>おじゃま</rt></ruby><ruby>しても<rt>しても</rt></ruby> <ruby>いい<rt>いい</rt></ruby><ruby>ですか<rt>ですか</rt></ruby>。,<ol><li>今（いま）：现在。</li><li>お邪魔（おじゃま）：打扰、叨扰。前缀“お”表敬语，本体“邪魔”意为打扰，用于正式礼貌场合。</li><li>してもいい：表示“可以做某事”，助动词“てもいい”表达许可或请求对方允许。</li><li>ですか：礼貌疑问句结尾，用于向对方确认或请求。</li><li>日语表达“お邪魔します”或“お邪魔してもいいですか”常用于去别人家或公司拜访时，表达“叨扰了”，显示礼貌和尊重文化背景。</li></ol>,[sound:jlpt_vocabulary_in_sentence_邪魔.mp3]
国際,国际,国際会議に参加しました。,我参加了国际会议。,<ruby>国際<rt>こくさい</rt></ruby><ruby>会議<rt>かいぎ</rt></ruby>に<ruby>参加<rt>さんか</rt></ruby><ruby>しました<rt>しました</rt></ruby>。,<ol><li>国際（こくさい）：国际。由“国（くに/こく，国家）”和“際（さい，界限、关系）”组成，合起来表示国家与国家之间的关系。</li><li>会議（かいぎ）：会议。</li><li>に：表示动作的目标、方向，这里表示“去参加会议”。</li><li>参加（さんか）：参加。</li><li>しました：做了……，为“する”的敬体过去式，表示过去完成。</li><li>整个句子结构为“名词+に+动词”，是表达“参加某活动/场合”的常见用法。</li></ol>,[sound:jlpt_vocabulary_in_sentence_国際.mp3]
隅,角落,部屋の隅に小さな机があります。,房间的角落里有一张小桌子。,<ruby>部屋<rt>へや</rt></ruby>の<ruby>隅<rt>すみ</rt></ruby>に<ruby>小さな<rt>ちいさな</rt></ruby><ruby>机<rt>つくえ</rt></ruby>が<ruby>あります<rt>あります</rt></ruby>。,<ol><li>部屋（へや）：房间。</li><li>隅（すみ）：角落、拐角，多用于指房间、建筑物内部的角落。</li><li>に：表示动作发生的场所，译为“在……”。</li><li>小さな（ちいさな）：小的，修饰名词时用作连体词。</li><li>机（つくえ）：桌子。</li><li>が：助词，表示主语。</li><li>あります：有，表示无生命物品的存在。</li><li>句型“~に~があります”：表示在某处有某物。</li><li>“隅”常用于实际空间的边角，也可比喻“边缘地带”。</li></ol>,[sound:jlpt_vocabulary_in_sentence_隅.mp3]
伺う,拜访；请教,先生のお宅に伺いました。,我拜访了老师的家。,<ruby>先生<rt>せんせい</rt></ruby>の<ruby>お宅<rt>おたく</rt></ruby>に<ruby>伺いました<rt>うかがいました</rt></ruby>。,<ol><li>先生（せんせい）：老师，尊称。</li><li>お宅（おたく）：贵府、府上，对他人家的敬称。</li><li>伺いました（うかがいました）：是动词「伺う」的敬语过去式，用于自谦表示“拜访、请教”。</li><li>日语中自谦语用于将自己的行为降低以凸显对方的尊敬，这是日本礼仪文化的重要组成部分。</li></ol>,[sound:jlpt_vocabulary_in_sentence_伺う.mp3]
再来週,下下周,再来週に新しい仕事が始まります。,下下周开始新的工作。,<ruby>再来週<rt>さらいしゅう</rt></ruby>に<ruby>新しい<rt>あたらしい</rt></ruby><ruby>仕事<rt>しごと</rt></ruby>が<ruby>始まります<rt>はじまります</rt></ruby>。,<ol><li>再来週（さらいしゅう）：指“下下周”，即现在的下一个星期后的那一周。</li><li>に：表示时间点的助词，类似于“在……时”。</li><li>新しい（あたらしい）：形容词，表示“新的”。</li><li>仕事（しごと）：名词，意思是“工作”。</li><li>が：主语助词，提示主语“工作”。</li><li>始まります（はじまります）：动词“始まる（はじまる）”的敬体，表示“开始”。</li><li>句子结构为“时间+に+事情+が+动词敬体”，是日语常见的表达方式。</li></ol>,[sound:jlpt_vocabulary_in_sentence_再来週.mp3]
夢,梦想,私は子供の頃から夢を持っていました。,我从小就有梦想。,<ruby>私<rt>わたし</rt></ruby>は<ruby>子供<rt>こども</rt></ruby>の<ruby>頃<rt>ころ</rt></ruby>から<ruby>夢<rt>ゆめ</rt></ruby>を<ruby>持って<rt>もって</rt></ruby><ruby>いました<rt>いました</rt></ruby>。,<ol><li>私（わたし）：意思是“我”。</li><li>子供（こども）：意思是“孩子”，の表示前后名词的修饰关系，“子供の頃”指“小时候”。</li><li>夢（ゆめ）：目标单词，意思是“梦想、梦想”。</li><li>持つ（もつ）：动词“持有、拥有”，“持っていました”为“持つ”的持续过去式，表示“一直拥有”。</li><li>から：表示动作或状态的起点，这里表示“从小时候起”。</li><li>语法：“〜ていました”表示过去持续的状态或动作。“夢を持っていました”即“曾一直有梦想”。</li></ol>,[sound:jlpt_vocabulary_in_sentence_夢.mp3]
喉,喉咙,喉が痛くて声が出ません。,喉咙疼，说不出话来。,<ruby>喉<rt>のど</rt></ruby>が<ruby>痛くて<rt>いたくて</rt></ruby><ruby>声<rt>こえ</rt></ruby>が<ruby>出ません<rt>でません</rt></ruby>。,<ol><li>喉（のど）：指人的喉咙或咽喉部位。</li><li>痛くて：形容词“痛い（いたい，疼痛）”的て形，表示因果、并列或追加说明。</li><li>声（こえ）：声音、人类发声的声音。</li><li>出ません：“出る（でる，出来、发出）”的否定形式“出ません”，表示发不出来。</li><li>「が」助词，提示主语或对象。</li></ol>,[sound:jlpt_vocabulary_in_sentence_喉.mp3]
最近,最近，近来,最近は天気がよくありません。,最近天气不好。,<ruby>最近<rt>さいきん</rt></ruby>は<ruby>天気<rt>てんき</rt></ruby>が<ruby>よく<rt>よく</rt></ruby><ruby>ありません<rt>ありません</rt></ruby>。,<ol><li>最近（さいきん）：表示最近、近来、这段时间。</li><li>天気（てんき）：天气。</li><li>が：主语助词，表示前面的事物是主语。</li><li>よくありません：是「いい」（好）的否定形式，「よい」是「いい」的书面体，变否定为「よくない」，再变为更礼貌的否定「よくありません」（不好）。</li><li>「は」是提示主题助词，提示最近这一时间段。</li><li>语法点：「は」用来强调最近这一段时间的情况发生了变化。「ありません」用作否定表达时，语气更委婉、礼貌，常用于描述当前状态。</li></ol>,[sound:jlpt_vocabulary_in_sentence_最近.mp3]
周り,周围，附近,駅の周りには店がたくさんあります。,车站周围有很多商店。,<ruby>駅<rt>えき</rt></ruby>の<ruby>周り<rt>まわり</rt></ruby>には<ruby>店<rt>みせ</rt></ruby>がたくさんあります。,<ol><li>駅（えき）：名词，表示车站。</li><li>の：格助词，表示“的”的意思，将前后两个名词连接起来，表示所属或限定关系。</li><li>周り（まわり）：名词，意思是“周围、附近”。用于描述某物体或地点的四周。</li><li>には：助词“に”表明作用、存在的场所，“は”突出主题，合用强调“在……这个地方”。</li><li>店（みせ）：名词，商店、店铺。</li><li>たくさん：副词，表示“很多、许多”。</li><li>あります：动词“ある”的礼貌形，表示物体的存在（用于无生命的东西）。</li><li>日语中表达“某地附近有……”的常用结构是“场所+の周りには+东西+が+あります”。</li></ol>,[sound:jlpt_vocabulary_in_sentence_周り.mp3]
歴史,历史,日本の歴史はとても長いです。,日本的历史非常悠久。,<ruby>日本<rt>にほん</rt></ruby>の<ruby>歴史<rt>れきし</rt></ruby>はとても<ruby>長い<rt>ながい</rt></ruby>です。,<ol><li>日本（にほん）：日本国名。</li><li>の：格助词，表示所属关系，连接前后名词。</li><li>歴史（れきし）：历史。</li><li>は：提示助词，表示主题。</li><li>とても：副词，非常，很。</li><li>長い（ながい）：形容词，长，久。</li><li>です：判断句结尾的礼貌形式。</li><li>语法说明：「AのB」结构表示“A的B”，用来修饰名词；「は～です」是日语简单肯定句的礼貌体表达方式。</li></ol>,[sound:jlpt_vocabulary_in_sentence_歴史.mp3]
不便,不方便,駅から遠くて不便です。,离车站远，很不方便。,<ruby>駅<rt>えき</rt></ruby>から<ruby>遠くて<rt>とおくて</rt></ruby><ruby>不便<rt>ふべん</rt></ruby>です。,<ol><li>駅（えき）：意思是“车站”。</li><li>から：表示动作、状态的起点，译为“从”。</li><li>遠くて（とおくて）：动词“遠い（とおい，远）”的て形，用于连接理由或附加信息。</li><li>不便（ふべん）：形容动词，意思是“不方便”。</li><li>です：礼貌结句助动词。</li><li>形容动词用「で」或「で」＋「す」构成谓语，如“不便です”。</li></ol>,[sound:jlpt_vocabulary_in_sentence_不便.mp3]
血,血液,彼は足から血が出ています。,他的腿在流血。,<ruby>彼は<rt>かれは</rt></ruby><ruby>足から<rt>あしから</rt></ruby><ruby>血<rt>ち</rt></ruby>が<ruby>出ています<rt>でています</rt></ruby>。,<ol><li>彼（かれ）：他，男性第三人称代词。</li><li>足（あし）：腿、脚。</li><li>から：格助词，表示出发点、来源。</li><li>血（ち）：血液。</li><li>が：主语助词，表明“血”为主语。</li><li>出ています：动词“出る（でる）”的ている形式，表示动作的持续，这里是“正在流出”的意思。</li></ol>,[sound:jlpt_vocabulary_in_sentence_血.mp3]
～続ける,持续做…,彼は勉強し続ける決意を持っている。,他有着坚持学习的决心。,<ruby>彼<rt>かれ</rt></ruby>は<ruby>勉強<rt>べんきょう</rt></ruby><ruby>し続ける<rt>しつづける</rt></ruby><ruby>決意<rt>けつい</rt></ruby>を<ruby>持っている<rt>もっている</rt></ruby>。,<ol><li>し続ける：是动词连用形加「続ける」（つづける）的形式，表示动作的持续。例如「読み続ける」即“持续读”。</li><li>持っている：表示“持有”“拥有”，也是「持つ」的ている形式，表持续状态。</li><li>句子结构为「主语＋は＋动词连用形＋続ける＋其他成分」，描述主语持续做某事。</li></ol>,[sound:jlpt_vocabulary_in_sentence_～続ける.mp3]
毛,毛发,猫の毛がソファにたくさん付いている。,猫的毛沾在沙发上很多。,<ruby>猫<rt>ねこ</rt></ruby>の<ruby>毛<rt>け</rt></ruby>がソファにたくさん<ruby>付いている<rt>ついている</rt></ruby>。,<ol><li>猫（ねこ）：猫。</li><li>の：表示前后名词的所属关系，可理解为“的”。</li><li>毛（け）：毛发。</li><li>が：主格助词，标示主语。</li><li>ソファ：外来语，意为“沙发”。</li><li>に：地点助词，表“在……上”。</li><li>たくさん：很多、许多。</li><li>付いている（ついている）：动词「付く」的ている形，表示状态的持续，意为“附着着、粘着着”。本句表达某物附着在某处。</li><li>语法：1）「AのB」表示A的B的所属关系。2）动词ている表示动作的状态或结果的持续。</li></ol>,[sound:jlpt_vocabulary_in_sentence_毛.mp3]
ひどい,严重的,昨日の雨はひどかったです。,昨天的雨很厉害。,<ruby>昨日<rt>きのう</rt></ruby>の<ruby>雨<rt>あめ</rt></ruby>は<ruby>ひどかった<rt>ひどかった</rt></ruby>です。,<ol><li>昨日（きのう）：昨天。</li><li>雨（あめ）：雨。</li><li>は：主题助词，表示主语。</li><li>ひどい：形容词，意思是“厉害的”、“严重的”，常形容情况糟糕、程度深等。</li><li>ひどかった：是“ひどい”的过去式，用于描述过去的情况。</li><li>です：礼貌结尾词。</li><li>语法亮点：形容词过去式“〜かった”的用法，即将い形容词的「い」去掉加「かった」表示过去。</li></ol>,[sound:jlpt_vocabulary_in_sentence_ひどい.mp3]
例えば,例如,例えば雨の日には読書をします。,比如说下雨天我会看书。,<ruby>例えば<rt>たとえば</rt></ruby><ruby>雨<rt>あめ</rt></ruby>の<ruby>日<rt>ひ</rt></ruby>には<ruby>読書<rt>どくしょ</rt></ruby>をします。,<ol><li>例えば（たとえば）：副词，表示“例如、比如”，用于举例说明。</li><li>雨の日（あめのひ）：“下雨的日子”。</li><li>には：表示动作发生的场合或条件，常用于“○○には～”的句型。</li><li>読書（どくしょ）：名词，指“读书”。</li><li>します：动词“する”的敬体形式，表示做某事。</li><li>语法结构上，这句话的顺序是：例子提示（例えば）+ 场合（雨の日には）+ 动作（読書をします）。</li></ol>,[sound:jlpt_vocabulary_in_sentence_例えば.mp3]
中々,很、相当,この問題は中々難しいですね。,这个问题相当难啊。,<ruby>この<rt>この</rt></ruby><ruby>問題<rt>もんだい</rt></ruby>は<ruby>中々<rt>なかなか</rt></ruby><ruby>難しい<rt>むずかしい</rt></ruby><ruby>ですね<rt>ですね</rt></ruby>。,<ol><li>この：指示代词，表示“这个”。</li><li>問題（もんだい）：名词，意思是“问题、题目”。</li><li>は：主题助词，表示句子的主题。</li><li>中々（なかなか）：副词，表示程度很高、很难得，常用于肯定句，译为“相当、很”。</li><li>難しい（むずかしい）：形容词，意为“难、困难”。</li><li>ですね：表达同意、确认或感叹的语气。</li><li>语法点：副词中々用于形容词前，强调事物的高难度或显著程度，常常在客观评价时使用。</li></ol>,[sound:jlpt_vocabulary_in_sentence_中々.mp3]
随分,非常、相当,今日は随分寒いですね。,今天相当冷啊。,<ruby>今日<rt>きょう</rt></ruby>は<ruby>随分<rt>ずいぶん</rt></ruby><ruby>寒い<rt>さむい</rt></ruby><ruby>です<rt>です</rt></ruby>ね。,<ol><li>今日（きょう）：今天。</li><li>は：主题助词，表示主语或话题。</li><li>随分（ずいぶん）：副词，表示程度很高、非常，相当。</li><li>寒い（さむい）：形容词，寒冷。</li><li>です：敬体句末助动词，表示礼貌。</li><li>ね：终助词，用于加强语气或征求对方同感。</li><li>语法点：副词“随分”用来修饰形容词，增强形容词的程度；句末加“ね”是日语口语表达中常用来表示感叹或寻求共鸣的一种方式。</li></ol>,[sound:jlpt_vocabulary_in_sentence_随分.mp3]
～やすい,容易…，好…,この薬は飲みやすいです。,这种药很容易服用。,<ruby>この<rt>この</rt></ruby><ruby>薬<rt>くすり</rt></ruby>は<ruby>飲みやすい<rt>のみやすい</rt></ruby><ruby>です<rt>です</rt></ruby>。,<ol><li>单词解释：<br>この（这个），薬（くすり：药），は（助词，主题标记），飲みやすい（のみやすい：容易喝），です（礼貌句尾）</li><li>语法说明：「动词ます形去ます」+「やすい」表示“容易做……”的意思，用于说明某事很容易实现。本句中「飲みやすい」说明药容易喝。</li><li>文化补充：日本药品常注重口感和服用方便，「飲みやすい」是常用来描述食品、药品等易入口的表达。</li></ol>,[sound:jlpt_vocabulary_in_sentence_～やすい.mp3]
押し入れ,壁橱,押し入れの中に布団があります。,壁橱里有被褥。,<ruby>押し入れ<rt>おしいれ</rt></ruby><ruby>の<rt>の</rt></ruby><ruby>中<rt>なか</rt></ruby><ruby>に<rt>に</rt></ruby><ruby>布団<rt>ふとん</rt></ruby><ruby>が<rt>が</rt></ruby><ruby>あります<rt>あります</rt></ruby>。,<ol><li>押し入れ（おしいれ）：日本传统住宅中的壁橱，用来存放被褥等大型物品。</li><li>中（なか）：表示范围内部，「の中に」表示“在……里面”。</li><li>布団（ふとん）：传统日式被褥。</li><li>「あります」：是“有（存在）”的动词，用于无生命物体。</li><li>日语中表存在的句型“名词＋が＋あります”表示某物存在于某处。</li><li>押し入れ作为日本住家庭常见设施，体现了日本节省空间的生活文化。</li></ol>,[sound:jlpt_vocabulary_in_sentence_押し入れ.mp3]
電灯,电灯,机の上に電灯があります。,桌子上有电灯。,<ruby>机<rt>つくえ</rt></ruby>の<ruby>上<rt>うえ</rt></ruby>に<ruby>電灯<rt>でんとう</rt></ruby>が<ruby>あります<rt>あります</rt></ruby>。,<ol><li>机（つくえ）：桌子。</li><li>の：表示所属关系，相当于“的”。</li><li>上（うえ）：上面。</li><li>～にあります：（ある）表示无生命物体的存在，这里的“に”表示位置。“あります”是“ある”的礼貌形。</li><li>電灯（でんとう）：电灯。</li><li>が：主语助词，指明存在的主体。</li><li>文化补充：在日本，家庭照明常常称为“電灯”，基础生活设施。</li></ol>,[sound:jlpt_vocabulary_in_sentence_電灯.mp3]
叱る,批评，责骂,先生に叱られて反省しました。,被老师批评后我反省了。,<ruby>先生<rt>せんせい</rt></ruby>に<ruby>叱られて<rt>しかられて</rt></ruby><ruby>反省<rt>はんせい</rt></ruby><ruby>しました<rt>しました</rt></ruby>。,<ol><li>先生（せんせい）：老师。</li><li>に：助词，表示动作的对象。</li><li>叱られて（しかられて）：动词「叱る」的被动形，表示“被批评，被训斥”。</li><li>反省（はんせい）：反省，反思。</li><li>しました：动词「する」的过去式，表示完成。</li><li>日语中，使用动词被动形表达受到某种影响，这通常带有负面含义，如被批评、被骂等，如「叱られる」（被责备）。「叱る」通常用于长辈或上级对晚辈、学生等批评的场景。</li></ol>,[sound:jlpt_vocabulary_in_sentence_叱る.mp3]
サンダル,凉鞋,夏になるとサンダルを履きます。,一到夏天就会穿凉鞋。,<ruby>夏<rt>なつ</rt></ruby>になるとサンダルを<ruby>履きます<rt>はきます</rt></ruby>。,<ol><li>夏（なつ）：夏天。</li><li>なる：动词，变成、到达某状态。</li><li>と：表示条件，连词，译为“一……就……”。</li><li>サンダル：凉鞋，音译外来语。</li><li>を：助词，表示动作的对象。</li><li>履きます（はきます）：动词“履く”的敬体，穿（鞋、袜）。</li><li>语法：なると结构表示“当……的时候、到了……就……”。</li><li>文化：日本夏天气候闷热，很多人喜欢穿凉鞋（サンダル）出门。</li></ol>,[sound:jlpt_vocabulary_in_sentence_サンダル.mp3]
びっくりする,吃惊,突然大きな音がしてびっくりしました。,突然响起很大的声音让我吃了一惊。,<ruby>突然<rt>とつぜん</rt></ruby><ruby>大きな<rt>おおきな</rt></ruby><ruby>音<rt>おと</rt></ruby>がしてびっくりしました。,<ol><li>突然（とつぜん）：副词，意思是“突然、忽然”。</li><li>大きな（おおきな）：连体词，修饰后面的名词，意思为“大”。</li><li>音（おと）：名词，指“声音”。</li><li>が：格助词，标记主语。</li><li>する：动词“做”。音がする，表示“发出声音”。</li><li>びっくりする：惯用语，表示“吃惊、吓一跳”。这里用过去式“びっくりしました”。</li><li>句型说明：“～してびっくりしました”表示“因为～而吃惊”。</li></ol>,[sound:jlpt_vocabulary_in_sentence_びっくりする.mp3]
うまい,好吃,このラーメンは本当にうまいですね。,这碗拉面真的很好吃啊。,<ruby>この<rt>この</rt></ruby><ruby>ラーメン<rt>らーめん</rt></ruby>は<ruby>本当に<rt>ほんとうに</rt></ruby><ruby>うまい<rt>うまい</rt></ruby><ruby>です<rt>です</rt></ruby><ruby>ね<rt>ね</rt></ruby>。,<ol><li>この：指示词，表示“这个”。</li><li>ラーメン（らーめん）：外来语，意为“拉面”，日本很常见的快餐食品。</li><li>は：提示助词，用于主题提示。</li><li>本当に（ほんとうに）：副词，表示“真的、确实”。</li><li>うまい：形容词，意为“好吃、美味”；也可指“擅长”。</li><li>です：礼貌句末表达。</li><li>ね：语气助词，用于加强语气，表示感叹或寻求共鸣。</li></ol>,[sound:jlpt_vocabulary_in_sentence_うまい.mp3]
変える,改变，变更,考え方を変えることが大切です。,改变想法是很重要的。,<ruby>考え方<rt>かんがえかた</rt></ruby><ruby>を<rt>を</rt></ruby><ruby>変える<rt>かえる</rt></ruby><ruby>こと<rt>こと</rt></ruby><ruby>が<rt>が</rt></ruby><ruby>大切です<rt>たいせつです</rt></ruby>。,<ol><li>考え方（かんがえかた）：由“考える（思考）”和表示方法的“方”构成，意为“思考方式”或“想法”。</li><li>を：助词，表示动作的对象（宾语）。</li><li>変える（かえる）：动词，表示“改变”或“变更”。</li><li>こと：将动词变为名词形式，表示抽象动作（这里指“改变想法这件事”）。</li><li>が：主语助词，指出本句主语“改变想法这件事”。</li><li>大切です（たいせつです）：“大切”为重要、珍惜之意。结尾“です”表示礼貌。</li><li>语法说明：“动词原形＋こと”常用来将动词名词化，作为全句主语或宾语使用。</li></ol>,[sound:jlpt_vocabulary_in_sentence_変える.mp3]
講堂,讲堂,新しい講堂が完成しました。,新的讲堂建成了。,<ruby>新しい<rt>あたらしい</rt></ruby><ruby>講堂<rt>こうどう</rt></ruby>が<ruby>完成しました<rt>かんせいしました</rt></ruby>。,<ol><li>新しい（あたらしい）：形容词，意思是“新”。</li><li>講堂（こうどう）：名词，意为“讲堂、大礼堂”。</li><li>が：表示主语的助词。</li><li>完成しました（かんせいしました）：完成する（かんせいする）的敬体过去形式，表示“完成了”。</li><li>本句是典型的主谓结构，表示某物已经完成。</li></ol>,[sound:jlpt_vocabulary_in_sentence_講堂.mp3]
子,孩子,田中さんには子が二人います。,田中有两个孩子。,<ruby>田中さん<rt>たなかさん</rt></ruby><ruby>には<rt>には</rt></ruby><ruby>子<rt>こ</rt></ruby><ruby>が<rt>が</rt></ruby><ruby>二人<rt>ふたり</rt></ruby><ruby>います<rt>います</rt></ruby>。,<ol><li>田中さん：表示“田中先生/女士”，是常见姓氏后加敬称（さん）。</li><li>には：に表示存在“在～有”，は表示主语标记。</li><li>子（こ）：表示“孩子”。</li><li>二人（ふたり）：表示“两个人”，在此指“两个孩子”。</li><li>います：动词いる的敬体，表示有（用于人或动物）。</li><li>语法知识：日语表达家中的“有人/有孩子”时常用「（人）には（子供）が～います」。主语常用には加强限定。</li></ol>,[sound:jlpt_vocabulary_in_sentence_子.mp3]
沸かす,煮沸,お湯を沸かすのを手伝ってください。,请帮我烧开水。,<ruby>お湯<rt>おゆ</rt></ruby>を<ruby>沸かす<rt>わかす</rt></ruby>のを<ruby>手伝って<rt>てつだって</rt></ruby>ください。,<ol><li>お湯（おゆ）：热水。“お”为礼貌前缀，表示尊敬。</li><li>沸かす（わかす）：使沸腾。是动词，表示“烧开”、“煮沸”。</li><li>手伝ってください：“手伝う（てつだう）”的て形与“ください”组合，表示“请帮忙做……”的请求表达方式。</li></ol>,[sound:jlpt_vocabulary_in_sentence_沸かす.mp3]
レジ,收银台,レジでお金を払いました。,我在收银台付款了。,<ruby>レジ<rt>れじ</rt></ruby>で<ruby>お金<rt>おかね</rt></ruby>を<ruby>払いました<rt>はらいました</rt></ruby>。,<ol><li>レジ：收银台；商店或超市用来结账付款的地方。</li><li>で：格助词，表示动作发生的场所，相当于中文“在……”。</li><li>お金（おかね）：钱，前缀“お”表示礼貌。</li><li>払いました（はらいました）：动词“払う（はらう）”的过去式，意思是“支付了、付了”。</li><li>本句型“〜で〜を〜ました”常用作“在……（场所）做了……（动词）”。</li></ol>,[sound:jlpt_vocabulary_in_sentence_レジ.mp3]
しばらく,一会儿,しばらく待ってください。,请稍等一下。,<ruby>しばらく<rt>しばらく</rt></ruby><ruby>待って<rt>まって</rt></ruby><ruby>ください<rt>ください</rt></ruby>。,<ol><li>しばらく：副词，意思是“暂时、过一会儿、稍微”。常用于表示一段不太长的时间，如“请稍等一下”、“暂时休息”。</li><li>待ってください：动词“待つ（まつ）”的て形“待って”加上“ください”，表示请求别人“请等一等”。这是日语中常用的礼貌请求表达方式。</li></ol>,[sound:jlpt_vocabulary_in_sentence_しばらく.mp3]
特に,特别，尤其,今日は特に寒いです。,今天特别冷。,<ruby>今日<rt>きょう</rt></ruby>は<ruby>特に<rt>とくに</rt></ruby><ruby>寒い<rt>さむい</rt></ruby>です。,<ol><li>今日（きょう）：今天。时间名词。</li><li>は：主题助词，表示主语。</li><li>特に（とくに）：副词，表示“特别，尤其”，用来强调后面的内容。</li><li>寒い（さむい）：形容词，表示“冷”。</li><li>です：礼貌结句助动词，用于句末，增添礼貌。</li><li>句子结构为“名词+は+副词+形容词+です”，表示主语在某方面的状态，常见日常表达。</li></ol>,[sound:jlpt_vocabulary_in_sentence_特に.mp3]
空く,空闲、空着,電車の席が空くのを待ちます。,等地铁的座位空出来。,<ruby>電車<rt>でんしゃ</rt></ruby>の<ruby>席<rt>せき</rt></ruby>が<ruby>空く<rt>あく</rt></ruby>のを<ruby>待ちます<rt>まちます</rt></ruby>。,<ol><li>電車（でんしゃ）：电车、地铁。</li><li>席（せき）：座位。</li><li>空く（あく）：动词，表示“空闲”“空出来”“有空位”等意思，常用于描述座位、时间等变得可用。</li><li>待ちます（まちます）：动词“待つ（まつ）”的ます形，表示“等待”。</li><li>「のを待ちます」：这里“の”为形式名词，指代前面动词的动作本身，句子结构是“动词普通形+のを待つ”，表示“等……的时候/动作”。</li></ol>,[sound:jlpt_vocabulary_in_sentence_空く.mp3]
計画,计划,夏休みに旅行の計画を立てました。,我制定了暑假的旅行计划。,<ruby>夏休み<rt>なつやすみ</rt></ruby>に<ruby>旅行<rt>りょこう</rt></ruby>の<ruby>計画<rt>けいかく</rt></ruby>を<ruby>立てました<rt>たてました</rt></ruby>。,<ol><li>夏休み（なつやすみ）：暑假。</li><li>旅行（りょこう）：旅行、出游。</li><li>計画（けいかく）：计划、规划。本例是目标词。</li><li>〜の：表示前面的名词修饰后面的名词，这里是“旅行的计划”。</li><li>を：宾语助词，表示动作的对象，这里是“计划”。</li><li>立てました（たてました）：“立てる”的过去敬体，意为“制定、建立”。</li><li>语法说明：日语中“〜に”常用来表示时间点。“〜を立てる”比喻“制定计划”等。</li></ol>,[sound:jlpt_vocabulary_in_sentence_計画.mp3]
通り,路、方法,駅の通りに新しい店ができました。,车站的那条路上新开了一家店。,<ruby>駅<rt>えき</rt></ruby>の<ruby>通り<rt>とおり</rt></ruby>に<ruby>新しい<rt>あたらしい</rt></ruby><ruby>店<rt>みせ</rt></ruby>が<ruby>できました<rt>できました</rt></ruby>。,<ol><li>駅（えき）：意思是“车站”。</li><li>の：表所属或限定，这里指“车站的”。</li><li>通り（とおり）：表示“路”或“街道”。</li><li>に：助词，表示存在或发生的地方，这里是“在路上”。</li><li>新しい（あたらしい）：形容词，表示“新的”。</li><li>店（みせ）：意思是“店铺”。</li><li>が：表示主语，用于引出动作的主体。</li><li>できました：为“できる”的过去式，意为“建成、产生”。</li><li>句型“〜に〜ができる”表示“某地新建或出现了某物”。</li></ol>,[sound:jlpt_vocabulary_in_sentence_通り.mp3]
下着,内衣,新しい下着を買いました。,我买了新的内衣。,<ruby>新しい<rt>あたらしい</rt></ruby><ruby>下着<rt>したぎ</rt></ruby>を<ruby>買いました<rt>かいました</rt></ruby>。,<ol><li>新しい（あたらしい）：形容词，意思是“新的”。</li><li>下着（したぎ）：名词，指靠近皮肤穿着的内衣。</li><li>を：助词，表示动词的对象。</li><li>買いました（かいました）：动词“買う（买）”的过去式敬体，表示过去买了某物。</li></ol>,[sound:jlpt_vocabulary_in_sentence_下着.mp3]
経済,经济,彼は経済について詳しい人です。,他是对经济很了解的人。,<ruby>彼<rt>かれ</rt></ruby>は<ruby>経済<rt>けいざい</rt></ruby><ruby>について<rt>について</rt></ruby><ruby>詳しい<rt>くわしい</rt></ruby><ruby>人<rt>ひと</rt></ruby><ruby>です<rt>です</rt></ruby>。,<ol><li>彼（かれ）：指“他”。</li><li>は：主题助词，用于提示句子的主语。</li><li>経済（けいざい）：意为“经济”。</li><li>について：表示“关于……”，用来说明讨论或话题的内容。</li><li>詳しい（くわしい）：形容词，意思是“详细、熟悉”。</li><li>人（ひと）：人。</li><li>です：礼貌结句形式。</li><li>语法要点：本句中“について”常用来引出讨论话题对象，主语后助词“は”引导说明对象。全句结构为“某人はNについて詳しい人です”，常用于介绍某人擅长领域。</li></ol>,[sound:jlpt_vocabulary_in_sentence_経済.mp3]
こう,这样,こう言われると少し困ります。,这样一说让我有些为难。,<ruby>こう<rt>こう</rt></ruby><ruby>言われる<rt>いわれる</rt></ruby>と<ruby>少し<rt>すこし</rt></ruby><ruby>困ります<rt>こまります</rt></ruby>。,<ol><li>こう：副词，意思是“这样”，用来描述说话人当前指示的方式、状态、情况，常与相对的“そう（那样）”“ああ（那样）”呼应使用。</li><li>言われる：动词“言う”（说）的被动形式，表示“被说，被讲”。</li><li>と：表示条件连接词，当“这样被说”的时候。</li><li>少し：副词，表示程度“有点、稍微”。</li><li>困ります：动词“困る”（为难、困扰）的敬体形式“困ります”。整体句子表达了因被这样讲而感到有些为难。</li><li>用法说明：“こう〜と……”结构常表示因为以某种方式说话或发生某事而导致后续感受或结果。</li></ol>,[sound:jlpt_vocabulary_in_sentence_こう.mp3]
是非,务必、一定,この本を是非読んでください。,请一定读这本书。,この<ruby>本<rt>ほん</rt></ruby>を<ruby>是非<rt>ぜひ</rt></ruby><ruby>読んで<rt>よんで</rt></ruby><ruby>ください<rt>ください</rt></ruby>。,<ol><li>この：日语指示词，表示“这个”。</li><li>本（ほん）：名词，意为“书”。</li><li>を：助词，表示动作的对象，在这里标明“本”为阅读的对象。</li><li>是非（ぜひ）：副词，表示“务必、一定要”，用于请求、邀请等场合加强语气。</li><li>読んでください：読んで是动词“読む（よむ）”的て形，“ください”用于请求、请做某事的表达。</li><li>语法知识：动词て形＋ください，用于礼貌地请求对方做某事。</li></ol>,[sound:jlpt_vocabulary_in_sentence_是非.mp3]
裏,背面，里面,この箱の裏に手紙があります。,这个箱子的背面有一封信。,<ruby>この<rt>この</rt></ruby><ruby>箱<rt>はこ</rt></ruby>の<ruby>裏<rt>うら</rt></ruby>に<ruby>手紙<rt>てがみ</rt></ruby>が<ruby>あります<rt>あります</rt></ruby>。,<ol><li>この：连体词，表示“这个”，用于指示名词。</li><li>箱（はこ）：名词，意为“箱子”。</li><li>の：助词，表示前后名词的所属关系，“的”。</li><li>裏（うら）：名词，表示“背面，里面”，与表面（おもて）相对。</li><li>に：表示动作发生的场所或存在的地点。</li><li>手紙（てがみ）：名词，意为“信件”。</li><li>が：主语助词，强调前面的名词是动作的承受者。</li><li>あります：动词“ある”的礼貌形，表示东西的存在（用于无生命物品）。</li><li>句型“～の裏に～があります”常用于说明某物位于某物的背后、里面等位置。</li></ol>,[sound:jlpt_vocabulary_in_sentence_裏.mp3]
為,为了,家族の為に頑張ります。,为了家人，我会努力。,<ruby>家族<rt>かぞく</rt></ruby>の<ruby>為<rt>ため</rt></ruby>に<ruby>頑張ります<rt>がんばります</rt></ruby>。,<ol><li>家族（かぞく）：家人、家族。</li><li>の：表示所属、领属关系，相当于“的”。</li><li>為（ため）：表示原因、目的，相当于“为了”。</li><li>に：表示动作的目的地、对象，此处与「為」搭配表目的。</li><li>頑張ります（がんばります）：动词“努力”，“加油”的意思。</li><li>语法结构：「A の為に B」：“为了A而B”，表达目的。</li></ol>,[sound:jlpt_vocabulary_in_sentence_為.mp3]
おいでになる,来，去（敬语）,先生がおいでになりますので、お待ちください。,老师要来了，请稍等。,<ruby>先生<rt>せんせい</rt></ruby>が<ruby>おいでになります<rt>おいでになります</rt></ruby><ruby>ので<rt>ので</rt></ruby>、<ruby>お待ちください<rt>おまちください</rt></ruby>。,<ol><li>先生（せんせい）：老师。</li><li>おいでになる：是「行く」和「来る」以及「いる」的尊敬语表达，用于提升对方的身份，多用于正式或礼貌的场合。</li><li>ので：表示原因、理由，「因为……」。接在句子后面表示前因后果。</li><li>お待ちください：「待つ」的敬语，用「お～ください」的结构表示请对方做某事。</li><li>尊敬语：日语中表达尊敬对方地位和行为的用法，常用于对上级、老师、客户等。</li></ol>,[sound:jlpt_vocabulary_in_sentence_おいでになる.mp3]
変わる,变化，改变,季節が変わると服装も変わります。,季节变化时，服装也会变。,<ruby>季節<rt>きせつ</rt></ruby>が<ruby>変わる<rt>かわる</rt></ruby>と<ruby>服装<rt>ふくそう</rt></ruby>も<ruby>変わります<rt>かわります</rt></ruby>。,<ol><li>季節（きせつ）：季节。</li><li>が：助词，表示主语。</li><li>変わる（かわる）：动词，意思是“变化、改变”。这里表示“季节发生了变化”。</li><li>と：连接词，表示“当……时”或“如果……就”，这里表示前项发生时后项也随之发生。</li><li>服装（ふくそう）：服装、衣着。</li><li>も：助词，表示也、同样。</li><li>変わります（かわります）：“変わる”的敬体形式，表示动作或状态的变化，主语为第三人称。</li><li>语法说明：“と”用作条件表示时，常用于“前项发生后，后项必然发生”的场合。</li></ol>,[sound:jlpt_vocabulary_in_sentence_変わる.mp3]
以外,以外，之外,彼以外は誰も来ませんでした。,除了他以外，谁都没有来。,<ruby>彼<rt>かれ</rt></ruby><ruby>以外<rt>いがい</rt></ruby>は<ruby>誰も<rt>だれも</rt></ruby><ruby>来ませんでした<rt>きませんでした</rt></ruby>。,<ol><li>単词解释：<ul><li>彼（かれ）：他</li><li>以外（いがい）：以外、除了……之外</li><li>は：提示助词，表示主题</li><li>誰も（だれも）：谁都（此处与否定连用时表示“谁都不”）</li><li>来ませんでした（きませんでした）：没来（「来る」的过去否定形式）</li></ul></li><li>语法说明：<ul><li>「A以外はB」：除A之外B，一般「以外」接名词，后加「は」突出排除其他对象。</li><li>「誰も～ません」：与否定动词连用，表示“谁都不……”</li></ul></li></ol>,[sound:jlpt_vocabulary_in_sentence_以外.mp3]
済む,结束，解决,問題が無事に済みました。,问题顺利解决了。,<ruby>問題<rt>もんだい</rt></ruby>が<ruby>無事<rt>ぶじ</rt></ruby>に<ruby>済みました<rt>すみました</rt></ruby>。,<ol><li>問題（もんだい）：问题。</li><li>が：主格助词，表示主语“问题”。</li><li>無事（ぶじ）：顺利、平安。</li><li>に：副词化助词，将“无事”修饰下文动词。</li><li>済みました（すみました）：动词“済む”的敬体过去式，表示事情已经“结束/解决”。</li><li>“済む”常用于事情、问题得到圆满处理时，表达“结束”、“解决”的含义。</li><li>“無事に済む”是固定搭配，指“不出意外地结束/解决”。</li></ol>,[sound:jlpt_vocabulary_in_sentence_済む.mp3]
ハンバーグ,汉堡排,夕飯にハンバーグを作りました。,晚饭做了汉堡排。,<ruby>夕飯<rt>ゆうはん</rt></ruby>にハンバーグを<ruby>作りました<rt>つくりました</rt></ruby>。,<ol><li>夕飯（ゆうはん）：指晚饭。</li><li>ハンバーグ：汉堡排，是日本式的肉饼料理，和汉堡包（ハンバーガー）不同。</li><li>を：助词，表示动作的对象。</li><li>作りました（つくりました）：动词「作る」的过去式，表示已经制作完成。</li><li>语法：动词过去式ました表示礼貌、完成的动作。</li><li>文化补充：日本的『ハンバーグ』一般用牛肉或猪肉糜制作，不夹面包片，常与酱汁一同食用。</li></ol>,[sound:jlpt_vocabulary_in_sentence_ハンバーグ.mp3]
市,城市,この市は静かで住みやすいです。,这个城市很安静，适合居住。,<ruby>この<rt>この</rt></ruby><ruby>市<rt>し</rt></ruby>は<ruby>静か<rt>しずか</rt></ruby>で<ruby>住みやすい<rt>すみやすい</rt></ruby>です。,<ol><li>この：连体词，表示“这个”。</li><li>市（し）：城市、市级行政单位。</li><li>静か（しずか）：形容动词，表示“安静”。</li><li>で：形容动词“静か”的て形，连接后句。</li><li>住みやすい（すみやすい）：动词“住む”（すむ）与“やすい”（易于、容易）组成的复合形容词，表示“易于居住”。</li><li>です：礼貌句末助动词。</li><li>主格助词“は”用于提示主语“市”。</li><li>语法点：“AでB”结构，表示A的性质对B有影响，本句为“安静且适合居住”。</li></ol>,[sound:jlpt_vocabulary_in_sentence_市.mp3]
引き出し,抽屉,机の引き出しに手紙があります。,桌子的抽屉里有封信。,<ruby>机<rt>つくえ</rt></ruby>の<ruby>引き出し<rt>ひきだし</rt></ruby>に<ruby>手紙<rt>てがみ</rt></ruby>が<ruby>あります<rt>あります</rt></ruby>。,<ol><li>机（つくえ）：桌子。</li><li>引き出し（ひきだし）：抽屉。本句为名词用法，指桌子的抽屉，可引申为“储备”等含义。</li><li>に：助词，表示动作或状态的存在地点。</li><li>手紙（てがみ）：信、信件。</li><li>が：主语助词，提示存在的主体。</li><li>あります：表示物体存在，一般用于无生命物体。</li><li>语法：句型“〜に〜があります”，用于表示某地有某物。需要注意“あります”只用于无生命物体或静物。</li></ol>,[sound:jlpt_vocabulary_in_sentence_引き出し.mp3]
遊び,玩耍,子供たちは公園で遊びます。,孩子们在公园里玩耍。,<ruby>子供たち<rt>こどもたち</rt></ruby>は<ruby>公園<rt>こうえん</rt></ruby>で<ruby>遊びます<rt>あそびます</rt></ruby>。,<ol><li>子供たち（こどもたち）：孩子们。「たち」表示复数。</li><li>は：主语助词，提示主语。</li><li>公園（こうえん）：公园。</li><li>で：地点助词，表示动作发生的场所。</li><li>遊びます（あそびます）：「遊ぶ」（あそぶ）的敬体形式，意为玩耍。</li><li>语法结构：「〜で〜ます」表示“在～做～”。</li></ol>,[sound:jlpt_vocabulary_in_sentence_遊び.mp3]
支度,准备,朝の支度を急いでいます。,我正在赶紧做早上的准备。,<ruby>朝<rt>あさ</rt></ruby>の<ruby>支度<rt>したく</rt></ruby>を<ruby>急いで<rt>いそいで</rt></ruby><ruby>います<rt>います</rt></ruby>。,<ol><li>朝（あさ）：早晨、早上。</li><li>支度（したく）：指的是事前的准备、整理。</li><li>を：宾格助词，表示动作的对象。</li><li>急いで（いそいで）：动词急ぐ（いそぐ）的て形，表示正在匆忙、着急地进行某事。</li><li>います：表示正在进行，表明动作仍在持续。</li><li>语法点：动词て形＋います，表示某个动作正在进行或某种状态的持续。</li></ol>,[sound:jlpt_vocabulary_in_sentence_支度.mp3]
～始める,开始做…,雨が急に降り始めました。,雨突然开始下了起来。,<ruby>雨<rt>あめ</rt></ruby>が<ruby>急に<rt>きゅうに</rt></ruby><ruby>降り<rt>ふり</rt></ruby><ruby>始めました<rt>はじめました</rt></ruby>。,<ol><li>「～始める（はじめる）」：表示动作或状态从某一时刻开始持续下去。接在动词连用形后，如「降り始める」（开始下），表示“开始做……”的意思。</li><li>「急に」：副词，意为“突然”。用来修饰动词，强调变化发生得突然。</li><li>动词「降り始めました」为「降り始める」的礼貌过去式，「ました」表示过去已发生。</li></ol>,[sound:jlpt_vocabulary_in_sentence_～始める.mp3]
見える,看得见,山が遠くに見える。,远处可以看见山。,<ruby>山<rt>やま</rt></ruby>が<ruby>遠く<rt>とおく</rt></ruby>に<ruby>見える<rt>みえる</rt></ruby>。,<ol><li>山（やま）：山。</li><li>が：主语助词，用于提示句子的主语。</li><li>遠く（とおく）：副词，表示距离远。</li><li>に：表示动作指向或位置的助词。</li><li>見える（みえる）：动词，意思是“看得见”，表示不依靠主观意愿自然进入视野，与能愿形式不同。</li><li>句法说明：“名词+が+見える”表示“能看见某物”。</li></ol>,[sound:jlpt_vocabulary_in_sentence_見える.mp3]
十分,非常,今日は十分に休みました。,今天充分休息了。,<ruby>今日<rt>きょう</rt></ruby>は<ruby>十分<rt>じゅうぶん</rt></ruby>に<ruby>休みました<rt>やすみました</rt></ruby>。,<ol><li>今日（きょう）：今天。</li><li>は：主题助词，表示“是……”。</li><li>十分（じゅうぶん）：足够，充分；作为副词，表示“非常地、完全地”。</li><li>に：副词后接助词，标明副词修饰动词。</li><li>休みました（やすみました）：休み（やすみ，休息）的敬体过去式。</li><li>本句语法结构为“～は～に～しました”，表示“……已充分……”。副词「十分に」常用来修饰动词，表达程度充足。</li></ol>,[sound:jlpt_vocabulary_in_sentence_十分.mp3]
音,声音,鳥の音が朝に聞こえる。,早晨能听到鸟的声音。,<ruby>鳥<rt>とり</rt></ruby>の<ruby>音<rt>おと</rt></ruby>が<ruby>朝<rt>あさ</rt></ruby>に<ruby>聞こえる<rt>きこえる</rt></ruby>。,"<ol><li>鳥（とり）：鸟。</li><li>の：表示所属关系的助词。</li><li>音（おと）：声音的意思，常用于具象、自然界的声音（与""声""区分）。</li><li>が：主格助词，提示主语。</li><li>朝（あさ）：早晨，名词。</li><li>に：表示时间点的助词。</li><li>聞こえる（きこえる）：自动词，表示""能听到""（自然而然地听到，不是主动去听）。</li><li>句末用「。」是日语的规范写法。</li><li>日语中「音（おと）」指自然界、物体发出的声音，如鸟鸣、风声，而「声（こえ）」多指人或动物发出的声音，如说话声。</li></ol>",[sound:jlpt_vocabulary_in_sentence_音.mp3]
きっと,一定，必定,きっと雨が降りますよ。,一定会下雨。,<ruby>きっと<rt>きっと</rt></ruby><ruby>雨<rt>あめ</rt></ruby>が<ruby>降ります<rt>ふります</rt></ruby>よ。,<ol><li>きっと：副词，表示说话人有很强的确信，意思为“一定、必定”。</li><li>雨（あめ）：名词，指“雨”。</li><li>が：标明主语的助词。</li><li>降ります（ふります）：动词“降る”的ます形，表示“下（雨、雪等）”。</li><li>よ：语气助词，用于强调句子内容，表达向对方传达信息的心情。</li><li>“きっと”常用于表达主观强烈的推测，与“たぶん（大概、也许）”的程度不同，语气更为肯定。</li></ol>,[sound:jlpt_vocabulary_in_sentence_きっと.mp3]
まず,首先,まずは自己紹介をお願いします。,首先请做一下自我介绍。,<ruby>まず<rt>まず</rt></ruby>は<ruby>自己紹介<rt>じこしょうかい</rt></ruby>を<ruby>お願いします<rt>おねがいします</rt></ruby>。,<ol><li>まず：副词，意为“首先”，用于顺序表达，表明优先进行某事。</li><li>自己紹介（じこしょうかい）：名词，意为“自我介绍”。</li><li>お願いします（おねがいします）：动词形式，用于表达请求、拜托的客气说法。</li><li>“は”是主题助词，标记话题。“を”是宾语助词，标记动作的对象。</li><li>文化背景：日本社交场合常以“まずは自己紹介”开场，自我介绍是交流礼仪。</li></ol>,[sound:jlpt_vocabulary_in_sentence_まず.mp3]
遠く,远方,彼は遠くを見つめていました。,他凝视着远方。,<ruby>彼は<rt>かれは</rt></ruby><ruby>遠く<rt>とおく</rt></ruby><ruby>を<rt>を</rt></ruby><ruby>見つめて<rt>みつめて</rt></ruby><ruby>いました<rt>いました</rt></ruby>。,<ol><li>彼（かれ）：指“他”，用于第三人称男性。</li><li>遠く（とおく）：名词/副词，意为“远方、很远”。此处表示空间的距离远。</li><li>を：宾格助词，表示动作的对象。</li><li>見つめていました（みつめていました）：动词“見つめる”（凝视）的て形加“いる”构成进行时，表示动作正在进行或持续，ここ是过去进行时。</li><li>语法知识：“～ている”形用于表示动作的进行、持续或结果状态。</li></ol>,[sound:jlpt_vocabulary_in_sentence_遠く.mp3]
大体,大致、基本,計画は大体できています。,计划基本已经完成了。,<ruby>計画<rt>けいかく</rt></ruby>は<ruby>大体<rt>だいたい</rt></ruby><ruby>できています<rt>できています</rt></ruby>。,<ol><li>計画（けいかく）：名词，意思是计划。</li><li>は：主题助词，标记主语。</li><li>大体（だいたい）：副词，表示大致、基本上。</li><li>できています：动词できる（完成、做好）的ている形，表示某动作已经完成持续到现在。</li><li>句子结构为“主语＋は＋副词＋动词”，表达“……已经大致完成”的意思。</li></ol>,[sound:jlpt_vocabulary_in_sentence_大体.mp3]
折れる,折断、弯曲,木の枝が風で折れることがあります。,树枝有时会被风折断。,<ruby>木<rt>き</rt></ruby>の<ruby>枝<rt>えだ</rt></ruby>が<ruby>風<rt>かぜ</rt></ruby>で<ruby>折れる<rt>おれる</rt></ruby>ことが<ruby>あります<rt>あります</rt></ruby>。,<ol><li>木（き）：树，木头。枝（えだ）：树枝。</li><li>～が～で：表示因某种原因导致情况发生。这里“風で”表示“因为风”。</li><li>折れる（おれる）：自动词，表示物体因外力而弯曲或断裂。</li><li>ことがある：用于表达“有时会发生”的意思。</li></ol>,[sound:jlpt_vocabulary_in_sentence_折れる.mp3]
正しい,正确的,正しい答えを選びましょう。,请选择正确的答案。,<ruby>正しい<rt>ただしい</rt></ruby><ruby>答え<rt>こたえ</rt></ruby>を<ruby>選びましょう<rt>えらびましょう</rt></ruby>。,<ol><li>正しい（ただしい）：意思是“正确的、正当的”，常形容判断、回答或行为。</li><li>答え（こたえ）：意思是“回答”或“答案”。</li><li>～を：助词“を”表示动作的对象。</li><li>選びましょう（えらびましょう）：动词“選ぶ（选择）”的～ましょう形，用来号召或建议一起做某事，意思是“让我们选择吧”。</li></ol>,[sound:jlpt_vocabulary_in_sentence_正しい.mp3]
輸入,输入,この欄に名前を輸入してください。,请在这栏输入名字。,<ruby>この<rt>この</rt></ruby><ruby>欄<rt>らん</rt></ruby><ruby>に<rt>に</rt></ruby><ruby>名前<rt>なまえ</rt></ruby><ruby>を<rt>を</rt></ruby><ruby>輸入<rt>ゆにゅう</rt></ruby><ruby>して<rt>して</rt></ruby><ruby>ください<rt>ください</rt></ruby>。,<ol><li>この：指示词，意思是“这个”。</li><li>欄（らん）：指表格、填写项中的栏目。</li><li>に：格助词，表示动作的目的地或对象（“在……”）。</li><li>名前（なまえ）：名字。</li><li>を：助词，表示宾语。</li><li>輸入（ゆにゅう）：原意为“进口”，在电脑术语中指“输入（input）”。</li><li>して：动词“する”的て形，表示动作的连接。</li><li>ください：礼貌的请求表达，相当于中文“请……”。</li><li>「～してください」：请求别人做某事的常用礼貌表达。</li><li>日本在日常生活或填写网页表单时，常用「輸入」表示电脑或设备上的“输入”操作。</li></ol>,[sound:jlpt_vocabulary_in_sentence_輸入.mp3]
返事,回复,先生から返事が来ました。,老师回复了。,<ruby>先生<rt>せんせい</rt></ruby>から<ruby>返事<rt>へんじ</rt></ruby>が<ruby>来ました<rt>きました</rt></ruby>。,<ol><li>先生（せんせい）：老师。</li><li>から：表示动作的起点，这里指“从老师那儿”。</li><li>返事（へんじ）：回信、回复、答复。</li><li>が：主语标志，标明“返事”为主语。</li><li>来ました（きました）：“来る（くる）”的过去时，表示“来了”或“来过”。</li><li>语法说明：から后接给出信息的来源；动词ます形转为ました表示过去发生的动作。</li></ol>,[sound:jlpt_vocabulary_in_sentence_返事.mp3]
都,首都,東京は日本の都です。,东京是日本的首都。,<ruby>東京<rt>とうきょう</rt></ruby>は<ruby>日本<rt>にほん</rt></ruby>の<ruby>都<rt>みやこ</rt></ruby>です。,<ol><li>東京（とうきょう）：日本的首都，地名。</li><li>は：主题助词，表示主题或主语。</li><li>日本（にほん）：国家名，日本。</li><li>の：连接名词，表示所属关系，类似汉语“的”。</li><li>都（みやこ）：这里指“首都”，也有“古都”“城市”之意。</li><li>です：礼貌体的判断词，断定句尾。</li><li>本句型“～は～です”是最基础的判断句结构，常用于介绍和说明。</li></ol>,[sound:jlpt_vocabulary_in_sentence_都.mp3]
産業,产业,この町は産業が発展しています。,这个小镇的产业正在发展。,<ruby>この<rt>この</rt></ruby><ruby>町<rt>まち</rt></ruby><ruby>は<rt>は</rt></ruby><ruby>産業<rt>さんぎょう</rt></ruby><ruby>が<rt>が</rt></ruby><ruby>発展<rt>はってん</rt></ruby><ruby>して<rt>して</rt></ruby><ruby>います<rt>います</rt></ruby>。,<ol><li>この：指示词，表示“这个”。</li><li>町（まち）：名词，意思是“小镇、城镇”。</li><li>は：助词，提示主语。</li><li>産業（さんぎょう）：名词，意为“产业”。</li><li>が：助词，主格助词，连接主语和谓语。</li><li>発展（はってん）：名词，意为“发展”，这里用作动词“正在发展”。</li><li>しています：”する“的ている形式，表示动作正在进行。“発展しています”是固定搭配，表示“正在发展”。</li><li>句子结构采用「主语は+名词が+动词」格式，强调主语地区内某方面的发展，是日语中特有的表达方式。</li></ol>,[sound:jlpt_vocabulary_in_sentence_産業.mp3]
伝える,传达,先生に気持ちを伝えるのは難しいです。,把心情传达给老师很难。,<ruby>先生<rt>せんせい</rt></ruby>に<ruby>気持ち<rt>きもち</rt></ruby>を<ruby>伝える<rt>つたえる</rt></ruby>のは<ruby>難しい<rt>むずかしい</rt></ruby>です,<ol><li>先生（せんせい）：老师。</li><li>気持ち（きもち）：心情、情感。</li><li>を：宾语助词，表示动作的对象。</li><li>伝える（つたえる）：传达、转告、表达。</li><li>のは：将前面的动词短语（传达心情）名词化，作为“难しい”的主语。</li><li>難しい（むずかしい）：难，不容易。</li><li>です：表示礼貌的句尾。</li><li>语法点：“～のは～です”结构把动词短语名词化后作为主语；“～に～を伝える”用于“把[东西]传达给[对象]”。</li></ol>,[sound:jlpt_vocabulary_in_sentence_伝える.mp3]
お金持ち,有钱人,彼はお金持ちなので高い車を買いました。,因为他是有钱人，所以买了昂贵的车。,<ruby>彼<rt>かれ</rt></ruby>は<ruby>お金持ち<rt>おかねもち</rt></ruby>なので<ruby>高い<rt>たかい</rt></ruby><ruby>車<rt>くるま</rt></ruby>を<ruby>買いました<rt>かいました</rt></ruby>。,<ol><li>彼（かれ）：他，代指男性。</li><li>お金持ち（おかねもち）：有钱人，有钱的意思，是「お金」（钱）加上表示持有状态的「持ち」。常用作名词，带有敬语前缀「お」。</li><li>なので：表示原因，相当于“因为……所以”，前接名词或な形容词。</li><li>高い（たかい）：高的、贵的，这里指价格贵。</li><li>車（くるま）：车。</li><li>を：宾格助词，标明动作对象。</li><li>買いました（かいました）：「買う」（买）的礼貌过去式。</li><li>句型解释：「なので」前的内容是原因，后面是结果；表示逻辑因果关系。</li></ol>,[sound:jlpt_vocabulary_in_sentence_お金持ち.mp3]
説明,说明,先生が新しい規則を説明しました。,老师说明了新规定。,<ruby>先生<rt>せんせい</rt></ruby><ruby>が<rt>が</rt></ruby><ruby>新しい<rt>あたらしい</rt></ruby><ruby>規則<rt>きそく</rt></ruby><ruby>を<rt>を</rt></ruby><ruby>説明<rt>せつめい</rt></ruby><ruby>しました<rt>しました</rt></ruby>。,<ol><li>先生（せんせい）：老师。</li><li>新しい（あたらしい）：新的。</li><li>規則（きそく）：规定、规则。</li><li>説明（せつめい）：说明、解释。</li><li>しました：动词「する」的过去式「しました」，表示“做了……”。</li><li>语法：「を」是宾语助词，标明动作的对象。「が」是主语助词，标明句子的主语。「説明しました」表示“说明了”。</li></ol>,[sound:jlpt_vocabulary_in_sentence_説明.mp3]
島,岛,その島には珍しい動物が住んでいます。,那个岛上住着稀有的动物。,その<ruby>島<rt>しま</rt></ruby>には<ruby>珍しい<rt>めずらしい</rt></ruby><ruby>動物<rt>どうぶつ</rt></ruby>が<ruby>住んでいます<rt>すんでいます</rt></ruby>。,<ol><li>その：指示词，表示靠近对方的事物，译为“那个”。</li><li>島（しま）：汉字词，意思是“岛屿”。</li><li>には：格助词“に”表示存在的位置，“は”是主题助词强调该处。</li><li>珍しい（めずらしい）：形容词，意思是“稀有的，罕见的”。</li><li>動物（どうぶつ）：名词，指“动物”。</li><li>が：主语助词，表示主语。</li><li>住んでいます（すんでいます）：动词住む的ている形，表示正在居住。</li><li>语法点：“〜に〜がいます/あります”结构表示某地有生物/无生命物体。本句用“住んでいます”强调居住的状态。</li></ol>,[sound:jlpt_vocabulary_in_sentence_島.mp3]
道具,道具，工具,演劇では道具が重要です。,在戏剧中，道具很重要。,<ruby>演劇<rt>えんげき</rt></ruby>では<ruby>道具<rt>どうぐ</rt></ruby>が<ruby>重要<rt>じゅうよう</rt></ruby>です。,<ol><li>演劇（えんげき）：戏剧、演出。</li><li>では：助词，表示在某种情况下、领域里。</li><li>道具（どうぐ）：工具、道具，这里指舞台表演时所用的物品。</li><li>が：主语助词，提示主语“道具”。</li><li>重要（じゅうよう）：重要的。</li><li>です：礼貌结句。</li><li>本句语法结构是“AではBがCです”，即“在A中，B很C”。</li><li>日本戏剧（如歌舞伎）对道具有特殊讲究，常用各类精致的道具辅助表演。</li></ol>,[sound:jlpt_vocabulary_in_sentence_道具.mp3]
滑る,滑倒,朝の道で滑ることが多いです。,早上的路上经常会滑倒。,<ruby>朝<rt>あさ</rt></ruby>の<ruby>道<rt>みち</rt></ruby>で<ruby>滑る<rt>すべる</rt></ruby>ことが<ruby>多い<rt>おおい</rt></ruby>です,<ol><li>滑る（すべる）：表示“滑倒，打滑”，是五段动词。</li><li>「ことが多い」：用于表达“经常发生某事”。「こと」将前面的动词名词化，「が多い」表示频率高。</li><li>助词「で」：表示动作发生的场所，比如“在路上”。</li><li>日本冬季早晨，道路可能结霜结冰，所以滑倒事故多。</li></ol>,[sound:jlpt_vocabulary_in_sentence_滑る.mp3]
それほど,那么、那么地,この映画はそれほど面白くなかった。,这部电影并没有那么有趣。,<ruby>この<rt>この</rt></ruby><ruby>映画<rt>えいが</rt></ruby>は<ruby>それほど<rt>それほど</rt></ruby><ruby>面白く<rt>おもしろく</rt></ruby><ruby>なかった<rt>なかった</rt></ruby>。,<ol><li>それほど：副词，表示程度，并不如想象中或话题中提及的那样，意思为“那么”、“那样”。</li><li>面白くなかった：形容词面白い（有趣的）的否定形，用于表达“没那么有趣”。形容词连用变成「面白く」后加「ない」的过去式。</li><li>は：提示助词，表示主语或话题。此句中强调“这部电影”。</li></ol>,[sound:jlpt_vocabulary_in_sentence_それほど.mp3]
以上,以上，上面,会議はこれで以上です。,会议到此为止。,<ruby>会議<rt>かいぎ</rt></ruby>は<ruby>これで<rt>これで</rt></ruby><ruby>以上<rt>いじょう</rt></ruby><ruby>です<rt>です</rt></ruby>。,<ol><li>会議（かいぎ）：会议。</li><li>は：主题助词，表示主语。</li><li>これで：表示“到此、至此”。</li><li>以上（いじょう）：本句中表示“到此为止、结束”，也可用于表示数量上的“以上、...及以上”。</li><li>です：表示判断，礼貌语气。</li><li>本句的结构为「主题+は+范围+で+以上+です」，常用于宣布会议等的结束。日本人在正式场合常用“これで以上です”或“本日はこれで終了します”等表达会议结束，体现礼貌和正式性。</li></ol>,[sound:jlpt_vocabulary_in_sentence_以上.mp3]
～まま,保持原状,電気をつけたまま寝ました。,开着灯睡着了。,<ruby>電気<rt>でんき</rt></ruby>をつけたまま<ruby>寝ました<rt>ねました</rt></ruby>。,<ol><li>電気（でんき）：表示“电”，这里指电灯。</li><li>を：宾语助词，标示动作的对象。</li><li>つけた：动词「つける」（开，点）的过去形，表示“打开了”。</li><li>まま：接在动词た形或名词后，表示某个状态保持不变。“～たまま”就是“保持……的状态”。</li><li>寝ました（ねました）：动词「寝る」的过去式，表示“睡觉了”。</li><li>语法：“～たまま”表示动作的结果或状态没有改变，后续动作直接发生。</li></ol>,[sound:jlpt_vocabulary_in_sentence_～まま.mp3]
特急,特快列车,私は特急に乗って大阪へ行きます。,我乘坐特快列车去大阪。,<ruby>私<rt>わたし</rt></ruby>は<ruby>特急<rt>とっきゅう</rt></ruby>に<ruby>乗って<rt>のって</rt></ruby><ruby>大阪<rt>おおさか</rt></ruby>へ<ruby>行きます<rt>いきます</rt></ruby>。,<ol><li>私（わたし）：第一人称，意为“我”。</li><li>特急（とっきゅう）：特快列车，日本铁路中的一种特快列车种类，停靠站较少，速度较快，常用于长距离移动。</li><li>に：格助词，表示动作的目的地，相当于中文“到、去”。</li><li>乗って（のって）：动词“乗る（のる）”的て形，表示搭乘交通工具。</li><li>大阪（おおさか）：日本地名，大阪市。</li><li>へ：助词，表方向，相当于“到、向”。</li><li>行きます（いきます）：动词“行く（いく）”的礼貌形，意为“去”。</li><li>语法：整个句子的结构为「主语は 交通工具に乗って 目的地へ 行きます」，用于表达“乘坐某交通工具去某地”。</li><li>文化补充：在日本，“特急”列车比“急行”和“普通”列车速度更快，通常需要额外购买特急券。</li></ol>,[sound:jlpt_vocabulary_in_sentence_特急.mp3]
プレゼント,礼物,彼は母にプレゼントをあげました。,他给了妈妈礼物。,<ruby>彼<rt>かれ</rt></ruby>は<ruby>母<rt>はは</rt></ruby>にプレゼントを<ruby>あげました<rt>あげました</rt></ruby>。,"<ol><li>彼（かれ）：他，第三人称男性代词。</li><li>母（はは）：母亲，用于称呼自己的母亲。</li><li>に：表示动作的接收对象，这里指""给母亲""。</li><li>プレゼント：礼物，外来语，来自英文“present”。</li><li>を：宾格助词，标记动作对象，这里表示“送礼物”。</li><li>あげました（あげる的敬体过去式）：给予，用于说“我给别人”或“某人给别人”。</li><li>语法：“AはBにCをあげる”表示A把C给B。</li></ol>",[sound:jlpt_vocabulary_in_sentence_プレゼント.mp3]
～(に) よると,根据…,天気予報によると明日は雨です。,根据天气预报，明天会下雨。,<ruby>天気<rt>てんき</rt></ruby><ruby>予報<rt>よほう</rt></ruby><ruby>によると<rt>によると</rt></ruby><ruby>明日<rt>あした</rt></ruby>は<ruby>雨<rt>あめ</rt></ruby>です。,<ol><li>天気（てんき）：天气。</li><li>予報（よほう）：预报。</li><li>によると：表示信息的依据，意为“根据……”。常用来引出传闻、消息来源。</li><li>明日（あした）：明天。</li><li>は：提示助词。</li><li>雨（あめ）：雨。</li><li>です：礼貌结句助动词。</li><li>句型“～によると”常用于传达从第三方获得的信息，后续多为推测、传闻、间接消息。“ます形”或名词接“によると”时需注意句意为来源的说明。</li></ol>,[sound:jlpt_vocabulary_in_sentence_～(に) よると.mp3]
妻,妻子,私の妻は医者です。,我的妻子是医生。,<ruby>私<rt>わたし</rt></ruby>の<ruby>妻<rt>つま</rt></ruby>は<ruby>医者<rt>いしゃ</rt></ruby>です。,<ol><li>私（わたし）：第一人称，表示“我”。</li><li>の：表示所属关系，相当于中文的“的”。</li><li>妻（つま）：意思为“妻子”，用于指自己的配偶，口语也可用「家内（かない）」「奥さん（おくさん）」等称呼，注意用于称呼别人时要用敬语。</li><li>は：主题助词，标明主语。</li><li>医者（いしゃ）：名词，表示“医生”。</li><li>です：敬体判断句结尾，表示礼貌语气。</li><li>本句语法结构为「AのBはCです」，即“A的B是C”。常被用来介绍自己的家人、身份等。</li></ol>,[sound:jlpt_vocabulary_in_sentence_妻.mp3]
帰り,回家，归途,仕事の帰りに本屋へ寄りました。,下班回家的路上顺便去了书店。,<ruby>仕事<rt>しごと</rt></ruby>の<ruby>帰り<rt>かえり</rt></ruby>に<ruby>本屋<rt>ほんや</rt></ruby>へ<ruby>寄りました<rt>よりました</rt></ruby>。,<ol><li>仕事（しごと）：工作。</li><li>の：表示前项为后项的修饰语，类似“的”。</li><li>帰り（かえり）：回去、归途，这里表示“回家的路上”。</li><li>に：表示动作发生的时间或场所，这里表示“在……的时候”。</li><li>本屋（ほんや）：书店。</li><li>へ：表示方向，类似“去……”。</li><li>寄りました（よりました）：动词“寄る”（顺便去、靠近）的过去式敬体。</li><li>语法说明：本句结构为“（名词）的帰りに”，表示在某个活动结束、回去的途中进行另一项行为，常见口语表达。</li></ol>,[sound:jlpt_vocabulary_in_sentence_帰り.mp3]
具合,情况，状态,今日は体の具合が良くないです。,今天身体状况不好。,<ruby>今日は<rt>きょうは</rt></ruby><ruby>体<rt>からだ</rt></ruby>の<ruby>具合<rt>ぐあい</rt></ruby>が<ruby>良くない<rt>よくない</rt></ruby><ruby>です<rt>です</rt></ruby>。,<ol><li>今日は（きょうは）：今天。「は」为主题助词，表示句子的主题。</li><li>体（からだ）：名词，身体。</li><li>の：连接名词的助词，表示修饰关系，「体の具合」意为“身体的状况”。</li><li>具合（ぐあい）：名词，指身体、机械等的“情况、状态”。</li><li>が：主语标记助词，指出「具合」为主要说明对象。</li><li>良くない（よくない）：「良い」（好）的否定形式，表示“不好”。</li><li>です：礼貌句尾助动词，使句子更礼貌。</li><li>语法知识：本句是典型的日语“主题-说明”结构，「AのB」结构用来表达“A的B”；形容词否定+です表达“……不好”。</li></ol>,[sound:jlpt_vocabulary_in_sentence_具合.mp3]
堅; 硬; 固い,坚硬的,このパンはとても固いですね。,这个面包真的很硬啊。,<ruby>この<rt>この</rt></ruby><ruby>パン<rt>ぱん</rt></ruby>は<ruby>とても<rt>とても</rt></ruby><ruby>固い<rt>かたい</rt></ruby><ruby>ですね<rt>ですね</rt></ruby>。,<ol><li>この：指示词，意思是“这个”。</li><li>パン（ぱん）：名词，意为“面包”。属于外来语。</li><li>は：主题助词，表示前面的内容为句子的主题。</li><li>とても：副词，表示程度上的“很、非常”。</li><li>固い（かたい）：形容词，意思是“坚硬的”。可用于描述物体的质地。</li><li>ですね：常用于句末的表达，起到感叹、确认语气的作用。</li><li>整个句子结构为“主语+は+形容词+ですね”，属于敬体表达。</li></ol>,[sound:jlpt_vocabulary_in_sentence_堅; 硬; 固い.mp3]
駐車場,停车场,この駐車場は広いですね。,这个停车场很宽敞呢。,<ruby>この<rt>この</rt></ruby><ruby>駐車場<rt>ちゅうしゃじょう</rt></ruby>は<ruby>広い<rt>ひろい</rt></ruby><ruby>ですね<rt>ですね</rt></ruby>。,<ol><li>この：指示词，表示“这个”。</li><li>駐車場（ちゅうしゃじょう）：名词，指停车场。“駐車”是停车，“場”是场所。</li><li>は：助词，提示主语（主题）。</li><li>広い（ひろい）：形容词，意为“宽敞”。</li><li>ですね：句尾表达感叹或确认（柔和语气），“ね”表示和对方确认。</li></ol>,[sound:jlpt_vocabulary_in_sentence_駐車場.mp3]
スーツ,西装,彼は黒いスーツを着ています。,他穿着黑色西装。,<ruby>彼は<rt>かれは</rt></ruby><ruby>黒い<rt>くろい</rt></ruby>スーツ<ruby>を<rt>を</rt></ruby><ruby>着ています<rt>きています</rt></ruby>。,<ol><li>彼（かれ）：指“他”，第三人称男性。</li><li>黒い（くろい）：形容词，意思是“黑色的”。</li><li>スーツ：西装（外来语suit）。</li><li>を：助词，标记动作的宾语。</li><li>着ています（きています）：是动词“着る（きる）”的ている型，表示正在穿着某物。</li><li>语法解释：“を着ています”表示某人现在穿着某种衣服。</li></ol>,[sound:jlpt_vocabulary_in_sentence_スーツ.mp3]
危険,危险,ここは危険なので注意してください。,这里很危险，请注意。,<ruby>ここ<rt>ここ</rt></ruby>は<ruby>危険<rt>きけん</rt></ruby><ruby>なので<rt>なので</rt></ruby><ruby>注意<rt>ちゅうい</rt></ruby><ruby>して<rt>して</rt></ruby><ruby>ください<rt>ください</rt></ruby>。,<ol><li>ここ：表示“这里”。</li><li>は：提示助词，表示主题，即“这里”。</li><li>危険（きけん）：名词，表示“危险”。</li><li>なので：连接词，表示原因，用于解释前句原因，类似于“因为……所以”。</li><li>注意（ちゅうい）する：动词，表示“注意、小心”。</li><li>してください：します的命令形+ください，表示“请……”，常用的礼貌请求表达方式。</li><li>语法知识：「ので」表示原因或理由，前接简体句或名词/な形容词+なので。</li><li>文化补充：日本社会非常重视安全警告，常在公共场所看到“危険”“注意”等标识。</li></ol>,[sound:jlpt_vocabulary_in_sentence_危険.mp3]
髪,头发,妹は長い髪を持っています。,妹妹有一头长发。,<ruby>妹<rt>いもうと</rt></ruby>は<ruby>長い<rt>ながい</rt></ruby><ruby>髪<rt>かみ</rt></ruby>を<ruby>持っています<rt>もっています</rt></ruby>。,<ol><li>妹（いもうと）：妹妹。</li><li>は：主题助词，表示句子的主题。</li><li>長い（ながい）：长的，用于形容词，描述头发的长度。</li><li>髪（かみ）：头发。</li><li>を：宾语助词，表示动作的对象。</li><li>持っています（もっています）：「持つ」的ている形，表示状态的持续，这里是“拥有”的含义。</li><li>句型AはBを持っています：表示A拥有B。</li><li>日本人重视头发的护理，长发在日本文化中常被认为是美的象征。</li></ol>,[sound:jlpt_vocabulary_in_sentence_髪.mp3]
天気予報,天气预报,朝は天気予報を見てから出かけます。,早上看完天气预报再出门。,<ruby>朝<rt>あさ</rt></ruby>は<ruby>天気予報<rt>てんきよほう</rt></ruby>を<ruby>見て<rt>みて</rt></ruby>から<ruby>出かけます<rt>でかけます</rt></ruby>。,<ol><li>天気予報（てんきよほう）：天气预报。由「天気」(天气)和「予報」(预报)组成，是常用词汇。</li><li>見てから：由动词「見る」（看）て形加「から」（表示时间的先后），意思是“看了之后”。常用于表示某动作在前，后续再做另一动作。</li><li>出かけます（でかけます）：动词「出かける」的敬体形式，意为“出门、外出”。</li><li>は：主题助词，提示句子的主题“早上”。</li><li>を：宾语标记助词，指「天気予報」为动作“看”的对象。</li><li>日本有在出门前关注天气预报的生活习惯，尤其在季节变换时非常重要。</li></ol>,[sound:jlpt_vocabulary_in_sentence_天気予報.mp3]
彼女,她，女朋友,彼女は毎日図書館で勉強します。,她每天在图书馆学习。,<ruby>彼女<rt>かのじょ</rt></ruby>は<ruby>毎日<rt>まいにち</rt></ruby><ruby>図書館<rt>としょかん</rt></ruby>で<ruby>勉強します<rt>べんきょうします</rt></ruby>。,<ol><li>彼女（かのじょ）：她、女朋友，既可指女性第三人称，也可作男女朋友中的“女朋友”。</li><li>は：助词，主题标记，表示句子的主语。</li><li>毎日（まいにち）：每天，表频率。</li><li>図書館（としょかん）：图书馆。</li><li>で：助词，表示动作发生的场所。</li><li>勉強します（べんきょうします）：动词“学习”的敬体形式。</li><li>语法点：“名词＋は＋场所＋で＋动词”表示某人（主题）在某地进行某动作。</li></ol>,[sound:jlpt_vocabulary_in_sentence_彼女.mp3]
間,间隔、期间,授業の間に少し休憩しました。,上课期间稍微休息了一下。,<ruby>授業<rt>じゅぎょう</rt></ruby>の<ruby>間<rt>あいだ</rt></ruby>に<ruby>少し<rt>すこし</rt></ruby><ruby>休憩しました<rt>きゅうけいしました</rt></ruby>。,<ol><li>授業（じゅぎょう）：课程、上课。</li><li>の：助词，表示所属或连结上文和下文。</li><li>間（あいだ）：表示时间段，指『期间、期间中』。</li><li>に：格助词，表示动作发生的时间、场所等。</li><li>少し（すこし）：副词，意为『稍微、一点』。</li><li>休憩しました（きゅうけいしました）：休憩（きゅうけい，休息）的「する」动词敬体过去式，表示『休息了』。</li><li>语法点：「Aの間にB」表示在A这一段时间里，发生了B事情。</li></ol>,[sound:jlpt_vocabulary_in_sentence_間.mp3]
卒業,毕业,彼は来月大学を卒業します。,他下个月将从大学毕业。,<ruby>彼は<rt>かれは</rt></ruby><ruby>来月<rt>らいげつ</rt></ruby><ruby>大学を<rt>だいがくを</rt></ruby><ruby>卒業します<rt>そつぎょうします</rt></ruby>。,<ol><li>彼（かれ）：他，指男性第三人称。</li><li>来月（らいげつ）：下个月，表示未来时间。</li><li>大学（だいがく）：大学，高等教育机构。</li><li>を：宾格助词，标明动作的对象。</li><li>卒業します（そつぎょうします）：动词「卒業する」的敬体形式，意思为“毕业”。</li><li>语法结构：动词ます形+。表示敬体叙述。</li></ol>,[sound:jlpt_vocabulary_in_sentence_卒業.mp3]
それで,所以,昨日は雨でした。それで出かけませんでした。,昨天在下雨。所以我没出门。,<ruby>昨日<rt>きのう</rt></ruby>は<ruby>雨<rt>あめ</rt></ruby>でした。それで<ruby>出かけ<rt>でかけ</rt></ruby>ませんでした。,<ol><li>昨日（きのう）：昨天，表示时间。</li><li>は：提示助词，表明主语。</li><li>雨（あめ）：雨，天气名词。</li><li>でした：是……了，表示过去肯定。</li><li>それで：连词，表示因果顺承，相当于“所以”。</li><li>出かけませんでした：动词“出かける”（外出）的否定过去形，表示“没有出门”。</li><li>语法点：“それで”用在承接前句原因，表达“因此，所以”的意思，用于口语和书面语。</li></ol>,[sound:jlpt_vocabulary_in_sentence_それで.mp3]
枝,树枝,桜の枝に花が咲きました。,樱树的树枝上开花了。,<ruby>桜<rt>さくら</rt></ruby>の<ruby>枝<rt>えだ</rt></ruby>に<ruby>花<rt>はな</rt></ruby>が<ruby>咲きました<rt>さきました</rt></ruby>。,<ol><li>桜（さくら）：樱花树。</li><li>の：表示所属、连接前后名词，意为“……的”。</li><li>枝（えだ）：树枝、分枝。</li><li>に：表示动作的发生地点，译为“在……上”。</li><li>花（はな）：花朵。</li><li>が：主格助词，标明主语“花”。</li><li>咲きました（さきました）：“咲く”的ます形过去式，意思是“开了”，表达花开放。</li><li>句子结构：“AのBにCが咲く”表示C（如花）在A的B（如枝）上开放。</li></ol>,[sound:jlpt_vocabulary_in_sentence_枝.mp3]
専門,专业,彼は経済を専門にしています。,他以经济为专业。,<ruby>彼<rt>かれ</rt></ruby>は<ruby>経済<rt>けいざい</rt></ruby>を<ruby>専門<rt>せんもん</rt></ruby>に<ruby>しています<rt>しています</rt></ruby>。,<ol><li>彼（かれ）：他，指男性。</li><li>経済（けいざい）：经济。</li><li>専門（せんもん）：专业。指某人专门研究或从事的领域。</li><li>〜を専門にする：「以……为专业」。“を”是宾格助词，“にする”表示将前面的名词作为对象来进行某种活动。</li><li>しています：是「する」的现在进行时，表示某种状态持续中。</li><li>这句话的结构为「Aを専門にする」，常用于说明个人的专业领域。</li></ol>,[sound:jlpt_vocabulary_in_sentence_専門.mp3]
そろそろ,差不多该,そろそろ帰りましょう。,我们差不多该回去了。,そろそろ<ruby>帰り<rt>かえり</rt></ruby>ましょう。,<ol><li>そろそろ：副词，表示“差不多该……”、“快要……了”，用于预示行动即将开始或某事即将发生。</li><li>帰りましょう：「帰る（かえる）」是“回去、返回”，其ます形为「帰ります」，「〜ましょう」为意志形，表示一起做某事的提议。全句表示“我们差不多该回去了”。</li></ol>,[sound:jlpt_vocabulary_in_sentence_そろそろ.mp3]
送る,送，寄,母に手紙を送る。,给母亲寄信。,<ruby>母<rt>はは</rt></ruby>に<ruby>手紙<rt>てがみ</rt></ruby>を<ruby>送る<rt>おくる</rt></ruby>。,<ol><li>母（はは）：母亲。</li><li>に：表示动作的对象，这里是“给母亲”。</li><li>手紙（てがみ）：信件。</li><li>を：宾格助词，表示动作的对象，这里是“信件”。</li><li>送る（おくる）：动词，表示“寄送、送达”。</li><li>句型：AにBを送る，表示“把B寄给A”或“送给A B”。</li></ol>,[sound:jlpt_vocabulary_in_sentence_送る.mp3]
あげる,给，送,友達にプレゼントをあげる。,送朋友礼物。,<ruby>友達<rt>ともだち</rt></ruby>にプレゼントを<ruby>あげる<rt>あげる</rt></ruby>。,<ol><li>友達（ともだち）：朋友。</li><li>に：表示动作的接受对象，相当于中文“给……”的“给”。</li><li>プレゼント：礼物，外来语。</li><li>を：宾格助词，标明动作的对象。</li><li>あげる：动词，表示“给，赠送”（将某物给别人，通常说话人为赠与方或同一阵营）。</li><li>句型“〜に〜をあげる”：给某人某物。</li></ol>,[sound:jlpt_vocabulary_in_sentence_あげる.mp3]
騒ぐ,吵闹,子供たちが教室で騒いでいます。,孩子们在教室里吵闹。,<ruby>子供たち<rt>こどもたち</rt></ruby>が<ruby>教室<rt>きょうしつ</rt></ruby>で<ruby>騒いで<rt>さわいで</rt></ruby><ruby>います<rt>います</rt></ruby>。,<ol><li>子供たち（こどもたち）：孩子们。「子供」是孩子，「たち」表示复数。</li><li>が：主格助词，表示主语。</li><li>教室（きょうしつ）：教室、课堂。</li><li>で：表示动作发生的场所。</li><li>騒いで（さわいで）：「騒ぐ」的て形，表示正在发生的动作。</li><li>います：「いる」的敬体，表示某动作正在进行。「〜ている」用法说明：动词て形后接「いる」表示动作的进行或状态的持续。</li></ol>,[sound:jlpt_vocabulary_in_sentence_騒ぐ.mp3]
尋ねる,询问,道を尋ねる時は丁寧に話します。,问路时要礼貌地说话。,<ruby>道<rt>みち</rt></ruby>を<ruby>尋ねる<rt>たずねる</rt></ruby><ruby>時<rt>とき</rt></ruby>は<ruby>丁寧<rt>ていねい</rt></ruby>に<ruby>話します<rt>はなします</rt></ruby>。,<ol><li>道（みち）：道路、路。用于指具体某条道，也可泛指路。</li><li>を：宾格助词，标记动作对象。</li><li>尋ねる（たずねる）：询问、打听、寻求答案。</li><li>時（とき）：接续名词，表示“……的时候”。</li><li>は：提示助词，表主题。</li><li>丁寧（ていねい）：形容动词，意为“有礼貌的”。</li><li>に：副词化助词，将形容动词变为状语。</li><li>話します（はなします）：“说话、交谈”。动词“話す”的ます形，表示礼貌口吻。</li><li>语法说明：“动词原形+時（とき）”，表示“……的时候”。“形容动词+に”用作状语，修饰动词，表达“以……方式”。</li><li>文化背景：“问路”在日本等于一种社交场合，礼貌表达非常重要，体现日本的礼节文化。</li></ol>,[sound:jlpt_vocabulary_in_sentence_尋ねる.mp3]
放送,播放,テレビでニュースが放送されています。,新闻正在电视上播放。,<ruby>テレビ<rt>てれび</rt></ruby><ruby>で<rt>で</rt></ruby><ruby>ニュース<rt>にゅーす</rt></ruby><ruby>が<rt>が</rt></ruby><ruby>放送<rt>ほうそう</rt></ruby><ruby>されて<rt>されて</rt></ruby><ruby>います<rt>います</rt></ruby>。,<ol><li>テレビ：电视（日语中的外来语，指“television”）。</li><li>で：助词，表示动作发生的场所。</li><li>ニュース：新闻（外来语，news）。</li><li>が：助词，主语标记。</li><li>放送（ほうそう）：播放、广播，本句为目标单词。</li><li>されています：被动形式，“被播放、正在播放”。其中「されて」为「する」的被动形转“させる”后续て形接“います”，表示动作正在进行。</li><li>语法说明：「动词て形+います」表示动作正在进行中或习惯性动作。</li></ol>,[sound:jlpt_vocabulary_in_sentence_放送.mp3]
政治,政治,彼は政治についてよく話します。,他经常谈论政治。,<ruby>彼<rt>かれ</rt></ruby>は<ruby>政治<rt>せいじ</rt></ruby><ruby>について<rt>について</rt></ruby><ruby>よく<rt>よく</rt></ruby><ruby>話します<rt>はなします</rt></ruby>。,<ol><li>彼（かれ）：他，指男性第三人称。</li><li>は：助词，表示主语或主题。</li><li>政治（せいじ）：指国家及社会事务的管理与运作，即“政治”。</li><li>について：固定用法，表示“关于……”。</li><li>よく：副词，表示“经常”或者“很会”。</li><li>話します（はなします）：动词“話す”ます形，表示“说、谈论”。</li><li>语法知识：“について”多用于表达某人/某事“关于……”的主题，是常见表达主题或说明对象的方式。</li></ol>,[sound:jlpt_vocabulary_in_sentence_政治.mp3]
市民,市民,市民は公園で運動します。,市民在公园里锻炼。,<ruby>市民<rt>しみん</rt></ruby>は<ruby>公園<rt>こうえん</rt></ruby>で<ruby>運動<rt>うんどう</rt></ruby><ruby>します<rt>します</rt></ruby>。,<ol><li>市民（しみん）：意为“市民”，指城市的居民。</li><li>は：主题助词，表示主语。</li><li>公園（こうえん）：公园。</li><li>で：表示动作发生的场所。</li><li>運動（うんどう）します：表示“锻炼、运动”。します是“する”的敬体形式。</li><li>日语中用“～は～で～します”结构表达“某人/某物在某地做某事”。</li></ol>,[sound:jlpt_vocabulary_in_sentence_市民.mp3]
ファックス,传真,ファックスで資料を送りました。,我通过传真发送了资料。,ファックス<ruby>で<rt>で</rt></ruby><ruby>資料<rt>しりょう</rt></ruby><ruby>を<rt>を</rt></ruby><ruby>送りました<rt>おくりました</rt></ruby>。,<ol><li>ファックス：来自英语 fax，指传真机或传真件。</li><li>で：表示动作手段或方式，相当于“用……”。</li><li>資料（しりょう）：资料、材料。</li><li>を：宾语助词，表示动作的对象。</li><li>送りました（おくりました）：「送る」的过去敬体形，意思是“发送了（敬语表达）”。</li><li>语法点：句型“〜で〜を〜ました”表示通过某种方式做某事的过去敬体形。</li><li>文化说明：日本商业或行政机关至今仍广泛使用传真（ファックス）进行文件传递。</li></ol>,[sound:jlpt_vocabulary_in_sentence_ファックス.mp3]
負ける,输、失败,彼は試合で負けることが多い。,他比赛时经常失败。,<ruby>彼は<rt>かれは</rt></ruby><ruby>試合で<rt>しあいで</rt></ruby><ruby>負ける<rt>まける</rt></ruby><ruby>ことが<rt>ことが</rt></ruby><ruby>多い<rt>おおい</rt></ruby>。,<ol><li>彼（かれ）：他。</li><li>試合（しあい）：比赛。</li><li>で：表示动作发生的场所，这里指“在比赛中”。</li><li>負ける（まける）：动词，表示“输、失败”。</li><li>ことが多い：惯用表达，表示“经常做……”，“……的情况很多”。</li><li>语法点：“ことが多い”接在动词原形后，表示某种行为的发生频率高。</li></ol>,[sound:jlpt_vocabulary_in_sentence_負ける.mp3]
指輪,戒指,彼女は新しい指輪を買いました。,她买了新的戒指。,<ruby>彼女<rt>かのじょ</rt></ruby>は<ruby>新しい<rt>あたらしい</rt></ruby><ruby>指輪<rt>ゆびわ</rt></ruby>を<ruby>買いました<rt>かいました</rt></ruby>。,<ol><li>彼女（かのじょ）：她，表示女性第三人称。</li><li>新しい（あたらしい）：新的，形容词。</li><li>指輪（ゆびわ）：戒指。</li><li>を：助词，表示动作的对象。</li><li>買いました（かいました）：买了，「買う（かう）」的敬体过去式。</li><li>句子结构为「主语＋は＋宾语＋を＋他动词」，是日语基本句型。</li></ol>,[sound:jlpt_vocabulary_in_sentence_指輪.mp3]
田舎,农村,私は田舎で育ちました。,我是在农村长大的。,<ruby>私<rt>わたし</rt></ruby>は<ruby>田舎<rt>いなか</rt></ruby>で<ruby>育ちました<rt>そだちました</rt></ruby>。,<ol><li>私（わたし）：表示“我”。</li><li>田舎（いなか）：意为“农村、乡下”。</li><li>で：表示动作发生的场所，“在……”的意思。</li><li>育ちました（そだちました）：动词“育つ（そだつ，成长）”的ます形过去式，表示成长、长大的意思。</li><li>句型“～で育ちました”：表示“在……长大”。</li></ol>,[sound:jlpt_vocabulary_in_sentence_田舎.mp3]
見つける,找到,私は駅で友達を見つけることができた。,我在车站找到了朋友。,<ruby>私<rt>わたし</rt></ruby>は<ruby>駅<rt>えき</rt></ruby>で<ruby>友達<rt>ともだち</rt></ruby>を<ruby>見つける<rt>みつける</rt></ruby>ことができた。,<ol><li>私（わたし）：我，第一人称代词。</li><li>駅（えき）：车站。</li><li>で：格助词，表示动作发生的场所。</li><li>友達（ともだち）：朋友。</li><li>を：宾格助词，标记动作的对象。</li><li>見つける（みつける）：动词，表示“找到、发现”。</li><li>〜ことができた：表示“能够做某事”的表达，动词原形加ことができる表示能力，此处为过去式できた。</li></ol>,[sound:jlpt_vocabulary_in_sentence_見つける.mp3]
高校生,高中生,高校生は毎日制服を着ます。,高中生每天都穿校服。,<ruby>高校生<rt>こうこうせい</rt></ruby><ruby>は<rt>は</rt></ruby><ruby>毎日<rt>まいにち</rt></ruby><ruby>制服<rt>せいふく</rt></ruby><ruby>を<rt>を</rt></ruby><ruby>着ます<rt>きます</rt></ruby>。,<ol><li>高校生（こうこうせい）：高中生。</li><li>は：提示主题助词，用于表示主语。</li><li>毎日（まいにち）：每天。</li><li>制服（せいふく）：校服。</li><li>を：宾格助词，表示动作的对象。</li><li>着ます（きます）：动词「着る（きる）」的ます形，意思是“穿”。</li><li>本句结构是“主题+は+时间+宾语+を+动词”，为日语常见句型。</li><li>日本高中生多数都要穿统一的校服（制服），这也是日本校园文化的特色之一。</li></ol>,[sound:jlpt_vocabulary_in_sentence_高校生.mp3]
講義,讲课,今日の講義はとても分かりやすかった。,今天的讲课非常容易理解。,<ruby>今日<rt>きょう</rt></ruby>の<ruby>講義<rt>こうぎ</rt></ruby>はとても<ruby>分かりやすかった<rt>わかりやすかった</rt></ruby>。,<ol><li>今日（きょう）：今天。时间名词。</li><li>講義（こうぎ）：讲课，大学课程的讲解。常用于大学等高等教育场合。</li><li>は：主题助词，表示主语或对比。</li><li>とても：副词，非常、很。</li><li>分かりやすかった：来自形容词「分かりやすい（易懂的）」的过去式，表示以前的状态。</li><li>本句主语是「講義」，谓语是「分かりやすかった」，为典型主谓结构。用「は」把主题提出说明。</li></ol>,[sound:jlpt_vocabulary_in_sentence_講義.mp3]
そんなに,那么、那样地,そんなに急がなくても大丈夫です。,不用那么着急也没关系。,<ruby>そんなに<rt>そんなに</rt></ruby><ruby>急が<rt>いそが</rt></ruby><ruby>なくても<rt>なくても</rt></ruby><ruby>大丈夫<rt>だいじょうぶ</rt></ruby><ruby>です<rt>です</rt></ruby>。,<ol><li>そんなに：副词，表示程度之高，相当于中文的“那么、那样地”。用于强调状态或数量。</li><li>急がなくても：动词“急ぐ（いそぐ）”的否定ても形，意思是“即使不着急”。用于表达某种行为没必要做。</li><li>大丈夫（だいじょうぶ）：形容动词，意思为“没关系、没问题”。</li><li>全句语法结构：AなくてもB，表示即使不A，也没问题B，这在日常生活劝慰他人时常用到。</li></ol>,[sound:jlpt_vocabulary_in_sentence_そんなに.mp3]
昼休み,午休,昼休みに友達と話しました。,午休时我和朋友聊了天。,<ruby>昼休み<rt>ひるやすみ</rt></ruby>に<ruby>友達<rt>ともだち</rt></ruby>と<ruby>話しました<rt>はなしました</rt></ruby>。,"<ol><li>昼休み（ひるやすみ）：中午休息、午休。由""昼""（ひる，中午）和""休み""（やすみ，休息）组成。</li><li>に：时间助词，表示在某个时间点或期间发生动作。</li><li>友達（ともだち）：朋友。</li><li>と：和，表示动作的对象，一起做某事。</li><li>話しました（はなしました）：动词“话す”过去式，表示说话、聊天。</li><li>句子结构为“时间+に+对象+と+动词”，表示在某时间和某人做某事。</li></ol>",[sound:jlpt_vocabulary_in_sentence_昼休み.mp3]
忘れ物,遗失物,電車で忘れ物をしました。,我在电车上丢了东西。,<ruby>電車<rt>でんしゃ</rt></ruby>で<ruby>忘れ物<rt>わすれもの</rt></ruby>を<ruby>しました<rt>しました</rt></ruby>。,<ol><li>電車（でんしゃ）：电车。</li><li>で：表示动作发生的场所，译为“在……”。</li><li>忘れ物（わすれもの）：遗失物、丢失的东西。</li><li>を：宾语助词，表示动作的对象。</li><li>しました：是动词“する”的过去式，表示“做了……”。</li><li>整体句型是“场所で+物を+しました”，用于表达在某地做了某事（丢失了东西）。</li><li>日本社会对遗失物的管理较严格，电车、公交等公共场所常见“忘れ物”专用的失物招领处。</li></ol>,[sound:jlpt_vocabulary_in_sentence_忘れ物.mp3]
下りる,下，下来,駅の階段を下りると出口が見えます。,下楼梯后可以看到出口。,<ruby>駅<rt>えき</rt></ruby>の<ruby>階段<rt>かいだん</rt></ruby>を<ruby>下りる<rt>おりる</rt></ruby>と<ruby>出口<rt>でぐち</rt></ruby>が<ruby>見えます<rt>みえます</rt></ruby>。,<ol><li>駅（えき）：车站。</li><li>の：连接名词，表示所属关系，相当于“的”。</li><li>階段（かいだん）：楼梯、台阶。</li><li>を：宾格助词，标记动作的对象。</li><li>下りる（おりる）：动词，表示从高处下来，下去。本句中为原形，用于描述动作。</li><li>と：表条件，前项动作发生后，后项自然发生，即“……的话，就……”。</li><li>出口（でぐち）：出口、门口。</li><li>が：主格助词，标记主语。</li><li>見えます（みえます）：动词 “見える（みえる）”的敬体，表示能看见、看得到。</li><li>本句语法结构为“场所+を+下りると+结果”，常用于描述动作后的直接结果。</li></ol>,[sound:jlpt_vocabulary_in_sentence_下りる.mp3]
腕,手腕,彼は腕がとても太いです。,他的手腕非常粗壮。,<ruby>彼<rt>かれ</rt></ruby>は<ruby>腕<rt>うで</rt></ruby>がとても<ruby>太い<rt>ふとい</rt></ruby>です。,<ol><li>彼（かれ）：他，指男性第三人称。</li><li>腕（うで）：手腕，可以指手腕部位，也引申指本领。</li><li>が：主语助词，表示“腕”是句子的主语。</li><li>とても：非常，副词，表示程度很高。</li><li>太い（ふとい）：粗、胖。</li><li>です：是，礼貌句尾形式。</li><li>基本句型为“主语が 形容词 です”，表示某物具有某种性质。</li></ol>,[sound:jlpt_vocabulary_in_sentence_腕.mp3]
訳,理由,彼の話には訳がある。,他的讲话是有原因的。,<ruby>彼<rt>かれ</rt></ruby>の<ruby>話<rt>はなし</rt></ruby>には<ruby>訳<rt>わけ</rt></ruby>がある。,<ol><li>彼（かれ）：他，指男性第三人称。</li><li>話（はなし）：说的话，讲话。</li><li>には：助词组合，表示“在……方面”，这里是指出的话有某种含义。</li><li>訳（わけ）：理由、原因、道理。</li><li>がある：表示存在，这里指有（理由、原因）等。</li><li>全句结构为“〜には訳がある”，表示“……是有原因的/理由的”。</li></ol>,[sound:jlpt_vocabulary_in_sentence_訳.mp3]
承知,知道，了解,その件は承知しました。,那件事我知道了。,<ruby>その<rt>その</rt></ruby><ruby>件<rt>けん</rt></ruby>は<ruby>承知<rt>しょうち</rt></ruby><ruby>しました<rt>しました</rt></ruby>。,<ol><li>その：指示词，表示“那个”。</li><li>件（けん）：名词，表示“事情、事件”。</li><li>は：助词，主语提示助词，强调“件”。</li><li>承知（しょうち）：名词、动词，共两种用法。此处作动词“知道、知晓、明白”。常用于商务或客气场合。</li><li>しました：动词“する”的过去式礼貌形，表示“做了”。本句整个用来表达“已经知晓”。</li><li>语法知识：“名词＋は＋承知しました”是商务及正式场合常用表达，相当于“明白了/我知道了”。</li></ol>,[sound:jlpt_vocabulary_in_sentence_承知.mp3]
日記,日记,毎日 日記 を書いています。,我每天都在写日记。,<ruby>毎日<rt>まいにち</rt></ruby> <ruby>日記<rt>にっき</rt></ruby> <ruby>を<rt>を</rt></ruby><ruby>書いています<rt>かいています</rt></ruby>。,<ol><li>毎日（まいにち）：表示“每天”，是时间副词。</li><li>日記（にっき）：名词，意思是“日记”。</li><li>を：日语宾格助词，表示“日记”为动作对象。</li><li>書いています（かいています）：“写”的て形加「います」，表示正在进行或习惯性动作。</li><li>全句语法结构为“时间+目的语（を）+动词ている形”，表达经常做某事的习惯。</li></ol>,[sound:jlpt_vocabulary_in_sentence_日記.mp3]
高校; 高等学校,高中,私の姉は高校に通っています。,我姐姐在上高中。,<ruby>私<rt>わたし</rt></ruby>の<ruby>姉<rt>あね</rt></ruby>は<ruby>高校<rt>こうこう</rt></ruby>に<ruby>通っています<rt>かよっています</rt></ruby>。,<ol><li>私（わたし）：第一人称，意为“我”。</li><li>の：助词，表示所属关系，相当于“的”。</li><li>姉（あね）：指姐姐（用于说话人自己的姐姐）。</li><li>は：主题助词，提示主语，读作“わ”。</li><li>高校（こうこう）：高等学校，即“高中”。</li><li>に：表示动作的目的地或方向，这里是“去高中”。</li><li>通っています（かよっています）：动词“通う”（かよう）的ている形式，表示正在上学，上班或经常往返某地。</li><li>语法点：「～に通っています」常用于表示定期去某地，如学校、公司等，是表达“长期、定期去”的常用句型。</li><li>文化补充：日本的“高校”一般指三年制的高中，是日本义务教育后的阶段。</li></ol>,[sound:jlpt_vocabulary_in_sentence_高校; 高等学校.mp3]
似る,相似,彼は父親によく似ている。,他非常像他的父亲。,<ruby>彼<rt>かれ</rt></ruby>は<ruby>父親<rt>ちちおや</rt></ruby>によく<ruby>似ている<rt>にている</rt></ruby>。,<ol><li>彼（かれ）：第三人称“他”。</li><li>父親（ちちおや）：父亲。</li><li>に：助词，表示动作的对象或归属。</li><li>よく：副词，表示“很、非常”。</li><li>似ている（にている）：动词「似る」的ている形，表示状态“像、相似”。</li><li>语法：「AはBに似ている」结构，表示A与B很相似。</li></ol>,[sound:jlpt_vocabulary_in_sentence_似る.mp3]
～おわる,做完,宿題が終わるまで頑張りました。,我努力到了作业做完为止。,<ruby>宿題<rt>しゅくだい</rt></ruby>が<ruby>終わる<rt>おわる</rt></ruby>まで<ruby>頑張りました<rt>がんばりました</rt></ruby>。,<ol><li>宿題（しゅくだい）：作业。</li><li>が：主语标志助词，表明“宿题”为主语。</li><li>終わる（おわる）：结束、做完。</li><li>まで：表示时间的终点，“到……为止”。</li><li>頑張りました（がんばりました）：“努力了”，“加油了”是“頑張る”的过去式。</li><li>语法知识：“～おわる”用在动词连用形（ます形去掉ます）后，表示“做完某事”。如“読みおわる（读完）”。</li></ol>,[sound:jlpt_vocabulary_in_sentence_～おわる.mp3]
暖房,暖气,冬になると暖房を使います。,到了冬天会用暖气。,<ruby>冬<rt>ふゆ</rt></ruby><ruby>になると<rt>になると</rt></ruby><ruby>暖房<rt>だんぼう</rt></ruby><ruby>を<rt>を</rt></ruby><ruby>使います<rt>つかいます</rt></ruby>。,<ol><li>冬（ふゆ）：冬天。</li><li>になると：表示“到了……的时候”。に是转换助词，なる是动词“变成”，と是条件助词“到……”的意思。</li><li>暖房（だんぼう）：暖气、供暖设备。本句为目标词。</li><li>を：宾格助词，标记前面名词是动作的对象。</li><li>使います（つかいます）：动词“使用”，ます形表示礼貌形式。</li><li>日语中冬季许多住宅和设施会使用暖房系统保温，是日本冬季常见生活习惯。</li></ol>,[sound:jlpt_vocabulary_in_sentence_暖房.mp3]
留守,看家,妹が留守をしています。,妹妹正在看家。,<ruby>妹<rt>いもうと</rt></ruby>が<ruby>留守<rt>るす</rt></ruby>を<ruby>しています<rt>しています</rt></ruby>。,<ol><li>妹（いもうと）：指自己的妹妹。</li><li>が：助词，作主格标记，表示“……在做某事”。</li><li>留守（るす）：表示“家中无人”、“看家”，在此表示“看家”这一动作。</li><li>を：宾格助词，表示动作的对象。</li><li>しています：表示动作正在进行中，是する（做）的ている形——“正在做”。</li><li>句型“～をしています”常用于表示某人正在进行某项活动。</li></ol>,[sound:jlpt_vocabulary_in_sentence_留守.mp3]
割合,比例，程度,このクラスは女子の割合が高いです。,这个班女生的比例很高。,<ruby>この<rt>この</rt></ruby><ruby>クラス<rt>くらす</rt></ruby>は<ruby>女子<rt>じょし</rt></ruby>の<ruby>割合<rt>わりあい</rt></ruby>が<ruby>高い<rt>たかい</rt></ruby><ruby>です<rt>です</rt></ruby>。,<ol><li>この：指示词，意为“这个”。</li><li>クラス：班级（外来语），指的是班级或课程。</li><li>は：主题助词，标明主语。</li><li>女子（じょし）：名词，意为女生、女性。</li><li>の：连体助词，表示前后名词的所属或修饰关系。</li><li>割合（わりあい）：名词，表示“比例、比率、程度”。</li><li>が：主格助词，标明主语。</li><li>高い（たかい）：形容词，表示“高”。</li><li>です：礼貌表达句尾。</li><li>句型“〜の割合が高い”：表示某事物的比例很高，是常见表达。</li></ol>,[sound:jlpt_vocabulary_in_sentence_割合.mp3]
寺,寺庙,この町には古い寺があります。,这个小镇有座古老的寺庙。,<ruby>この<rt>この</rt></ruby><ruby>町<rt>まち</rt></ruby><ruby>には<rt>には</rt></ruby><ruby>古い<rt>ふるい</rt></ruby><ruby>寺<rt>てら</rt></ruby><ruby>が<rt>が</rt></ruby><ruby>あります<rt>あります</rt></ruby>。,<ol><li>この：连体词，表示“这个”，后接名词。</li><li>町（まち）：名词，意为“城镇”。</li><li>には：表示场所或方向的复合助词，用于加强语气。</li><li>古い（ふるい）：形容词，表示“古老的”。</li><li>寺（てら）：名词，意思是“寺庙”。</li><li>が：主格助词，表示主语，这里指“寺”。</li><li>あります：动词“ある”的礼貌形，接在无生命物体后，表示存在。</li><li>日语中的“寺”多指佛教寺庙，这是日本常见的宗教建筑。</li></ol>,[sound:jlpt_vocabulary_in_sentence_寺.mp3]
慣れる,习惯,日本の生活に慣れるのは時間がかかります。,适应日本的生活需要时间。,<ruby>日本<rt>にほん</rt></ruby>の<ruby>生活<rt>せいかつ</rt></ruby>に<ruby>慣れる<rt>なれる</rt></ruby>のは<ruby>時間<rt>じかん</rt></ruby>が<ruby>かかります<rt>かかります</rt></ruby>。,<ol><li>日本（にほん）：日本国。</li><li>生活（せいかつ）：日常生活、生活方式。</li><li>慣れる（なれる）：习惯、适应，表示对某种环境或事物变得熟悉。</li><li>に：助词，表示动作的对象。</li><li>のは：对前面内容进行名词化，作为主语。</li><li>時間がかかります：需要时间，「かかります」表示花费（时间、金钱等）。</li><li>句型说明：「〜に慣れる」表示对某事物变得习惯或适应，用于表达逐步适应的过程。</li></ol>,[sound:jlpt_vocabulary_in_sentence_慣れる.mp3]
普通,普通，平常,彼女は普通の学生です。,她是普通的学生。,<ruby>彼女<rt>かのじょ</rt></ruby>は<ruby>普通<rt>ふつう</rt></ruby>の<ruby>学生<rt>がくせい</rt></ruby>です。,<ol><li>彼女（かのじょ）：指“她”。</li><li>普通（ふつう）：表示“普通”“平常”，是形容动词，后接「の」修饰名词。</li><li>の：连接词，表示“的”，连接名词或形容动词。</li><li>学生（がくせい）：学生。</li><li>です：礼貌体断句助动词。</li><li>句型“普通の～です”表示“是普通的～”，常用于介绍或描述事物的平常性质。</li></ol>,[sound:jlpt_vocabulary_in_sentence_普通.mp3]
手伝う,帮忙,妹はよく家事を手伝う。,妹妹经常帮忙做家务。,<ruby>妹<rt>いもうと</rt></ruby>はよく<ruby>家事<rt>かじ</rt></ruby>を<ruby>手伝う<rt>てつだう</rt></ruby>。,<ol><li>妹（いもうと）：妹妹。</li><li>は：主题助词，表示主语。</li><li>よく：经常，频率副词。</li><li>家事（かじ）：家务。</li><li>を：宾格助词，表示动作的对象。</li><li>手伝う（てつだう）：帮忙，帮助别人做某事，多用于具体劳动或事件。</li><li>本句语序为：主语+は+频率副词+宾语+を+动词，符合日语标准表达。</li></ol>,[sound:jlpt_vocabulary_in_sentence_手伝う.mp3]
なるほど,原来如此,なるほど、君の言うことが分かりました。,原来如此，我明白你说的话了。,なるほど、<ruby>君<rt>きみ</rt></ruby>の<ruby>言う<rt>いう</rt></ruby>ことが<ruby>分かりました<rt>わかりました</rt></ruby>。,<ol><li>なるほど：表示恍然大悟、原来如此，用于表示理解了对方话语。口语中常用来表达认同或恍然大悟。</li><li>君（きみ）：口语用法，指“你”，一般用于熟人或晚辈之间。</li><li>〜の：表示所属关系，相当于汉语的“的”。</li><li>言うこと：意思是“说的事情／内容”。</li><li>が：表示主语，标记主语成分。</li><li>分かりました（わかりました）：“明白了、懂了”，是动词“分かる”的过去式敬体。</li></ol>,[sound:jlpt_vocabulary_in_sentence_なるほど.mp3]
くださる,给；赐予,先生が本をくださいました。,老师给了我一本书。,<ruby>先生<rt>せんせい</rt></ruby>が<ruby>本<rt>ほん</rt></ruby>を<ruby>くださいました<rt>くださいました</rt></ruby>。,<ol><li>先生（せんせい）：老师。</li><li>が：表示主语，起承接主语作用。</li><li>本（ほん）：书。</li><li>を：表示动作对象的助词。</li><li>くださいました：「くださる」的敬语形式，表示别人（多为上级或尊敬对象）给予自己或己方某物，表达尊敬和感谢之意。</li><li>「くださいました」是「くださる」的过去时敬体，常用于表示别人为自己完成了某事或给予自己某物，是馈赠、动作受惠表达中的敬语用法。</li></ol>,[sound:jlpt_vocabulary_in_sentence_くださる.mp3]
息子,儿子,息子は今学校にいます。,我的儿子现在在学校。,<ruby>息子<rt>むすこ</rt></ruby>は<ruby>今<rt>いま</rt></ruby><ruby>学校<rt>がっこう</rt></ruby>に<ruby>います<rt>います</rt></ruby>。,<ol><li>息子（むすこ）：意思是“儿子”，用于指自己的儿子。属于家族词汇，介绍自己的家人时常用此词。</li><li>は：助词，表示主语，将“息子”作为句子的主题。</li><li>今（いま）：副词，意思是“现在”。</li><li>学校（がっこう）：名词，意思是“学校”。</li><li>に：格助词，表示动作的目的地或存在地点，这里用于表示“在学校”。</li><li>います：动词“いる”（居る）的礼貌形，表示有生命的存在（如人或动物），这里指“在、存在”。</li><li>这句话为肯定句，结构为“主语+は+时间/场所+に+います”，常用于表达人或动物的所在位置。</li></ol>,[sound:jlpt_vocabulary_in_sentence_息子.mp3]
お子さん,您的孩子,お子さんは何歳ですか。,您的孩子几岁了？,<ruby>お子さん<rt>おこさん</rt></ruby>は<ruby>何歳<rt>なんさい</rt></ruby>ですか。,<ol><li>お子さん：「お」为尊敬前缀，「子さん」是“孩子”的敬称，合起来指“您的孩子”，用于对他人的孩子表示尊重。</li><li>何歳（なんさい）：疑问词，询问年龄。</li><li>ですか：表达疑问，「です」是礼貌体断句，「か」为疑问助词。整体用于正式场合询问。</li></ol>,[sound:jlpt_vocabulary_in_sentence_お子さん.mp3]
会場,会场,会場に早く到着しました。,我早早到达了会场。,<ruby>会場<rt>かいじょう</rt></ruby>に<ruby>早く<rt>はやく</rt></ruby><ruby>到着しました<rt>とうちゃくしました</rt></ruby>。,<ol><li>会場（かいじょう）：名词，指举办活动、会议等的场地，中文为“会场”。</li><li>に：表示动作的到达点，这里指到达“会场”。</li><li>早く（はやく）：副词，表示“早早地”。</li><li>到着しました（とうちゃくしました）：动词“到着する”的ます形过去式，意为“到达了”。</li><li>整个句子结构是“名词＋に＋副词＋动词过去式”，表达过去到达某地的动作。</li></ol>,[sound:jlpt_vocabulary_in_sentence_会場.mp3]
笑う,笑；微笑,友達と話しているときによく笑う。,和朋友聊天时经常会笑。,<ruby>友達<rt>ともだち</rt></ruby>と<ruby>話している<rt>はなしている</rt></ruby>ときによく<ruby>笑う<rt>わらう</rt></ruby>。,<ol><li>友達（ともだち）：朋友。</li><li>と：表示共同或伴随的助词，译为“和”。</li><li>話している：话す（はなす）的ている形，表示正在进行的动作“正在说话”。</li><li>とき：表示时间，“时候”。</li><li>に：表示时间点的助词。</li><li>よく：副词，表示频率多，译为“经常、常常”。</li><li>笑う（わらう）：动词，表示“笑、微笑”。</li><li>句尾出现动词原形，说明为一般现在时，表习惯。</li></ol>,[sound:jlpt_vocabulary_in_sentence_笑う.mp3]
運ぶ,搬运,彼は重い箱を運ぶ。,他搬运着沉重的箱子。,<ruby>彼<rt>かれ</rt></ruby>は<ruby>重い<rt>おもい</rt></ruby><ruby>箱<rt>はこ</rt></ruby>を<ruby>運ぶ<rt>はこぶ</rt></ruby>。,<ol><li>彼（かれ）：第三人称单数“他”。</li><li>重い（おもい）：形容词，意思是“沉重的”。</li><li>箱（はこ）：名词，“箱子”。</li><li>を：格助词，表示动作对象，中文常译为“把、将”。</li><li>運ぶ（はこぶ）：动词，表示“搬运、运送”。</li><li>语序：日语的常见语序为“主语+宾语+谓语”，与中文的“主语+谓语+宾语”不同。</li></ol>,[sound:jlpt_vocabulary_in_sentence_運ぶ.mp3]
文学,文学,私は日本の文学が好きです。,我喜欢日本的文学。,<ruby>私<rt>わたし</rt></ruby>は<ruby>日本<rt>にほん</rt></ruby>の<ruby>文学<rt>ぶんがく</rt></ruby>が<ruby>好き<rt>すき</rt></ruby>です。,<ol><li>私（わたし）：第一人称“我”。</li><li>日本（にほん）：国家名“日本”。</li><li>の：格助词，表示所属、修饰日本の文学，即“日本的文学”。</li><li>文学（ぶんがく）：表示“文学”这一概念。</li><li>が：助词，主语标记，这里标记“文学”为喜欢的对象。</li><li>好き（すき）：形容动词，表示喜欢。喜欢某物用“〜が好き”。</li><li>です：礼貌结尾词。</li><li>语法：表达对某事物的喜好时，使用“〜が好きです”。</li></ol>,[sound:jlpt_vocabulary_in_sentence_文学.mp3]
光,光，光线,窓から光が差し込んでいます。,阳光正从窗户照进来。,<ruby>窓<rt>まど</rt></ruby>から<ruby>光<rt>ひかり</rt></ruby>が<ruby>差し込んで<rt>さしこんで</rt></ruby><ruby>います<rt>います</rt></ruby>。,<ol><li>窓（まど）：窗户。</li><li>から：表示动作、状态的起点，相当于“从”。</li><li>光（ひかり）：光线，这里指阳光。</li><li>が：主格助词，表示主语。</li><li>差し込む（さしこむ）：照射进来，多用于光、风等无形物体进入某处。</li><li>ています：（ている形），表示动作正在进行，“差し込んでいます”=“正在照射进来”。</li><li>窗户和阳光在日本日常生活中密切相关，和式建筑常用纸拉窗（しょうじ），光线柔和。</li></ol>,[sound:jlpt_vocabulary_in_sentence_光.mp3]
お見舞い,探望慰问,友達のお見舞いに行きました。,我去看望了朋友。,<ruby>友達<rt>ともだち</rt></ruby>の<ruby>お見舞い<rt>おみまい</rt></ruby>に<ruby>行きました<rt>いきました</rt></ruby>。,<ol><li>友達（ともだち）：朋友。</li><li>お見舞い（おみまい）：表示对生病、受灾等人的慰问和探望，是敬语用法，常用于医院或家中探望病人。</li><li>に（助词）：表示动作的目的地，这里是“去朋友那里慰问”。</li><li>行きました（いきました）：为“行く（去）”的敬体过去式，表示已经去了。</li><li>文化补充：日本有送“お見舞い品”（慰问品）探望生病或受灾亲友的风俗，体现关心与礼仪。</li></ol>,[sound:jlpt_vocabulary_in_sentence_お見舞い.mp3]
席,座位,パーティーの席を用意しました。,我准备了宴会的座位。,パーティーの<ruby>席<rt>せき</rt></ruby>を<ruby>用意<rt>ようい</rt></ruby>しました。,<ol><li>席（せき）：座位、位置。常用于表示会议、宴会、教室等场合的座位或位置。</li><li>用意（ようい）する：表示“准备”，属于他动词。<br>句型：名词＋を＋用意する，表示为某事准备某物。</li><li>「の」：表示所属或修饰，连接“パーティー”和“席”，表示“宴会的座位”。</li></ol>,[sound:jlpt_vocabulary_in_sentence_席.mp3]
～様,尊称、阁下,山田様からメールが届きました。,收到了山田先生的邮件。,<ruby>山田<rt>やまだ</rt></ruby><ruby>様<rt>さま</rt></ruby>からメールが<ruby>届きました<rt>とどきました</rt></ruby>。,<ol><li>様（さま）：用于对他人的尊称，比「さん」更为礼貌，常用于信件、正式场合及客户称呼。</li><li>から：表示动作的起点，这里指“来自山田先生”。</li><li>メール：外来语，指“邮件”。</li><li>届きました（とどきました）：动词“届く”的敬体过去式，表示“收到了”。</li><li>整体语法为“谁+様+から+邮件+が+届きました”，表达收到某某尊贵人士的邮件，是商务和正式邮件常用表达。</li></ol>,[sound:jlpt_vocabulary_in_sentence_～様.mp3]
ご存じ,知道、了解,先生はその店をご存じですか。,老师知道那家店吗？,<ruby>先生<rt>せんせい</rt></ruby>はその<ruby>店<rt>みせ</rt></ruby>を<ruby>ご存じ<rt>ごぞんじ</rt></ruby>ですか。,<ol><li>ご存じ（ごぞんじ）：表示“知道、了解”，是“知る”（しる）的尊敬语，常用于对他人的动作表达尊敬。</li><li>～は～ですか：表示询问对方是否知道（或是否是）的句型。其中“は”是主题助词，“ですか”为疑问句结尾。</li><li>先生（せんせい）：尊称老师。“ご存じ”常用于对长辈、上司等表示尊敬。</li></ol>,[sound:jlpt_vocabulary_in_sentence_ご存じ.mp3]
下る,下降,川を下る小舟が見えました。,我看见了一艘顺流而下的小船。,<ruby>川<rt>かわ</rt></ruby>を<ruby>下る<rt>くだる</rt></ruby><ruby>小舟<rt>こぶね</rt></ruby>が<ruby>見えました<rt>みえました</rt></ruby>。,<ol><li>川（かわ）：河流。</li><li>下る（くだる）：从高处向低处移动，本句指船顺流而下。</li><li>小舟（こぶね）：小船。</li><li>「〜を下る」：表示沿着某个方向移动，常用在河流、道路等。</li><li>が：主语助词，标明主语“船”。</li><li>見えました（みえました）：“看到”的礼貌过去式，表示过去发生的看到某物的动作。</li></ol>,[sound:jlpt_vocabulary_in_sentence_下る.mp3]
字,文字、字,子供は字を上手に書けます。,孩子能把字写得很好。,<ruby>子供<rt>こども</rt></ruby>は<ruby>字<rt>じ</rt></ruby>を<ruby>上手<rt>じょうず</rt></ruby>に<ruby>書けます<rt>かけます</rt></ruby>。,<ol><li>子供（こども）：小孩、孩子。</li><li>は：提示主题的助词，表示“是……”。</li><li>字（じ）：汉字或假名统称为字。</li><li>を：宾语助词，表示动作所作用的对象。</li><li>上手（じょうず）：擅长、做得好。</li><li>に：副助词，用来修饰后面的动词，表方式。</li><li>書けます（かけます）：动词“書く（かく）”的可能态，表示“能写”。</li><li>本句语法点：“~を上手に書けます”为“能把……写得很好”，常用于表达能力。</li></ol>,[sound:jlpt_vocabulary_in_sentence_字.mp3]
アジア,亚洲,私はアジアを旅行しました。,我去亚洲旅行过。,<ruby>私<rt>わたし</rt></ruby>はアジアを<ruby>旅行<rt>りょこう</rt></ruby><ruby>しました<rt>しました</rt></ruby>。,<ol><li>私（わたし）：第一人称代词，意思是“我”。</li><li>は：主题助词，标记句子的主题。</li><li>アジア：外来词，表示“亚洲”。</li><li>を：宾语助词，标记动作的对象，即“亚洲”。</li><li>旅行（りょこう）：动词“旅行”的名词形。</li><li>しました：动词“する”的过去式“しました”，表示过去发生的动作。</li><li>本句语法结构为“私はAをBしました”，表示“我对A进行了B”。</li><li>外来词“アジア”为片假名，多用于地名、外来名词等。</li></ol>,[sound:jlpt_vocabulary_in_sentence_アジア.mp3]
褒める,表扬,先生が私を褒めました。,老师表扬了我。,<ruby>先生<rt>せんせい</rt></ruby>が<ruby>私<rt>わたし</rt></ruby>を<ruby>褒めました<rt>ほめました</rt></ruby>。,<ol><li>先生（せんせい）：老师。</li><li>が：主格助词，表示主语。</li><li>私（わたし）：我。</li><li>を：宾格助词，表示动作的对象。</li><li>褒めました（ほめました）：动词「褒める」的过去式，表示“表扬了”。</li><li>日语中，当老师夸奖学生时常使用「褒める」。该句型结构为“主语（が）+ 受词（を）+ 动词”。</li></ol>,[sound:jlpt_vocabulary_in_sentence_褒める.mp3]
あ,啊；哎,あ、それは私の本です。,啊，那是我的书。,<ruby>あ<rt>あ</rt></ruby>、<ruby>それは<rt>それは</rt></ruby><ruby>私<rt>わたし</rt></ruby><ruby>の<rt>の</rt></ruby><ruby>本<rt>ほん</rt></ruby><ruby>です<rt>です</rt></ruby>。,<ol><li>あ：感叹词，用于表示惊讶、突然发现或引起注意，相当于中文的“啊”。</li><li>それは：それ（表示事物离听话人近的“那”）+は（主题助词）。</li><li>私（わたし）：我的意思。</li><li>の：表示所属关系，相当于“的”。</li><li>本（ほん）：书。</li><li>です：礼貌的断定助动词，表达礼貌语气。</li><li>语法知识：助词“の”连接名词，表示所属；“です”作为句末礼貌用语。</li></ol>,[sound:jlpt_vocabulary_in_sentence_あ.mp3]
最も,最，最为,この問題が最も難しいです。,这个问题最难。,<ruby>この<rt>この</rt></ruby><ruby>問題<rt>もんだい</rt></ruby><ruby>が<rt>が</rt></ruby><ruby>最も<rt>もっとも</rt></ruby><ruby>難しい<rt>むずかしい</rt></ruby><ruby>です<rt>です</rt></ruby>。,<ol><li>この：连体词，表示“这个”。</li><li>問題（もんだい）：名词，意思是“问题”。</li><li>が：格助词，表示主语。</li><li>最も（もっとも）：副词，表示“最，极其”。用于形容词或副词前，强调最高程度。</li><li>難しい（むずかしい）：形容词，“难”。</li><li>です：礼貌体结尾助动词。</li><li>语法：句型“〜が最も〜です”，表达“……最……”。如“夏が最も暑いです”（夏天最热）。</li></ol>,[sound:jlpt_vocabulary_in_sentence_最も.mp3]
合う,符合、适合,この服は私に合います。,这件衣服适合我。,<ruby>この<rt>この</rt></ruby><ruby>服<rt>ふく</rt></ruby>は<ruby>私<rt>わたし</rt></ruby>に<ruby>合います<rt>あいます</rt></ruby>。,<ol><li>この：指示词，意为“这个”。</li><li>服（ふく）：名词，表示“衣服”。</li><li>は：主题助词，表示句子的主题。</li><li>私（わたし）：第一人称代词，意为“我”。</li><li>に：表示对象、方向等，这里表示动作的对象“对我”。</li><li>合います（あいます）：动词“合う”的ます形，表示“适合、吻合”。“合う”常用作补助动词，表示动作的互相对应或适合。</li><li>本句句型“〜に合う”表示“适合于……”。</li></ol>,[sound:jlpt_vocabulary_in_sentence_合う.mp3]
～代,费用；时代,水道代は毎月支払います。,自来水费每月都要支付。,<ruby>水道代<rt>すいどうだい</rt></ruby><ruby>は<rt>は</rt></ruby><ruby>毎月<rt>まいつき</rt></ruby><ruby>支払います<rt>しはらいます</rt></ruby>。,<ol><li>水道代（すいどうだい）：水道（水费）+ 代（费用）；指自来水费。<br>每月（まいつき）：每个月。<br>支払います（しはらいます）：动词“支付”的礼貌形。</li><li>「～代」用法：接在名词后，表示费用、开支，如「電話代」（电话费）、「電気代」（电费）。</li></ol>,[sound:jlpt_vocabulary_in_sentence_～代.mp3]
最後,最后,最後にもう一度説明します。,最后再说明一次。,<ruby>最後<rt>さいご</rt></ruby><ruby>に<rt>に</rt></ruby><ruby>もう一度<rt>もういちど</rt></ruby><ruby>説明<rt>せつめい</rt></ruby><ruby>します<rt>します</rt></ruby>。,<ol><li>最後（さいご）：表示顺序或时间上的“最后”。</li><li>に：日语助词，接在时间、顺序、地点等之后，表示某一时间点或顺序。</li><li>もう一度（もういちど）：意思是“再一次”。</li><li>説明（せつめい）します：动词“解释、说明”，“します”为“する”的敬体。</li><li>本句型为“名词+に+动词”，常用于表明在某一时间点或顺序时进行某动作。</li></ol>,[sound:jlpt_vocabulary_in_sentence_最後.mp3]
値段,价格,この店の値段は安いです。,这家店的价格很便宜。,この<ruby>店<rt>みせ</rt></ruby>の<ruby>値段<rt>ねだん</rt></ruby>は<ruby>安い<rt>やすい</rt></ruby>です。,<ol><li>値段（ねだん）：名词，意思是“价格、价钱”。</li><li>この店（みせ）：“这家店”。“この”是指示词，表示离说话人近的事物；“店”指商店。</li><li>安い（やすい）：“便宜”。形容词。</li><li>“は”是主题助词，标记句子的主题。</li><li>“です”是礼貌句末助动词，用于敬体。</li></ol>,[sound:jlpt_vocabulary_in_sentence_値段.mp3]
退院,出院,彼は昨日退院しました。,他昨天出院了。,<ruby>彼<rt>かれ</rt></ruby>は<ruby>昨日<rt>きのう</rt></ruby><ruby>退院<rt>たいいん</rt></ruby><ruby>しました<rt>しました</rt></ruby>。,<ol><li>彼（かれ）：他，指男性第三人称。</li><li>は：助词，表示主题。</li><li>昨日（きのう）：昨天。</li><li>退院（たいいん）：出院，从医院返回家里。</li><li>しました：为「する」的敬体过去式，表示已经做了某事。</li><li>「退院する」意思为“出院”。在日本，出院手续通常较为正式，需要医生允许后方可离开。</li></ol>,[sound:jlpt_vocabulary_in_sentence_退院.mp3]
展覧会,展览会,昨日、展覧会に行きました。,昨天我去了展览会。,<ruby>昨日<rt>きのう</rt></ruby>、<ruby>展覧会<rt>てんらんかい</rt></ruby>に<ruby>行きました<rt>いきました</rt></ruby>。,<ol><li>昨日（きのう）：表示“昨天”。</li><li>展覧会（てんらんかい）：意思为“展览会”。</li><li>に：日语助词，表示动作的目的地或到达的地方，这里表示“去展览会”。</li><li>行きました（いきました）：行く（いく）的过去式敬体，意为“去了”。</li><li>日语常见句型：『[目的地]に行きます』，意思是“去某地”。助词「に」用于指明目的或到达点。</li></ol>,[sound:jlpt_vocabulary_in_sentence_展覧会.mp3]
久しぶり,好久不见,久しぶりに友達に会いました。,很久没见到朋友了。,<ruby>久しぶり<rt>ひさしぶり</rt></ruby>に<ruby>友達<rt>ともだち</rt></ruby>に<ruby>会いました<rt>あいました</rt></ruby>。,<ol><li>久しぶり（ひさしぶり）：副词，表示“很久”或“好久不见”。用于描述某件事情隔了很长时间再次发生。</li><li>友達（ともだち）：名词，意思是“朋友”。</li><li>会いました（あいました）：动词“会う（あう，见面）”的过去式，表示“见到了”“遇到了”。</li><li>语法结构：“久しぶりに”表示“时隔很久……”，后面接动词，表达某动作经过很久后再发生。</li></ol>,[sound:jlpt_vocabulary_in_sentence_久しぶり.mp3]
カーテン,窗帘,窓にカーテンをかけました。,我在窗户上挂上了窗帘。,<ruby>窓<rt>まど</rt></ruby>にカーテンを<ruby>かけました<rt>かけました</rt></ruby>。,<ol><li>窓（まど）：名词，意思是“窗户”。</li><li>に：助词，表示动作的目标或对象，本句中指“在窗上”。</li><li>カーテン：名词，外来语，意思是“窗帘”。</li><li>を：助词，表示动作的直接对象，这里指“挂窗帘”。</li><li>かけました：动词“かける”（挂、加、戴等）的礼貌过去式，表示已经进行该动作。</li><li>动词ます形的过去式“ました”，表示动作已经完成，体现礼貌。</li><li>句子的结构为“场所に物をかける”，意为“在某处挂某物”。日本人习惯在窗上挂窗帘以保护隐私和防晒。</li></ol>,[sound:jlpt_vocabulary_in_sentence_カーテン.mp3]
汽車,火车,汽車で遠くまで行きます。,我乘火车去远方。,<ruby>汽車<rt>きしゃ</rt></ruby>で<ruby>遠く<rt>とおく</rt></ruby>まで<ruby>行きます<rt>いきます</rt></ruby>。,<ol><li>汽車（きしゃ）：指以蒸汽为动力的火车，在现代日语中有时也泛指一般火车，但现代多叫電車（でんしゃ）。</li><li>で：表示手段、工具，这里表示乘坐汽車。</li><li>遠く（とおく）：表示距离远的地方，是“远”的名词化用法。</li><li>まで：表示动作的到达点。“到……为止”。</li><li>行きます（いきます）：“去”，表示到某地移动。</li><li>语法：句子结构为“交通工具+で+目的地+まで+行きます”，表示“乘……去……”。</li></ol>,[sound:jlpt_vocabulary_in_sentence_汽車.mp3]
遅れる,迟到,電車に遅れると困ります。,如果错过电车会很麻烦。,<ruby>電車<rt>でんしゃ</rt></ruby>に<ruby>遅れる<rt>おくれる</rt></ruby>と<ruby>困ります<rt>こまります</rt></ruby>。,<ol><li>電車（でんしゃ）：火车、电车。</li><li>に：表示动作的目标或目的地，这里指“因/赶上电车”。</li><li>遅れる（おくれる）：动词，意思是“迟到”或“来不及”。</li><li>と：表示条件，“如果……的话”。</li><li>困ります（こまります）：动词“困る”的敬体，表示“为难、麻烦”。</li><li>语法点：“AとB”表示“如果A，则B”。</li></ol>,[sound:jlpt_vocabulary_in_sentence_遅れる.mp3]
見つかる,被发现,なくした鍵が見つかりました。,丢失的钥匙被找到了。,<ruby>なくした<rt>なくした</rt></ruby><ruby>鍵<rt>かぎ</rt></ruby><ruby>が<rt>が</rt></ruby><ruby>見つかりました<rt>みつかりました</rt></ruby>。,<ol><li>なくした：动词「なくす」（丢失）的过去式，表示“丢失了”。</li><li>鍵（かぎ）：名词，“钥匙”。</li><li>が：表示主语的助词。</li><li>見つかりました：「見つかる」的过去敬体形式，表示“被找到了/被发现了”。见つかる为自动词，常用于某物被动地被发现。</li><li>这句语序习惯：日语多用被动表达，强调“东西自己出现”，符合日本文化中强调事物状态而非人的主动行为。</li></ol>,[sound:jlpt_vocabulary_in_sentence_見つかる.mp3]
召し上がる,吃；喝(敬语),先生は朝ご飯を召し上がりました。,老师吃了早饭。,<ruby>先生<rt>せんせい</rt></ruby>は<ruby>朝ご飯<rt>あさごはん</rt></ruby>を<ruby>召し上がりました<rt>めしあがりました</rt></ruby>。,<ol><li>先生（せんせい）：老师。</li><li>は：主题助词，表示主语。</li><li>朝ご飯（あさごはん）：早餐、早饭。</li><li>を：宾语助词，标记动作对象。</li><li>召し上がりました（めしあがりました）：动词「召し上がる」的过去式，「召し上がる」为「食べる／飲む」的敬语，用于对他人（通常是长辈、上司等）的尊敬表达。</li><li>日语中表达敬意时多使用尊他语（敬语），如「召し上がる」就是食用、饮用时对对象的尊敬表达方式，一般不用在自己身上。</li></ol>,[sound:jlpt_vocabulary_in_sentence_召し上がる.mp3]
太る,变胖,最近太ってきました。,最近变胖了。,<ruby>最近<rt>さいきん</rt></ruby><ruby>太って<rt>ふとって</rt></ruby><ruby>きました<rt>きました</rt></ruby>。,<ol><li>最近（さいきん）：表示最近、近来。</li><li>太って（ふとって）：「太る」的て形，表示变胖。「～てくる」表示状态的变化，常译为“变得……”</li><li>きました：助动词「くる」的ます形，接在て形动词后，表现动作或状态到目前为止已经发生或完成。</li></ol>,[sound:jlpt_vocabulary_in_sentence_太る.mp3]
注射,打针,病院で注射を受けました。,我在医院打了针。,<ruby>病院<rt>びょういん</rt></ruby>で<ruby>注射<rt>ちゅうしゃ</rt></ruby>を<ruby>受けました<rt>うけました</rt></ruby>。,<ol><li>病院（びょういん）：医院。</li><li>で：格助词，表示动作发生的场所。</li><li>注射（ちゅうしゃ）：打针，注射。</li><li>を：宾格助词，表示动作的对象。</li><li>受けました（うけました）：动词「受ける」的过去敬体形式，表示接受某种行为。</li><li>句型：“Aで Bを 受けました”表示“在A接受了B”。</li></ol>,[sound:jlpt_vocabulary_in_sentence_注射.mp3]
様,样子；方式,彼の話し方には自信の様が見える。,从他的说话方式中可以看出自信的样子。,<ruby>彼<rt>かれ</rt></ruby>の<ruby>話し方<rt>はなしかた</rt></ruby>には<ruby>自信<rt>じしん</rt></ruby>の<ruby>様<rt>よう</rt></ruby>が<ruby>見える<rt>みえる</rt></ruby>。,<ol><li>彼（かれ）：他。</li><li>話し方（はなしかた）：说话方式。</li><li>自信（じしん）：自信。</li><li>様（よう）：表示样子、状态。常用于名词后，表示“……的样子、……的情况”。</li><li>見える（みえる）：看得见，能看出。语法上为可能动词形。</li><li>语法：“Aの様（よう）”用于描述A的样子、状态或气质。</li></ol>,[sound:jlpt_vocabulary_in_sentence_様.mp3]
～おき,隔一段时间,薬は六時間おきに飲んでください。,请每隔六小时吃一次药。,<ruby>薬<rt>くすり</rt></ruby>は<ruby>六時間おき<rt>ろくじかんおき</rt></ruby>に<ruby>飲んで<rt>のんで</rt></ruby><ruby>ください<rt>ください</rt></ruby>。,<ol><li>薬（くすり）：药。</li><li>は：助词，主语标记。</li><li>六時間おき（ろくじかんおき）：每隔六小时。其中「～おき」表示“每隔……”的意思，用在表示间隔的数量词后面。</li><li>に：时间点助词，表示动作发生的时间。</li><li>飲んで（のんで）：动词「飲む」的て形，连续用法或请求用法。</li><li>ください：表示请对方做某事，礼貌请求。</li><li>语法：“～おき”表示动作或事情每隔一定的时间或者次数发生一次。例如「二日おき」（每隔两天）、 「一時間おき」（每隔一小时）。</li></ol>,[sound:jlpt_vocabulary_in_sentence_～おき.mp3]
最初,最初，开始,最初は誰でも緊張します。,一开始谁都会紧张。,<ruby>最初<rt>さいしょ</rt></ruby>は<ruby>誰でも<rt>だれでも</rt></ruby><ruby>緊張<rt>きんちょう</rt></ruby><ruby>します<rt>します</rt></ruby>。,<ol><li>最初（さいしょ）：表示“最初、开始”。用作名词，常用于表示事情的开端。</li><li>誰でも（だれでも）：表示“无论是谁”。“でも”用法表示泛指。</li><li>緊張します（きんちょうします）：动词“緊張する”的敬体形式，意思是“紧张”。</li><li>“は”是主题助词，突出说明“最初”。</li></ol>,[sound:jlpt_vocabulary_in_sentence_最初.mp3]
御～,敬语前缀,お茶を飲みます。,喝茶。,<ruby>お茶<rt>おちゃ</rt></ruby>を<ruby>飲みます<rt>のみます</rt></ruby>。,<ol><li>お（御）：用于名词、部分动词前，体现对对象的尊敬或礼貌。例如「お茶」（おちゃ，茶）、「お元気」（おげんき，健康）。是日语常用敬语前缀之一。</li><li>を：格助词，表示动作的对象，接在名词或宾语后。</li><li>飲みます：动词「飲む」（のむ，喝）的礼貌形。日常生活表达。</li><li>“お茶”文化：喝茶在日本是一种礼仪与日常习惯，并且在用语上常加“お”体现尊敬和礼貌。</li></ol>,[sound:jlpt_vocabulary_in_sentence_御～.mp3]
安心,安心，放心,彼の無事を聞いて安心しました。,听说他平安无事，我放心了。,<ruby>彼<rt>かれ</rt></ruby>の<ruby>無事<rt>ぶじ</rt></ruby>を<ruby>聞いて<rt>きいて</rt></ruby><ruby>安心しました<rt>あんしんしました</rt></ruby>。,<ol><li>彼（かれ）：他，指代第三人称男性。</li><li>無事（ぶじ）：平安无事，安全。</li><li>を：表示宾语的助词。</li><li>聞いて（きいて）：动词「聞く」（听）的て形，表示并列或前后动作。</li><li>安心しました（あんしんしました）：动词「安心する」（安心，放心）的过去式第三人称表达，表示动作已经完成。</li><li>句子语法：通过「て形」连接前后两个动作，表达因前项「听到他无事」而产生后项「安心」的心理状态。</li></ol>,[sound:jlpt_vocabulary_in_sentence_安心.mp3]
直る,修好，恢复,壊れた時計が直りました。,坏掉的钟修好了。,<ruby>壊れた<rt>こわれた</rt></ruby><ruby>時計<rt>とけい</rt></ruby>が<ruby>直りました<rt>なおりました</rt></ruby>。,<ol><li>壊れた：动词壊れる（こわれる，坏掉）的过去式，修饰后面的名词，表示“坏掉的”。</li><li>時計（とけい）：名词，钟表。</li><li>が：助词，表示主语。</li><li>直りました：动词直る（なおる，修好、变好）的ます形过去式，表示“修好了”或“恢复了”。其原型为「直る」，属于自动词，用于无意识地恢复、修复。</li><li>句中表达坏的东西被修好时，常用「直る」而不是他动词「直す」（なおす，修理），前面用「が」接主语。</li></ol>,[sound:jlpt_vocabulary_in_sentence_直る.mp3]
集める,收集,切手を集めるのが好きです。,我喜欢收集邮票。,<ruby>切手<rt>きって</rt></ruby>を<ruby>集める<rt>あつめる</rt></ruby>のが<ruby>好き<rt>すき</rt></ruby>です。,<ol><li>切手（きって）：邮票。</li><li>を：助词，表示动作的对象。</li><li>集める（あつめる）：收集、集合。本句的谓语动词。</li><li>のが：将动词变成名词（动名词化），表“……的事情”。</li><li>好き（すき）：喜欢，名词性质，形容对前面内容有好感。</li><li>です：礼貌句末助动词。</li><li>“切手を集めるのが好き”表示“喜欢收集邮票”。动词“集める”是他动词，接宾语时用“を”。</li><li>在日本，收集邮票是一种流行的爱好，被称为“切手収集（きってしゅうしゅう）”。</li></ol>,[sound:jlpt_vocabulary_in_sentence_集める.mp3]
直す,修理，改正,時計を直してもらいました。,我请人修理了手表。,<ruby>時計<rt>とけい</rt></ruby>を<ruby>直して<rt>なおして</rt></ruby><ruby>もらいました<rt>もらいました</rt></ruby>。,<ol><li>時計（とけい）：手表。</li><li>を：宾格助词，表示前面的名词为动作对象。</li><li>直して（なおして）：动词「直す」的て形，表示动作的连接或持续。</li><li>もらいました：动词「もらう」的敬体过去式，表示“得到，受……帮助”。て形+もらう，用于表达“请别人为自己做某事”。</li><li>本句型「〜て もらう」常用来体现别人为自己做某事，多含感谢意味，符合日本文化中礼貌表达。</li></ol>,[sound:jlpt_vocabulary_in_sentence_直す.mp3]
続く,持续,雨の日が三日間続きました。,下雨的日子持续了三天。,<ruby>雨<rt>あめ</rt></ruby>の<ruby>日<rt>ひ</rt></ruby>が<ruby>三日間<rt>みっかかん</rt></ruby><ruby>続きました<rt>つづきました</rt></ruby>。,<ol><li>雨（あめ）：名词，意思是雨。</li><li>の日：の表示所属或修饰，雨の日即“下雨的日子”。</li><li>が：主格助词，标记主语。</li><li>三日間（みっかかん）：表示“三天的时间”，三日（みっか）+ 间（かん，表示时间段）。</li><li>続きました（つづきました）：动词「続く」的ます形敬体过去式，表示某动作或状态“持续了”。</li><li>にちかん/みっかかん（时间段）：描述动作持续的时间。</li></ol>,[sound:jlpt_vocabulary_in_sentence_続く.mp3]
先輩,前辈,先輩は仕事が早いです。,前辈工作很快。,<ruby>先輩<rt>せんぱい</rt></ruby>は<ruby>仕事<rt>しごと</rt></ruby>が<ruby>早い<rt>はやい</rt></ruby>です。,<ol><li>先輩（せんぱい）：指在学校、公司等集体中资格比自己老的人，即“前辈”。</li><li>は：提示主题的助词。</li><li>仕事（しごと）：工作、任务。</li><li>が：主语助词，强调“工作”这个动作的主体。</li><li>早い（はやい）：形容词，意思是“快”。</li><li>です：礼貌体结句助动词。</li><li>句子结构为“主语は+名词が+形容词+です”，用于表达某人或事物在某方面的特征。</li></ol>,[sound:jlpt_vocabulary_in_sentence_先輩.mp3]
約束,约定,明日会う約束をしました。,我们约定明天见面了。,<ruby>明日<rt>あした</rt></ruby><ruby>会う<rt>あう</rt></ruby><ruby>約束<rt>やくそく</rt></ruby>を<ruby>しました<rt>しました</rt></ruby>。,<ol><li>明日（あした）：表示“明天”。</li><li>会う（あう）：动词，表示“见面”。</li><li>約束（やくそく）：名词，意思是“约定”或“约会”。</li><li>〜をしました：表示做了某事，这里“約束をしました”是“进行了约定”。“〜をする”是固定搭配。</li><li>语序为“对象+を+しました”，约定的具体内容在“を”前面说明。</li></ol>,[sound:jlpt_vocabulary_in_sentence_約束.mp3]
世話,照顾,彼は犬の世話をしている。,他在照顾狗。,<ruby>彼<rt>かれ</rt></ruby>は<ruby>犬<rt>いぬ</rt></ruby>の<ruby>世話<rt>せわ</rt></ruby>をしている。,<ol><li>彼（かれ）：他，指男性第三人称。</li><li>犬（いぬ）：狗。</li><li>の：表示所属关系，相当于“的”。</li><li>世話（せわ）：照顾、关照，名词，常指日常的照料。</li><li>を：宾格助词，表示动作的对象。</li><li>している：します的进行时，表示动作正在进行。</li><li>句型“〜の世話をする”：表示“照顾……”，如“子供の世話をする”。</li></ol>,[sound:jlpt_vocabulary_in_sentence_世話.mp3]
近所,附近，邻居,近所の公園で友達と遊びました。,我在附近的公园和朋友玩了。,<ruby>近所<rt>きんじょ</rt></ruby>の<ruby>公園<rt>こうえん</rt></ruby>で<ruby>友達<rt>ともだち</rt></ruby>と<ruby>遊びました<rt>あそびました</rt></ruby>。,<ol><li>近所（きんじょ）：表示附近、邻近的地方，也可以指邻居。</li><li>の：连接名词，表示“的”。</li><li>公園（こうえん）：公园。</li><li>で：表示动作发生的场所。</li><li>友達（ともだち）：朋友。</li><li>と：和，表示并列或伴随。</li><li>遊びました（あそびました）：来自“遊ぶ”动词的敬体过去式，表示“玩了”。</li><li>语序为主语（通常省略）+时间/场所+对象+动词，日本日常用语经常会省略主语。</li></ol>,[sound:jlpt_vocabulary_in_sentence_近所.mp3]
将来,将来,私は将来医者になりたいです。,我将来想成为医生。,<ruby>私<rt>わたし</rt></ruby>は<ruby>将来<rt>しょうらい</rt></ruby><ruby>医者<rt>いしゃ</rt></ruby>になりたいです。,<ol><li>私（わたし）：第一人称，意为“我”。</li><li>将来（しょうらい）：名词，表示“将来、未来”。</li><li>医者（いしゃ）：名词，意思是“医生”。</li><li>に：助词，接在表示目标的名词后，表示成为某种身份。</li><li>なりたい：是“なる”（成为）的意志形“なりたい”，表示“想成为”。</li><li>です：敬体终助动词，表示礼貌。</li><li>句型“〜になりたい”：表示“想成为……”。</li></ol>,[sound:jlpt_vocabulary_in_sentence_将来.mp3]
億,亿(10的8次方),日本の人口は一億人を超えています。,日本的人口超过了一亿人。,<ruby>日本<rt>にほん</rt></ruby>の<ruby>人口<rt>じんこう</rt></ruby>は<ruby>一億人<rt>いちおくにん</rt></ruby>を<ruby>超えています<rt>こえています</rt></ruby>。,<ol><li>日本（にほん）：日本国家名。</li><li>の：表示前后名词所属关系，相当于汉语的“的”。</li><li>人口（じんこう）：人口，人数。</li><li>は：主题助词，表示句子的主题。</li><li>一億人（いちおくにん）：一亿人，“億（おく）”表示一亿，常用于大的数位单位。</li><li>を：宾语助词，表示动作对象。</li><li>超えています（こえています）：动词“超える（こえる）”的ている形，表示动作或状态的持续，“已经超过”。</li><li>语法说明：“を超える”表示“超过（……的数量）”。“ている”表示状态的持续。</li><li>文化背景：“億（おく）”在日语中也是十的八次方，和中文一样，用于表达巨大数量，如人口、金额等。</li></ol>,[sound:jlpt_vocabulary_in_sentence_億.mp3]
数学,数学,私は数学が得意です。,我擅长数学。,<ruby>私<rt>わたし</rt></ruby>は<ruby>数学<rt>すうがく</rt></ruby>が<ruby>得意<rt>とくい</rt></ruby>です。,<ol><li>私（わたし）：第一人称，意为“我”。</li><li>数学（すうがく）：表示“数学”，指代数学这一学科。</li><li>が：助词，表示主题范围外的主语，用于表明某个性质。</li><li>得意（とくい）：形容动词，这里意为“擅长”。</li><li>です：礼貌助动词（判断词），用于句末增加礼貌性。</li><li>语法点： '名词が得意です' 表达“擅长某事”，是固定用法，常和表示技能或科目的名词搭配。</li></ol>,[sound:jlpt_vocabulary_in_sentence_数学.mp3]
文化,文化,日本の文化はとても興味深いです。,日本的文化非常有趣。,<ruby>日本<rt>にほん</rt></ruby>の<ruby>文化<rt>ぶんか</rt></ruby>はとても<ruby>興味深い<rt>きょうみぶかい</rt></ruby>です。,<ol><li>日本（にほん）：国家名，日本。</li><li>の：助词，表示所属、的（的）。</li><li>文化（ぶんか）：名词，文化。</li><li>は：提示助词，标明主语。</li><li>とても：副词，非常。</li><li>興味深い（きょうみぶかい）：形容词，有趣、引人兴趣。</li><li>です：敬体句尾，用于礼貌表达。</li><li>语法结构“〜は〜です”是日语基本句型，表示主语的情况或属性。</li><li>日本的文化有茶道、和服、祭典等独特内容，是了解日本的重要窗口。</li></ol>,[sound:jlpt_vocabulary_in_sentence_文化.mp3]
払う,支付,店でお金を払いました。,我在店里付款了。,<ruby>店<rt>みせ</rt></ruby>で<ruby>お金<rt>おかね</rt></ruby>を<ruby>払いました<rt>はらいました</rt></ruby>。,<ol><li>店（みせ）：意思是“商店、店铺”。</li><li>で：表示动作发生的场所。</li><li>お金（おかね）：“钱，金钱”的意思。前面的「お」表示礼貌。</li><li>を：宾语助词，表示动作的对象。</li><li>払いました（はらいました）：动词「払う（はらう）」的过去式，「ました」用于礼貌表达。</li><li>「～ました」是动词ます形的过去时，表示有礼貌的过去动作或状态。</li></ol>,[sound:jlpt_vocabulary_in_sentence_払う.mp3]
習慣,习惯,毎朝散歩するのが私の習慣です。,每天早上散步是我的习惯。,<ruby>毎朝<rt>まいあさ</rt></ruby><ruby>散歩<rt>さんぽ</rt></ruby>するのが<ruby>私<rt>わたし</rt></ruby>の<ruby>習慣<rt>しゅうかん</rt></ruby>です。,<ol><li>毎朝（まいあさ）：每天早上。</li><li>散歩する（さんぽする）：散步，动词“散歩+する”表示进行散步。</li><li>のが：表示动作或状态作为主语，可以译为“……的事”。</li><li>私（わたし）の習慣（しゅうかん）：“我的习惯”。日语中“の”表示所属关系。习惯（習慣 しゅうかん）意为习惯、惯例。</li><li>です：敬体语尾，表示判断句，类似于中文“是”。</li><li>语法点：“AのがBです”常用于表达“A是B”，这里“A”是动词短语，“B”是名词。</li></ol>,[sound:jlpt_vocabulary_in_sentence_習慣.mp3]
焼ける,燃烧、晒黑,太陽で肌が焼けることがあります。,有时候皮肤会被太阳晒黑。,<ruby>太陽<rt>たいよう</rt></ruby>で<ruby>肌<rt>はだ</rt></ruby>が<ruby>焼ける<rt>やける</rt></ruby>ことが<ruby>あります<rt>あります</rt></ruby>。,<ol><li>太陽（たいよう）：太阳。</li><li>で：表示原因、手段，这里指“被太阳（晒）”。</li><li>肌（はだ）：皮肤。</li><li>が：主语助词，标明主语“肌”。</li><li>焼ける（やける）：自动词，表示“被烧、晒黑”；此句为肌“被晒黑”。</li><li>ことがあります：表达“有时会…”，表示某种情况偶尔发生。</li><li>完整句意为：有时候皮肤会因为太阳而晒黑。</li><li>日语“焼ける”既可指物品燃烧，也可指皮肤被阳光晒黑，常用于夏天或户外活动的场景。</li></ol>,[sound:jlpt_vocabulary_in_sentence_焼ける.mp3]
君,你（男性）,君は今日も元気そうだね。,你今天看起来也很有精神啊。,<ruby>君<rt>きみ</rt></ruby>は<ruby>今日<rt>きょう</rt></ruby>も<ruby>元気<rt>げんき</rt></ruby>そうだね,<ol><li>「君（きみ）」：较为亲昵的“你”，常用于男性对关系较近的晚辈、同龄人称呼对方，有时长辈对晚辈使用。女性用时显得不够礼貌。</li><li>「は」：主语提示助词，表示主语。</li><li>「今日（きょう）」：今天。</li><li>「も」：副助词，表示“也”。</li><li>「元気（げんき）」：有活力、精神状态好。</li><li>「〜そうだ」：表示看起来有某种状态，这里是“看起来有精神”。</li><li>「ね」：终助词，表感叹或确认对方感受。</li><li>语法说明：「N+は」结构引出主题；「〜そうだ」用于形容词词干后面，表达外观印象。</li><li>文化补充：「君」在正式或尊敬场合不宜使用，避免给对方带来轻率的感觉。</li></ol>,[sound:jlpt_vocabulary_in_sentence_君.mp3]
冷える,变冷,夜になると体が冷える。,到了晚上身体会变冷。,<ruby>夜<rt>よる</rt></ruby><ruby>になると<rt>になると</rt></ruby><ruby>体<rt>からだ</rt></ruby>が<ruby>冷える<rt>ひえる</rt></ruby>。,<ol><li>夜（よる）：夜晚。</li><li>になると：表示时间或状态的变化，意思是“到了……的时候”。</li><li>体（からだ）：身体。</li><li>が：主语助词，标出主语“体”。</li><li>冷える（ひえる）：自动词，意思是变冷、变凉，多用于描述物体、身体自然变冷。</li><li>本句为自动词冷える的普通体用法，描述自然现象，没有主观使动。</li></ol>,[sound:jlpt_vocabulary_in_sentence_冷える.mp3]
点く,点燃，点亮,玄関の電気が点いています。,门口的灯亮着。,<ruby>玄関<rt>げんかん</rt></ruby>の<ruby>電気<rt>でんき</rt></ruby>が<ruby>点いて<rt>ついて</rt></ruby><ruby>います<rt>います</rt></ruby>。,<ol><li>玄関（げんかん）：指日本住宅的门口、入口区域，常放鞋子。</li><li>電気（でんき）：电灯、电气。</li><li>点く（つく）：自动词，意思是灯或火“被点亮”。</li><li>点いています：表示灯现在处于点亮的状态，是点く的ている形，表达持续状态。</li><li>日语中，某个东西“亮着”常说「点いている」，而不是用“--てある”（后者多指人为安放、准备好的状态）。</li></ol>,[sound:jlpt_vocabulary_in_sentence_点く.mp3]
この間,前几天,この間友達と映画を見に行きました。,前几天我和朋友去看了电影。,<ruby>この間<rt>このあいだ</rt></ruby><ruby>友達<rt>ともだち</rt></ruby>と<ruby>映画<rt>えいが</rt></ruby>を<ruby>見<rt>み</rt></ruby>に<ruby>行きました<rt>いきました</rt></ruby>。,<ol><li>この間（このあいだ）：表示最近的过去，意为“前几天”、“最近”。</li><li>友達（ともだち）：朋友。</li><li>と：助词，表示与谁一起。</li><li>映画（えいが）：电影。</li><li>を：宾格助词，表动作对象。</li><li>見に行く（みにいく）：固定表达，表示“去看”。动词“見る”变成“见（み）”加目的动词“行く（いく）”。</li><li>ました：动词过去时敬体结尾。</li><li>语法要点：句子主体“この間友達と映画を見に行きました”说明了发生在不久前和朋友一起做的事情，时态用过去式表达已完成。</li></ol>,[sound:jlpt_vocabulary_in_sentence_この間.mp3]
格好,样子，外观,彼の格好はとてもおしゃれです。,他的样子很时尚。,<ruby>彼<rt>かれ</rt></ruby>の<ruby>格好<rt>かっこう</rt></ruby>はとてもおしゃれです。,<ol><li>彼（かれ）：指“他”。</li><li>格好（かっこう）：表示“样子、外观、打扮”。可用于人的穿着或整体印象。</li><li>は：主题助词，表示主语。</li><li>とても：副词，表示“非常”。</li><li>おしゃれ：表示“时髦、时尚”。</li><li>です：礼貌结句助动词。</li><li>“格好”可指人的外形，也用于评价衣着、打扮等，日本人重视仪表，格好这个词在日常对话中常用于描述别人的外在形象。</li></ol>,[sound:jlpt_vocabulary_in_sentence_格好.mp3]
かまう,在意；介意,私はそんなことは全然かまいません。,我一点也不在意那种事。,<ruby>私<rt>わたし</rt></ruby>はそんなことは<ruby>全然<rt>ぜんぜん</rt></ruby><ruby>かまいません<rt>かまいません</rt></ruby>。,<ol><li>私（わたし）：第一人称代词，意为“我”。</li><li>そんなこと：表示“那样的事情”。“そんな”为连体词，修饰后面的“こと”。</li><li>全然（ぜんぜん）：副词，常与否定形式连用，表示“完全（不）”的意思。</li><li>かまいません：动词“かまう”（介意、理会）的否定敬体形式，表示“不介意、不在意”。<br>语法：全然＋否定，“全然かまいません”=“一点也不介意”。</li></ol>,[sound:jlpt_vocabulary_in_sentence_かまう.mp3]
続ける,继续,勉強を続けることが大切です。,继续学习很重要。,<ruby>勉強<rt>べんきょう</rt></ruby>を<ruby>続ける<rt>つづける</rt></ruby>ことが<ruby>大切<rt>たいせつ</rt></ruby>です。,<ol><li>勉強（べんきょう）：学习；名词，用于表示学习本身。</li><li>を：助词，表示动作的对象，这里是指“学习”。</li><li>続ける（つづける）：动词，意思是“继续”，表示某个动作或状态没有停止而在持续。</li><li>こと：将动词“て形/简体形+こと”名词化，用于泛指该行为。“続けること”即“继续（做某事）”。</li><li>が：主格助词，表示主语，这里强调“继续学习这件事”。</li><li>大切（たいせつ）：形容动词，意思是“重要”。</li><li>です：礼貌表达句末。<br>本句语法结构为“动词基本形+ことが大切です”，可用于表达某个行为的重要性。</li></ol>,[sound:jlpt_vocabulary_in_sentence_続ける.mp3]
落す,掉落,財布を落としました。,我把钱包掉了。,<ruby>財布<rt>さいふ</rt></ruby>を<ruby>落としました<rt>おとしました</rt></ruby>。,<ol><li>財布（さいふ）：钱包。</li><li>を：助词，表示动作的对象。</li><li>落としました（おとしました）：是动词「落とす」的敬体过去式，表示“掉了，弄丢了”。</li><li>「落とす」是他动词，意思是“让某物掉下、掉落、弄丢”。形成敬体过去式时为「落としました」。</li></ol>,[sound:jlpt_vocabulary_in_sentence_落す.mp3]
明日,明天,明日は友達と公園に行きます。,明天要和朋友去公园。,<ruby>明日<rt>あした</rt></ruby>は<ruby>友達<rt>ともだち</rt></ruby>と<ruby>公園<rt>こうえん</rt></ruby>に<ruby>行きます<rt>いきます</rt></ruby>。,<ol><li>明日（あした）：表示“明天”。</li><li>友達（ともだち）：朋友。</li><li>と：和，用于连接并列宾语。</li><li>公園（こうえん）：公园。</li><li>に：表示动作的目的地。</li><li>行きます（いきます）：动词“行く”的礼貌形，意为“去”。</li><li>语法：“明日は”作为主题（は为主语提示助词）。“友達と”表示与朋友一起，“公園に”指去的目标地点，“行きます”表示将要去的动作，整个句子结构为：[时间]は [人]と [地点]に [动词]。</li></ol>,[sound:jlpt_vocabulary_in_sentence_明日.mp3]
出発,出发,明日早く出発します。,明天一早出发。,<ruby>明日<rt>あした</rt></ruby><ruby>早く<rt>はやく</rt></ruby><ruby>出発します<rt>しゅっぱつします</rt></ruby>。,<ol><li>明日（あした）：名词，意思是“明天”。</li><li>早く（はやく）：副词，表示“早地、早点”。</li><li>出発します（しゅっぱつします）：动词“出発”加上礼貌形“ます”，表示“出发”；“します”是动词“する”的礼貌形结尾。</li><li>日语中常用“ます”结尾表达礼貌。“明日早く出発します”是常用表达出行或计划的说法。</li></ol>,[sound:jlpt_vocabulary_in_sentence_出発.mp3]
拝見,拜见，观看,先生のお手紙を拝見しました。,我拜读了您的来信。,<ruby>先生<rt>せんせい</rt></ruby>の<ruby>お手紙<rt>おてがみ</rt></ruby>を<ruby>拝見<rt>はいけん</rt></ruby>しました。,<ol><li>先生（せんせい）：老师、先生，对他人的尊称。</li><li>お手紙（おてがみ）：信，带有“お”是表达尊敬的用法。</li><li>拝見（はいけん）：是“見る（みる）”的自谦语，用于表示自己谦逊地看或拜读对方的物品，常用于书信、文件等正式场合。</li><li>～しました：表示过去时的敬语，通常用于正式或礼貌场合。</li><li>日本文化中，对于上级、长辈或对方的物品，表达出谦逊和敬意是非常重要的，这句话体现了日语中敬语（けいご）和自谦语（じけんご）的使用方法。</li></ol>,[sound:jlpt_vocabulary_in_sentence_拝見.mp3]
割れる,破裂、碎,コップが床に落ちて割れました。,杯子掉到地上摔碎了。,コップが<ruby>床<rt>ゆか</rt></ruby>に<ruby>落ちて<rt>おちて</rt></ruby><ruby>割れました<rt>われました</rt></ruby>。,<ol><li>コップ：玻璃杯、杯子的意思。</li><li>が：主格助词，表示主语「コップ」。</li><li>床（ゆか）：地板、地面。</li><li>に：表示动作为目标或发生的场所。</li><li>落ちて（おちて）：「落ちる」的て形，表示动作的进行（掉落）。</li><li>割れました（われました）：「割れる」的ます形过去式，意为（被动地）破碎、裂开，描述杯子的状态变化。</li><li>该句为自动词句型，说明「コップ」本身因掉在地上而自然破碎。</li></ol>,[sound:jlpt_vocabulary_in_sentence_割れる.mp3]
背中,后背,彼は背中が痛いと言いました。,他说他的后背疼。,<ruby>彼<rt>かれ</rt></ruby>は<ruby>背中<rt>せなか</rt></ruby>が<ruby>痛い<rt>いたい</rt></ruby>と<ruby>言いました<rt>いいました</rt></ruby>。,<ol><li>彼（かれ）：他，指第三人称男性。</li><li>背中（せなか）：名词，指人的后背。</li><li>が：主格助词，表示主语。</li><li>痛い（いたい）：形容词，表示疼痛。</li><li>と言いました：「と言う」表示引用别人或自己的话，意思是“说……”。这里用过去式「言いました」。</li><li>整句话表示他表达了自己后背疼的情况。</li></ol>,[sound:jlpt_vocabulary_in_sentence_背中.mp3]
新聞社,新闻社,彼は新聞社で働いています。,他在新闻社工作。,<ruby>彼<rt>かれ</rt></ruby>は<ruby>新聞社<rt>しんぶんしゃ</rt></ruby>で<ruby>働いて<rt>はたらいて</rt></ruby><ruby>います<rt>います</rt></ruby>。,<ol><li>彼（かれ）：他、男性的第三人称。</li><li>新聞社（しんぶんしゃ）：新闻社，进行新闻采编与报道的机构。</li><li>で：表示动作发生的场所。</li><li>働いています：动词「働く」（はたらく，工作）的て形加「います」，表示正在进行的动作，常用来表达某人正在某处工作。</li></ol>,[sound:jlpt_vocabulary_in_sentence_新聞社.mp3]
いじめる,欺负,小さな子をいじめるのは悪いことです。,欺负小孩子是不好的行为。,<ruby>小さな<rt>ちいさな</rt></ruby><ruby>子<rt>こ</rt></ruby>をいじめるのは<ruby>悪い<rt>わるい</rt></ruby>ことです。,<ol><li>小さな（ちいさな）：形容词，意为“小的”。</li><li>子（こ）：名词，“孩子”。</li><li>を：助词，表示动作的对象。</li><li>いじめる：动词，“欺负”。</li><li>のは：结构助词“の”用于名词化动词短语，“は”表示主题。</li><li>悪い（わるい）：形容词，“不好、坏”。</li><li>こと：名词，“事情、行为”。</li><li>です：礼貌句末表达。</li><li>本句使用“动词+のは〜です”的表达，表示对行为进行评价。</li></ol>,[sound:jlpt_vocabulary_in_sentence_いじめる.mp3]
回る、回す,转动、旋转,彼は椅子をゆっくり回した。,他慢慢地转动了椅子。,<ruby>彼<rt>かれ</rt></ruby>は<ruby>椅子<rt>いす</rt></ruby>をゆっくり<ruby>回した<rt>まわした</rt></ruby>。,<ol><li>彼（かれ）：他，男性第三人称代词。</li><li>は：主题助词，提示主语“彼”。</li><li>椅子（いす）：椅子。</li><li>を：宾语助词，说明“椅子”是动作的对象。</li><li>ゆっくり：副词，慢慢地，缓慢地。</li><li>回した（まわした）：动词“回す（まわす）”的过去式，表示让某物转动，这里是他让椅子旋转。</li><li>语法讲解：日语中「回す」为他动词，表示使物体旋转或转动；而「回る（まわる）」为自动词，表示自身转动。例如：椅子が回る（椅子在转）。</li></ol>,[sound:jlpt_vocabulary_in_sentence_回る、回す.mp3]
～君,你，～君,田中君は毎日遅刻します。,田中君每天迟到。,<ruby>田中君<rt>たなかくん</rt></ruby><ruby>は<rt>は</rt></ruby><ruby>毎日<rt>まいにち</rt></ruby><ruby>遅刻<rt>ちこく</rt></ruby><ruby>します<rt>します</rt></ruby>。,<ol><li>田中君（たなかくん）：田中是姓，「君（くん）」常用于男性名字后，表亲切、平辈或晚辈之间的称呼。</li><li>は：主题助词，表示句子的主语。</li><li>毎日（まいにち）：每天。</li><li>遅刻（ちこく）します：迟到，动词「遅刻する」的敬体形式。</li><li>～君用法通常用于男性后辈或同辈之间女士很少用，适用场合比「さん」更亲密、随意。</li></ol>,[sound:jlpt_vocabulary_in_sentence_～君.mp3]
おっしゃる,说，讲,先生がおっしゃることを聞きました。,我听了老师说的话。,<ruby>先生<rt>せんせい</rt></ruby>が<ruby>おっしゃる<rt>おっしゃる</rt></ruby><ruby>こと<rt>こと</rt></ruby>を<ruby>聞きました<rt>ききました</rt></ruby>。,<ol><li>先生（せんせい）：老师。</li><li>が：主格助词，表示主语。</li><li>おっしゃる：是「言う」（いう，说）的尊敬语（敬语），用于尊敬他人的发言。</li><li>こと：事情、内容。</li><li>を：宾格助词，表示动作对象。</li><li>聞きました（ききました）：动词「聞く」（きく）的敬体过去式，表示“听了”。</li><li>「おっしゃる」用来表达尊敬对方（如老师、长辈等）时“说、讲”的意思，是非常典型的日语敬语用法。使用「おっしゃる」体现了对对方的尊重。</li></ol>,[sound:jlpt_vocabulary_in_sentence_おっしゃる.mp3]
眠い,困倦,今日はとても眠いです。,今天非常困。,<ruby>今日<rt>きょう</rt></ruby>はとても<ruby>眠い<rt>ねむい</rt></ruby>です。,<ol><li>今日（きょう）：指今天。</li><li>とても：副词，表示“非常、很”。</li><li>眠い（ねむい）：形容词，表示“困倦、想睡觉”。</li><li>です：礼貌结句助动词。</li><li>整体语法为：主语+は+副词+形容词+です，构成礼貌句型。</li></ol>,[sound:jlpt_vocabulary_in_sentence_眠い.mp3]
濡れる,弄湿、湿润,雨で服が濡れることがあります。,有时候衣服会被雨淋湿。,<ruby>雨<rt>あめ</rt></ruby>で<ruby>服<rt>ふく</rt></ruby>が<ruby>濡れる<rt>ぬれる</rt></ruby>ことがあります。,<ol><li>雨（あめ）：雨水（名词）。</li><li>で：表示原因，相当于“因为……”，译为“由于……”。</li><li>服（ふく）：衣服（名词）。</li><li>が：格助词，标记主语。一般放在受影响的事物后。</li><li>濡れる（ぬれる）：动词，意思是“被弄湿、湿润”，是自动词，表示物体自己变湿。</li><li>こと：用来把动词变化为名词，形成“……的事情”这样的意思。</li><li>がある：表示“有……”。与こと搭配，表达偶然会发生某种情况。“～ことがある”常译为“有时会……”。</li><li>语法：“AでBがC”结构中，“で”说明原因，“が”表示主语。</li></ol>,[sound:jlpt_vocabulary_in_sentence_濡れる.mp3]
倒れる,倒下,彼は突然道で倒れる。,他突然在路上倒下。,<ruby>彼<rt>かれ</rt></ruby>は<ruby>突然<rt>とつぜん</rt></ruby><ruby>道<rt>みち</rt></ruby>で<ruby>倒れる<rt>たおれる</rt></ruby>。,<ol><li>彼（かれ）：指“他”，用于第三人称称呼男性。</li><li>突然（とつぜん）：副词，表示“突然、忽然”。</li><li>道（みち）：道路、路上。</li><li>で：表示地点的助词，在这里表示动作发生的场所。</li><li>倒れる（たおれる）：自动词，表示“倒下、倒塌、生病倒下”等含义，常用于描述人、树、物体等失去支撑而倒下的情况。</li><li>语法知识：日语中表示在某地发生某动作常用“场所+で+动词”，如“公園で遊ぶ”表示“在公园玩”。</li></ol>,[sound:jlpt_vocabulary_in_sentence_倒れる.mp3]
スーパー (マーケット),超市,私はスーパーで野菜を買いました。,我在超市买了蔬菜。,<ruby>私<rt>わたし</rt></ruby>は<ruby>スーパー<rt>すーぱー</rt></ruby>で<ruby>野菜<rt>やさい</rt></ruby>を<ruby>買いました<rt>かいました</rt></ruby>。,<ol><li>私（わたし）：第一人称，表示“我”。</li><li>スーパー（すーぱー）：超市，英语 supermarket 的外来语。</li><li>で：表示动作发生的场所，相当于中文“在……（地方）”。</li><li>野菜（やさい）：蔬菜。</li><li>を：格助词，表示动作的对象。</li><li>買いました（かいました）：“买”的敬体过去式，动词“買う（かう）”的ます形过去式。</li><li>语法知识：助词「で」用于动作发生的场所，「を」连接动词对象，ます形为敬体表达。</li><li>文化补充：日本的“スーパー”通常是社区型超市，日常生活中使用频率很高。</li></ol>,[sound:jlpt_vocabulary_in_sentence_スーパー (マーケット).mp3]
アクセサリー,饰品,彼女は新しいアクセサリーを買いました。,她买了新的饰品。,<ruby>彼女は<rt>かのじょは</rt></ruby><ruby>新しい<rt>あたらしい</rt></ruby><ruby>アクセサリー<rt>あくせさりー</rt></ruby><ruby>を<rt>を</rt></ruby><ruby>買いました<rt>かいました</rt></ruby>。,<ol><li>彼女（かのじょ）：她，指女性。</li><li>新しい（あたらしい）：形容词，新的。</li><li>アクセサリー：饰品，指配饰或首饰等。</li><li>を：助词，表示动作的对象。</li><li>買いました（かいました）：动词“買う（かう）”的敬体过去式，意思是“买了”。</li><li>句子结构为“主语＋は＋宾语＋を＋动词敬体过去式”，属于基本叙述句型。</li></ol>,[sound:jlpt_vocabulary_in_sentence_アクセサリー.mp3]
考える,思考,明日の計画を考える時間があります。,有时间思考明天的计划。,<ruby>明日<rt>あした</rt></ruby>の<ruby>計画<rt>けいかく</rt></ruby>を<ruby>考える<rt>かんがえる</rt></ruby><ruby>時間<rt>じかん</rt></ruby>が<ruby>あります<rt>あります</rt></ruby>。,<ol><li>明日（あした）：明天，用于表示时间。</li><li>計画（けいかく）：计划、安排。</li><li>を：宾格助词，标明动作涉及的对象。</li><li>考える（かんがえる）：思考、考虑。此处为动词基本形，表示单纯的动作。</li><li>時間（じかん）：时间、时段。</li><li>が：主格助词，表示主语或新的信息。</li><li>あります：动词「ある」的礼貌形，表示存在非生物或抽象事物。这里指“有（时间）”。</li><li>日语里“考える”用于深思熟虑、推理、策划，比“思う（想到、觉得）”更侧重于逻辑思考。</li></ol>,[sound:jlpt_vocabulary_in_sentence_考える.mp3]
向かう,前往,駅に向かう途中で友達に会いました。,在去车站的途中遇到了朋友。,<ruby>駅<rt>えき</rt></ruby>に<ruby>向かう<rt>むかう</rt></ruby><ruby>途中<rt>とちゅう</rt></ruby>で<ruby>友達<rt>ともだち</rt></ruby>に<ruby>会いました<rt>あいました</rt></ruby>。,<ol><li>駅（えき）：车站。</li><li>に：表示动作的目的地（助词）。</li><li>向かう（むかう）：动词，表示“前往、朝着”的意思。</li><li>途中（とちゅう）：途中，表示在前往某处的路上。</li><li>で：表示动作发生的场所（助词）。</li><li>友達（ともだち）：朋友。</li><li>に：表示动作的对象（助词）。</li><li>会いました（あいました）：动词あう的过去式，表示“遇见、见面”。</li><li>语法知识：动词连用+途中で，常表示“在去…途中”。“向かう”是自动词，常接助词「に」指目的地。</li></ol>,[sound:jlpt_vocabulary_in_sentence_向かう.mp3]
自由,自由,彼は自由に話すことができる。,他可以自由地说话。,<ruby>彼<rt>かれ</rt></ruby>は<ruby>自由<rt>じゆう</rt></ruby>に<ruby>話す<rt>はなす</rt></ruby>ことができる。,<ol><li>彼（かれ）：他，指代第三人称男性。</li><li>自由（じゆう）：自由、随意的意思。在这里做副词使用，接助词に。</li><li>に：表示方式或状态，译为“地”。</li><li>話す（はなす）：说话、交谈的意思。</li><li>ことができる：固定表达，表示“能够做某事”。</li><li>整句语法含义为“能够随意地说话”。“自由に”是副词修饰后面的动词，表达行动无拘束。</li></ol>,[sound:jlpt_vocabulary_in_sentence_自由.mp3]
仕方,办法,彼には仕方がないと思います。,我认为他也没有办法。,<ruby>彼<rt>かれ</rt></ruby>には<ruby>仕方<rt>しかた</rt></ruby>がないと<ruby>思います<rt>おもいます</rt></ruby>。,<ol><li>彼（かれ）：他。</li><li>には：表示对于“彼”的范围或对象，助词“に”加上主题助词“は”。</li><li>仕方（しかた）：办法、方式，多作「仕方がない」表示“没有办法”。</li><li>ない：表示否定，这里指“没有”。</li><li>と思います（おもいます）：表示自己的想法，“我认为”。</li><li>语法点：「仕方がない」为固定表达，意为“没有办法”、“无可奈何”。</li></ol>,[sound:jlpt_vocabulary_in_sentence_仕方.mp3]
首,头,彼は首を横に振った。,他摇了摇头。,<ruby>彼<rt>かれ</rt></ruby>は<ruby>首<rt>くび</rt></ruby>を<ruby>横<rt>よこ</rt></ruby>に<ruby>振った<rt>ふった</rt></ruby>。,<ol><li>彼（かれ）：他，男性第三人称。</li><li>は：主语助词，标示句子的主语。</li><li>首（くび）：脖子、头，也可引申为“职位”。</li><li>を：宾语助词，表动作的对象。</li><li>横（よこ）：横，侧面，这里指“左右”。</li><li>に：表示方向或状态的助词，这里为“往……地”。</li><li>振った（ふった）：动词「振る」的过去式，指晃动、摇动。</li><li>表达“首を横に振る”时，表示否定、拒绝含义，相当于中文“摇头”。日本人在否定时常会用上下或左右摇头，需注意文化理解。</li></ol>,[sound:jlpt_vocabulary_in_sentence_首.mp3]
程,程度，进展,このプロジェクトの進行程を教えてください。,请告诉我这个项目的进展程度。,このプロジェクトの<ruby>進行程<rt>しんこうてい</rt></ruby>を<ruby>教えて<rt>おしえて</rt></ruby>ください。,<ol><li>この：指示词，表示“这个”。</li><li>プロジェクト：外来语，项目。</li><li>の：助词，表示修饰或所属关系。</li><li>進行程（しんこうてい）：名词，表示进展的程度、进度。</li><li>を：宾格助词，表示动作的对象。</li><li>教えてください：动词“教える（おしえる）”的て形加“ください”，表示请求对方采取某动作，礼貌地说“请告诉我”。</li><li>句型：“〜を教えてください”是常用的请求表达方式。</li></ol>,[sound:jlpt_vocabulary_in_sentence_程.mp3]
代わり,替代，代替,彼の代わりに私が行きます。,我代替他去。,<ruby>彼<rt>かれ</rt></ruby>の<ruby>代わり<rt>かわり</rt></ruby>に<ruby>私<rt>わたし</rt></ruby>が<ruby>行きます<rt>いきます</rt></ruby>。,<ol><li>彼（かれ）：他。用来指代男性第三人称。</li><li>の：表示前后名词的所属或限定关系，相当于中文的“的”。</li><li>代わり（かわり）：名词，“代替，替代”。用法是“〜の代わりに”，表示“代为～，代替～”。</li><li>に：表示动作的结果、对象或方向。这里“〜の代わりに”整体作副词，表示“代替某人”。</li><li>私（わたし）：我。</li><li>が：主格助词，标明主语。“私が”=“我（去）”。</li><li>行きます（いきます）：动词“行く（いく）”的敬体形，意思是“去”。</li><li>语法点：“〜の代わりに”表示替代某人的行动。常用于表达“我代替XX做某事”。</li></ol>,[sound:jlpt_vocabulary_in_sentence_代わり.mp3]
失敗,失败,彼は試験で失敗しました。,他在考试中失败了。,<ruby>彼<rt>かれ</rt></ruby>は<ruby>試験<rt>しけん</rt></ruby>で<ruby>失敗<rt>しっぱい</rt></ruby><ruby>しました<rt>しました</rt></ruby>。,<ol><li>彼（かれ）：他，第三人称代词，指男性。</li><li>は：主题助词，提示主语。</li><li>試験（しけん）：考试。</li><li>で：表示动作发生的场所或原因，此处表明在某场合。</li><li>失敗（しっぱい）：失败，做错或没有达到目标。</li><li>しました：「する」的过去式，表示“做了某事”。</li><li>日语表达事件过去发生，用「ました」接在动词连用形后。</li></ol>,[sound:jlpt_vocabulary_in_sentence_失敗.mp3]
工業,工业,この地域は工業が盛んです。,这个地区工业很发达。,この<ruby>地域<rt>ちいき</rt></ruby>は<ruby>工業<rt>こうぎょう</rt></ruby>が<ruby>盛ん<rt>さかん</rt></ruby>です。,<ol><li>この：指示词，意思为“这个”。</li><li>地域（ちいき）：名词，表示“地区、地域”。</li><li>は：主题助词，提示句子的主题。</li><li>工業（こうぎょう）：名词，意思为“工业”。</li><li>が：主格助词，指出句子的主语。</li><li>盛ん（さかん）：形容动词，意思为“繁荣、兴盛”。</li><li>です：礼貌结句助动词，表示礼貌。</li><li>句型“～が盛んです”用于表示某方面十分兴盛、发达。例如：スポーツが盛んです（体育很发达）。</li></ol>,[sound:jlpt_vocabulary_in_sentence_工業.mp3]
移る,迁移；转变,春になると多くの鳥が南へ移る。,一到春天，许多鸟就迁往南方。,<ruby>春<rt>はる</rt></ruby>になると<ruby>多く<rt>おおく</rt></ruby>の<ruby>鳥<rt>とり</rt></ruby>が<ruby>南<rt>みなみ</rt></ruby>へ<ruby>移る<rt>うつる</rt></ruby>。,<ol><li>春（はる）：春天。</li><li>になる：表示变化，意思是“变成……”。</li><li>と：表示条件，此处为一……就……。</li><li>多く（おおく）：许多。</li><li>の：连接名词，表示修饰关系。</li><li>鳥（とり）：鸟。</li><li>が：主语助词，标明主语。</li><li>南（みなみ）へ：朝南方去。</li><li>移る（うつる）：动词，意思为“迁移、转移、移动”，常用于鸟类、昆虫等的迁徙。</li><li>语法知识：这个句型“～になるとAがBへ移る”可用来表达自然界中某种变化（如季节变化）导致行为的转变。此外，“移る”可用于转职、迁居等，多义词需根据语境理解。</li></ol>,[sound:jlpt_vocabulary_in_sentence_移る.mp3]
スーツケース,行李箱,新しいスーツケースを買いました。,我买了一个新行李箱。,<ruby>新しい<rt>あたらしい</rt></ruby><ruby>スーツケース<rt>すーつけーす</rt></ruby><ruby>を<rt>を</rt></ruby><ruby>買いました<rt>かいました</rt></ruby>。,<ol><li>新しい(あたらしい)：形容词，表示“新的”。</li><li>スーツケース：外来语，指“行李箱”。</li><li>を：助词，标示宾语。</li><li>買いました(かいました)：动词“買う(かう)”的过去式敬体，表示“买了（某物）”。</li><li>整个句子为日语基本句型“主语＋宾语＋动词”，本句主语省略，表达了对某物品的购买。</li></ol>,[sound:jlpt_vocabulary_in_sentence_スーツケース.mp3]
ひげ,胡须,父は毎朝ひげをそります。,父亲每天早上刮胡子。,<ruby>父<rt>ちち</rt></ruby>は<ruby>毎朝<rt>まいあさ</rt></ruby>ひげを<ruby>そります<rt>そります</rt></ruby>。,<ol><li>父（ちち）：指父亲，是对自己父亲的称呼。</li><li>は：主题助词，标明主语（这里是“父”）。</li><li>毎朝（まいあさ）：每天早上，“毎”意为“每”，“朝”意为“早晨”。</li><li>ひげ：指胡须，可以指络腮胡、上唇胡等。</li><li>を：宾语助词，说明“ひげ”是动作的对象。</li><li>そります：动词“剃る（そる）”的ます形，意思是剃（胡须、头发等）。</li><li>本句型中，“～をそります”为动宾结构，“を”后接表示对象的名词，“そります”为礼貌体。</li></ol>,[sound:jlpt_vocabulary_in_sentence_ひげ.mp3]
研究室,研究室,私は研究室で本を読みます。,我在研究室里看书。,<ruby>私<rt>わたし</rt></ruby>は<ruby>研究室<rt>けんきゅうしつ</rt></ruby>で<ruby>本<rt>ほん</rt></ruby>を<ruby>読みます<rt>よみます</rt></ruby>。,<ol><li>私（わたし）：第一人称，表示“我”。</li><li>研究室（けんきゅうしつ）：指在大学或研究机构中进行研究和学习的房间，即“研究室”。</li><li>で：助词，表示动作发生的场所，这里是“在研究室”。</li><li>本（ほん）：书，“书本”的意思。</li><li>を：宾格助词，表示动作的对象，这里是“书”。</li><li>読みます（よみます）：动词“読む（よむ）”的敬体形式，表示“读”。</li><li>句子结构：场所+で+动作，表示在某地做某事。常用于描述日常活动。</li></ol>,[sound:jlpt_vocabulary_in_sentence_研究室.mp3]
工場,工厂,父は工場で働いています。,我父亲在工厂工作。,<ruby>父<rt>ちち</rt></ruby>は<ruby>工場<rt>こうじょう</rt></ruby>で<ruby>働いて<rt>はたらいて</rt></ruby><ruby>います<rt>います</rt></ruby>。,<ol><li>父（ちち）：父亲，指说话者自己的爸爸。</li><li>は：主题助词，表示句子的主题。</li><li>工場（こうじょう）：工厂。</li><li>で：场所助词，表示在某个地点发生动作。</li><li>働いています：表示“正在工作”，动词“働く（はたらく）”的て形＋います结构，描述某动作正在进行或习惯性动作。</li><li>整个句子结构：主语＋は＋场所＋で＋动词て形＋います，表示某人在某地工作。</li></ol>,[sound:jlpt_vocabulary_in_sentence_工場.mp3]
紹介,介绍,友達を先生に紹介しました。,我把朋友介绍给了老师。,<ruby>友達<rt>ともだち</rt></ruby><ruby>を<rt>を</rt></ruby><ruby>先生<rt>せんせい</rt></ruby><ruby>に<rt>に</rt></ruby><ruby>紹介<rt>しょうかい</rt></ruby><ruby>しました<rt>しました</rt></ruby>。,<ol><li>友達（ともだち）：朋友。</li><li>を：表示宾语的助词。</li><li>先生（せんせい）：老师。</li><li>に：表示动作的对象或方向。</li><li>紹介（しょうかい）：介绍。</li><li>しました：します的过去式，表示完成动作。</li><li>语法：“AをBに紹介する”：把A介绍给B，是常见表达方式。</li><li>文化背景：在日本，正式场合介绍他人时常会使用“紹介（しょうかい）”，并辅以鞠躬等礼仪，以示尊重。</li></ol>,[sound:jlpt_vocabulary_in_sentence_紹介.mp3]
けれど; けれども,但是，不过,雨が降っているけれど、出かけます。,虽然下雨了，但我还是要出去。,<ruby>雨<rt>あめ</rt></ruby>が<ruby>降っている<rt>ふっている</rt></ruby>けれど、<ruby>出かけます<rt>でかけます</rt></ruby>。,<ol><li>雨（あめ）：雨，下雨。</li><li>が：主语助词，表示“……（主语）”。</li><li>降っている（ふっている）：动词「降る」的ている形，表示正在下（雨）。</li><li>けれど：接续助词，表示转折，相当于“但是、不过”，可用于口语或书面语，后接完整句子。</li><li>出かけます（でかけます）：动词「出かける」的敬体形，意思是“外出”。</li><li>语法：Aけれど（も）B——虽然A，但B。是一种转折、让步的句型。和「でも」「しかし」相比，「けれど（も）」更柔和，有时也用于委婉表达。</li></ol>,[sound:jlpt_vocabulary_in_sentence_けれど; けれども.mp3]
舟,小船,川に舟が静かに浮かんでいます。,河面上静静地漂着一只小船。,<ruby>川<rt>かわ</rt></ruby>に<ruby>舟<rt>ふね</rt></ruby>が<ruby>静かに<rt>しずかに</rt></ruby><ruby>浮かんでいます<rt>うかんでいます</rt></ruby>。,<ol><li>川（かわ）：河流。</li><li>に：表示地点助词，意为“在……”。</li><li>舟（ふね）：指小船、船只，与船（せん）相比，舟更偏指较小的船只。</li><li>が：主语助词，表示主语“舟”。</li><li>静かに（しずかに）：副词，表示“安静地、静静地”。</li><li>浮かんでいます（うかんでいます）：动词“浮かぶ（うかぶ）”的ている形，表示正在漂浮的状态。</li><li>语法说明：日语中用「ている」表示某个动作或状态正在持续，如「浮かんでいます」表示“正在漂浮”。</li></ol>,[sound:jlpt_vocabulary_in_sentence_舟.mp3]
動く,移动，活动,猫が静かに動く。,猫静静地移动。,<ruby>猫<rt>ねこ</rt></ruby>が<ruby>静かに<rt>しずかに</rt></ruby><ruby>動く<rt>うごく</rt></ruby>。,<ol><li>猫（ねこ）：名词，表示“猫”。</li><li>が：助词，标示主语。</li><li>静かに（しずかに）：副词，表示“安静地、静静地”。由形容动词“静か”变形而来。</li><li>動く（うごく）：动词，表示“移动、活动”。</li><li>日语动词放在句末，表示动作发生。</li></ol>,[sound:jlpt_vocabulary_in_sentence_動く.mp3]
～(に) ついて,关于,この話について考えました。,我思考了这件事。,この<ruby>話<rt>はなし</rt></ruby>について<ruby>考えました<rt>かんがえました</rt></ruby>。,<ol><li>この：指示词，表示“这个”。</li><li>話（はなし）：名词，意为“事情、话题、故事”。</li><li>について：接在名词后，表示“关于……”；是用来说明谈论或思考的对象。</li><li>考えました（かんがえました）：动词“考える（かんがえる）”的过去式，表示“思考了”。</li><li>语法「～について」是接在名词（如“話”）后，表示讨论、调查、思考等行为的对象。“につい”来自动词“就く（つく）”，意为“就……”，引申为“关于”。</li></ol>,[sound:jlpt_vocabulary_in_sentence_～(に) ついて.mp3]
コンサート,演唱会,昨日は友達とコンサートに行きました。,昨天和朋友去参加了演唱会。,<ruby>昨日<rt>きのう</rt></ruby>は<ruby>友達<rt>ともだち</rt></ruby>とコンサートに<ruby>行きました<rt>いきました</rt></ruby>。,<ol><li>昨日（きのう）：名词，意思是“昨天”。</li><li>は：提示助词，表示主题。</li><li>友達（ともだち）：名词，朋友。</li><li>と：并列助词，这里表示和谁一起。</li><li>コンサート：外来语，意思为“演唱会”或“音乐会”。</li><li>に：方向助词，表示去的地点。</li><li>行きました（いきました）：动词“行く（いく）”的过去敬体形式，意思是“去了”。</li><li>语法——「AとBで～する」表示与B一起做某事。「コンサートに行く」常用于描述去听音乐会或演唱会，是日本文化中普遍的休闲活动。</li></ol>,[sound:jlpt_vocabulary_in_sentence_コンサート.mp3]
虫,昆虫,庭に虫がたくさんいます。,院子里有很多昆虫。,<ruby>庭<rt>にわ</rt></ruby><ruby>に<rt>に</rt></ruby><ruby>虫<rt>むし</rt></ruby><ruby>が<rt>が</rt></ruby><ruby>たくさん<rt>たくさん</rt></ruby><ruby>います<rt>います</rt></ruby>。,<ol><li>庭（にわ）：院子、庭院。</li><li>虫（むし）：昆虫或虫子。</li><li>が：主语助词，表示主语。</li><li>たくさん：许多、很多。</li><li>います：表示生物存在，ている形态，为“いる”的敬体。</li><li>日语中表达“有很多虫子”的时候常用「虫がたくさんいます」结构，适用于描述人或动物时用「います」。</li></ol>,[sound:jlpt_vocabulary_in_sentence_虫.mp3]
優しい,温柔的,彼女はとても優しい人です。,她是一个非常温柔的人。,<ruby>彼女<rt>かのじょ</rt></ruby>はとても<ruby>優しい<rt>やさしい</rt></ruby><ruby>人<rt>ひと</rt></ruby>です。,<ol><li>彼女（かのじょ）：指“她”，用于指代女性。</li><li>とても：副词，意思是“非常、很”。常用于形容词或形容动词前，加强描述。</li><li>優しい（やさしい）：形容词，意思是“温柔的、亲切的”。</li><li>人（ひと）：“人”，泛指人类或某类人。</li><li>です：礼貌体断定助动词，用于句末使表达更有礼貌。</li><li>语序：日语句子的结构通常为“主语+副词+形容词/动词+宾语/补语+です”。此句中“优しい”修饰“人”。</li></ol>,[sound:jlpt_vocabulary_in_sentence_優しい.mp3]
コンピュータ; コンピューター,电脑,私のコンピュータは新しいです。,我的电脑是新的。,<ruby>私<rt>わたし</rt></ruby>のコンピュータは<ruby>新しい<rt>あたらしい</rt></ruby>です。,<ol><li>私（わたし）：第一人称代词，意为“我”。</li><li>の：表示所属关系的助词，类似中文“的”。</li><li>コンピュータ：外来语，意为“电脑”。也可写作“コンピューター”，含义相同。</li><li>は：主题助词，标记主语或话题。</li><li>新しい（あたらしい）：形容词，意思是“新”。</li><li>です：礼貌句尾，表述郑重。</li><li>语法结构“～は～です”是日语基础句型，表达“……是……”的意思。</li></ol>,[sound:jlpt_vocabulary_in_sentence_コンピュータ; コンピューター.mp3]
植える,种植,庭に花を植えるのが好きです。,我喜欢在院子里种花。,<ruby>庭<rt>にわ</rt></ruby>に<ruby>花<rt>はな</rt></ruby>を<ruby>植える<rt>うえる</rt></ruby>のが<ruby>好き<rt>すき</rt></ruby>です。,<ol><li>庭（にわ）：院子、庭院。</li><li>花（はな）：花。</li><li>を：宾格助词，表示动作的对象。</li><li>植える（うえる）：种植、栽种，本句为动词原形，与「を」搭配指具体植入。</li><li>のが：表示动作作为名词整体，「植えるのが」即“种植这件事”。</li><li>好き（すき）：喜欢，这里为名词性质。</li><li>です：礼貌句结尾，用于表达陈述语气。</li><li>语法知识：「～のが好き」表示喜欢做某事。</li></ol>,[sound:jlpt_vocabulary_in_sentence_植える.mp3]
両方,两者，双方,両方とも好きな色です。,两种颜色我都喜欢。,<ruby>両方<rt>りょうほう</rt></ruby><ruby>とも<rt>とも</rt></ruby><ruby>好き<rt>すき</rt></ruby><ruby>な<rt>な</rt></ruby><ruby>色<rt>いろ</rt></ruby><ruby>です<rt>です</rt></ruby>。,<ol><li>両方（りょうほう）：指两者、双方、两个都。用于表示两个事物全部。</li><li>とも：助词，表示“都”，用于强调两者都属于某种状态或动作。</li><li>好き（すき）：形容动词，表示“喜欢”。</li><li>な：连接“好き”这种形容动词和后面名词“色”。</li><li>色（いろ）：意思是“颜色”。</li><li>です：敬体句尾，用于礼貌表达。</li><li>句中“両方とも”表示“两个都”，常见于表并列、无偏向时。</li></ol>,[sound:jlpt_vocabulary_in_sentence_両方.mp3]
汚れる,变脏,白いシャツが汚れるのは嫌です。,我不喜欢白衬衫变脏。,<ruby>白い<rt>しろい</rt></ruby>シャツが<ruby>汚れる<rt>よごれる</rt></ruby>のは<ruby>嫌です<rt>いやです</rt></ruby>。,<ol><li>白い：形容词，表示“白色的”。</li><li>シャツ：外来语，意为“衬衫”。</li><li>が：助词，标记主语。</li><li>汚れる（よごれる）：动词，意思是“变脏”，为自动词，描述状态的变化。</li><li>のは：把前面的内容名词化，作为“嫌です”的主语。</li><li>嫌です（いやです）：形容动词“嫌（讨厌的）”的礼貌形式，表示不喜欢、讨厌。</li><li>本句语法结构为“〜のは嫌です”，通常用于表达对某种情况的不喜欢或厌恶。</li></ol>,[sound:jlpt_vocabulary_in_sentence_汚れる.mp3]
水泳,游泳,私は毎週水泳をしています。,我每周都在游泳。,<ruby>私<rt>わたし</rt></ruby>は<ruby>毎週<rt>まいしゅう</rt></ruby><ruby>水泳<rt>すいえい</rt></ruby>を<ruby>しています<rt>しています</rt></ruby>。,<ol><li>私（わたし）：第一人称单数，表示“我”。</li><li>は：主题助词，标明句子的主题。</li><li>毎週（まいしゅう）：每周。</li><li>水泳（すいえい）：游泳（目标单词）。</li><li>を：宾语助词，用于接在名词后，表示动作针对的对象。</li><li>しています：动词“する”的现在进行形式，表示正在进行的动作，这里意为“正在做”。</li></ol>,[sound:jlpt_vocabulary_in_sentence_水泳.mp3]
経験,经验,彼は海外で多くの経験を積んだ。,他在海外积累了许多经验。,<ruby>彼<rt>かれ</rt></ruby>は<ruby>海外<rt>かいがい</rt></ruby>で<ruby>多くの<rt>おおくの</rt></ruby><ruby>経験<rt>けいけん</rt></ruby>を<ruby>積んだ<rt>つんだ</rt></ruby>。,<ol><li>彼（かれ）：他，第三人称男性代词。</li><li>海外（かいがい）：海外、国外。</li><li>多くの：许多的。「多く」意为许多，「の」为连体助词，修饰其后的名词。</li><li>経験（けいけん）：经验、经历，是本句的关键词。</li><li>を：宾格助词，标示动作的对象。</li><li>積んだ（つんだ）：动词「積む」（积累）的过去式，意为“已经积累”。</li><li>语法点：动词过去式「〜た」表示已经发生过的动作。「多くの経験を積む」常用来形容在某方面获得丰富经验。</li></ol>,[sound:jlpt_vocabulary_in_sentence_経験.mp3]
勝つ,获胜,試合で勝つために毎日練習します。,为了在比赛中获胜，我每天都练习。,<ruby>試合<rt>しあい</rt></ruby>で<ruby>勝つ<rt>かつ</rt></ruby>ために<ruby>毎日<rt>まいにち</rt></ruby><ruby>練習します<rt>れんしゅうします</rt></ruby>。,<ol><li>試合（しあい）：比赛。</li><li>で：表示地点或场合，此处表示“在比赛中”。</li><li>勝つ（かつ）：动词，意为“获胜”或“胜利”。</li><li>ために：表示目的，意为“为了……”。</li><li>毎日（まいにち）：每天。</li><li>練習します（れんしゅうします）：“练习”的敬体形式。</li><li>语法点：“ために”用于表达目的，“动词辞书形+ために”表“为了做某事”（目的句）。</li></ol>,[sound:jlpt_vocabulary_in_sentence_勝つ.mp3]
砂,沙子,砂が風で飛んできました。,沙子被风吹来了。,<ruby>砂<rt>すな</rt></ruby>が<ruby>風<rt>かぜ</rt></ruby>で<ruby>飛んできました<rt>とんできました</rt></ruby>。,<ol><li>砂（すな）：表示“沙子”，常用于自然环境中。</li><li>が：助词，标记主语。</li><li>風（かぜ）：表示“风”。</li><li>で：助词，表示动作发生的原因或方式（这里表示“因为风”）。</li><li>飛んできました（とんできました）：动词“飛ぶ”是“飞”，这里用“てくる”表示动作向说话人方向发生，意思是“飞了过来”。</li><li>整句话体现了“动作受外力影响而来”的表达方式，是日语常用句型。</li></ol>,[sound:jlpt_vocabulary_in_sentence_砂.mp3]
警察,警察,警察が町を巡回しています。,警察正在巡查小镇。,<ruby>警察<rt>けいさつ</rt></ruby>が<ruby>町<rt>まち</rt></ruby>を<ruby>巡回しています<rt>じゅんかいしています</rt></ruby>。,<ol><li>警察（けいさつ）：指负责维护社会治安与秩序的人员或机构，即中文的“警察”。</li><li>が：主格助词，标明主语“警察”。</li><li>町（まち）：指城市或市镇。</li><li>を：宾格助词，表示动作的对象为“町”。</li><li>巡回しています（じゅんかいしています）：“巡回する”的ている形，表示正在进行的状态，意为“正在巡查”。</li><li>语法：“〜しています”表示动作正在进行或习惯性动作。</li></ol>,[sound:jlpt_vocabulary_in_sentence_警察.mp3]
取り替える,更换，替换,電池を取り替える必要があります。,需要更换电池。,<ruby>電池<rt>でんち</rt></ruby>を<ruby>取り替える<rt>とりかえる</rt></ruby><ruby>必要<rt>ひつよう</rt></ruby>が<ruby>あります<rt>あります</rt></ruby>。,<ol><li>電池（でんち）：指电池。</li><li>を：助词，表示动作的对象。</li><li>取り替える（とりかえる）：动词，意思是“更换、替换”。</li><li>必要（ひつよう）：名词，表示必要、需要。</li><li>があります：表示存在需要，用于描述主观上的需要。</li><li>语法：动词ます形+必要がある，表示“有必要做某事”。</li><li>文化补充：在日本，家用电器和遥控器中经常需要自行更换电池。</li></ol>,[sound:jlpt_vocabulary_in_sentence_取り替える.mp3]
急ぐ,着急,彼は急いで駅へ向かった。,他急忙赶往车站。,<ruby>彼は<rt>かれは</rt></ruby><ruby>急いで<rt>いそいで</rt></ruby><ruby>駅へ<rt>えきへ</rt></ruby><ruby>向かった<rt>むかった</rt></ruby>。,<ol><li>彼（かれ）：他，指代男性。</li><li>急いで（いそいで）：动词「急ぐ」的て形，表示“急忙地、赶紧地”。</li><li>駅（えき）：车站。</li><li>へ：表示目标方向的助词，用于表示动作的指向。</li><li>向かった（むかった）：动词「向かう」的过去式，意思是“前往、朝着”。</li><li>句子结构是“主语＋动作方式（て形）＋目的地＋方向助词＋动词”，属于典型的日语叙述动作方式和目的地的用法。</li></ol>,[sound:jlpt_vocabulary_in_sentence_急ぐ.mp3]
簡単,简单,この問題は簡単ですね。,这个问题很简单啊。,<ruby>この<rt>この</rt></ruby><ruby>問題<rt>もんだい</rt></ruby>は<ruby>簡単<rt>かんたん</rt></ruby>ですね。,<ol><li>この：连体词，意为“这个”，用于指代离说话人较近的事物。</li><li>問題（もんだい）：名词，意思是“问题”。</li><li>は：助词，提示主题。</li><li>簡単（かんたん）：形容动词，意思是“简单”。</li><li>です：礼貌助动词，放在句末，加强礼貌语气。</li><li>ね：语气助词，用于表达确认或向对方征求同意，译为“啊/呢”。</li><li>整个句型“〜は簡単です”常用来表达某事物很简单。</li></ol>,[sound:jlpt_vocabulary_in_sentence_簡単.mp3]
参る,去，来（自谦）,明日そちらに参ります。,明天我去您那边。,<ruby>明日<rt>あした</rt></ruby><ruby>そちら<rt>そちら</rt></ruby><ruby>に<rt>に</rt></ruby><ruby>参ります<rt>まいります</rt></ruby>。,<ol><li>明日（あした）：名词，意思是“明天”。</li><li>そちら：代词，意思是“您那边”、“那边”，为对方所在的方向。</li><li>に：助词，表示方向或目的地。</li><li>参ります（まいります）：「参る」的敬语形式，自谦语，表示自己的“来”或“去”。用于体现对对方的尊敬，比普通的「行く」「来る」更为谦逊礼貌。</li><li>语法知识：日语中表达自身去或来对方处时，若需表现谦逊和礼貌，常用自谦语「参る」而非「行く」「来る」。</li></ol>,[sound:jlpt_vocabulary_in_sentence_参る.mp3]
全然,完全；根本,彼の言うことは全然分かりません。,他说的话我完全听不懂。,<ruby>彼<rt>かれ</rt></ruby>の<ruby>言うこと<rt>いうこと</rt></ruby>は<ruby>全然<rt>ぜんぜん</rt></ruby><ruby>分かり<rt>わかり</rt></ruby><ruby>ません<rt>ません</rt></ruby>。,<ol><li>彼（かれ）：他，指男方。</li><li>言うこと：所说的话。「言う」（いう）表示“说”，“こと”意为“事情”。两者合起来指说的内容。</li><li>は：提示助词，表明主语。</li><li>全然（ぜんぜん）：表示“完全”或“根本”，常与否定形式连用，强调一点也不。</li><li>分かりません：「分かる」（わかる）为动词“理解、明白”的否定普通体敬体形式，表示“不明白”。</li><li>语法：全然+否定动词，表“根本不、完全不”。日本口语中近年来也出现与肯定共用、表达“非常”，但书面语规则仍以否定为主。</li></ol>,[sound:jlpt_vocabulary_in_sentence_全然.mp3]
特別,特别,今日は特別な日です。,今天是特别的日子。,<ruby>今日<rt>きょう</rt></ruby>は<ruby>特別<rt>とくべつ</rt></ruby>な<ruby>日<rt>ひ</rt></ruby>です。,<ol><li>今日（きょう）：今天，指现在这一天。</li><li>は：提示助词，标记主题。</li><li>特別（とくべつ）：名词或形容动词，意为“特别”，常用作“特別な”修饰名词。</li><li>な：形容动词（な形容词）用法，接在“特別”后面修饰名词。</li><li>日（ひ）：日子、天。</li><li>です：礼貌表达的句尾，起陈述作用。</li><li>语法点：“な形容词+な+名词”结构，“特別な日”意为“特别的日子”。</li></ol>,[sound:jlpt_vocabulary_in_sentence_特別.mp3]
復習,复习,毎日 復習 することが 大切 です。,每天进行复习很重要。,<ruby>毎日<rt>まいにち</rt></ruby><ruby>復習<rt>ふくしゅう</rt></ruby><ruby>することが<rt>することが</rt></ruby><ruby>大切<rt>たいせつ</rt></ruby><ruby>です。<rt>です。</rt></ruby>,<ol><li>毎日（まいにち）：表示“每天”。</li><li>復習（ふくしゅう）：名词或动词，表示“复习”。此处做名词用。</li><li>することが：表示“进行⋯的事情”，这里“復習すること”整体作主语。</li><li>大切（たいせつ）：形容动词，意思是“重要”。</li><li>です：敬体终止助动词，使语气礼貌。</li><li>日语中，“Aすることが大切です”结构常用于表达“做A是一件重要的事情”。</li></ol>,[sound:jlpt_vocabulary_in_sentence_復習.mp3]
間に合う,赶得及,電車に間に合うように急ぎます。,我会赶紧，以便赶得上电车。,<ruby>電車<rt>でんしゃ</rt></ruby>に<ruby>間に合う<rt>まにあう</rt></ruby>ように<ruby>急ぎます<rt>いそぎます</rt></ruby>。,<ol><li>電車（でんしゃ）：电车。</li><li>に：助词，表示动作的目标。</li><li>間に合う（まにあう）：赶得上，来得及。</li><li>ように：表示目的或某种状态『为了…』。</li><li>急ぎます（いそぎます）：赶快，着急。</li><li>「間に合う」的用法：常用于赶上某事物（如时间、约定等），表达还来得及。</li></ol>,[sound:jlpt_vocabulary_in_sentence_間に合う.mp3]
役に立つ,有用，起作用,この辞書はとても役に立つ。,这本词典非常有用。,この<ruby>辞書<rt>じしょ</rt></ruby>はとても<ruby>役に立つ<rt>やくにたつ</rt></ruby>。,<ol><li>この：指示代词，意思为“这个”。</li><li>辞書（じしょ）：名词，表示“词典”。</li><li>は：主题助词，表示主语。</li><li>とても：副词，意思为“非常”。</li><li>役に立つ（やくにたつ）：惯用表达，意思为“有用、起作用”。“役”是指“作用、用处”，“に”表示方向、用途，“立つ”是“站立；起作用”。合起来比喻对某人或某事有帮助。</li><li>。：句号，句尾标点。</li></ol>,[sound:jlpt_vocabulary_in_sentence_役に立つ.mp3]
もうすぐ,马上，快要,もうすぐ夏休みが始まります。,暑假马上就要开始了。,<ruby>もうすぐ<rt>もうすぐ</rt></ruby><ruby>夏休み<rt>なつやすみ</rt></ruby>が<ruby>始まります<rt>はじまります</rt></ruby>。,<ol><li>もうすぐ：副词，表示“马上、快要”。常用于表达某件事很快即将发生。</li><li>夏休み（なつやすみ）：名词，意思是“暑假”，由“夏（なつ）”和“休み（やすみ）”组成。</li><li>が：助词，主语标记，表示“夏休み”是句子主题。</li><li>始まります（はじまります）：动词“始まる”的敬体形式，意思是“开始”。</li><li>句型：“もうすぐ＋名词／动词”表示“某事即将到来/发生”。</li></ol>,[sound:jlpt_vocabulary_in_sentence_もうすぐ.mp3]
真中,正中间,彼は部屋の真中に立っています。,他站在房间的正中间。,<ruby>彼<rt>かれ</rt></ruby>は<ruby>部屋<rt>へや</rt></ruby>の<ruby>真中<rt>まんなか</rt></ruby>に<ruby>立っています<rt>たっています</rt></ruby>。,<ol><li>彼（かれ）：指“他”，男性第三人称代词。</li><li>部屋（へや）：房间。</li><li>の：表示前后名词之间的所属关系，相当于“的”。</li><li>真中（まんなか）：正中间，中心位置。</li><li>に：表示动作发生的具体地点。</li><li>立っています：立つ（站立）的ている形式，表示动作的持续状态。</li><li>句子结构为“主语+は+场所+に+动词ている”，用于描述某人/物处于某地并处于某种状态。</li></ol>,[sound:jlpt_vocabulary_in_sentence_真中.mp3]
戻る,返回,忘れ物を取りに家に戻る。,为了拿忘的东西回家。,<ruby>忘れ物<rt>わすれもの</rt></ruby>を<ruby>取り<rt>とり</rt></ruby>に<ruby>家<rt>いえ</rt></ruby>に<ruby>戻る<rt>もどる</rt></ruby>。,<ol><li>忘れ物（わすれもの）：遗落的物品，“忘れる”是“忘记”，“物”是“东西”。</li><li>取りに：动词“取る”的连用形“取り”加上“に”，表示“为了去取”。</li><li>家（いえ）：家，房子。</li><li>戻る（もどる）：返回，回到原来的地方，是五段动词。</li><li>“Xに戻る”表示回到X（如“家に戻る”——回家）。</li><li>日语中常见“动作+に+目的地に+动词”表示“为了某目的去做某事”。</li></ol>,[sound:jlpt_vocabulary_in_sentence_戻る.mp3]
研究,研究,私は新しい技術を研究しています。,我正在研究新技术。,<ruby>私<rt>わたし</rt></ruby>は<ruby>新しい<rt>あたらしい</rt></ruby><ruby>技術<rt>ぎじゅつ</rt></ruby>を<ruby>研究しています<rt>けんきゅうしています</rt></ruby>。,<ol><li>私（わたし）：人称代词，表示“我”。</li><li>新しい（あたらしい）：形容词，表示“新的”。</li><li>技術（ぎじゅつ）：名词，意思是“技术”。</li><li>～を：宾格助词，表明动作的对象。</li><li>研究しています（けんきゅうしています）：动词“研究する”的现在进行时，表示正在进行研究这一动作。</li><li>日语中用「～しています」表达当前正在进行的状态，相当于汉语的“正在……”。</li></ol>,[sound:jlpt_vocabulary_in_sentence_研究.mp3]
ケーキ,蛋糕,友達とケーキを食べました。,我和朋友一起吃了蛋糕。,<ruby>友達<rt>ともだち</rt></ruby>とケーキを<ruby>食べました<rt>たべました</rt></ruby>。,"<ol><li>友達（ともだち）：朋友。</li><li>と：和，表示与某人一起做某事。</li><li>ケーキ：蛋糕，外来语。</li><li>を：宾格助词，标记动作的对象，这里标明""吃""的对象是蛋糕。</li><li>食べました（たべました）：是“食べる（たべる）”，意为“吃”的敬体、过去式，表示“吃了”。</li><li>整体句型是“～と～を～ました”，意为“和谁一起做了什么”。</li></ol>",[sound:jlpt_vocabulary_in_sentence_ケーキ.mp3]
草,草,公園に草がたくさん生えています。,公园里长着很多草。,<ruby>公園<rt>こうえん</rt></ruby>に<ruby>草<rt>くさ</rt></ruby>がたくさん<ruby>生えています<rt>はえています</rt></ruby>。,<ol><li>公園（こうえん）：公园。</li><li>に：表示存在或方向的助词，这里说明“在公园里”。</li><li>草（くさ）：草，这是目标单词，指陆地上生长的绿色植物。</li><li>が：主语助词，提示“草”为主语。</li><li>たくさん：许多、很多，副词。</li><li>生えています（はえています）：来自动词“生える”，表示植物自然生长，这里用ている（正在进行时/状态）表现“已经生长着”。</li><li>基本句型：“AにBが生えています”表达“某地长着某物”。</li></ol>,[sound:jlpt_vocabulary_in_sentence_草.mp3]
込む,进入，拥挤,電車は朝になると込む。,电车一到早上就会拥挤。,<ruby>電車<rt>でんしゃ</rt></ruby>は<ruby>朝<rt>あさ</rt></ruby>になると<ruby>込む<rt>こむ</rt></ruby>。,<ol><li>電車（でんしゃ）：指电车或火车。</li><li>は：主题助词，标记主语。</li><li>朝（あさ）：早晨。</li><li>になる：成为……（动词なる变形，前面接时间词表示“到了……时候”）。</li><li>と：表示一发生前项，马上出现后项。</li><li>込む（こむ）：自动词，表示“拥挤、堵塞”；这里用于描述车厢人变多。</li><li>句子结构：“AはBになるとC”表示“到了B的时候，A就C”。</li><li>日本上班和上学高峰时段（早上）电车通常非常拥挤，是社会常见现象。</li></ol>,[sound:jlpt_vocabulary_in_sentence_込む.mp3]
この頃,最近、近来,この頃は忙しくて友達に会えません。,最近因为很忙，没办法见到朋友。,<ruby>この頃<rt>このごろ</rt></ruby>は<ruby>忙しくて<rt>いそがしくて</rt></ruby><ruby>友達<rt>ともだち</rt></ruby>に<ruby>会えません<rt>あえません</rt></ruby>。,<ol><li>この頃（このごろ）：副词，表示最近、近来，多用于描述当前一段时间的状态或习惯。</li><li>「忙しくて」：い形容词「忙しい」（いそがしい）的て形，接续表示理由或并列关系，意思是“因为很忙”。</li><li>「友達に会えません」：「会う」（あう，见面）的可能否定形式「会えません」（不能见面），表示客观条件下无法与朋友见面。</li></ol>,[sound:jlpt_vocabulary_in_sentence_この頃.mp3]
訪ねる,拜访,先生の家を訪ねる予定です。,我打算拜访老师的家。,<ruby>先生<rt>せんせい</rt></ruby>の<ruby>家<rt>いえ</rt></ruby>を<ruby>訪ねる<rt>たずねる</rt></ruby><ruby>予定<rt>よてい</rt></ruby>です。,<ol><li>先生（せんせい）：老师。</li><li>家（いえ）：家、住宅。</li><li>を：助词，标记动作的对象。</li><li>訪ねる（たずねる）：拜访、访问，多用于拜访某人或某个地方。</li><li>予定（よてい）：计划、安排。</li><li>です：礼貌句尾表达。</li><li>语法说明：“を”后接他动词，表示动作的对象。句中动词“訪ねる”前加“予定です”，表示有做某事的打算。日语中拜访任课老师或长辈一般要事先预约，显得有礼貌。</li></ol>,[sound:jlpt_vocabulary_in_sentence_訪ねる.mp3]
下げる,降低,値段を下げることができます。,可以降低价格。,<ruby>値段<rt>ねだん</rt></ruby>を<ruby>下げる<rt>さげる</rt></ruby>ことができます。,<ol><li>値段（ねだん）：价格。</li><li>を：宾语助词，标记动作的对象。</li><li>下げる（さげる）：他动词，表示“降低”“放下”。</li><li>こと：把动词下げる名词化，作事情、动作使用。</li><li>ができます：固定表达，表示“能够做……”</li><li>本句为「名词+ができます」结构，表达能力、可能性。</li></ol>,[sound:jlpt_vocabulary_in_sentence_下げる.mp3]
花見,赏花,春に友達と花見をしました。,春天我和朋友去赏花了。,<ruby>春<rt>はる</rt></ruby>に<ruby>友達<rt>ともだち</rt></ruby>と<ruby>花見<rt>はなみ</rt></ruby>を<ruby>しました<rt>しました</rt></ruby>。,<ol><li>春（はる）：春天。</li><li>友達（ともだち）：朋友。</li><li>と：和、与，同伴接续助词。</li><li>花見（はなみ）：赏花，尤其指樱花季节观看樱花的习俗。</li><li>を：宾格助词，表示动作的对象。</li><li>しました：する的过去式（做了……）。</li><li>语法点：“AとB”表达“和B一起”；“動詞（ました）”为敬体过去表达做过的动作。</li><li>文化补充：在日本，春季去赏樱花（花見）是非常有名的传统活动，大家会在公园等地方边野餐边观花，既是赏景也有社交意义。</li></ol>,[sound:jlpt_vocabulary_in_sentence_花見.mp3]
途中,途中，路上,彼は途中で友達に会った。,他在路上遇到了朋友。,<ruby>彼<rt>かれ</rt></ruby>は<ruby>途中<rt>とちゅう</rt></ruby>で<ruby>友達<rt>ともだち</rt></ruby>に<ruby>会った<rt>あった</rt></ruby>。,<ol><li>彼（かれ）：他、男性的第三人称。</li><li>は：助词，表示主语。</li><li>途中（とちゅう）：名词，表示“途中、路上”，指某个过程的进行中。</li><li>で：表示场所或发生动作的空间。</li><li>友達（ともだち）：朋友。</li><li>に：表示动作的对象、方向。</li><li>会った（あった）：动词“会う”（遇见）的过去式。</li><li>语法说明：句型“〜で〜に〜する”结构，表示在某个地方对某人做某事，“途中で”常用来表达在去某处的路上或中途发生的事情。</li></ol>,[sound:jlpt_vocabulary_in_sentence_途中.mp3]
入院,住院,彼は昨日入院しました。,他昨天住院了。,<ruby>彼<rt>かれ</rt></ruby>は<ruby>昨日<rt>きのう</rt></ruby><ruby>入院<rt>にゅういん</rt></ruby><ruby>しました<rt>しました</rt></ruby>。,<ol><li>彼（かれ）：他，代指男性。</li><li>は：主题助词，表示主语。</li><li>昨日（きのう）：昨天。</li><li>入院（にゅういん）：住院。</li><li>しました：表示过去式，做了……的敬语表达（する的过去形）。</li><li>日语中将“入院”与“する”搭配，构成“入院する（住院）”，句中使用其过去敬体表达“入院しました（住院了）”。</li></ol>,[sound:jlpt_vocabulary_in_sentence_入院.mp3]
乗り換える,换乘,駅で電車を乗り換える。,在车站换乘电车。,<ruby>駅<rt>えき</rt></ruby>で<ruby>電車<rt>でんしゃ</rt></ruby>を<ruby>乗り換える<rt>のりかえる</rt></ruby>。,<ol><li>駅（えき）：表示“车站”。</li><li>で：格助词，表示动作发生的场所，这里指“在车站”。</li><li>電車（でんしゃ）：电车、电动车。</li><li>を：宾格助词，标记宾语“电车”。</li><li>乗り換える（のりかえる）：动词，表示“换乘、换车”。由“乗る”（乘坐）和“換える”（更换）组合而来。</li><li>日语中关于换乘常用于公共交通场景，如“駅でバスに乗り換える”。</li></ol>,[sound:jlpt_vocabulary_in_sentence_乗り換える.mp3]
別れる,分开,駅で彼と別れました。,在车站和他分开了。,<ruby>駅<rt>えき</rt></ruby>で<ruby>彼<rt>かれ</rt></ruby>と<ruby>別れました<rt>わかれました</rt></ruby>。,<ol><li>駅（えき）：名词，车站。</li><li>で：格助词，表示动作发生的地点。</li><li>彼（かれ）：代词，他。</li><li>と：并列助词，这里表示与某人一起、和谁。</li><li>別れました（わかれました）：动词「別れる」的ます形过去式，意思是“分开了”。</li><li>语法说明：「〜と別れる」表示“和某人分开”；动词ます形可敬语委婉表达。</li></ol>,[sound:jlpt_vocabulary_in_sentence_別れる.mp3]
～町,～城镇,私は横浜町に住んでいます。,我住在横滨町。,<ruby>私<rt>わたし</rt></ruby>は<ruby>横浜町<rt>よこはままち</rt></ruby>に<ruby>住んでいます<rt>すんでいます</rt></ruby>。,<ol><li>横浜町（よこはままち）：横滨町，地名中的「町」（まち）用来表示城镇、小城市，是日本行政区划单位。</li><li>住んでいます（すんでいます）：「住む」的持续体，表示正在居住，语法结构为「动词て形＋います」表示某行为状态持续。</li><li>助词「に」表示动作的目的地，这里指居住的地点。</li></ol>,[sound:jlpt_vocabulary_in_sentence_～町.mp3]
安全,安全,この町は夜でも安全です。,这个小镇即使在晚上也很安全。,この<ruby>町<rt>まち</rt></ruby>は<ruby>夜<rt>よる</rt></ruby>でも<ruby>安全<rt>あんぜん</rt></ruby>です。,<ol><li>この：连体词“这个”，用于修饰后面的名词。</li><li>町（まち）：名词，小镇、城市。</li><li>は：助词，提示主语。</li><li>夜（よる）：名词，夜晚。</li><li>でも：助词，表示“即使、就算……也……”。</li><li>安全（あんぜん）：形容动词，意为“安全”。</li><li>です：礼貌表达句尾助动词。</li><li>语法知识：形容动词词干后直接接“です”可作判断句，表示陈述、客观事实。</li></ol>,[sound:jlpt_vocabulary_in_sentence_安全.mp3]
看護婦,护士,看護婦は患者の世話をします。,护士照顾病人。,<ruby>看護婦<rt>かんごふ</rt></ruby><ruby>は<rt>は</rt></ruby><ruby>患者<rt>かんじゃ</rt></ruby><ruby>の<rt>の</rt></ruby><ruby>世話<rt>せわ</rt></ruby><ruby>を<rt>を</rt></ruby><ruby>します<rt>します</rt></ruby>。,<ol><li>看護婦（かんごふ）：指女性护士，现代日语中多用「看護師（かんごし）」指称所有护士，无分类性别。</li><li>患者（かんじゃ）：指“病人”。</li><li>世話（せわ）：照顾、照料。</li><li>を：宾语助词，表示动作的对象。</li><li>します：动词“する”的敬体，表进行“做”的动作，这里指“照顾”。</li><li>「看護婦は〜します」句式为主语+は+宾语+を+动词，为日语基本句型。</li></ol>,[sound:jlpt_vocabulary_in_sentence_看護婦.mp3]
見物,参观,私たちは博物館を見物しました。,我们参观了博物馆。,<ruby>私たち<rt>わたしたち</rt></ruby>は<ruby>博物館<rt>はくぶつかん</rt></ruby>を<ruby>見物<rt>けんぶつ</rt></ruby><ruby>しました<rt>しました</rt></ruby>。,<ol><li>私たち（わたしたち）：意为“我们”，是自称和包含对方的主语。</li><li>博物館（はくぶつかん）：意思为“博物馆”。</li><li>を：宾格助词，标记动作的对象。</li><li>見物（けんぶつ）：动词，表示“参观、游览”。</li><li>しました：为“する”（做）的过去式“しました”，结合名词“見物”可组成“見物する”（参观）。</li><li>句型“〜を見物する”表示参观某地</li></ol>,[sound:jlpt_vocabulary_in_sentence_見物.mp3]
相談,商量，咨询,友達と相談して決めました。,我和朋友商量后决定了。,<ruby>友達<rt>ともだち</rt></ruby>と<ruby>相談<rt>そうだん</rt></ruby>して<ruby>決めました<rt>きめました</rt></ruby>。,<ol><li>友達（ともだち）：朋友。<br>と：表示与谁一起做某事，为助词。<br>相談（そうだん）：商量、咨询。<br>して：する的て形（连接语），表示前后动作的连续。<br>決めました（きめました）：动词決める（决定）的过去式敬体，意思是“决定了”。</li><li>简单句型：『Aと相談してBしました』，表示“和A商量后做了B”。<br>日语决策或决定常常要和他人商量，体现重视集体的文化特点。</li></ol>,[sound:jlpt_vocabulary_in_sentence_相談.mp3]
ガソリンスタンド,加油站,昨日ガソリンスタンドで給油しました。,昨天在加油站加了油。,<ruby>昨日<rt>きのう</rt></ruby><ruby>ガソリンスタンド<rt>がそりんすたんど</rt></ruby>で<ruby>給油<rt>きゅうゆ</rt></ruby><ruby>しました<rt>しました</rt></ruby>。,<ol><li>昨日（きのう）：表示时间，意思是“昨天”。</li><li>ガソリンスタンド（がそりんすたんど）：外来词，意为“加油站”。</li><li>で：表示动作发生的场所助词。</li><li>給油（きゅうゆ）：名词，意思是“加油”。在这里做动词用，使用“します”构成动词“给～加油”。</li><li>しました：动词“する”的过去式，表示过去发生的动作。</li><li>语序为“时间 场所 助词 动作”，是日语叙述常用顺序。</li></ol>,[sound:jlpt_vocabulary_in_sentence_ガソリンスタンド.mp3]
テニス,网球, weekend は 友達 と テニス を します。,周末我和朋友打网球。,weekendは<ruby>友達<rt>ともだち</rt></ruby>とテニスをします。,<ol><li>weekend：意为“周末”，在日语口语中有时直接使用英文单词表示周末。</li><li>友達（ともだち）：朋友。</li><li>と：表示和谁一起做某事，日语的并列助词。</li><li>テニス：网球，外来语。</li><li>を：宾格助词，表动作的对象。</li><li>します：做，动词“する”的敬体形。</li><li>句型“〜と〜をします”结构，表达与某人一起做某事。</li></ol>,[sound:jlpt_vocabulary_in_sentence_テニス.mp3]
眠る,睡觉,赤ちゃんが静かに眠る。,小宝宝安静地睡着。,<ruby>赤ちゃん<rt>あかちゃん</rt></ruby>が<ruby>静かに<rt>しずかに</rt></ruby><ruby>眠る<rt>ねむる</rt></ruby>。,<ol><li>赤ちゃん（あかちゃん）：小宝宝的意思，日语常用语。<br>が：标示主语的助词，用于说明“谁”做这个动作。<br>静かに（しずかに）：形容动词“静か”+副词化助词“に”，意思是安静地。<br>眠る（ねむる）：动词，表示“睡觉、入睡”含有自然入睡的感觉。</li><li>本句是「主语+が+副词+动词」的常用句型结构。用于描述主语正在进行的动作。<br>日语用「眠る」表达自然入睡，不强调动作的持续过程，和「寝る（ねる）」比，带有进入睡眠状态的意思。</li></ol>,[sound:jlpt_vocabulary_in_sentence_眠る.mp3]
上がる,上升，涨,気温が急に上がった。,气温突然上升了。,<ruby>気温<rt>きおん</rt></ruby>が<ruby>急に<rt>きゅうに</rt></ruby><ruby>上がった<rt>あがった</rt></ruby>。,<ol><li>気温（きおん）：气温。</li><li>が：主格助词，用于标记句子的主语。</li><li>急に（きゅうに）：突然，急剧地，表示变化快。</li><li>上がった（あがった）：动词「上がる」的过去式，表示“上升了”。属于自动词，描述事物自身增高。</li><li>本句语法结构为「主语＋が＋副词＋动词过去式」，适合描述某种状况的突然变化。</li></ol>,[sound:jlpt_vocabulary_in_sentence_上がる.mp3]
翻訳,翻译,彼は英語の本を翻訳しました。,他把英语书翻译了。,<ruby>彼<rt>かれ</rt></ruby>は<ruby>英語<rt>えいご</rt></ruby>の<ruby>本<rt>ほん</rt></ruby>を<ruby>翻訳<rt>ほんやく</rt></ruby><ruby>しました<rt>しました</rt></ruby>。,<ol><li>彼（かれ）：第三人称单数男性代词，表示“他”。</li><li>英語（えいご）：英语。</li><li>の：格助词，连接名词，表示后面“本”是前面“英语”的属性，即“英语的书”。</li><li>本（ほん）：书本。</li><li>を：宾格助词，标明动作的对象。</li><li>翻訳（ほんやく）：名词，意为“翻译”，在句中作为动作名词与「する」结合变为动词“翻译”。</li><li>しました：「する」的过去式，表示动作已经完成。</li><li>整个句子结构为：主语+宾语+谓语，符合日语常见语序（SOV：主-宾-谓）。</li><li>日语中以「する」接名词构成动词，表示进行某项动作，如“翻訳する”（进行翻译）。</li></ol>,[sound:jlpt_vocabulary_in_sentence_翻訳.mp3]
食事,吃饭,家族と一緒に食事をします。,和家人一起吃饭。,<ruby>家族<rt>かぞく</rt></ruby>と<ruby>一緒に<rt>いっしょに</rt></ruby><ruby>食事<rt>しょくじ</rt></ruby>をします。,<ol><li>家族（かぞく）：家人。</li><li>と：和，用于名词之间，表示并列或共同。</li><li>一緒に（いっしょに）：一起。</li><li>食事（しょくじ）：吃饭，进餐。</li><li>を：助词，标示动作对象。</li><li>します：动词「する」的礼貌形，这里表示做某事。</li><li>语法知识：「名词＋を＋します」表示进行该名词所指的活动，这里「食事をします」就是“吃饭”。</li></ol>,[sound:jlpt_vocabulary_in_sentence_食事.mp3]
お陰,托福；多亏,君のお陰で助かったよ。,多亏了你才得救了。,<ruby>君<rt>きみ</rt></ruby>の<ruby>お陰<rt>おかげ</rt></ruby>で<ruby>助かった<rt>たすかった</rt></ruby>よ。,<ol><li>君（きみ）：你，对朋友或晚辈的称呼。</li><li>の：表示所属、属性的助词。</li><li>お陰（おかげ）：名词，意思是“多亏”、“托福”。常与助词“で”连用，表示某事能达到是依赖于某人的帮助或某个因素的作用。</li><li>で：助词，表示原因、理由。</li><li>助かった（たすかった）：动词“助かる”（得救、得到帮助）的过去式，表示事情已经发生。</li><li>よ：终助词，语气加强，表达感叹、强调。</li><li>语法说明：表达“多亏……，……得以实现”时，常用「〜のお陰で」结构，后面多接积极结果。</li></ol>,[sound:jlpt_vocabulary_in_sentence_お陰.mp3]
娘,女儿,私の娘は今年小学生になります。,我的女儿今年上小学了。,<ruby>私<rt>わたし</rt></ruby>の<ruby>娘<rt>むすめ</rt></ruby>は<ruby>今年<rt>ことし</rt></ruby><ruby>小学生<rt>しょうがくせい</rt></ruby>に<ruby>なります<rt>なります</rt></ruby>。,<ol><li>私（わたし）：第一人称，表示“我”。</li><li>の：格助词，表示所属关系。</li><li>娘（むすめ）：名词，意为“女儿”。</li><li>は：提示助词，用于提示主题。</li><li>今年（ことし）：副词，表示“今年”。</li><li>小学生（しょうがくせい）：名词，表示“小学生”。</li><li>に：格助词，表示变化的目标。</li><li>なります：动词“なる”（变成、成为）的礼貌形，表示状态变为某事物。此句型“〜になります”常用来说明发生了某种变化。</li><li>语法：句子结构为“名词は名词になります”，意为“某人变成……”、“成为……”。</li></ol>,[sound:jlpt_vocabulary_in_sentence_娘.mp3]
湯,热水,朝ご飯の前に湯を飲みます。,早餐前喝热水。,<ruby>朝ご飯<rt>あさごはん</rt></ruby>の<ruby>前<rt>まえ</rt></ruby>に<ruby>湯<rt>ゆ</rt></ruby>を<ruby>飲みます<rt>のみます</rt></ruby>。,<ol><li>朝ご飯（あさごはん）：早餐，其中「朝」是早上，「ご飯」是米饭或饭（餐）。</li><li>前に（まえに）：表示动作发生的时间点，在……之前。</li><li>湯（ゆ）：热水，指用来饮用或泡澡的热水。在日语中，「お湯」更为常用以表示礼貌。</li><li>を：表示动作的宾语助词。</li><li>飲みます（のみます）：「飲む」的敬体形，意为喝、饮。</li><li>日语中常有饮用热水的习惯，尤其在清晨。句中没有敬语成分，表达一般叙述。</li></ol>,[sound:jlpt_vocabulary_in_sentence_湯.mp3]
競争,竞争,二つの会社が新製品で競争しています。,两家公司正在新产品上竞争。,<ruby>二つ<rt>ふたつ</rt></ruby>の<ruby>会社<rt>かいしゃ</rt></ruby>が<ruby>新製品<rt>しんせいひん</rt></ruby>で<ruby>競争<rt>きょうそう</rt></ruby><ruby>しています<rt>しています</rt></ruby>。,<ol><li>二つ：表示数量，意为“两”，是“二”的口语读法，常用于数量词场合。</li><li>会社（かいしゃ）：公司、企业。</li><li>新製品（しんせいひん）：新产品，“新”指新的，“製品”意为产品。</li><li>〜で：助词，表手段、原因等，此句表示竞争的领域为“新产品”。</li><li>競争（きょうそう）：名词、动词自サ，指竞争、竞赛。</li><li>しています：由“する”变形而来，是“正在做某事”的表达，表示动作持续。</li><li>日企中，市场竞争相当激烈，特别是在新产品开发方面，常见类似句型。</li></ol>,[sound:jlpt_vocabulary_in_sentence_競争.mp3]
会議,会议,午前九時に会議が始まります。,上午九点会议开始。,<ruby>午前<rt>ごぜん</rt></ruby><ruby>九時<rt>くじ</rt></ruby>に<ruby>会議<rt>かいぎ</rt></ruby>が<ruby>始まります<rt>はじまります</rt></ruby>。,<ol><li>午前（ごぜん）：表示上午的时间段。</li><li>九時（くじ）：表示具体时间（九点）。</li><li>に：助词，表示动作发生的时间点。</li><li>会議（かいぎ）：会议。</li><li>が：助词，主语标记。</li><li>始まります（はじまります）：动词“开始”的敬体形式，ます形。</li><li>日语时间表达顺序通常为“时＋に＋事件”，如“九時に会議が始まります。”</li></ol>,[sound:jlpt_vocabulary_in_sentence_会議.mp3]
湖,湖泊,この湖はとても美しいです。,这个湖非常美丽。,<ruby>この<rt>この</rt></ruby><ruby>湖<rt>みずうみ</rt></ruby><ruby>は<rt>は</rt></ruby><ruby>とても<rt>とても</rt></ruby><ruby>美しい<rt>うつくしい</rt></ruby><ruby>です<rt>です</rt></ruby>。,<ol><li>この：指示词，意思是“这个”。</li><li>湖（みずうみ）：湖泊的意思。</li><li>は：助词，表示主题。</li><li>とても：副词，表示程度“非常”。</li><li>美しい（うつくしい）：形容词，意思是“美丽的”。</li><li>です：礼貌结句，用于陈述。</li><li>日语的基本语序是主语-宾语-谓语，本句结构简单明了。</li></ol>,[sound:jlpt_vocabulary_in_sentence_湖.mp3]
集まる,聚集，集合,学生たちが公園に集まる。,学生们聚集在公园。,<ruby>学生たち<rt>がくせいたち</rt></ruby>が<ruby>公園<rt>こうえん</rt></ruby>に<ruby>集まる<rt>あつまる</rt></ruby>。,<ol><li>学生たち：名词「学生」加复数助词「たち」，表示学生们。</li><li>が：主格助词，标记动作的主体。</li><li>公園（こうえん）：名词，意为公园。</li><li>に：助词，表示动作的目的地或方向，这里指去往公园。</li><li>集まる（あつまる）：动词，意思是聚集、集合。属于五段动词，自动词，表示人或物自发地到一处集中。</li><li>句子结构是“主语+が+场所+に+自动词”，常用于表达某人或某物自发地在某地集合的情景。</li></ol>,[sound:jlpt_vocabulary_in_sentence_集まる.mp3]
～にくい,难以…,この薬は飲みにくいです。,这种药很难吃。,<ruby>この<rt>この</rt></ruby><ruby>薬<rt>くすり</rt></ruby>は<ruby>飲みにくい<rt>のみ にくい</rt></ruby><ruby>です<rt>です</rt></ruby>。,<ol><li>薬（くすり）：意为“药”。</li><li>飲みにくい：由动词“飲む（のむ，喝、吃）”的连用形“飲み”加上「にくい」（难以……）构成，表示“很难喝/吃”。</li><li>～にくい：接在动词连用形后，表示“难以……”、“不容易……”，是常用的表达。比如「書きにくい」（难写）、 「分かりにくい」（难懂）。</li><li>句子结构：主语（药）+ 主题助词「は」+ 谓语（难以吃）。语法结构简明，经常用于描述主观上的困难。</li></ol>,[sound:jlpt_vocabulary_in_sentence_～にくい.mp3]
生活,生活,日本の生活はとても便利です。,日本的生活非常方便。,<ruby>日本<rt>にほん</rt></ruby>の<ruby>生活<rt>せいかつ</rt></ruby>はとても<ruby>便利<rt>べんり</rt></ruby>です。,<ol><li>日本（にほん）：日本国，指日本这个国家。</li><li>の：连接名词，表示前者修饰后者，相当于汉语“的”。</li><li>生活（せいかつ）：名词，表示人的日常生存状态或方式。</li><li>は：主题助词，强调主语“日本の生活”。</li><li>とても：副词，非常。</li><li>便利（べんり）：形容动词（な形容词），方便、便利。</li><li>です：礼貌句末助动词。</li><li>日语中用「生活（せいかつ）」常指衣食住行的日常生活，不仅仅是生存。</li></ol>,[sound:jlpt_vocabulary_in_sentence_生活.mp3]
糸,线,この糸はとても細いです。,这根线非常细。,<ruby>この<rt>この</rt></ruby><ruby>糸<rt>いと</rt></ruby><ruby>は<rt>は</rt></ruby><ruby>とても<rt>とても</rt></ruby><ruby>細い<rt>ほそい</rt></ruby><ruby>です<rt>です</rt></ruby>。,<ol><li>この：表示“这”的意思，用于指代距离说话者较近的事物。</li><li>糸（いと）：名词，表示“线”。</li><li>は：提示助词，标出主语或话题。</li><li>とても：副词，表示“非常、很”。</li><li>細い（ほそい）：形容词，意为“细”。</li><li>です：敬体助动词，用于句末表示礼貌。</li><li>语法结构为“主语＋は＋形容词＋です”，表达某物的状态或性质。</li></ol>,[sound:jlpt_vocabulary_in_sentence_糸.mp3]
関係,关系,この話は私には関係ありません。,这件事和我没有关系。,この<ruby>話<rt>はなし</rt></ruby>は<ruby>私<rt>わたし</rt></ruby>には<ruby>関係<rt>かんけい</rt></ruby><ruby>ありません<rt>ありません</rt></ruby>。,<ol><li>この：指示词（这），用于离说话人较近的事物。</li><li>話（はなし）：名词，意思为“事情、话”。</li><li>は：主题助词，标明主语或主题。</li><li>私（わたし）：第一人称“我”。</li><li>に：表示动作涉及的对象。</li><li>関係（かんけい）：名词，意为“关系”。</li><li>ありません：动词「ある」的否定形式，表示没有。</li><li>「関係ありません」是常用表达，意味着“没有关系”、“没关联”。</li></ol>,[sound:jlpt_vocabulary_in_sentence_関係.mp3]
ピアノ,钢琴,彼はピアノを上手に弾きます。,他很擅长弹钢琴。,<ruby>彼は<rt>かれは</rt></ruby>ピアノを<ruby>上手に<rt>じょうずに</rt></ruby><ruby>弾きます<rt>ひきます</rt></ruby>。,<ol><li>彼（かれ）：他，男性代词。</li><li>は：主题助词，表示主语。</li><li>ピアノ：钢琴，外来语，指西洋乐器钢琴。</li><li>を：宾语助词，标记动作的对象。</li><li>上手に（じょうずに）：副词，表示擅长、熟练地。由形容动词“上手（じょうず）”变成副词形式。</li><li>弾きます（ひきます）：动词“弾く”的敬体现在时，意为弹奏（乐器）。</li><li>语法点：「～を上手に～ます」结构常用于表达“擅长做某事”。</li></ol>,[sound:jlpt_vocabulary_in_sentence_ピアノ.mp3]
～目,第……次,この駅で三つ目の信号を左に曲がってください。,请在这个车站的第三个红绿灯处向左转。,<ruby>この<rt>この</rt></ruby><ruby>駅<rt>えき</rt></ruby>で<ruby>三つ目<rt>みっつめ</rt></ruby>の<ruby>信号<rt>しんごう</rt></ruby>を<ruby>左<rt>ひだり</rt></ruby>に<ruby>曲がって<rt>まがって</rt></ruby>ください,<ol><li>三つ目：「三つ」表示数量，“目”表示第几，合起来就是“第三个”。这是表示顺序的日语常用法，如「一つ目」（第一个）、「二つ目」（第二个）等。</li><li>左に曲がってください：「左」指左边，「に」是助词，表示方向，「曲がって」是“转弯”的动词形式，「ください」是表示请求的礼貌表达。全句意思是“请左转”。</li><li>文化说明：日本街道常以路口红绿灯数来指路，常用「～目の信号」（第几个红绿灯）来作为地标，非常常见。</li></ol>,[sound:jlpt_vocabulary_in_sentence_～目.mp3]
番組,节目,この番組は毎週日曜日に放送されます。,这个节目每周星期天播出。,<ruby>この<rt>この</rt></ruby><ruby>番組<rt>ばんぐみ</rt></ruby><ruby>は<rt>は</rt></ruby><ruby>毎週<rt>まいしゅう</rt></ruby><ruby>日曜日<rt>にちようび</rt></ruby><ruby>に<rt>に</rt></ruby><ruby>放送されます<rt>ほうそうされます</rt></ruby>。,<ol><li>この：连体词，意思是“这个”，用于指代离说话人近的事物。</li><li>番組（ばんぐみ）：名词，表示电视或广播的“节目”。</li><li>は：主题助词，标记句子的主题。</li><li>毎週（まいしゅう）：副词，意思是“每周”。</li><li>日曜日（にちようび）：名词，“星期天”。</li><li>に：助词，表示动作发生的时间点。</li><li>放送されます（ほうそうされます）：动词“放送する”的被动敬体形式，这里表示节目被“播出”。</li><li>本句语法结构：主题+主语+时间+被动动词敬体，常用于描述电视、广播等定期节目的播出时间。</li></ol>,[sound:jlpt_vocabulary_in_sentence_番組.mp3]
急,着急,彼は急いで駅へ向かった。,他着急地赶往了车站。,<ruby>彼<rt>かれ</rt></ruby>は<ruby>急いで<rt>いそいで</rt></ruby><ruby>駅<rt>えき</rt></ruby>へ<ruby>向かった<rt>むかった</rt></ruby>。,<ol><li>彼（かれ）：他，代词。</li><li>は：主题助词，表示主语。</li><li>急いで（いそいで）：动词“急ぐ（いそぐ）”的て形，表示急忙、赶快做某事。</li><li>駅（えき）：车站。</li><li>へ：助词，表示方向，相当于“往、向”。</li><li>向かった（むかった）：动词“向かう（むかう）”的过去式，表示朝……出发、前往。</li><li>日语中的て形可表示动作的方式或伴随情况，例如“急いで”表示急忙地做某事。</li></ol>,[sound:jlpt_vocabulary_in_sentence_急.mp3]
棚,架子,本の棚に雑誌が並んでいます。,书架上整齐地摆放着杂志。,<ruby>本<rt>ほん</rt></ruby>の<ruby>棚<rt>たな</rt></ruby>に<ruby>雑誌<rt>ざっし</rt></ruby>が<ruby>並んで<rt>ならんで</rt></ruby><ruby>います<rt>います</rt></ruby>。,<ol><li>本（ほん）：书。</li><li>の：表示所属关系，相当于“的”。</li><li>棚（たな）：架子、书架。</li><li>に：表示动作的地点，相当于“在……上”。</li><li>雑誌（ざっし）：杂志。</li><li>が：主格助词，表示主语。</li><li>並んでいます（ならんでいます）：动词“並ぶ”的ている型，表示动作状态的持续；这里为“整齐地摆放着”。</li><li>句型“〜に〜が〜ている/います”常用于描述某地点事物状态，例如“机の上に本が置いてあります”。</li></ol>,[sound:jlpt_vocabulary_in_sentence_棚.mp3]
木綿,棉布,このシャツは木綿でできています。,这件衬衫是棉布做的。,<ruby>この<rt>この</rt></ruby><ruby>シャツ<rt>しゃつ</rt></ruby>は<ruby>木綿<rt>もめん</rt></ruby>で<ruby>できています<rt>できています</rt></ruby>。,<ol><li>この：意思是“这个”，用来指代离说话人近的事物。</li><li>シャツ（しゃつ）：指衬衫（shirt）。</li><li>は：提示主题的助词。</li><li>木綿（もめん）：棉布。</li><li>で：表示手段或材料，意为“用……”或“以……”。</li><li>できています：动词「できる」的敬体形式，表示“由……组成、做成”。</li><li>日语中描述物品材料常用“～でできています（由……做成）”结构。</li></ol>,[sound:jlpt_vocabulary_in_sentence_木綿.mp3]
輸出,输出,日本は多くの車を輸出しています。,日本出口很多汽车。,<ruby>日本<rt>にほん</rt></ruby>は<ruby>多くの<rt>おおくの</rt></ruby><ruby>車<rt>くるま</rt></ruby>を<ruby>輸出しています<rt>ゆしゅつしています</rt></ruby>。,<ol><li>日本（にほん）：指日本国家。</li><li>は：主题助词，表示句子的主题。</li><li>多くの（おおくの）：表示“许多的”，修饰后面的名词。</li><li>車（くるま）：名词，意为“汽车”。</li><li>を：宾语助词，表示动作的对象。</li><li>輸出しています（ゆしゅつしています）：“輸出（ゆしゅつ）”是名词形，也用作动词“输出、出口”，“しています”是表示正在进行的现在进行时。</li><li>语法知识：“〜しています”表示动作的持续或习惯性行为。本句表示日本一直在出口很多汽车，是日常现象。</li></ol>,[sound:jlpt_vocabulary_in_sentence_輸出.mp3]
タイプ,类型,私のタイプは優しい人です。,我的类型是温柔的人。,<ruby>私<rt>わたし</rt></ruby>のタイプは<ruby>優しい<rt>やさしい</rt></ruby><ruby>人<rt>ひと</rt></ruby>です。,<ol><li>私（わたし）：第一人称，意思是“我”。</li><li>タイプ：外来语，来源于英语 type，意思为“类型、喜欢的类型”。日常对理想对象的类型常用。</li><li>は：助词，提示主题，发音为“わ”。</li><li>優しい（やさしい）：形容词，意思是“温柔的、体贴的”。</li><li>人（ひと）：名词，意思是“人”。</li><li>です：礼貌结尾词，使句子表达更有礼貌。</li><li>本句型“〜は〜です”为基础判断句型，表示“……是……”。</li></ol>,[sound:jlpt_vocabulary_in_sentence_タイプ.mp3]
すり,小偷,電車ですりに財布を取られた。,在电车上被小偷偷了钱包。,<ruby>電車<rt>でんしゃ</rt></ruby>ですりに<ruby>財布<rt>さいふ</rt></ruby>を<ruby>取られた<rt>とられた</rt></ruby>。,<ol><li>電車（でんしゃ）：指地铁或电车。</li><li>すり：表示“扒手、小偷”，特指在人多地方扒窃的小偷。</li><li>に：表目的，这里表示被动动作的施加者。</li><li>財布（さいふ）：钱包。</li><li>を：宾语助词，表示前面的词为动作的对象。</li><li>取られた：动词「取る」（拿、抢）的被动形，表示“被……拿走”。</li><li>被动形用法：表示主语受到他人的某种行为，多用来表达不情愿的经验等。</li><li>在日本，电车等拥挤场所存在扒手（すり），因此经常会提醒大家保管好自己的随身物品。</li></ol>,[sound:jlpt_vocabulary_in_sentence_すり.mp3]
嬉しい,高兴,友達から手紙をもらって嬉しいです。,收到朋友的来信让我很高兴。,<ruby>友達<rt>ともだち</rt></ruby>から<ruby>手紙<rt>てがみ</rt></ruby>をもらって<ruby>嬉しい<rt>うれしい</rt></ruby>です。,<ol><li>友達（ともだち）：朋友。</li><li>から：表示动作的起点，相当于“从……”。</li><li>手紙（てがみ）：信件。</li><li>を：助词，标记宾语。</li><li>もらって：动词“もらう”（得到、收到）的て形，用于连接下文，表“收到信”。</li><li>嬉しい（うれしい）：形容词，表示情感上的高兴或开心。</li><li>です：礼貌助动词，用于陈述句结尾。</li><li>日语形容词“嬉しい”多用于表达主观情感，通常用来描述自己感受到的高兴。</li></ol>,[sound:jlpt_vocabulary_in_sentence_嬉しい.mp3]
アルコール,酒精,彼はアルコールを控えています。,他在控制酒精摄入。,<ruby>彼<rt>かれ</rt></ruby>は<ruby>アルコール<rt>あるこーる</rt></ruby>を<ruby>控え<rt>ひかえ</rt></ruby>て<ruby>います<rt>います</rt></ruby>。,<ol><li>彼（かれ）：表示“他”。</li><li>は：提示助词，用于提示主语。</li><li>アルコール（あるこーる）：外来语，意为“酒精”或“含酒精饮品”。</li><li>を：宾语助词，标记动作的对象。</li><li>控えています（ひかえています）：动词控える（控制、节制）的「ている」形式，表示正在进行或持续某个动作。</li><li>语法点：「～を控える」表示控制或抑制某种行为，常用于饮食、消费等情境。例如：甘い物を控えています（正在少吃甜食）。</li></ol>,[sound:jlpt_vocabulary_in_sentence_アルコール.mp3]
ソフト,软件,新しいソフトをインストールしました。,我安装了新的软件。,<ruby>新しい<rt>あたらしい</rt></ruby><ruby>ソフト<rt>そふと</rt></ruby><ruby>を<rt>を</rt></ruby><ruby>インストール<rt>いんすとーる</rt></ruby><ruby>しました<rt>しました</rt></ruby>。,<ol><li>新しい（あたらしい）：形容词，意思是“新的”。</li><li>ソフト（そふと）：外来语，指“软件”。</li><li>インストール（いんすとーる）：外来语，指“安装”。</li><li>を：助词，表示动作的对象，即“安装什么”。</li><li>しました：动词“する（做）”的过去式敬体，表示已经完成动作。</li><li>语序结构：日语句子中谓语（动词）通常在句末。</li><li>日企和教育系统中“ソフト”常用于指电脑软件，也可以泛指软体产品。</li></ol>,[sound:jlpt_vocabulary_in_sentence_ソフト.mp3]
神社,神社,私たちは毎年神社に行きます。,我们每年都会去神社。,<ruby>私たち<rt>わたしたち</rt></ruby>は<ruby>毎年<rt>まいとし</rt></ruby><ruby>神社<rt>じんじゃ</rt></ruby>に<ruby>行きます<rt>いきます</rt></ruby>。,<ol><li>私たち（わたしたち）：我们，复数第一人称。</li><li>毎年（まいとし）：每年、副词，表示每一年度。</li><li>神社（じんじゃ）：神道宗教的神的殿堂，日本特有的宗教建筑。</li><li>に：表示动作的目的地，助词。</li><li>行きます（いきます）：去，动词「行く」的敬体形式。</li><li>语法点：「に行きます」表示去某地做某事，是常见表达。</li><li>文化知识：日本人在新年（正月）期间常常集体去神社（初詣，はつもうで）。这成为一种民族风俗。</li></ol>,[sound:jlpt_vocabulary_in_sentence_神社.mp3]
大分,很多,この仕事は大分進みました。,这项工作进展了很多。,<ruby>この<rt>この</rt></ruby><ruby>仕事<rt>しごと</rt></ruby>は<ruby>大分<rt>だいぶ</rt></ruby><ruby>進みました<rt>すすみました</rt></ruby>。,<ol><li>この：指示词，意思是“这个”。</li><li>仕事（しごと）：名词，意思是“工作”。</li><li>は：助词，主题标记。</li><li>大分（だいぶ）：副词，表示“相当、很、很多”，形容程度较高。</li><li>進みました（すすみました）：动词“進む（すすむ）”的过去式敬体，意思是“进展了”。</li><li>句型结构：名词+は+副词+动词敬体。表达主语在某方面的程度或进展。</li></ol>,[sound:jlpt_vocabulary_in_sentence_大分.mp3]
楽しみ,期待,明日の旅行が楽しみです。,我很期待明天的旅行。,<ruby>明日<rt>あした</rt></ruby>の<ruby>旅行<rt>りょこう</rt></ruby>が<ruby>楽しみ<rt>たのしみ</rt></ruby>です。,<ol><li>明日（あした）：明天。</li><li>旅行（りょこう）：旅行。</li><li>が：主语助词，标记主语。</li><li>楽しみ（たのしみ）：名词，表示“期待、乐趣”。通常用作“～が楽しみです”，表达对未来某事的期待心情。“楽しみ”还可以作“お楽しみ”表示更委婉的说法。</li><li>～です：礼貌结尾，用于说明状况或表达心情。</li><li>【语法】“Aが楽しみです”用于表达对A（事情）非常期待的心情，在日常口语和书面语都常见。</li></ol>,[sound:jlpt_vocabulary_in_sentence_楽しみ.mp3]
趣味,兴趣,彼女の趣味は写真を撮ることです。,她的兴趣是拍照。,<ruby>彼女<rt>かのじょ</rt></ruby>の<ruby>趣味<rt>しゅみ</rt></ruby>は<ruby>写真<rt>しゃしん</rt></ruby>を<ruby>撮る<rt>とる</rt></ruby>ことです。,<ol><li>彼女（かのじょ）：指“她”。</li><li>の：表示所属或关系的助词。</li><li>趣味（しゅみ）：表示兴趣、爱好。</li><li>は：主题提示助词，标明句子主语。</li><li>写真（しゃしん）：照片，摄影。</li><li>を：宾语助词，连接动词和宾语。</li><li>撮る（とる）：拍摄（照片）。</li><li>こと：用于把动词“撮る”名词化，成为“拍的行为”。</li><li>です：礼貌体句尾。</li><li>本句型“《……を撮ることです》”用于表达某人的兴趣，常见于自我介绍等场合。</li></ol>,[sound:jlpt_vocabulary_in_sentence_趣味.mp3]
電報,电报,彼は電報を受け取りました。,他收到了电报。,<ruby>彼<rt>かれ</rt></ruby>は<ruby>電報<rt>でんぽう</rt></ruby>を<ruby>受け取りました<rt>うけとりました</rt></ruby>。,<ol><li>彼（かれ）：指“他”，是第三人称代词。</li><li>は：提示助词，表示主题。</li><li>電報（でんぽう）：意为“电报”，用于远距离紧急信息传递（现代已较少使用）。</li><li>を：宾格助词，标记动作对象。</li><li>受け取りました（うけとりました）：动词“受け取る”（接收、收到）的过去式，表示已经完成的动作。</li><li>动词过去式“ました”表达动作在过去发生并已完成。</li></ol>,[sound:jlpt_vocabulary_in_sentence_電報.mp3]
家内,妻子,家内は今日学校に行きました。,我妻子今天去了学校。,<ruby>家内<rt>かない</rt></ruby>は<ruby>今日<rt>きょう</rt></ruby><ruby>学校<rt>がっこう</rt></ruby>に<ruby>行きました<rt>いきました</rt></ruby>。,<ol><li>家内（かない）：指自己的妻子，是一种比较谦逊的表达，常用于对外介绍家人，强调家人属于自己一方。用于口语时表达较为传统。</li><li>「は」：助词，表示主题。</li><li>「今日」（きょう）：今天。</li><li>「学校」（がっこう）：学校。</li><li>「に」：助词，表示动作的目的地。</li><li>「行きました」（いきました）：动词「行く」的过去敬体形式，表示“去了”。</li><li>在日本，称呼自己家人时多用谦称，如“家内、妻、主人”等。避免在外人面前用过于自谦或自大的说法。</li></ol>,[sound:jlpt_vocabulary_in_sentence_家内.mp3]
指,手指,彼は指でピアノを弾きます。,他用手指弹钢琴。,<ruby>彼は<rt>かれは</rt></ruby><ruby>指で<rt>ゆびで</rt></ruby>ピアノを<ruby>弾きます。<rt>ひきます。</rt></ruby>,<ol><li>彼（かれ）：他，男性称谓。</li><li>指（ゆび）：手指。</li><li>で：表示动作发生的工具、手段，这里表示用“手指”。</li><li>ピアノ：钢琴（外来语）。</li><li>を：宾格助词，表示动作对象。</li><li>弾きます（ひきます）：弹奏乐器的动词，动词“弾く”的礼貌形式。</li><li>本句体现了用「で」表示工具、手段的语法，即“用……做某事”。</li></ol>,[sound:jlpt_vocabulary_in_sentence_指.mp3]
これから,从现在起,これから日本語を勉強します。,从现在开始学习日语。,<ruby>これから<rt>これから</rt></ruby><ruby>日本語<rt>にほんご</rt></ruby>を<ruby>勉強します<rt>べんきょうします</rt></ruby>。,<ol><li>これから：表示“从现在起”、“接下来”。常用于表示某个动作或状态将在说话时之后发生。</li><li>日本語（にほんご）：日语。</li><li>を：宾语助词，表示动作的对象。</li><li>勉強します（べんきょうします）：动词“勉強する”的礼貌形，意思是“学习”。</li><li>句型语法说明：“これから+动词”表示将要开始的行动，适合表达计划或决心。</li></ol>,[sound:jlpt_vocabulary_in_sentence_これから.mp3]
たまに,偶尔,たまに友達と映画を見に行きます。,偶尔会和朋友去看电影。,たまに<ruby>友達<rt>ともだち</rt></ruby>と<ruby>映画<rt>えいが</rt></ruby>を<ruby>見<rt>み</rt></ruby>に<ruby>行きます<rt>いきます</rt></ruby>。,<ol><li>たまに：副词，表示“偶尔，有时”，程度比“時々”（ときどき）更低，用于频率较低的事情。</li><li>友達（ともだち）：名词，朋友。</li><li>と：助词，表示和谁一起。</li><li>映画（えいが）：名词，电影。</li><li>を：宾格助词，表示动作的对象。</li><li>見に行きます（みにいきます）：动词“見る（みる）”加“に行く（いく）”，表示“去看”。这里“に”用于表示目的。</li><li>本句型结构：“たまに＋动作”表示某动作偶尔发生，常用于描述生活习惯。</li></ol>,[sound:jlpt_vocabulary_in_sentence_たまに.mp3]
社会,社会,社会について学ぶことは大切です。,学习关于社会的知识很重要。,<ruby>社会<rt>しゃかい</rt></ruby><ruby>について<rt>について</rt></ruby><ruby>学ぶ<rt>まなぶ</rt></ruby><ruby>こと<rt>こと</rt></ruby><ruby>は<rt>は</rt></ruby><ruby>大切<rt>たいせつ</rt></ruby><ruby>です<rt>です</rt></ruby>。,<ol><li>社会（しゃかい）：指的是一个由人群组成、互相联系并维持某种秩序和关系结构的整体，即“社会”。</li><li>について：表示“关于……”、“对于……”，常接在名词后面用于说明对象。</li><li>学ぶ（まなぶ）：动词，意思是“学习”。</li><li>こと：把动词变成名词（动词连体形后接こと），这里表示“学习这件事”。</li><li>は：主题助词，强调“学习社会这件事”。</li><li>大切（たいせつ）：形容动词，意为“重要”、“珍贵”。</li><li>です：礼貌表达句末。</li><li>本句常见于教育及社会常识场景，体现日本社会重视集体和社会知识的文化特点。</li></ol>,[sound:jlpt_vocabulary_in_sentence_社会.mp3]
