Japanese,Chinese,Example_JP,Example_CN,Example_Furigana,Grammar_Notes,Audio_Path
ああ,那样,ああ言われると困ります。,那样一说我就为难了。,<ruby>ああ<rt>ああ</rt></ruby><ruby>言われる<rt>いわれる</rt></ruby>と<ruby>困ります<rt>こまります</rt></ruby>。,<ol><li><ruby>ああ</ruby>用于指示程度、样子，相当于“那样”。例：ああはできません。</li><li>动词被动形：<ruby>言われる</ruby>表示“被说”。例：先生にほめられる。</li></ol>,[sound:jlpt_vocabulary_in_sentence_ああ.mp3]
会う,见面,明日友達に会う予定です。,我打算明天和朋友见面。,<ruby>明日<rt>あした</rt></ruby><ruby>友達<rt>ともだち</rt></ruby>に<ruby>会う<rt>あう</rt></ruby><ruby>予定<rt>よてい</rt></ruby>です。,<ol><li><ruby>に</ruby><rt>に</rt></ruby>表示动作的对象，如“友達に会う”。</li><li><ruby>予定</ruby><rt>よてい</rt></ruby>表示计划，如“明日行く予定”。</li></ol>,[sound:jlpt_vocabulary_in_sentence_会う.mp3]
青,蓝色,空は青が広がっています。,天空是一片蓝色。,<ruby>空<rt>そら</rt></ruby>は<ruby>青<rt>あお</rt></ruby>が<ruby>広がっています<rt>ひろがっています</rt></ruby>。,<ol><li>「は」是主题助词，常用于提示句子的主题，如「私は学生です」。</li><li>「～ています」表示动作正在进行，例如「雨が降っています」。</li></ol>,[sound:jlpt_vocabulary_in_sentence_青.mp3]
青い,蓝色的,彼は青いシャツを着ています。,他穿着蓝色的衬衫。,<ruby>彼<rt>かれ</rt></ruby>は<ruby>青い<rt>あおい</rt></ruby>シャツを<ruby>着ています<rt>きています</rt></ruby>。,<ol><li>日语形容词接体言变成定语，如「青いシャツ（蓝色的衬衫）」。</li><li>助词「を」用来标记动作的对象，例如「シャツを着る（穿衬衫）」。</li></ol>,[sound:jlpt_vocabulary_in_sentence_青い.mp3]
赤,红色,赤い花が咲いています。,红色的花开着。,<ruby>赤い<rt>あかい</rt></ruby><ruby>花<rt>はな</rt></ruby>が<ruby>咲いて<rt>さいて</rt></ruby><ruby>います。<rt>います。</rt></ruby>,<ol><li>「い形容词」直接修饰名词，例如赤い花（红色的花）。</li><li>动词「ている」表示某动作正在进行，如咲いています（正在开花）。</li></ol>,[sound:jlpt_vocabulary_in_sentence_赤.mp3]
赤い,红色的,赤い花がとてもきれいです。,红色的花非常漂亮。,<ruby>赤い<rt>あかい</rt></ruby><ruby>花<rt>はな</rt></ruby>がとてもきれいです。,<ol><li><ruby>い形容詞<rt>いけいようし</rt></ruby>作定语时直接放在名词前，如「あかい花」。</li><li>句尾用「です」表达礼貌，如「きれいです」。</li></ol>,[sound:jlpt_vocabulary_in_sentence_赤い.mp3]
明るい,明亮的,この部屋はとても明るいです。,这个房间非常明亮。,<ruby>この<rt>この</rt></ruby><ruby>部屋<rt>へや</rt></ruby>は<ruby>とても<rt>とても</rt></ruby><ruby>明るい<rt>あかるい</rt></ruby><ruby>です<rt>です</rt></ruby>。,<ol><li>「は」表示主题，如「私は学生です。」</li><li>「です」为礼貌结尾，如「これは本です。」</li></ol>,[sound:jlpt_vocabulary_in_sentence_明るい.mp3]
秋,秋天,秋になると葉が赤くなる。,到秋天时树叶会变红。,<ruby>秋<rt>あき</rt></ruby>になると<ruby>葉<rt>は</rt></ruby>が<ruby>赤く<rt>あかく</rt></ruby>なる。,<ol><li>「に」表示时间点，如「三時に行きます」。</li><li>动词「なる」表示变化，如「大人になる」。</li></ol>,[sound:jlpt_vocabulary_in_sentence_秋.mp3]
開く,打开,窓を開くと風が入ります。,打开窗户就会有风进来。,<ruby>窓<rt>まど</rt></ruby>を<ruby>開く<rt>ひらく</rt></ruby>と<ruby>風<rt>かぜ</rt></ruby>が<ruby>入ります<rt>はいります</rt></ruby>。,<ol><li>「<ruby>を<rt></rt></ruby>」用作动作对象的标记，如「本を読む」。</li><li>动词普通形+「と」表达“如果……就……”的条件，如「春になると暖かい」。</li></ol>,[sound:jlpt_vocabulary_in_sentence_開く.mp3]
開ける,打开,窓を開けると風が入ります。,打开窗户就会有风进来。,<ruby>窓<rt>まど</rt></ruby>を<ruby>開ける<rt>あける</rt></ruby>と<ruby>風<rt>かぜ</rt></ruby>が<ruby>入ります<rt>はいります</rt></ruby>。,<ol><li><ruby>～を</ruby><rt>～を</rt> 表示动作对象，如「ドアを開ける」。</li><li><ruby>～と</ruby><rt>～と</rt> 表示条件，意思是“一……就……”，如「雨が降ると寒くなる」。</li></ol>,[sound:jlpt_vocabulary_in_sentence_開ける.mp3]
上げる,提高，举起,手を上げてください。,请举起手。,<ruby>手<rt>て</rt></ruby>を<ruby>上げて<rt>あげて</rt></ruby><ruby>ください<rt>ください</rt></ruby>。,<ol><li><ruby>て</ruby><rt>て</rt></ruby>形+ください：表示请求别人做某事，例如：見せてください。</li><li>动词ます形+たい：表示想做某事，例如：食べたい。</li></ol>,[sound:jlpt_vocabulary_in_sentence_上げる.mp3]
朝,早晨,朝ごはんを食べました。,我吃了早饭。,<ruby>朝ごはん<rt>あさごはん</rt></ruby><ruby>を<rt>を</rt></ruby><ruby>食べました<rt>たべました</rt></ruby>。,<ol><li><ruby>を</ruby><rt>を</rt>：表示动作的宾语，如「水を飲みます」。</li><li><ruby>ました</ruby><rt>ました</rt>：动词“ます”形的过去式，如「見ました」。</li></ol>,[sound:jlpt_vocabulary_in_sentence_朝.mp3]
朝御飯,早餐,朝御飯を毎日食べます。,我每天吃早餐。,<ruby>朝御飯<rt>あさごはん</rt></ruby><ruby>を<rt>を</rt></ruby><ruby>毎日<rt>まいにち</rt></ruby><ruby>食べます<rt>たべます</rt></ruby>。,<ol><li>助词「を」用于表示动作的对象。例如：本を読む。</li><li>动词<ruby>ます<rt>ます</rt></ruby>形表示礼貌现在时。例如：食べます。</li></ol>,[sound:jlpt_vocabulary_in_sentence_朝御飯.mp3]
明後日,后天,明後日は友達と出かけます。,后天我要和朋友出去。,<ruby>明後日<rt>あさって</rt></ruby>は<ruby>友達<rt>ともだち</rt></ruby>と<ruby>出かけます<rt>でかけます</rt></ruby>。,<ol><li>助词「は」表示主题，例如：私は学生です。</li><li>动词ます形用于表达礼貌语气，例如：食べます。</li></ol>,[sound:jlpt_vocabulary_in_sentence_明後日.mp3]
足; 脚,脚,私の足がとても疲れています。,我的脚非常累。,<ruby>私<rt>わたし</rt></ruby>の<ruby>足<rt>あし</rt></ruby>がとても<ruby>疲れています<rt>つかれています</rt></ruby>。,<ol><li>「の」表示所属，比如「私<ruby>の<rt>の</rt></ruby>本」（我的书）。</li><li>动词「～ています」表示动作的持续，如「勉強しています」（正在学习）。</li></ol>,[sound:jlpt_vocabulary_in_sentence_足; 脚.mp3]
明日,明天,明日は友達と映画を見ます。,明天和朋友去看电影。,<ruby>明日<rt>あした</rt></ruby>は<ruby>友達<rt>ともだち</rt></ruby>と<ruby>映画<rt>えいが</rt></ruby>を<ruby>見ます<rt>みます</rt></ruby>。,<ol><li>助词「は」用来提示主语，例如：<ruby>私は<rt>わたしは</rt></ruby>学生です。</li><li>动词ます形表示礼貌语气，例如：食べます。</li></ol>,[sound:jlpt_vocabulary_in_sentence_明日.mp3]
あそこ,那里,あそこに公園があります。,那里有公园。,あそこに<ruby>公園<rt>こうえん</rt></ruby>が<ruby>あります<rt>あります</rt></ruby>。,<ol><li><ruby>に</ruby><rt>に</rt>表示地点，后接存在类动词。如：机の上に猫がいます。</li><li><ruby>が</ruby><rt>が</rt>表示主语，常用于介绍新信息。如：犬がいます。</li></ol>,[sound:jlpt_vocabulary_in_sentence_あそこ.mp3]
遊ぶ,玩耍,子どもたちは公園で遊ぶ。,孩子们在公园里玩耍。,<ruby>子どもたち<rt>こどもたち</rt></ruby>は<ruby>公園<rt>こうえん</rt></ruby>で<ruby>遊ぶ<rt>あそぶ</rt></ruby>。,<ol><li><ruby>で</ruby><rt>で</rt>：表示动作发生的场所，如“公園で遊ぶ”。</li><li><ruby>は</ruby><rt>は</rt>：表示主题，如“子どもたちは”。</li></ol>,[sound:jlpt_vocabulary_in_sentence_遊ぶ.mp3]
暖かい,温暖的,今日は暖かいので、散歩します。,因为今天很暖和，所以去散步。,<ruby>今日<rt>きょう</rt></ruby>は<ruby>暖かい<rt>あたたかい</rt></ruby>ので、<ruby>散歩<rt>さんぽ</rt></ruby>します。,<ol><li><ruby>ので<rt>ので</rt></ruby>：表示原因，相当于“因为”。例：あめなので、行きません。</li><li><ruby>ます<rt>ます</rt></ruby>形：动词敬体结尾。例：食べます。</li></ol>,[sound:jlpt_vocabulary_in_sentence_暖かい.mp3]
頭,头、脑袋,頭が痛いので早く寝ます。,因为头痛所以早些睡觉。,<ruby>頭<rt>あたま</rt></ruby>が<ruby>痛い<rt>いたい</rt></ruby>ので<ruby>早く<rt>はやく</rt></ruby><ruby>寝ます<rt>ねます</rt></ruby>。,<ol><li>「ので」表示原因，相当于“因为”。例：寒いので帰ります。</li><li>「〜ます」为敬体动词结尾，表达礼貌。例：食べます。</li></ol>,[sound:jlpt_vocabulary_in_sentence_頭.mp3]
新しい,新的,新しい本を買いました。,我买了新书。,<ruby>新しい<rt>あたらしい</rt></ruby><ruby>本<rt>ほん</rt></ruby>を<ruby>買いました<rt>かいました</rt></ruby>。,<ol><li><ruby>新しい<rt>あたらしい</rt></ruby>是い形容词，用于描述新事物。例如：新しい車。</li><li>「動詞ます形＋ました」表示过去已完成的动作。如：食べました。</li></ol>,[sound:jlpt_vocabulary_in_sentence_新しい.mp3]
あちら,那边,あちらに有名な店があります。,那边有一家有名的店。,あちらに<ruby>有名<rt>ゆうめい</rt></ruby>な<ruby>店<rt>みせ</rt></ruby>があります。,<ol><li><ruby>あちら</ruby>：指较远的方向或事物。例如：あちらへ行きます。</li><li><ruby>有名な</ruby><rt>ゆうめいな</rt>接名词：形容词型名词修饰，例：有名な人。</li></ol>,[sound:jlpt_vocabulary_in_sentence_あちら.mp3]
暑い,炎热,今日はとても暑いですね。,今天非常炎热呢。,<ruby>今日<rt>きょう</rt></ruby>はとても<ruby>暑い<rt>あつい</rt></ruby>ですね。,<ol><li>「〜は〜です」句型，表示简单判断，例如：今日は晴れです。</li><li><ruby>形容词</ruby><rt>けいようし</rt>「暑い」表示天气炎热。例如：部屋が暑い。</li></ol>,[sound:jlpt_vocabulary_in_sentence_暑い.mp3]
熱い,热，烫,このスープはとても熱いです。,这碗汤非常烫。,このスープはとても<ruby>熱い<rt>あつい</rt></ruby>です。,<ol><li>「熱い」表示温度高，多用于形容物体或液体温度。例如：<ruby>熱い</ruby><rt>あつい</rt>お茶。</li><li>敬体句末用「です」表示礼貌。例如：暑いです。</li></ol>,[sound:jlpt_vocabulary_in_sentence_熱い.mp3]
厚い,厚的,この本はとても厚いです。,这本书很厚。,<ruby>この<rt>この</rt></ruby><ruby>本<rt>ほん</rt></ruby>は<ruby>とても<rt>とても</rt></ruby><ruby>厚い<rt>あつい</rt></ruby><ruby>です<rt>です</rt></ruby>。,<ol><li><ruby>は</ruby><rt>は</rt>：表示主语，连接主语和述语。例：<ruby>私は学生です</ruby><rt>わたしはがくせいです</rt>。</li><li>形容词<ruby>厚い</ruby><rt>あつい</rt>：修饰名词或作谓语，表示“厚的”。例：<ruby>厚いノート</ruby><rt>あついのーと</rt>。</li></ol>,[sound:jlpt_vocabulary_in_sentence_厚い.mp3]
あっち,那边,あっちに公園があります。,那边有公园。,<ruby>あっち<rt>あっち</rt></ruby>に<ruby>公園<rt>こうえん</rt></ruby>が<ruby>あります<rt>あります</rt></ruby>。,<ol><li><ruby>あっち</ruby>指示远离说话人和听话人的方向，相当于“那边”。如：あっちへ行く。</li><li><ruby>あります</ruby>用于表示存在（物品），多指无生命体。如：本が机の上にあります。</li></ol>,[sound:jlpt_vocabulary_in_sentence_あっち.mp3]
後,之后,昼ご飯の後に散歩しました。,午饭后去散步了。,<ruby>昼ご飯<rt>ひるごはん</rt></ruby>の<ruby>後<rt>あと</rt></ruby>に<ruby>散歩しました<rt>さんぽしました</rt></ruby>。,<ol><li><ruby>後<rt>あと</rt></ruby>表示“以后、之后”，常接在名词后。<br>例：食事の後。</li><li>用<ruby>〜の後<rt>のあと</rt></ruby>表达“～之后”。<br>例：授業の後、図書館へ行く。</li></ol>,[sound:jlpt_vocabulary_in_sentence_後.mp3]
あなた,你、您,あなたの名前を教えてください。,请告诉我你的名字。,<ruby>あなた<rt>あなた</rt></ruby><ruby>の<rt>の</rt></ruby><ruby>名前<rt>なまえ</rt></ruby><ruby>を<rt>を</rt></ruby><ruby>教えて<rt>おしえて</rt></ruby><ruby>ください<rt>ください</rt></ruby>。,<ol><li>「あなた」用作第二人称，指称对方。如：あなたは学生です。</li><li>「ください」用于请求对方做某事。如：見せてください。</li></ol>,[sound:jlpt_vocabulary_in_sentence_あなた.mp3]
兄,哥哥,兄は大学で勉強しています。,哥哥在大学里学习。,<ruby>兄<rt>あに</rt></ruby>は<ruby>大学<rt>だいがく</rt></ruby>で<ruby>勉強<rt>べんきょう</rt></ruby><ruby>しています<rt>しています</rt></ruby>。,<ol><li><ruby>は</ruby><rt>は</rt>：作为主题助词，表示句子的主语。例如：彼は学生です。</li><li><ruby>で</ruby><rt>で</rt>：表示动作发生的场所。例如：図書館で読む。</li></ol>,[sound:jlpt_vocabulary_in_sentence_兄.mp3]
姉,姐姐,私の姉は毎日早く起きます。,我的姐姐每天早起。,<ruby>私<rt>わたし</rt></ruby>の<ruby>姉<rt>あね</rt></ruby>は<ruby>毎日<rt>まいにち</rt></ruby><ruby>早く<rt>はやく</rt></ruby><ruby>起きます<rt>おきます</rt></ruby>。,<ol><li><ruby>の</ruby><rt>の</rt> 表示所属关系。例如：私の姉（我的姐姐）。</li><li><ruby>は</ruby><rt>は</rt> 作主语提示词，用于标示句子的主语。</li></ol>,[sound:jlpt_vocabulary_in_sentence_姉.mp3]
アパート,公寓,私は新しいアパートに引っ越しました。,我搬进了新的公寓。,<ruby>私<rt>わたし</rt></ruby>は<ruby>新しい<rt>あたらしい</rt></ruby>アパートに<ruby>引っ越しました<rt>ひっこしました</rt></ruby>。,<ol><li>助词<ruby>に<rt>に</rt></ruby>表示移动的目的地，例如：学校に行きます。</li><li>动词<ruby>引っ越す<rt>ひっこす</rt></ruby>表示“搬家”，可用于表达地点迁移。</li></ol>,[sound:jlpt_vocabulary_in_sentence_アパート.mp3]
あの,那个,あの本は私のです。,那本书是我的。,<ruby>あの<rt>あの</rt></ruby><ruby>本<rt>ほん</rt></ruby>は<ruby>私<rt>わたし</rt></ruby>の<ruby>です<rt>です</rt></ruby>。,<ol><li><ruby>あの</ruby><rt>あの</rt>用于指离双方都远的事物，例如：あの人。</li><li>名词+は 私のです：表示归属，如「本は私のです」。</li></ol>,[sound:jlpt_vocabulary_in_sentence_あの.mp3]
浴びる,淋浴,朝にシャワーを浴びる。,早上洗淋浴。,<ruby>朝<rt>あさ</rt></ruby>にシャワーを<ruby>浴びる<rt>あびる</rt></ruby>。,<ol><li><ruby>動詞</ruby><rt>どうし</rt></ruby>「浴びる」表示让身体接触液体，如水或阳光。例如：水を浴びる。</li><li>助词「を」表示动作的对象：シャワーを浴びる。</li></ol>,[sound:jlpt_vocabulary_in_sentence_浴びる.mp3]
危ない,危险,夜道は危ないから気をつけて。,夜路很危险，请小心。,<ruby>夜道<rt>よみち</rt></ruby>は<ruby>危ない<rt>あぶない</rt></ruby>から<ruby>気をつけて<rt>きをつけて</rt></ruby>。,<ol><li>「<ruby>危<rt>あぶ</rt></ruby>ない」形容词，表示有危险。</li><li>「から」表原因，如：寒いから帰ります。</li></ol>,[sound:jlpt_vocabulary_in_sentence_危ない.mp3]
甘い,甜的,このケーキは甘いですね。,这个蛋糕很甜啊。,<ruby>この<rt>この</rt></ruby><ruby>ケーキ<rt>けーき</rt></ruby>は<ruby>甘い<rt>あまい</rt></ruby><ruby>ですね<rt>ですね</rt></ruby>。,<ol><li>形容词「<ruby>甘い<rt>あまい</rt></ruby>」修饰名词，表示“甜的”。例：甘い果物。</li><li>句末加「ですね」用于表达感叹或确认。例：きれいですね。</li></ol>,[sound:jlpt_vocabulary_in_sentence_甘い.mp3]
余り,剩余,ご飯の余りを冷蔵庫に入れました。,把剩下的饭放进了冰箱。,<ruby>ご飯<rt>ごはん</rt></ruby>の<ruby>余り<rt>あまり</rt></ruby>を<ruby>冷蔵庫<rt>れいぞうこ</rt></ruby>に<ruby>入れました<rt>いれました</rt></ruby>。,<ol><li><ruby>余り</ruby><rt>あまり</rt> 可当名词表示“剩余的东西”。例：パンの余り。</li><li>接续：名词后加「の余り」。</li></ol>,[sound:jlpt_vocabulary_in_sentence_余り.mp3]
雨,雨,朝から雨が降っています。,从早上起就下雨了。,<ruby>朝<rt>あさ</rt></ruby>から<ruby>雨<rt>あめ</rt></ruby>が<ruby>降っています<rt>ふっています</rt></ruby>。,<ol><li><ruby>から<rt>から</rt></ruby>：表示起点，意为“从”；例：学校から帰ります。</li><li><ruby>～ています<rt>ています</rt></ruby>：表示持续状态；例：勉強しています。</li></ol>,[sound:jlpt_vocabulary_in_sentence_雨.mp3]
飴,糖果,子供は飴が好きです。,小孩喜欢糖果。,<ruby>子供<rt>こども</rt></ruby>は<ruby>飴<rt>あめ</rt></ruby>が<ruby>好き<rt>すき</rt></ruby>です。,<ol><li>「は」表示主题：如「私は学生です。」</li><li>「好き」表示喜欢某物，要用「が」表示宾语。</li></ol>,[sound:jlpt_vocabulary_in_sentence_飴.mp3]
洗う,洗，清洗,毎朝顔を洗う習慣があります。,我每天早上有洗脸的习惯。,<ruby>毎朝<rt>まいあさ</rt></ruby><ruby>顔<rt>かお</rt></ruby>を<ruby>洗う<rt>あらう</rt></ruby><ruby>習慣<rt>しゅうかん</rt></ruby>が<ruby>あります<rt>あります</rt></ruby>。,<ol><li><ruby>動詞</ruby><rt>どうし</rt></ruby>「～を<ruby>洗う</ruby><rt>あらう</rt></ruby>」表示对宾语进行清洗，如「手を洗う」。</li><li>助词「が」表主语，例：犬が好きです。</li></ol>,[sound:jlpt_vocabulary_in_sentence_洗う.mp3]
在る,存在，有,机の上に本が在る。,桌子上有一本书。,<ruby>机<rt>つくえ</rt></ruby>の<ruby>上<rt>うえ</rt></ruby>に<ruby>本<rt>ほん</rt></ruby>が<ruby>在る<rt>ある</rt></ruby>。,<ol><li><ruby>在る<rt>ある</rt></ruby>表示“有、存在”，用于无生命物、抽象物。例：ここに問題がある。</li><li>“名词+がある”构成存在句。例：箱の中にりんごがある。</li></ol>,[sound:jlpt_vocabulary_in_sentence_在る.mp3]
有る,有，存在,机の上に本が有る。,桌子上有书。,<ruby>机<rt>つくえ</rt></ruby>の<ruby>上<rt>うえ</rt></ruby>に<ruby>本<rt>ほん</rt></ruby>が<ruby>有る<rt>ある</rt></ruby>。,<ol><li><ruby>有る<rt>ある</rt></ruby>用于表示无生命物体或事物的存在。例如：「机の上に本が有る。」</li><li>格助词「に」表示存在的位置。例如：「公園に木が有る。」</li></ol>,[sound:jlpt_vocabulary_in_sentence_有る.mp3]
歩く,步行,毎朝公園を歩くのが好きです。,我喜欢每天早上在公园散步。,<ruby>毎朝<rt>まいあさ</rt></ruby><ruby>公園<rt>こうえん</rt></ruby>を<ruby>歩く<rt>あるく</rt></ruby>のが<ruby>好き<rt>すき</rt></ruby>です。,<ol><li>動詞基本形（如<ruby>歩<rt>ある</rt></ruby>く）用于表示习惯性动作。例如：パンを食べる。</li><li>喜欢做某事常用“〜のが好き”，如：映画を見るのが好き。</li></ol>,[sound:jlpt_vocabulary_in_sentence_歩く.mp3]
あれ,那个,あれは山です。,那是山。,<ruby>あれ<rt>あれ</rt></ruby>は<ruby>山<rt>やま</rt></ruby><ruby>です<rt>です</rt></ruby>。,<ol><li><ruby>あれ<rt>あれ</rt></ruby>用于指远离说话人和听话人的事物。例如：“あれは鳥です。”</li><li>“は”是主题助词，表示主语。例：私は学生です。</li></ol>,[sound:jlpt_vocabulary_in_sentence_あれ.mp3]
いい; よい,好，好的,きょうはいい天気ですね。,今天的天气很好呢。,<ruby>きょう<rt>きょう</rt></ruby>は<ruby>いい<rt>いい</rt></ruby><ruby>天気<rt>てんき</rt></ruby><ruby>です<rt>です</rt></ruby>ね。,<ol><li><ruby>いい</ruby>是形容词，表示“好”。用于描述人或事物的状态，如：いい人（好人）。</li><li><ruby>です</ruby>是礼貌表达的句尾助动词，表示陈述语气，如：これは本です（这是书）。</li></ol>,[sound:jlpt_vocabulary_in_sentence_いい; よい.mp3]
いいえ,不是,彼はいいえと言いました。,他说了不是。,<ruby>彼<rt>かれ</rt></ruby>はいいえと<ruby>言いました<rt>いいいました</rt></ruby>。,<ol><li><ruby>いいえ</ruby>：用于否定或拒绝，相当于“不是、没有”。如：“いいえ、違います。”</li><li>动词<ruby>ました</ruby>：表示过去时，常用于正式场合。例如：“食べました”。</li></ol>,[sound:jlpt_vocabulary_in_sentence_いいえ.mp3]
言う,说，讲,先生が明日来ると言いました。,老师说明天会来。,<ruby>先生<rt>せんせい</rt></ruby>が<ruby>明日<rt>あした</rt></ruby><ruby>来る<rt>くる</rt></ruby>と<ruby>言いました<rt>いいました</rt></ruby>。,<ol><li>动词「<ruby>言う<rt>いう</rt></ruby>」可用于表达“说”的含义，例如：彼が来ると言う。</li><li>「と」+「言う」表示引用前面的话，例如：〜と<ruby>言う<rt>いう</rt></ruby>。</li></ol>,[sound:jlpt_vocabulary_in_sentence_言う.mp3]
家,家,私は家で本を読みます。,我在家里看书。,<ruby>私<rt>わたし</rt></ruby>は<ruby>家<rt>いえ</rt></ruby>で<ruby>本<rt>ほん</rt></ruby>を<ruby>読みます<rt>よみます</rt></ruby>。,<ol><li>助词「で」表示动作发生的场所：例：<ruby>家<rt>いえ</rt></ruby>で遊ぶ。</li><li>「を」用于连接动作对象，本句中“本を読みます”。</li></ol>,[sound:jlpt_vocabulary_in_sentence_家.mp3]
いかが,如何，怎么样,この料理はいかがですか。,这道菜您觉得如何？,この<ruby>料理<rt>りょうり</rt></ruby>はいかがですか。,<ol><li>敬语用法：「いかが」是「どう」的礼貌说法，常用于询问对方意见或感受，如「いかがですか」表示“您觉得如何”。</li><li>句末用「〜ですか」表达疑问，如「お元気ですか」。</li></ol>,[sound:jlpt_vocabulary_in_sentence_いかが.mp3]
行く,去,明日友達と映画に行く。,明天和朋友去看电影。,<ruby>明日<rt>あした</rt></ruby><ruby>友達<rt>ともだち</rt></ruby>と<ruby>映画<rt>えいが</rt></ruby>に<ruby>行く<rt>いく</rt></ruby>。,<ol><li><ruby>行く<rt>いく</rt></ruby>表示动作的去向，接在表示场所的“に”后面，如“学校に行く”。</li><li>“と”可表示与某人一起，如“友達と行く”。</li></ol>,[sound:jlpt_vocabulary_in_sentence_行く.mp3]
いくつ,多少个,りんごがいくつありますか。,有几个苹果？,りんごがいくつありますか。,<ol><li><ruby>いくつ<rt>いくつ</rt></ruby>用于询问数量，后接动词。例：ボールがいくつありますか。</li><li><ruby>あります<rt>あります</rt></ruby>表示“有”或“存在”。例：本が三冊あります。</li></ol>,[sound:jlpt_vocabulary_in_sentence_いくつ.mp3]
いくら,多少钱,このりんごはいくらですか。,这个苹果多少钱？,<ruby>この<rt>この</rt></ruby><ruby>りんご<rt>りんご</rt></ruby><ruby>は<rt>は</rt></ruby><ruby>いくら<rt>いくら</rt></ruby><ruby>です<rt>です</rt></ruby><ruby>か<rt>か</rt></ruby>。,<ol><li><ruby>いくら</ruby> 作为疑问词，表示“多少钱”。例：いくら です か。</li><li><ruby>ですか</ruby> 用于句末构成疑问句。例：これは なん ですか。</li></ol>,[sound:jlpt_vocabulary_in_sentence_いくら.mp3]
池,池塘,公園に大きな池があります。,公园里有一个大池塘。,<ruby>公園<rt>こうえん</rt></ruby>に<ruby>大きな<rt>おおきな</rt></ruby><ruby>池<rt>いけ</rt></ruby>が<ruby>あります<rt>あります</rt></ruby>。,<ol><li>名词后加「にある」表示某物在某处，例如：<ruby>机<rt>つくえ</rt></ruby>の上に本があります。</li></ol>,[sound:jlpt_vocabulary_in_sentence_池.mp3]
医者,医生,医者は患者の話をよく聞きます。,医生会认真听病人的诉说。,<ruby>医者<rt>いしゃ</rt></ruby>は<ruby>患者<rt>かんじゃ</rt></ruby>の<ruby>話<rt>はなし</rt></ruby>をよく<ruby>聞きます<rt>ききます</rt></ruby>。,<ol><li>「は」是提示主题的助词，用于表示主语。例如：<ruby>医者<rt>いしゃ</rt></ruby>は学生です。</li><li>动词「ます」形表示礼貌语气，如「聞きます」是「听」的礼貌表达。</li></ol>,[sound:jlpt_vocabulary_in_sentence_医者.mp3]
椅子,椅子,新しい椅子を買いました。,我买了新椅子。,<ruby>新しい<rt>あたらしい</rt></ruby><ruby>椅子<rt>いす</rt></ruby>を<ruby>買いました<rt>かいました</rt></ruby>。,<ol><li>を：标记宾语。例：本を読む。</li><li>ました：表示过去时的礼貌体。例：食べました。</li></ol>,[sound:jlpt_vocabulary_in_sentence_椅子.mp3]
忙しい,忙碌,父は毎日忙しいです。,爸爸每天都很忙。,<ruby>父は<rt>ちちは</rt></ruby><ruby>毎日<rt>まいにち</rt></ruby><ruby>忙しい<rt>いそがしい</rt></ruby>です。,<ol><li><ruby>忙しい<rt>いそがしい</rt></ruby>为形容词，表示事情多、很忙。例如：今日は忙しい。</li><li><ruby>です</ruby>用于句末表达礼貌。</li></ol>,[sound:jlpt_vocabulary_in_sentence_忙しい.mp3]
痛い,疼痛,頭が痛いので早く休みます。,因为头疼所以早点休息。,<ruby>頭<rt>あたま</rt></ruby>が<ruby>痛い<rt>いたい</rt></ruby>ので<ruby>早く<rt>はやく</rt></ruby><ruby>休みます<rt>やすみます</rt></ruby>。,<ol><li>原因用法：动词普通形或形容词连用，接<ruby>ので<rt>ので</rt></ruby>表示原因，例如「寒いので帰ります」。</li><li>形容词<ruby>痛い<rt>いたい</rt></ruby>，意思是疼痛。可修饰具体部位，如「お腹が痛い」。</li></ol>,[sound:jlpt_vocabulary_in_sentence_痛い.mp3]
一,一、一个,りんごを一つください。,请给我一个苹果。,りんごを<ruby>一つ<rt>ひとつ</rt></ruby>ください。,<ol><li><ruby>一つ<rt>ひとつ</rt></ruby>用于数物品，相当于“一个”。例：りんごを一つ。</li><li>助词<ruby>を<rt></rt></ruby>表示动作的对象。例：水を飲む。</li></ol>,[sound:jlpt_vocabulary_in_sentence_一.mp3]
一日,一天,一日だけ休みがあります。,只有一天休息。,<ruby>一日<rt>いちにち</rt></ruby>だけ<ruby>休み<rt>やすみ</rt></ruby>が<ruby>あります<rt>あります</rt></ruby>。,<ol><li>「だけ」表示“只、仅”，用于限定数量，如：<ruby>一日<rt>いちにち</rt></ruby>だけ。</li><li>あります用于表存在、拥有，后接无生命物品，如：休みがあります。</li></ol>,[sound:jlpt_vocabulary_in_sentence_一日.mp3]
一番,最、第一,この中で一番高い物はどれですか。,这里面最贵的东西是哪一个？,<ruby>この中で<rt>このなかで</rt></ruby><ruby>一番<rt>いちばん</rt></ruby><ruby>高い<rt>たかい</rt></ruby><ruby>物<rt>もの</rt></ruby>はどれですか。,<ol><li>「<ruby>一番<rt>いちばん</rt></ruby>」用于指“最……”的比较级，常在形容词前修饰。例：<ruby>一番<rt>いちばん</rt></ruby>大きい。</li><li>助词「で」表示在某范围之内。例：クラスで一番速い。</li></ol>,[sound:jlpt_vocabulary_in_sentence_一番.mp3]
いつ,什么时候,あなたはいつ日本に来ましたか。,你是什么时候来日本的？,<ruby>あなた<rt>あなた</rt></ruby>は<ruby>いつ<rt>いつ</rt></ruby><ruby>日本<rt>にほん</rt></ruby>に<ruby>来ました<rt>きました</rt></ruby>か。,<ol><li><ruby>いつ</ruby><rt>いつ</rt>：疑问词，表示时间，如“何时”。例：<ruby>いつ</ruby><rt>いつ</rt> 行きますか。</li><li>助词<ruby>に</ruby><rt>に</rt>：表目的地或时间点。例：三時<ruby>に</ruby><rt>に</rt> 会います。</li></ol>,[sound:jlpt_vocabulary_in_sentence_いつ.mp3]
五日,五天，五号,五日は友達と映画を見ます。,五号我和朋友去看电影。,<ruby>五日<rt>いつか</rt></ruby>は<ruby>友達<rt>ともだち</rt></ruby>と<ruby>映画<rt>えいが</rt></ruby>を<ruby>見ます<rt>みます</rt></ruby>。,<ol><li>助词「は」表示主题，如「五日は」— 五号。</li><li>动词ます形，表示礼貌现在时，「見ます」—看。</li></ol>,[sound:jlpt_vocabulary_in_sentence_五日.mp3]
一緒,一起,私と一緒に行きませんか。,要不要和我一起去？,<ruby>私<rt>わたし</rt></ruby>と<ruby>一緒<rt>いっしょ</rt></ruby>に<ruby>行きません<rt>いきません</rt></ruby>か。,<ol><li>「一緒に」表示“和……一起”，后接动词，比如：<ruby>一緒<rt>いっしょ</rt></ruby>に行く。</li><li>「ませんか」结尾表示邀请或建议，比如：行きませんか。</li></ol>,[sound:jlpt_vocabulary_in_sentence_一緒.mp3]
五つ,五个,りんごが五つあります。,有五个苹果。,りんごが<ruby>五つ<rt>いつつ</rt></ruby>あります。,<ol><li><ruby>五つ<rt>いつつ</rt></ruby>：表示数量“五个”，用于数物品。</li><li>があります：表达“有某物”。例：りんごがあります。</li></ol>,[sound:jlpt_vocabulary_in_sentence_五つ.mp3]
いつも,总是,私はいつも朝ごはんを食べます。,我总是吃早饭。,<ruby>私<rt>わたし</rt></ruby>はいつも<ruby>朝ごはん<rt>あさごはん</rt></ruby>を<ruby>食べます<rt>たべます</rt></ruby>。,<ol><li><ruby>いつも<rt>いつも</rt></ruby>用作副词，表示“经常、总是”<br>示例：<ruby>彼<rt>かれ</rt></ruby>はいつも元気だ。</li><li>日语句子的基本结构为“主语+は+谓语+。”<br>如：私は学生です。</li></ol>,[sound:jlpt_vocabulary_in_sentence_いつも.mp3]
犬,狗,私は犬が大好きです。,我非常喜欢狗。,<ruby>私<rt>わたし</rt></ruby>は<ruby>犬<rt>いぬ</rt></ruby>が<ruby>大好き<rt>だいすき</rt></ruby>です。,<ol><li><ruby>は</ruby><rt>わ</rt>：主题助词，用于提示句子的主语。例如：私は学生です。</li><li><ruby>が</ruby><rt>が</rt>：主语助词，表明存在或描述对象。例如：犬がいます。</li></ol>,[sound:jlpt_vocabulary_in_sentence_犬.mp3]
今,现在,今は雨が降っています。,现在正在下雨。,<ruby>今<rt>いま</rt></ruby>は<ruby>雨<rt>あめ</rt></ruby>が<ruby>降っています<rt>ふっています</rt></ruby>。,<ol><li>「今」表示现在、此刻。例如：今、始めます。</li><li>「～ています」表示动作正在进行。例如：本を読んでいます。</li></ol>,[sound:jlpt_vocabulary_in_sentence_今.mp3]
意味,意思,この言葉の意味が分かりません。,我不明白这个词的意思。,この<ruby>言葉<rt>ことば</rt></ruby>の<ruby>意味<rt>いみ</rt></ruby>が<ruby>分かりません<rt>わかりません</rt></ruby>。,<ol><li>「の」表示前后两词属格关系，如「名前の意味（名字的意思）」。</li><li>否定形式「〜ません」表示“不……”，如「分かりません（不明白）」。</li></ol>,[sound:jlpt_vocabulary_in_sentence_意味.mp3]
妹,妹妹,妹は毎日ピアノを練習します。,妹妹每天练习钢琴。,<ruby>妹<rt>いもうと</rt></ruby>は<ruby>毎日<rt>まいにち</rt></ruby>ピアノを<ruby>練習します<rt>れんしゅうします</rt></ruby>。,<ol><li><ruby>は</ruby><rt>は</rt>：主题助词，提示句子的主语。如：犬は元気です。</li><li><ruby>を</ruby><rt>を</rt>：宾语助词，表示动作的对象。如：本を読みます。</li></ol>,[sound:jlpt_vocabulary_in_sentence_妹.mp3]
嫌,讨厌,彼は魚が嫌いです。,他讨厌鱼。,<ruby>彼<rt>かれ</rt></ruby>は<ruby>魚<rt>さかな</rt></ruby>が<ruby>嫌い<rt>きらい</rt></ruby>です。,<ol><li><ruby>嫌い</ruby><rt>きらい</rt>接在名词后，表示“讨厌”。如：肉が嫌い。</li><li>句末用です表达礼貌，如：〇〇が嫌いです。</li></ol>,[sound:jlpt_vocabulary_in_sentence_嫌.mp3]
入口,入口,駅の入口は右側にあります。,车站的入口在右侧。,<ruby>駅<rt>えき</rt></ruby>の<ruby>入口<rt>いりぐち</rt></ruby>は<ruby>右側<rt>みぎがわ</rt></ruby>に<ruby>あります<rt>あります</rt></ruby>。,<ol><li>「〜の」表示所属或修饰，如「学校の入口」。</li><li>「あります」用于表示存在物品或场所，例：机の上に本があります。</li></ol>,[sound:jlpt_vocabulary_in_sentence_入口.mp3]
居る,在，存在,猫が部屋に居る。,猫在房间里。,<ruby>猫<rt>ねこ</rt></ruby>が<ruby>部屋<rt>へや</rt></ruby>に<ruby>居る<rt>いる</rt></ruby>。,<ol><li><ruby>居る<rt>いる</rt></ruby>表示有生命体的存在。例如：犬が居る。</li><li>表示“在某地”，常搭配助词<ruby>に<rt></rt></ruby>使用。</li></ol>,[sound:jlpt_vocabulary_in_sentence_居る.mp3]
要る,需要,水は生きるために要る。,生活需要水。,<ruby>水<rt>みず</rt></ruby>は<ruby>生きる<rt>いきる</rt></ruby>ために<ruby>要る<rt>いる</rt></ruby>。,<ol><li><ruby>要る<rt>いる</rt></ruby>表示“需要”，常用于物品或条件的必需，例如：お金が要る。</li><li><ruby>ために<rt>ために</rt></ruby>表示目的，“为了⋯”，如：勉強するために本を読む。</li></ol>,[sound:jlpt_vocabulary_in_sentence_要る.mp3]
入れる,放进,コーヒーに砂糖を入れる。,在咖啡里加糖。,コーヒーに<ruby>砂糖<rt>さとう</rt></ruby>を<ruby>入れる<rt>いれる</rt></ruby>。,<ol><li>动词「<ruby>入れる<rt>いれる</rt></ruby>」表示“放进、加入”，常与「を」连用。例：水を入れる。</li><li>用助词「に」表示加入的对象或场所。例：箱に入れる。</li></ol>,[sound:jlpt_vocabulary_in_sentence_入れる.mp3]
色,颜色,その花はきれいな色をしています。,那朵花有美丽的颜色。,<ruby>その<rt>その</rt></ruby><ruby>花<rt>はな</rt></ruby><ruby>は<rt>は</rt></ruby><ruby>きれいな<rt>きれいな</rt></ruby><ruby>色<rt>いろ</rt></ruby><ruby>を<rt>を</rt></ruby><ruby>しています<rt>しています</rt></ruby>。,<ol><li><ruby>色<rt>いろ</rt></ruby>をしています：表示“有某种颜色或状态”。例：青い目をしています。</li><li>形容词连用形加な修饰名词。例：きれいな花。</li></ol>,[sound:jlpt_vocabulary_in_sentence_色.mp3]
色々,各种各样,色々な本を読んでいます。,我读着各种各样的书。,<ruby>色々な<rt>いろいろな</rt></ruby><ruby>本<rt>ほん</rt></ruby>を<ruby>読んで<rt>よんで</rt></ruby><ruby>います<rt>います</rt></ruby>。,<ol><li><ruby>色々な</ruby>（いろいろな）：作连体词，修饰名词，表示“各种各样的”。如：色々な人。</li><li>动词ている：表示动作的持续或经常性。例如：読んでいます（正在读）。</li></ol>,[sound:jlpt_vocabulary_in_sentence_色々.mp3]
上,上面,本は机の上にあります。,书在桌子上。,<ruby>本<rt>ほん</rt></ruby><ruby>は<rt>は</rt></ruby><ruby>机<rt>つくえ</rt></ruby>の<ruby>上<rt>うえ</rt></ruby><ruby>に<rt>に</rt></ruby><ruby>あります<rt>あります</rt></ruby>。,<ol><li><ruby>〜の上</ruby><rt>のうえ</rt>表示“在……上面”。如：机の上に。</li><li><ruby>あります</ruby><rt>あります</rt>表示“存在（物品）”，例：机の上に本があります。</li></ol>,[sound:jlpt_vocabulary_in_sentence_上.mp3]
後ろ,后面,机の後ろに猫がいます。,桌子后面有只猫。,<ruby>机<rt>つくえ</rt></ruby>の<ruby>後ろ<rt>うしろ</rt></ruby>に<ruby>猫<rt>ねこ</rt></ruby>が<ruby>います<rt>います</rt></ruby>。,<ol><li><ruby>後ろ<rt>うしろ</rt></ruby>＋に表示位置关系，意思是“在……后面”。例：椅子の後ろにある。</li><li>に用于场所标示面对静态存在。例：箱に本がある。</li></ol>,[sound:jlpt_vocabulary_in_sentence_後ろ.mp3]
薄い,薄的,この本はとても薄いです。,这本书很薄。,<ruby>この<rt>この</rt></ruby><ruby>本<rt>ほん</rt></ruby>は<ruby>とても<rt>とても</rt></ruby><ruby>薄い<rt>うすい</rt></ruby><ruby>です<rt>です</rt></ruby>。,<ol><li><ruby>薄い<rt>うすい</rt></ruby>是形容词，常用于描述物体厚度或味道颜色浅。例：紙が薄い。</li><li>です句尾表示礼貌语气。例：本は高いです。</li></ol>,[sound:jlpt_vocabulary_in_sentence_薄い.mp3]
歌,歌曲,私はこの歌が大好きです。,我非常喜欢这首歌。,<ruby>私<rt>わたし</rt></ruby>はこの<ruby>歌<rt>うた</rt></ruby>が<ruby>大好き<rt>だいすき</rt></ruby>です。,<ol><li><ruby>私は</ruby><rt>わたしは</rt>：表明主语“我”。</li><li>名词+<ruby>が</ruby><rt>が</rt>：指出主语对象，如歌が表示“歌是”。</li></ol>,[sound:jlpt_vocabulary_in_sentence_歌.mp3]
歌う,唱歌,彼は毎晩歌うのが好きです。,他喜欢每天晚上唱歌。,<ruby>彼<rt>かれ</rt></ruby>は<ruby>毎晩<rt>まいばん</rt></ruby><ruby>歌う<rt>うたう</rt></ruby>のが<ruby>好き<rt>すき</rt></ruby>です。,<ol><li>动词原形“<ruby>歌う<rt>うたう</rt></ruby>”可作为名词性短语，通过“の”连接作主语。例如：本を読むのが好き。</li><li>助词“が”用于标明喜欢/擅长等对象。例：ピアノが上手。</li></ol>,[sound:jlpt_vocabulary_in_sentence_歌う.mp3]
うち,家里,うちには犬が三匹います。,家里有三只狗。,<ruby>うち<rt>うち</rt></ruby><ruby>には<rt>には</rt></ruby><ruby>犬<rt>いぬ</rt></ruby><ruby>が<rt>が</rt></ruby><ruby>三匹<rt>さんびき</rt></ruby><ruby>います<rt>います</rt></ruby>。,<ol><li><ruby>うち</ruby>表示“家”“家里”。例：<ruby>うち</ruby>に帰る。</li><li><ruby>に</ruby>表示动作发生的地点。例：家<ruby>に</ruby>いる。</li></ol>,[sound:jlpt_vocabulary_in_sentence_うち.mp3]
生まれる,出生,赤ちゃんが生まれる日を待っています。,我在等待宝宝出生的日子。,<ruby>赤ちゃん<rt>あかちゃん</rt></ruby>が<ruby>生まれる<rt>うまれる</rt></ruby><ruby>日<rt>ひ</rt></ruby>を<ruby>待っています<rt>まっています</rt></ruby>。,<ol><li><ruby>が</ruby><rt>が</rt> 表示主语，多用于动作或状态的主体。如：犬が走る。</li><li>动词ます形+<ruby>ています</ruby><rt>ています</rt> 表示动作正在进行或状态持续。如：読んでいます。</li></ol>,[sound:jlpt_vocabulary_in_sentence_生まれる.mp3]
海,大海,海は青くて広いです。,大海是蔚蓝而宽广的。,<ruby>海<rt>うみ</rt></ruby>は<ruby>青くて<rt>あおくて</rt></ruby><ruby>広い<rt>ひろい</rt></ruby>です。,<ol><li>「は」表示主题，常用结构：「AはBです」。<ruby>例</ruby>：山は高いです。</li><li>形容词用「…くて」连接，表示并列。<ruby>例</ruby>：赤くて小さい。</li></ol>,[sound:jlpt_vocabulary_in_sentence_海.mp3]
売る,卖，出售,彼は本を売る仕事をしている。,他从事卖书的工作。,<ruby>彼は<rt>かれは</rt></ruby><ruby>本を<rt>ほんを</rt></ruby><ruby>売る<rt>うる</rt></ruby><ruby>仕事を<rt>しごとを</rt></ruby><ruby>している。<rt>している。</rt></ruby>,<ol><li><ruby>動詞<rt>どうし</rt></ruby>原形表一般现在、将来动作，例如「売る」（卖）。</li><li><ruby>～を<rt>を</rt></ruby>接名词表动作对象，如「本を売る」（卖书）。</li></ol>,[sound:jlpt_vocabulary_in_sentence_売る.mp3]
うるさい,吵闹,外がうるさいので勉強できません。,外面很吵，所以无法学习。,<ruby>外<rt>そと</rt></ruby>がうるさいので<ruby>勉強<rt>べんきょう</rt></ruby>できません。,<ol><li><ruby>ので</ruby><rt>ので</rt>：表示原因或理由，相当于“因为……”。例：<ruby>雨</ruby><rt>あめ</rt>なので行けません。</li></ol>,[sound:jlpt_vocabulary_in_sentence_うるさい.mp3]
上着,外套,寒いので上着を着てください。,因为很冷，请穿上外套。,<ruby>寒い<rt>さむい</rt></ruby>ので<ruby>上着<rt>うわぎ</rt></ruby>を<ruby>着て<rt>きて</rt></ruby>ください。,<ol><li><ruby>ので<rt>ので</rt></ruby>：表示原因，前接简体。例：雨なので休みます。</li><li>动词<ruby>て<rt>て</rt></ruby>形+ください：表示请求。例：見てください。</li></ol>,[sound:jlpt_vocabulary_in_sentence_上着.mp3]
絵,画,私は絵を描くのが好きです。,我喜欢画画。,<ruby>私<rt>わたし</rt></ruby>は<ruby>絵<rt>え</rt></ruby>を<ruby>描く<rt>かく</rt></ruby>のが<ruby>好き<rt>すき</rt></ruby><ruby>です<rt>です</rt></ruby>。,<ol><li>助词「を」用于表示动作的对象，例如：パンを食べる。</li><li>「〜のが好き」表示喜欢做某事，例如：本を読むのが好き。</li></ol>,[sound:jlpt_vocabulary_in_sentence_絵.mp3]
映画,电影,昨日は友達と映画を見ました。,昨天和朋友一起看了电影。,<ruby>昨日<rt>きのう</rt></ruby>は<ruby>友達<rt>ともだち</rt></ruby>と<ruby>映画<rt>えいが</rt></ruby>を<ruby>見ました<rt>みました</rt></ruby>。,<ol><li>助词「と」用于表示并列或和谁一起做某事，如「友達と行く」。</li><li>动词过去式「ました」用于描述已发生的动作，例如「食べました」。</li></ol>,[sound:jlpt_vocabulary_in_sentence_映画.mp3]
映画館,电影院,昨日友達と映画館に行きました。,昨天我和朋友去了电影院。,<ruby>昨日<rt>きのう</rt></ruby><ruby>友達<rt>ともだち</rt></ruby>と<ruby>映画館<rt>えいがかん</rt></ruby>に<ruby>行きました<rt>いきました</rt></ruby>。,<ol><li><ruby>と<rt>和</rt></ruby>：连接并列名词，表示“和”。例：私と友達。</li><li><ruby>に<rt>表去向</rt></ruby>：助词，表示动作的目的地。例：学校に行く。</li></ol>,[sound:jlpt_vocabulary_in_sentence_映画館.mp3]
英語,英语,彼は英語を勉強しています。,他正在学习英语。,<ruby>彼<rt>かれ</rt></ruby>は<ruby>英語<rt>えいご</rt></ruby>を<ruby>勉強<rt>べんきょう</rt></ruby>しています。,<ol><li>日语中助词「を」用于标示动作的直接宾语。例：<ruby>本<rt>ほん</rt></ruby>を読む。</li><li><ruby>〜ています</ruby> 表示动作正在进行中。例：話しています。</li></ol>,[sound:jlpt_vocabulary_in_sentence_英語.mp3]
ええ,嗯，好,ええ、私も行きます。,嗯，我也去。,ええ、<ruby>私<rt>わたし</rt></ruby>も<ruby>行きます<rt>いきます</rt></ruby>。,<ol><li><ruby>ええ</ruby>：用作肯定应答，类似中文“嗯”或“好的”。例：ええ、そうです。</li><li><ruby>も</ruby>：表示“也”，常用于与前文并列。例：私も行きます。</li></ol>,[sound:jlpt_vocabulary_in_sentence_ええ.mp3]
駅,车站,駅まで歩いて行きます。,我步行去车站。,<ruby>駅<rt>えき</rt></ruby>まで<ruby>歩いて<rt>あるいて</rt></ruby><ruby>行きます<rt>いきます</rt></ruby>。,<ol><li><ruby>まで</ruby><rt>まで</rt>：表示动作的终点，如“车站まで”——到车站为止。</li><li>动词ます形：敬体表达方式。例如<ruby>行きます</ruby><rt>いきます</rt>（去）。</li></ol>,[sound:jlpt_vocabulary_in_sentence_駅.mp3]
エレベーター,电梯,エレベーターで三階に行きます。,我乘电梯去三楼。,エレベーターで<ruby>三階<rt>さんがい</rt></ruby>に<ruby>行きます<rt>いきます</rt></ruby>。,<ol><li>助词「で」用来表示动作发生的场所，如：教室で勉強する。</li><li>助词「に」加地点指动作的目的地，如：駅に行く。</li></ol>,[sound:jlpt_vocabulary_in_sentence_エレベーター.mp3]
～円,日元金额,このりんごは百円です。,这个苹果一百日元。,このりんごは<ruby>百<rt>ひゃく</rt></ruby><ruby>円<rt>えん</rt></ruby>です。,<ol><li><ruby>～円<rt>えん</rt></ruby>表示金额单位日元，如「五十円」=50日元。</li><li><ruby>は<rt>は</rt></ruby>作主题标记，主语接在其前。</li></ol>,[sound:jlpt_vocabulary_in_sentence_～円.mp3]
鉛筆,铅笔,私は新しい鉛筆を買いました。,我买了新的铅笔。,<ruby>私<rt>わたし</rt></ruby>は<ruby>新しい<rt>あたらしい</rt></ruby><ruby>鉛筆<rt>えんぴつ</rt></ruby>を<ruby>買いました<rt>かいました</rt></ruby>。,<ol><li><ruby>を</ruby><rt>を</rt>表宾语，如“鉛筆を買いました”。</li><li>动词<ruby>ました</ruby><rt>ました</rt>为礼貌过去式，如“買いました”。</li></ol>,[sound:jlpt_vocabulary_in_sentence_鉛筆.mp3]
お～,尊敬前缀,お名前を教えてください。,请告诉我您的名字。,<ruby>お<rt>お</rt></ruby><ruby>名前<rt>なまえ</rt></ruby>を<ruby>教えて<rt>おしえて</rt></ruby>ください。,<ol><li><ruby>お</ruby>是日语常用的敬语前缀，用于表现尊敬或礼貌，如<ruby>お茶<rt>おちゃ</rt></ruby>（茶），<ruby>お金<rt>おかね</rt></ruby>（钱）。</li><li>通常加在和语名词或动词连用型前。如：<ruby>お待ちください<rt>おまちください</rt></ruby>。</li></ol>,[sound:jlpt_vocabulary_in_sentence_お～.mp3]
美味しい,好吃的,このケーキは美味しいです。,这个蛋糕很好吃。,<ruby>この<rt>この</rt></ruby><ruby>ケーキ<rt>けーき</rt></ruby>は<ruby>美味しい<rt>おいしい</rt></ruby>です。,<ol><li>形容词「美味しい」表示“好吃的”，常用于描述食物。例如：<ruby>美味しい</ruby>ご飯。</li><li>句末「です」为礼貌表达，使语气正式。</li></ol>,[sound:jlpt_vocabulary_in_sentence_美味しい.mp3]
多い,多的,この町は人が多いです。,这个小镇人很多。,<ruby>この<rt>この</rt></ruby><ruby>町<rt>まち</rt></ruby><ruby>は<rt>は</rt></ruby><ruby>人<rt>ひと</rt></ruby><ruby>が<rt>が</rt></ruby><ruby>多い<rt>おおい</rt></ruby>です。,<ol><li>「<ruby>多い<rt>おおい</rt></ruby>」为形容词，修饰名词表示“数量多”。例：人が多い。</li><li>「名词+が多い」结构，描述主语数量多。例：学生が多い。</li></ol>,[sound:jlpt_vocabulary_in_sentence_多い.mp3]
大きい,大,このかばんは大きいですね。,这个包很大呢。,<ruby>この<rt>この</rt></ruby><ruby>かばん<rt>かばん</rt></ruby>は<ruby>大きい<rt>おおきい</rt></ruby><ruby>ですね<rt>ですね</rt></ruby>。,<ol><li>形容词<ruby>大きい<rt>おおきい</rt></ruby>用于描述名词的大小。如：<ruby>大きい犬<rt>おおきい いぬ</rt></ruby>（大狗）。</li><li>句尾“ですね”表达说话人确认或感叹，相当于“啊”或“呢”。</li></ol>,[sound:jlpt_vocabulary_in_sentence_大きい.mp3]
大きな,大的,大きな声で話してください。,请用大点的声音说话。,<ruby>大きな<rt>おおきな</rt></ruby><ruby>声<rt>こえ</rt></ruby>で<ruby>話して<rt>はなして</rt></ruby>ください。,<ol><li><ruby>大きな</ruby><rt>おおきな</rt>用于修饰名词，意为“大”。例：大きな町。</li><li>「～で」表示手段或方式。例：日本語で書く。</li></ol>,[sound:jlpt_vocabulary_in_sentence_大きな.mp3]
大勢,许多人,大勢の人が駅に集まった。,许多人聚集在车站。,<ruby>大勢<rt>おおぜい</rt></ruby>の<ruby>人<rt>ひと</rt></ruby>が<ruby>駅<rt>えき</rt></ruby>に<ruby>集まった<rt>あつまった</rt></ruby>。,<ol><li><ruby>大勢<rt>おおぜい</rt></ruby>：表示人数多，通常修饰“人”。如：大勢の学生。</li><li>“が”作主语助词，表示前面为句子的主语。</li></ol>,[sound:jlpt_vocabulary_in_sentence_大勢.mp3]
お母さん,妈妈,お母さんは毎朝早く起きます。,妈妈每天早上都起得很早。,<ruby>お母さん<rt>おかあさん</rt></ruby>は<ruby>毎朝<rt>まいあさ</rt></ruby><ruby>早く<rt>はやく</rt></ruby><ruby>起きます<rt>おきます</rt></ruby>。,<ol><li>助词「は」表示主语，例如：<ruby>私は</ruby><rt>わたしは</rt>学生です。</li><li>副词「毎朝」表示每个早晨。</li></ol>,[sound:jlpt_vocabulary_in_sentence_お母さん.mp3]
お菓子,点心、零食,子供はお菓子が大好きです。,小孩子很喜欢点心。,<ruby>子供<rt>こども</rt></ruby>は<ruby>お菓子<rt>おかし</rt></ruby>が<ruby>大好き<rt>だいすき</rt></ruby>です。,<ol><li>主语用<ruby>は<rt></rt></ruby>表示，比如「<ruby>子供<rt>こども</rt></ruby>は」。</li><li>「<ruby>大好き<rt>だいすき</rt></ruby>」表示“非常喜欢”，常接名词后。</li></ol>,[sound:jlpt_vocabulary_in_sentence_お菓子.mp3]
お金,钱,お金が足りなくて困りました。,因为钱不够而感到为难。,<ruby>お金<rt>おかね</rt></ruby>が<ruby>足りなくて<rt>たりなくて</rt></ruby><ruby>困りました<rt>こまりました</rt></ruby>。,<ol><li><ruby>〜が</ruby><rt>〜が</rt> 表示主语，如「お金が足りない」。</li><li><ruby>〜て困る</ruby><rt>〜てこまる</rt> 表示因某事为难，例如「雨が降って困る」。</li></ol>,[sound:jlpt_vocabulary_in_sentence_お金.mp3]
起きる,起床,毎朝七時に起きる。,我每天早上七点起床。,<ruby>毎朝<rt>まいあさ</rt></ruby><ruby>七時<rt>しちじ</rt></ruby>に<ruby>起きる<rt>おきる</rt></ruby>。,<ol><li><ruby>毎朝<rt>まいあさ</rt></ruby>用于表示“每天早上”。示例：毎朝勉強する。</li><li><ruby>起きる<rt>おきる</rt></ruby>为自动词，意思是“起床”。示例：早く起きる。</li></ol>,[sound:jlpt_vocabulary_in_sentence_起きる.mp3]
置く,放置,本を机の上に置く。,把书放在桌子上。,<ruby>本<rt>ほん</rt></ruby>を<ruby>机<rt>つくえ</rt></ruby>の<ruby>上<rt>うえ</rt></ruby>に<ruby>置く<rt>おく</rt></ruby>。,<ol><li><ruby>置く<rt>おく</rt></ruby>：表示“放置”某物于某处，结构为“名词＋に＋置く”。例：椅子にカバンを置く。</li><li>助词<ruby>に<rt>に</rt></ruby>：指动作的目标位置。例：テーブルにコップを置く。</li></ol>,[sound:jlpt_vocabulary_in_sentence_置く.mp3]
奥さん,夫人,田中さんの奥さんは親切です。,田太太很亲切。,<ruby>田中さん<rt>たなかさん</rt></ruby>の<ruby>奥さん<rt>おくさん</rt></ruby>は<ruby>親切<rt>しんせつ</rt></ruby>です。,<ol><li><ruby>の</ruby><rt>の</rt>：表所属关系。如「田中さんの<ruby>奥さん</ruby><rt>おくさん</rt>」。</li><li>形容动词+です：表达状态或性质。「親切です」意思是“亲切”。</li></ol>,[sound:jlpt_vocabulary_in_sentence_奥さん.mp3]
お酒,酒、酒类,お酒を少し飲みます。,我稍微喝一点酒。,<ruby>お酒<rt>おさけ</rt></ruby>を<ruby>少し<rt>すこし</rt></ruby><ruby>飲みます<rt>のみます</rt></ruby>。,<ol><li>助词<ruby>を<rt>を</rt></ruby>表示动作对象，如“お酒を飲む”。</li><li><ruby>少し<rt>すこし</rt></ruby>表示“稍微、一点”。例：<ruby>少し休む<rt>すこしやすむ</rt></ruby>。</li></ol>,[sound:jlpt_vocabulary_in_sentence_お酒.mp3]
お皿,盘子,お皿にケーキをのせました。,把蛋糕放在盘子上了。,<ruby>お皿<rt>おさら</rt></ruby>にケーキを<ruby>のせました<rt>のせました</rt></ruby>。,<ol><li>助词「に」表示动作的目标或方向，如：机に本を置く。</li><li>动词「のせる」表示放上去，如：パンにバターをのせる。</li></ol>,[sound:jlpt_vocabulary_in_sentence_お皿.mp3]
伯父; 叔父さん,伯父、叔叔,叔父さんは毎年お正月に来ます。,叔叔每年新年都会来。,<ruby>叔父さん<rt>おじさん</rt></ruby>は<ruby>毎年<rt>まいとし</rt></ruby><ruby>お正月<rt>おしょうがつ</rt></ruby>に<ruby>来ます<rt>きます</rt></ruby>。,<ol><li>「は」助词，表主语或对比。例：<ruby>私は<rt>わたしは</rt></ruby> 学生です。</li><li>动词ます形表礼貌语气。例：食べます（吃）。</li></ol>,[sound:jlpt_vocabulary_in_sentence_伯父; 叔父さん.mp3]
おじいさん,爷爷,おじいさんは毎朝散歩します。,爷爷每天早上散步。,<ruby>おじいさん<rt>おじいさん</rt></ruby>は<ruby>毎朝<rt>まいあさ</rt></ruby><ruby>散歩<rt>さんぽ</rt></ruby><ruby>します<rt>します</rt></ruby>。,<ol><li>「は」表示主题，如「おじいさんは」。</li><li>动词「します」表示做某事，例：勉強します。</li></ol>,[sound:jlpt_vocabulary_in_sentence_おじいさん.mp3]
教える,教，告诉,先生が漢字を教えてくれました。,老师教了我汉字。,<ruby>先生<rt>せんせい</rt></ruby>が<ruby>漢字<rt>かんじ</rt></ruby>を<ruby>教えて<rt>おしえて</rt></ruby>くれました。,<ol><li><ruby>教える<rt>おしえる</rt></ruby>用于“教，告诉”，后接宾语を，表达传授内容。例：日本語を教える。</li><li>动词て形＋くれる：表示别人为“我/我们”做某事，带有感谢之意。例：手伝ってくれた。</li></ol>,[sound:jlpt_vocabulary_in_sentence_教える.mp3]
押す,按、推,ボタンを押すとドアが開きます。,按下按钮门就会打开。,ボタンを<ruby>押す<rt>おす</rt></ruby>とドアが<ruby>開きます<rt>あきます</rt></ruby>。,<ol><li>动词「押す」意为按、推，例：<ruby>ドア</ruby>を<ruby>押す</ruby>。</li><li>「と」表示条件，前后因果关系，例：押すと開く。</li></ol>,[sound:jlpt_vocabulary_in_sentence_押す.mp3]
遅い,慢、晚,電車が遅いので待っています。,因为电车慢，所以正在等。,<ruby>電車<rt>でんしゃ</rt></ruby>が<ruby>遅い<rt>おそい</rt></ruby>ので<ruby>待っています<rt>まっています</rt></ruby>。,<ol><li><ruby>ので<rt>ので</rt></ruby>：表示原因，意思为“因为”。例：雨なので帰ります。</li><li><ruby>～ています<rt>～ています</rt></ruby>：表示动作正在进行。例：食べています。</li></ol>,[sound:jlpt_vocabulary_in_sentence_遅い.mp3]
お茶,茶,私は毎日お茶を飲みます。,我每天喝茶。,<ruby>私<rt>わたし</rt></ruby>は<ruby>毎日<rt>まいにち</rt></ruby><ruby>お茶<rt>おちゃ</rt></ruby>を<ruby>飲みます<rt>のみます</rt></ruby>。,<ol><li>「<ruby>毎日<rt>まいにち</rt></ruby>」表示“每天”，放在动作前修饰动词，如：毎日勉強します。</li><li>「を」是宾格助词，表示动作的对象，如：<ruby>本<rt>ほん</rt></ruby>を読みます。</li></ol>,[sound:jlpt_vocabulary_in_sentence_お茶.mp3]
お手洗い,洗手间,お手洗いは二階にあります。,洗手间在二楼。,<ruby>お手洗い<rt>おてあらい</rt></ruby>は<ruby>二階<rt>にかい</rt></ruby>に<ruby>あります<rt>あります</rt></ruby>。,<ol><li>「にあります」表示某物体静止在某处，例如：机に本があります。</li><li>「は」表示主题，例如：私<ruby>は</ruby>学生です。</li></ol>,[sound:jlpt_vocabulary_in_sentence_お手洗い.mp3]
お父さん,爸爸,お父さんは毎日早く起きます。,爸爸每天早起。,<ruby>お父さん<rt>おとうさん</rt></ruby>は<ruby>毎日<rt>まいにち</rt></ruby><ruby>早く<rt>はやく</rt></ruby><ruby>起きます<rt>おきます</rt></ruby>。,<ol><li><ruby>は</ruby><rt>は</rt>：主题助词，用于提示句子的主语，例如「お父さんは学生です」。</li><li>动词连用形+<ruby>ます</ruby><rt>ます</rt>：礼貌体结尾形式，如「起きます」表示“起床”。</li></ol>,[sound:jlpt_vocabulary_in_sentence_お父さん.mp3]
弟,弟弟,弟はサッカーが好きです。,弟弟喜欢足球。,<ruby>弟<rt>おとうと</rt></ruby>はサッカーが<ruby>好き<rt>すき</rt></ruby>です。,<ol><li>助词「は」用作主题标记，如「弟は学生です」。</li><li>形容动词「好き」表示喜欢，后接「が」指对象。</li></ol>,[sound:jlpt_vocabulary_in_sentence_弟.mp3]
男,男人,男は力が強いです。,男人力气很大。,<ruby>男<rt>おとこ</rt></ruby>は<ruby>力<rt>ちから</rt></ruby>が<ruby>強い<rt>つよい</rt></ruby>です。,<ol><li>名词“男”表示男性，如：<ruby>男<rt>おとこ</rt></ruby>の人（男人）。</li><li>句末用“です”表示礼貌肯定句。</li></ol>,[sound:jlpt_vocabulary_in_sentence_男.mp3]
男の子,男孩,男の子は走るのが速いです。,男孩跑得很快。,<ruby>男の子<rt>おとこのこ</rt></ruby>は<ruby>走る<rt>はしる</rt></ruby>のが<ruby>速い<rt>はやい</rt></ruby>です。,<ol><li>「<ruby>〜のが</ruby>」表示动作名词化，例如「走るのが好き」。</li><li>形容词「速い」可直接修饰名词或描述状态。</li></ol>,[sound:jlpt_vocabulary_in_sentence_男の子.mp3]
一昨日,前天,一昨日は友達と映画を見ました。,前天我和朋友一起看了电影。,<ruby>一昨日<rt>おととい</rt></ruby>は<ruby>友達<rt>ともだち</rt></ruby>と<ruby>映画<rt>えいが</rt></ruby>を<ruby>見ました<rt>みました</rt></ruby>。,<ol><li><ruby>一昨日<rt>おととい</rt></ruby>：表示“前天”，用于表达两天前的时间。</li><li><ruby>は<rt>は</rt></ruby>作主题助词，例：今日は寒い。</li></ol>,[sound:jlpt_vocabulary_in_sentence_一昨日.mp3]
おととし,前年,おととし日本に行きました。,前年我去过日本。,おととし<ruby>日本<rt>にほん</rt></ruby>に<ruby>行きました<rt>いきました</rt></ruby>。,<ol><li><ruby>おととし<rt>おととし</rt></ruby>表示“前年”，用于时间表达。</li><li>助词<ruby>に<rt>に</rt></ruby>表示动作的目标或时间，如日本に行く。</li></ol>,[sound:jlpt_vocabulary_in_sentence_おととし.mp3]
大人,大人,大人になるのが楽しみです。,我很期待成为大人。,<ruby>大人<rt>おとな</rt></ruby><ruby>になる<rt>になる</rt></ruby><ruby>のが<rt>のが</rt></ruby><ruby>楽しみ<rt>たのしみ</rt></ruby><ruby>です。<rt>です。</rt></ruby>,<ol><li><ruby>になる</ruby><rt>になる</rt>：表示“变成……”，如「学生になる」变成学生。</li><li><ruby>楽しみ</ruby><rt>たのしみ</rt>：作名词用，表示“期待”，如「旅行が楽しみ」。</li></ol>,[sound:jlpt_vocabulary_in_sentence_大人.mp3]
お腹,肚子,お腹がすいてきました。,肚子饿了。,<ruby>お腹<rt>おなか</rt></ruby>が<ruby>すいて<rt>すいて</rt></ruby><ruby>きました<rt>きました</rt></ruby>。,<ol><li><ruby>お腹<rt>おなか</rt></ruby>が：表示主语，常用于生理需求表达方式。如：<ruby>頭<rt>あたま</rt></ruby>が痛い。</li><li>动词「～てくる」表示某状态的渐进或变化开始。如：雨が降ってきた。</li></ol>,[sound:jlpt_vocabulary_in_sentence_お腹.mp3]
同じ,相同,二人は同じクラスです。,两个人在同一个班级。,<ruby>二人<rt>ふたり</rt></ruby>は<ruby>同じ<rt>おなじ</rt></ruby>クラスです。,<ol><li><ruby>同じ<rt>おなじ</rt></ruby>用于表达两者或多者“相同”，作连体词修饰名词。如：同じ本（同一本书）。</li><li>句末用です表示礼貌。例：これは同じ色です。</li></ol>,[sound:jlpt_vocabulary_in_sentence_同じ.mp3]
お兄さん,哥哥,お兄さんはサッカーが得意です。,哥哥擅长踢足球。,<ruby>お兄さん<rt>おにいさん</rt></ruby>はサッカーが<ruby>得意<rt>とくい</rt></ruby>です。,<ol><li>「<ruby>は<rt>は</rt></ruby>」是主题助词，表示句子的主语。例如：私は学生です。</li><li>「<ruby>得意<rt>とくい</rt></ruby>」表示擅长、拿手的意思。例如：料理が得意です。</li></ol>,[sound:jlpt_vocabulary_in_sentence_お兄さん.mp3]
お姉さん,姐姐,お姉さんは料理が上手です。,姐姐很擅长做饭。,<ruby>お姉さん<rt>おねえさん</rt></ruby>は<ruby>料理<rt>りょうり</rt></ruby>が<ruby>上手<rt>じょうず</rt></ruby>です。,<ol><li>「は」作主语提示助词，标明主题，例如：<ruby>私は<rt>わたしは</rt></ruby>。</li><li>「が」作主语助词，表示评价/能力对象，例如：<ruby>日本語が<rt>にほんごが</rt></ruby>上手。</li></ol>,[sound:jlpt_vocabulary_in_sentence_お姉さん.mp3]
伯母さん; 叔母さん,伯母或婶婶,昨日 伯母さんの家に行きました。,昨天去了伯母家。,<ruby>昨日<rt>きのう</rt></ruby> <ruby>伯母さん<rt>おばさん</rt></ruby><ruby>の<rt>の</rt></ruby><ruby>家<rt>いえ</rt></ruby><ruby>に<rt>に</rt></ruby><ruby>行きました<rt>いきました</rt></ruby>。,<ol><li><ruby>の<rt>の</rt></ruby>表示所属关系，如“伯母さんの家” → 伯母的家。</li><li>动词过去式“<ruby>行きました<rt>いきました</rt></ruby>”表示去过，基本型为“行く”。</li></ol>,[sound:jlpt_vocabulary_in_sentence_伯母さん; 叔母さん.mp3]
おばあさん,奶奶,おばあさんは毎日散歩します。,奶奶每天散步。,<ruby>おばあさん<rt>おばあさん</rt></ruby>は<ruby>毎日<rt>まいにち</rt></ruby><ruby>散歩<rt>さんぽ</rt></ruby><ruby>します<rt>します</rt></ruby>。,<ol><li>「は」是主题助词，例：<ruby>私は<rt>わたしは</rt></ruby>学生です。</li><li>动词ます形表示礼貌现在时，例：<ruby>食べます<rt>たべます</rt></ruby>（吃）。</li></ol>,[sound:jlpt_vocabulary_in_sentence_おばあさん.mp3]
お風呂,浴室,毎日お風呂に入ります。,我每天洗澡。,<ruby>毎日<rt>まいにち</rt></ruby><ruby>お風呂<rt>おふろ</rt></ruby>に<ruby>入ります<rt>はいります</rt></ruby>。,<ol><li><ruby>毎日<rt>まいにち</rt></ruby>表示“每天”，常作时间副词。</li><li><ruby>に<rt></rt></ruby>作为表示目的地、对象的助词，这里用于进入某处，例如“部屋に入る”。</li></ol>,[sound:jlpt_vocabulary_in_sentence_お風呂.mp3]
お弁当,盒饭,お弁当を作りました。,我做了盒饭。,<ruby>お弁当<rt>おべんとう</rt></ruby>を<ruby>作りました<rt>つくりました</rt></ruby>。,<ol><li>「を」用于表示动作的对象。例如：「ご飯を食べます。」</li><li>「ました」表示过去的敬语动词形式。例如：「買いました。」</li></ol>,[sound:jlpt_vocabulary_in_sentence_お弁当.mp3]
覚える,记住,新しい単語を覚えるのは大切です。,记住新单词很重要。,<ruby>新しい<rt>あたらしい</rt></ruby><ruby>単語<rt>たんご</rt></ruby>を<ruby>覚える<rt>おぼえる</rt></ruby>のは<ruby>大切<rt>たいせつ</rt></ruby>です。,<ol><li>他动词「<ruby>覚<rt>おぼ</rt></ruby>える」用于表示记住、学习。例：単語を覚える。</li><li>句型「…のは大切です」表示“做…很重要”。例：運動するのは大切です。</li></ol>,[sound:jlpt_vocabulary_in_sentence_覚える.mp3]
おまわりさん,警察,道でおまわりさんに道を聞きました。,我在路上向警察问了路。,<ruby>道<rt>みち</rt></ruby>でおまわりさんに<ruby>道<rt>みち</rt></ruby>を<ruby>聞きました<rt>ききました</rt></ruby>。,<ol><li>助词「で」：表示动作发生的场所。如：駅で待つ。</li><li>动词「闻く」可接助词「に」表示向某人询问。如：先生に聞く。</li></ol>,[sound:jlpt_vocabulary_in_sentence_おまわりさん.mp3]
重い,重的,この荷物はとても重いです。,这个行李很重。,この<ruby>荷物<rt>にもつ</rt></ruby>はとても<ruby>重い<rt>おもい</rt></ruby>です。,<ol><li>形容词「<ruby>重い<rt>おもい</rt></ruby>」用于描述事物的重量大。例如：<ruby>重い<rt>おもい</rt></ruby>カバン。</li><li>句末「です」表达礼貌语气，常用于描述性陈述。</li></ol>,[sound:jlpt_vocabulary_in_sentence_重い.mp3]
面白い,有趣的,この映画はとても面白いです。,这部电影非常有趣。,<ruby>この<rt>この</rt></ruby><ruby>映画<rt>えいが</rt></ruby>はとても<ruby>面白い<rt>おもしろい</rt></ruby>です。,<ol><li><ruby>面白い<rt>おもしろい</rt></ruby>是い形容词，修饰事物有趣。如：<ruby>面白い<rt>おもしろい</rt></ruby>話。</li><li>「です」结句表达礼貌。如：これは猫です。</li></ol>,[sound:jlpt_vocabulary_in_sentence_面白い.mp3]
泳ぐ,游泳,彼は川で泳ぐのが好きです。,他喜欢在河里游泳。,<ruby>彼<rt>かれ</rt></ruby>は<ruby>川<rt>かわ</rt></ruby>で<ruby>泳ぐ<rt>およぐ</rt></ruby>のが<ruby>好き<rt>すき</rt></ruby>です。,<ol><li>动词基本形（<ruby>泳ぐ<rt>およぐ</rt></ruby>）表示一般现在时动作，如“游泳”。</li><li><ruby>～のが好き<rt>のがすき</rt></ruby>表示喜欢做某事，“游泳很喜欢”。</li></ol>,[sound:jlpt_vocabulary_in_sentence_泳ぐ.mp3]
降りる,下、降下,駅で電車を降りる。,在车站下电车。,<ruby>駅<rt>えき</rt></ruby>で<ruby>電車<rt>でんしゃ</rt></ruby>を<ruby>降りる<rt>おりる</rt></ruby>。,<ol><li>动词「<ruby>降りる<rt>おりる</rt></ruby>」表示从交通工具等上下来的动作。如：バスを降りる。</li><li>助词「で」表示动作发生的场所。例如：学校で勉強する。</li></ol>,[sound:jlpt_vocabulary_in_sentence_降りる.mp3]
終る,结束,会議は五時に終る。,会议五点结束。,<ruby>会議<rt>かいぎ</rt></ruby>は<ruby>五時<rt>ごじ</rt></ruby>に<ruby>終る<rt>おわる</rt></ruby>。,<ol><li>动词<ruby>終る<rt>おわる</rt></ruby>表示“结束”“完结”，用于表示某事物终止。例：試験が終る。</li><li>时间点+に，表示动作发生的时间。例：三時に出発する。</li></ol>,[sound:jlpt_vocabulary_in_sentence_終る.mp3]
音楽,音乐,私は音楽を聴くのが好きです。,我喜欢听音乐。,<ruby>私<rt>わたし</rt></ruby>は<ruby>音楽<rt>おんがく</rt></ruby>を<ruby>聴く<rt>きく</rt></ruby>のが<ruby>好き<rt>すき</rt></ruby>です。,<ol><li><ruby>好き</ruby><rt>すき</rt></li>表示“喜欢”某事，句型为“～が好き”。如：本が好き。</li><li>动词<ruby>辞书形</ruby><rt>じしょけい</rt>＋のが好き：表示喜欢做某事。如：走るのが好き。</li></ol>,[sound:jlpt_vocabulary_in_sentence_音楽.mp3]
女,女性,あの女はとても親切です。,那个女人非常亲切。,あの<ruby>女<rt>おんな</rt></ruby>はとても<ruby>親切<rt>しんせつ</rt></ruby>です。,<ol><li><ruby>女<rt>おんな</rt></ruby>是指女性，可单独或与其他词搭配使用，如女学生。</li><li>用「は」作主题助词，引出句子主题，如：彼は学生です。</li></ol>,[sound:jlpt_vocabulary_in_sentence_女.mp3]
女の子,女孩,公園で女の子が遊んでいます。,公园里女孩在玩。,<ruby>公園<rt>こうえん</rt></ruby>で<ruby>女の子<rt>おんなのこ</rt></ruby>が<ruby>遊んでいます<rt>あそんでいます</rt></ruby>。,<ol><li>で：表示动作发生的场所。例如：教室で勉強します。</li><li>～ています：表示动作正在进行。例如：読んでいます。</li></ol>,[sound:jlpt_vocabulary_in_sentence_女の子.mp3]
～回,次、回数,この映画は三回見ました。,这部电影我看了三次。,この<ruby>映画<rt>えいが</rt></ruby>は<ruby>三回<rt>さんかい</rt></ruby><ruby>見ました<rt>みました</rt></ruby>。,<ol><li><ruby>回<rt>かい</rt></ruby>用作表示次数的量词，如“二回”“三回”。</li><li>数量词+回：例：一回 行く。</li></ol>,[sound:jlpt_vocabulary_in_sentence_～回.mp3]
～階,楼层,私の部屋は三階にあります。,我的房间在三楼。,<ruby>私<rt>わたし</rt></ruby>の<ruby>部屋<rt>へや</rt></ruby>は<ruby>三階<rt>さんがい</rt></ruby>に<ruby>あります<rt>あります</rt></ruby>。,<ol><li>数量词<ruby>階<rt>かい</rt></ruby>：表示楼层，如一階、二階。</li><li>助词<ruby>に<rt>に</rt></ruby>：表示存在位置，例：箱にあります。</li></ol>,[sound:jlpt_vocabulary_in_sentence_～階.mp3]
外国,外国,外国の料理を食べたいです。,我想吃外国的料理。,<ruby>外国<rt>がいこく</rt></ruby><ruby>の<rt>の</rt></ruby><ruby>料理<rt>りょうり</rt></ruby><ruby>を<rt>を</rt></ruby><ruby>食べたい<rt>たべたい</rt></ruby><ruby>です<rt>です</rt></ruby>。,<ol><li><ruby>の</ruby><rt>の</rt>：用于连接名词，表示所属关系。例如：日本の車。</li><li><ruby>たい</ruby><rt>たい</rt>：接在动词连用形后表示“想要做”。如：行きたい。</li></ol>,[sound:jlpt_vocabulary_in_sentence_外国.mp3]
外国人,外国人,この町には外国人が多いです。,这个小镇有很多外国人。,この<ruby>町<rt>まち</rt></ruby>には<ruby>外国人<rt>がいこくじん</rt></ruby>が<ruby>多い<rt>おおい</rt></ruby>です。,<ol><li><ruby>には</ruby><rt>には</rt>表示特定地点，常用于强调“在……里”。如：学校には先生がいます。</li><li><ruby>が多い</ruby><rt>がおおい</rt>，表示“……多”。如：学生が多い。</li></ol>,[sound:jlpt_vocabulary_in_sentence_外国人.mp3]
会社,公司,父は会社に勤めています。,我父亲在公司上班。,<ruby>父<rt>ちち</rt></ruby>は<ruby>会社<rt>かいしゃ</rt></ruby>に<ruby>勤めています<rt>つとめています</rt></ruby>。,<ol><li>「に」表示动作的目的地，如「会社に行く」表示去公司。</li><li>「〜ています」表达正在进行的状态，例如「働いています」（正在工作）。</li></ol>,[sound:jlpt_vocabulary_in_sentence_会社.mp3]
階段,阶段,仕事は今の段階で順調です。,工作在现在这个阶段很顺利。,<ruby>仕事<rt>しごと</rt></ruby>は<ruby>今<rt>いま</rt></ruby>の<ruby>段階<rt>だんかい</rt></ruby>で<ruby>順調<rt>じゅんちょう</rt></ruby>です。,<ol><li>助词「で」表示场所、状态，如「学校で勉強する」。</li><li>名词「今の段階」表达“现在这个阶段”。</li></ol>,[sound:jlpt_vocabulary_in_sentence_階段.mp3]
買い物,购物,日曜日に買い物をしました。,星期天我去购物了。,<ruby>日曜日<rt>にちようび</rt></ruby>に<ruby>買い物<rt>かいもの</rt></ruby>を<ruby>しました<rt>しました</rt></ruby>。,<ol><li>「<ruby>に<rt>に</rt></ruby>」表示时间点，例如：日曜日に。</li><li>「<ruby>を<rt>を</rt></ruby>」作宾语助词，用于名词后，如：本を読む。</li></ol>,[sound:jlpt_vocabulary_in_sentence_買い物.mp3]
買う,购买,新しい靴を買うつもりです。,我打算买新鞋。,<ruby>新しい<rt>あたらしい</rt></ruby><ruby>靴<rt>くつ</rt></ruby>を<ruby>買う<rt>かう</rt></ruby>つもりです。,<ol><li>「<ruby>～を<rt>～を</rt></ruby>」表示宾语，比如「靴を買う」是“买鞋”。</li><li>「<ruby>～つもりです<rt>～つもりです</rt></ruby>」表示打算做某事，例如「買うつもりです」。</li></ol>,[sound:jlpt_vocabulary_in_sentence_買う.mp3]
返す,归还，返回,先生に本を返す予定です。,我打算把书还给老师。,<ruby>先生<rt>せんせい</rt></ruby>に<ruby>本<rt>ほん</rt></ruby>を<ruby>返す<rt>かえす</rt></ruby><ruby>予定<rt>よてい</rt></ruby>です。,<ol><li><ruby>～に～を<rt>に を</rt></ruby>：向某人做某事。例如：彼に手紙を渡す。</li><li><ruby>予定です<rt>よていです</rt></ruby>：表示计划或打算。例如：午後に行く予定です。</li></ol>,[sound:jlpt_vocabulary_in_sentence_返す.mp3]
帰る,回家,私は毎日六時に帰る。,我每天六点回家。,<ruby>私<rt>わたし</rt></ruby>は<ruby>毎日<rt>まいにち</rt></ruby><ruby>六時<rt>ろくじ</rt></ruby>に<ruby>帰る<rt>かえる</rt></ruby>。,<ol><li><ruby>帰る<rt>かえる</rt></ruby>用于表示“回家/返回”，通常接助词に说明目的地。例如：家に帰る。</li><li>时间名词+に，表示动作发生的具体时间。例如：六時に寝る。</li></ol>,[sound:jlpt_vocabulary_in_sentence_帰る.mp3]
顔,脸,彼は優しい顔をしています。,他有一张温和的脸。,<ruby>彼<rt>かれ</rt></ruby>は<ruby>優しい<rt>やさしい</rt></ruby><ruby>顔<rt>かお</rt></ruby>を<ruby>しています<rt>しています</rt></ruby>。,<ol><li>「〜をしています」表示当前状态，如「優しい顔をしています」（有温和的脸）。</li><li>助词「を」用于动作对象，例：「顔を洗う」。</li></ol>,[sound:jlpt_vocabulary_in_sentence_顔.mp3]
かかる,花费,この仕事は時間がかかる。,这项工作很花时间。,この<ruby>仕事<rt>しごと</rt></ruby>は<ruby>時間<rt>じかん</rt></ruby>がかかる。,<ol><li><ruby>かかる<rt>かかる</rt></ruby>表示花费时间或金钱，如：「時間がかかる（花时间）」。</li><li>「名词+が+かかる」表示“某事需要（花费）…”，如「お金がかかる」。</li></ol>,[sound:jlpt_vocabulary_in_sentence_かかる.mp3]
鍵,钥匙,私は鍵を忘れました。,我忘带了钥匙。,<ruby>私<rt>わたし</rt></ruby>は<ruby>鍵<rt>かぎ</rt></ruby>を<ruby>忘れました<rt>わすれました</rt></ruby>。,<ol><li>助词「を」用于表示动作的对象。例如：<ruby>本<rt>ほん</rt></ruby>を読みます。</li><li>「ました」是动词的敬体过去式结尾，用于表达过去发生的动作。</li></ol>,[sound:jlpt_vocabulary_in_sentence_鍵.mp3]
書く,写、书写,毎日 日記 を 書く ようにしています。,我每天都在努力写日记。,<ruby>毎日<rt>まいにち</rt></ruby> <ruby>日記<rt>にっき</rt></ruby> <ruby>を<rt>を</rt></ruby> <ruby>書く<rt>かく</rt></ruby> <ruby>ようにしています<rt>ようにしています</rt></ruby>。,<ol><li><ruby>書く<rt>かく</rt></ruby>：动词，表示“写”。<br>例：手紙を書く。</li><li>ようにする：表示努力做某事。<br>例：早く寝るようにします。</li></ol>,[sound:jlpt_vocabulary_in_sentence_書く.mp3]
学生,学生,彼は新しい学生です。,他是新来的学生。,<ruby>彼<rt>かれ</rt></ruby>は<ruby>新しい<rt>あたらしい</rt></ruby><ruby>学生<rt>がくせい</rt></ruby>です。,<ol><li>「です」是日语礼貌体断句，用于说明身份或状态。例如：「私は学生です。」</li><li>「は」为主题助词，强调前面的主语。例如：「彼は先生です。」</li></ol>,[sound:jlpt_vocabulary_in_sentence_学生.mp3]
～か月,……个月,私は三か月日本語を勉強しました。,我学习了三个月日语。,<ruby>私<rt>わたし</rt></ruby>は<ruby>三か月<rt>さんかげつ</rt></ruby><ruby>日本語<rt>にほんご</rt></ruby>を<ruby>勉強しました<rt>べんきょうしました</rt></ruby>。,<ol><li>数量词后加<ruby>か月<rt>かげつ</rt></ruby>表示几个月，如“三か月”表示三个月。</li><li><ruby>ました<rt>ました</rt></ruby>是过去时敬语，表示已经做过某事，如“勉強しました”。</li></ol>,[sound:jlpt_vocabulary_in_sentence_～か月.mp3]
掛ける,挂、挂上,壁に時計を掛ける。,把钟挂在墙上。,<ruby>壁<rt>かべ</rt></ruby>に<ruby>時計<rt>とけい</rt></ruby>を<ruby>掛ける<rt>かける</rt></ruby>。,<ol><li>动词「掛ける」表示将某物挂到某处。如：<ruby>壁<rt>かべ</rt></ruby>に掛ける。</li><li>助词「に」标明动作的目标地点。如：机に置く。</li></ol>,[sound:jlpt_vocabulary_in_sentence_掛ける.mp3]
かける,挂、打、戴,電話をかけるのが好きです。,我喜欢打电话。,<ruby>電話<rt>でんわ</rt></ruby>をかけるのが<ruby>好き<rt>すき</rt></ruby>です。,<ol><li>动词「かける」用于表示打电话、戴（眼镜）等动作，如：電話をかける（打电话）。</li><li>「〜のが好き」表示喜欢做某事，如：読むのが好き（喜欢读）。</li></ol>,[sound:jlpt_vocabulary_in_sentence_かける.mp3]
傘,雨伞,今日は傘が必要です。,今天需要雨伞。,<ruby>今日<rt>きょう</rt></ruby>は<ruby>傘<rt>かさ</rt></ruby>が<ruby>必要<rt>ひつよう</rt></ruby>です。,<ol><li>「<ruby>必要<rt>ひつよう</rt></ruby>です」用于表示需要某物。例如：「パスポートが必要です」——需要护照。</li><li>助词「が」用于主语后，标明主语对象。例如：「水が冷たい」——水很冷。</li></ol>,[sound:jlpt_vocabulary_in_sentence_傘.mp3]
貸す,借给,私は友達に本を貸す。,我把书借给了朋友。,<ruby>私<rt>わたし</rt></ruby>は<ruby>友達<rt>ともだち</rt></ruby>に<ruby>本<rt>ほん</rt></ruby>を<ruby>貸す<rt>かす</rt></ruby>。,<ol><li>动词「貸す」表示把某物借出给别人。例：お金を貸す。</li><li>助词「に」表示动作的接受对象。例：友達に貸す。</li></ol>,[sound:jlpt_vocabulary_in_sentence_貸す.mp3]
風,风,今日は強い風が吹いています。,今天刮着很大的风。,<ruby>今日<rt>きょう</rt></ruby>は<ruby>強い<rt>つよい</rt></ruby><ruby>風<rt>かぜ</rt></ruby>が<ruby>吹いています<rt>ふいています</rt></ruby>。,<ol><li><ruby>は</ruby><rt>わ</rt>：主题助词，表示主题。例如：私は学生です。</li><li><ruby>～ています</ruby><rt>～ています</rt>：表示动作的进行。例如：雨が降っています。</li></ol>,[sound:jlpt_vocabulary_in_sentence_風.mp3]
風邪,感冒,弟は昨日風邪をひきました。,弟弟昨天感冒了。,<ruby>弟<rt>おとうと</rt></ruby>は<ruby>昨日<rt>きのう</rt></ruby><ruby>風邪<rt>かぜ</rt></ruby>を<ruby>ひきました<rt>ひきました</rt></ruby>。,<ol><li>「<ruby>〜を<rt>〜を</rt></ruby>ひく」表示患感冒，用于生病相关表达。例如：<ruby>風邪<rt>かぜ</rt></ruby>をひく。</li><li>助词「は」用于提示句子的主题。「弟は」表示“弟弟是……”</li></ol>,[sound:jlpt_vocabulary_in_sentence_風邪.mp3]
方,方法,いい方を教えてください。,请告诉我好的方法。,<ruby>いい<rt>いい</rt></ruby><ruby>方<rt>かた</rt></ruby><ruby>を<rt>を</rt></ruby><ruby>教えて<rt>おしえて</rt></ruby><ruby>ください<rt>ください</rt></ruby>。,<ol><li><ruby>方<rt>かた</rt></ruby>：表示“方法”或“方式”，如「読み方」表示“读法”。</li><li>动词ます形+方：表示做某事的方法，例如「使い方」（使用方法）。</li></ol>,[sound:jlpt_vocabulary_in_sentence_方.mp3]
家族,家人,私の家族は五人です。,我的家人有五个人。,<ruby>私<rt>わたし</rt></ruby>の<ruby>家族<rt>かぞく</rt></ruby>は<ruby>五人<rt>ごにん</rt></ruby>です。,<ol><li><ruby>は</ruby><rt>助词</rt>：表示主题。例如：私は学生です。</li><li><ruby>の</ruby><rt>助词</rt>：表示所属关系。例如：田中の本。</li></ol>,[sound:jlpt_vocabulary_in_sentence_家族.mp3]
片仮名,片假名,日本語では片仮名も使います。,日语中也会用到片假名。,<ruby>日本語<rt>にほんご</rt></ruby>では<ruby>片仮名<rt>かたかな</rt></ruby>も<ruby>使います<rt>つかいます</rt></ruby>。,<ol><li><ruby>では</ruby><rt>では</rt>：表示在某范围或条件下。例如「学校では日本語を学びます」。</li><li><ruby>も</ruby><rt>も</rt>：表示“也”，用于添加并列信息。如「私も学生です」。</li></ol>,[sound:jlpt_vocabulary_in_sentence_片仮名.mp3]
～月,几月,来月は旅行に行きます。,下个月去旅行。,<ruby>来月<rt>らいげつ</rt></ruby>は<ruby>旅行<rt>りょこう</rt></ruby>に<ruby>行きます<rt>いきます</rt></ruby>。,<ol><li><ruby>～月<rt>～がつ</rt></ruby>：表示几月，如「六月」是「六月」。</li><li>助词「に」接在时间后，表达在某时做某事，如「六月に始めます」。</li></ol>,[sound:jlpt_vocabulary_in_sentence_～月.mp3]
学校,学校,私は学校に毎日通います。,我每天去学校。,<ruby>私<rt>わたし</rt></ruby>は<ruby>学校<rt>がっこう</rt></ruby>に<ruby>毎日<rt>まいにち</rt></ruby><ruby>通います<rt>かよいます</rt></ruby>。,<ol><li>助词<ruby>に<rt></rt></ruby>表示目的地，如“学校に行く”。</li><li>动词<ruby>通う<rt>かよう</rt></ruby>表示定期往返某地。</li></ol>,[sound:jlpt_vocabulary_in_sentence_学校.mp3]
カップ,杯子,白いカップでお茶を飲みます。,用白色的杯子喝茶。,<ruby>白い<rt>しろい</rt></ruby>カップで<ruby>お茶<rt>おちゃ</rt></ruby>を<ruby>飲みます<rt>のみます</rt></ruby>。,<ol><li>で：表示动作的手段、工具。例：はしで食べます（用筷子吃）。</li><li>を：标明动作的对象。例：りんごを食べます（吃苹果）。</li></ol>,[sound:jlpt_vocabulary_in_sentence_カップ.mp3]
家庭,家庭,彼の家庭はとても仲が良いです。,他的家庭非常和睦。,<ruby>彼<rt>かれ</rt></ruby>の<ruby>家庭<rt>かてい</rt></ruby>はとても<ruby>仲<rt>なか</rt></ruby>が<ruby>良い<rt>よい</rt></ruby>です。,<ol><li><ruby>名词</ruby><rt>めいし</rt>：<ruby>家庭</ruby><rt>かてい</rt> 表示“家庭”，可直接做主语。<br>例：私の<ruby>家庭</ruby><rt>かてい</rt>。</li><li>形容词句型：<ruby>仲が良い</ruby><rt>なかがよい</rt> 用于形容关系亲密。<br>例：兄弟は<ruby>仲が良い</ruby><rt>なかがよい</rt>。</li></ol>,[sound:jlpt_vocabulary_in_sentence_家庭.mp3]
角,角落,部屋の角に小さな箱があります。,房间角落里有一个小盒子。,<ruby>部屋<rt>へや</rt></ruby>の<ruby>角<rt>かど</rt></ruby>に<ruby>小さな<rt>ちいさな</rt></ruby><ruby>箱<rt>はこ</rt></ruby>が<ruby>あります<rt>あります</rt></ruby>。,<ol><li><ruby>名詞<rt>めいし</rt></ruby>＋の＋名詞：表示所属或位置。如「机の上」。</li><li><ruby>場所<rt>ばしょ</rt></ruby>＋に＋あります：表示存在于某处。例：「公園に犬があります。」</li></ol>,[sound:jlpt_vocabulary_in_sentence_角.mp3]
かばん,包，手提包,私は新しいかばんを買いました。,我买了一个新包。,<ruby>私<rt>わたし</rt></ruby>は<ruby>新しい<rt>あたらしい</rt></ruby>かばんを<ruby>買いました<rt>かいました</rt></ruby>。,<ol><li><ruby>は</ruby><rt>は</rt>：主题助词，标记句子主题。例如：私は学生です。</li><li><ruby>を</ruby><rt>を</rt>：宾语助词，表示动作对象。例如：本を読みます。</li></ol>,[sound:jlpt_vocabulary_in_sentence_かばん.mp3]
花瓶,花瓶,花瓶に花を飾りました。,我在花瓶里插上了花。,<ruby>花瓶<rt>かびん</rt></ruby>に<ruby>花<rt>はな</rt></ruby>を<ruby>飾りました<rt>かざりました</rt></ruby>。,<ol><li>助词「に」：表示动作的目的地或位置，如「花瓶に」表示“在花瓶里”。</li><li>动词过去式「ました」：表示过去发生的动作，例如「飾りました」意为“装饰了”。</li></ol>,[sound:jlpt_vocabulary_in_sentence_花瓶.mp3]
かぶる,戴（帽）,私は帽子をかぶる。,我戴上帽子。,<ruby>私<rt>わたし</rt></ruby>は<ruby>帽子<rt>ぼうし</rt></ruby>を<ruby>かぶる<rt>かぶる</rt></ruby>。,<ol><li>「を」是表示动作对象的助词，常接在名词后。例：パンを食べる。</li><li>「かぶる」为动词，常用于戴在头上的物品。例：ヘルメットをかぶる。</li></ol>,[sound:jlpt_vocabulary_in_sentence_かぶる.mp3]
紙,纸,この紙はとても白いです。,这张纸非常白。,<ruby>この<rt>この</rt></ruby><ruby>紙<rt>かみ</rt></ruby><ruby>は<rt>は</rt></ruby><ruby>とても<rt>とても</rt></ruby><ruby>白い<rt>しろい</rt></ruby><ruby>です<rt>です</rt></ruby>。,<ol><li>は：表示主语的提示助词，例如「<ruby>私<rt>わたし</rt></ruby>は学生です。」</li><li>い形容词修饰名词时直接连接，如「白い紙」。</li></ol>,[sound:jlpt_vocabulary_in_sentence_紙.mp3]
カメラ,相机,新しいカメラを買いました。,买了新相机。,<ruby>新しい<rt>あたらしい</rt></ruby>カメラを<ruby>買いました<rt>かいました</rt></ruby>。,<ol><li>【を】表示动作的宾语。例如：パンを食べる。</li><li>【ました】是动词敬体过去式。例如：行きました。</li></ol>,[sound:jlpt_vocabulary_in_sentence_カメラ.mp3]
火曜日,星期二,火曜日に新しい本を買いました。,星期二我买了新书。,<ruby>火曜日<rt>かようび</rt></ruby>に<ruby>新しい<rt>あたらしい</rt></ruby><ruby>本<rt>ほん</rt></ruby>を<ruby>買いました<rt>かいました</rt></ruby>。,<ol><li>助词「に」表示动作发生的具体时间，如：<ruby>火曜日<rt>かようび</rt></ruby>に行く。</li><li>过去式「ました」表达已经完成的动作，例如：食べました。</li></ol>,[sound:jlpt_vocabulary_in_sentence_火曜日.mp3]
辛い,辛苦、辣,この料理はとても辛いです。,这道菜非常辣。,この<ruby>料理<rt>りょうり</rt></ruby>はとても<ruby>辛い<rt>からい</rt></ruby>です。,<ol><li><ruby>辛い<rt>からい</rt></ruby>是形容词，用于描述食物的味道很辣。</li><li>形容词结尾接「です」表示礼貌语气，如「熱いです」。</li></ol>,[sound:jlpt_vocabulary_in_sentence_辛い.mp3]
体,身体,朝に体を動かすと元気になります。,早上活动身体会变得有精神。,<ruby>朝に<rt>あさに</rt></ruby><ruby>体<rt>からだ</rt></ruby>を<ruby>動かす<rt>うごかす</rt></ruby>と<ruby>元気に<rt>げんきに</rt></ruby><ruby>なります<rt>なります</rt></ruby>。,<ol><li>动词ます形＋と，表示“只要……就……”。如：「飲むと眠くなる」。</li><li><ruby>体</ruby><rt>からだ</rt>を<ruby>動</ruby><rt>うご</rt>かす，表示“活动身体”。</li></ol>,[sound:jlpt_vocabulary_in_sentence_体.mp3]
借りる,借,図書館で本を借りる。,在图书馆借书。,<ruby>図書館<rt>としょかん</rt></ruby>で<ruby>本<rt>ほん</rt></ruby>を<ruby>借りる<rt>かりる</rt></ruby>。,<ol><li>动词“借りる”表示借入，用于向他人借东西。例：友達からペンを<ruby>借りる<rt>かりる</rt></ruby>。</li><li>助词“で”表场所，表示动作发生的地点。例：教室で勉強する。</li></ol>,[sound:jlpt_vocabulary_in_sentence_借りる.mp3]
～がる,表现出…的样子,彼は寒がっています。,他表现出很冷的样子。,<ruby>彼<rt>かれ</rt></ruby>は<ruby>寒がっています<rt>さむがっています</rt></ruby>。,<ol><li>接在形容词后，表示“表现出某种感觉”。如：寒がる（表现出怕冷）。</li><li>不能用来描述说话者自己的感受，只能说第三人的样子。</li></ol>,[sound:jlpt_vocabulary_in_sentence_～がる.mp3]
軽い,轻的,この箱は思ったより軽いです。,这个箱子比想象中要轻。,この<ruby>箱<rt>はこ</rt></ruby>は<ruby>思った<rt>おもった</rt></ruby>より<ruby>軽い<rt>かるい</rt></ruby>です。,<ol><li>「より」表示比较，AよりB=比A更B，如：母より背が高い。</li><li>「です」是礼貌句尾，用于表述判断、说明事物状态。</li></ol>,[sound:jlpt_vocabulary_in_sentence_軽い.mp3]
カレー,咖喱,私はカレーが大好きです。,我非常喜欢咖喱。,<ruby>私<rt>わたし</rt></ruby>はカレーが<ruby>大好き<rt>だいすき</rt></ruby>です。,<ol><li>「<ruby>が<rt>が</rt></ruby>」用于主语标记，例：りんごが好き。</li><li>「<ruby>大好き<rt>だいすき</rt></ruby>」表示“非常喜欢”，谓语用法。</li></ol>,[sound:jlpt_vocabulary_in_sentence_カレー.mp3]
カレンダー,日历,新しいカレンダーを買いました。,我买了新的日历。,<ruby>新しい<rt>あたらしい</rt></ruby>カレンダーを<ruby>買いました<rt>かいました</rt></ruby>。,<ol><li>「を」是宾格助词，表示动作的对象，例如：パンを食べます。</li><li>动词「買いました」是「買う」（买）的过去式。</li></ol>,[sound:jlpt_vocabulary_in_sentence_カレンダー.mp3]
川; 河,河流,川のそばを歩きます。,我在河边散步。,<ruby>川<rt>かわ</rt></ruby>のそばを<ruby>歩きます<rt>あるきます</rt></ruby>。,<ol><li><ruby>の</ruby><rt>の</rt>：表示所属或修饰关系。例：川の水。</li><li><ruby>を</ruby><rt>を</rt>：宾语助词，后接动词。例：道を歩く。</li></ol>,[sound:jlpt_vocabulary_in_sentence_川; 河.mp3]
～側,一侧、方向,窓の側に本棚があります。,窗的一侧有书架。,<ruby>窓<rt>まど</rt></ruby>の<ruby>側<rt>がわ</rt></ruby>に<ruby>本棚<rt>ほんだな</rt></ruby>が<ruby>あります<rt>あります</rt></ruby>。,<ol><li>「<ruby>〜側<rt>がわ</rt></ruby>」用于表示某物的方向或一边。例如：右側（右边）。</li><li>「名词+の側」结构表示“某物的旁边/一侧”。例：駅の側。</li></ol>,[sound:jlpt_vocabulary_in_sentence_～側.mp3]
可愛い,可爱,妹はとても可愛いです。,妹妹非常可爱。,<ruby>妹<rt>いもうと</rt></ruby>はとても<ruby>可愛い<rt>かわいい</rt></ruby>です。,<ol><li><ruby>は</ruby><rt>は</rt>：主题助词，表明主语。如：“私は学生です。”</li><li>形容词<ruby>です</ruby><rt>です</rt>：表述礼貌断定，如“可愛いです”。</li></ol>,[sound:jlpt_vocabulary_in_sentence_可愛い.mp3]
漢字,汉字,日本語には漢字が使われます。,日语中使用汉字。,<ruby>日本語<rt>にほんご</rt></ruby>には<ruby>漢字<rt>かんじ</rt></ruby>が<ruby>使われます<rt>つかわれます</rt></ruby>。,<ol><li><ruby>には<rt>には</rt></ruby>：表示范围、对象。例如：家には犬がいる。</li><li>被动形<ruby>使われます<rt>つかわれます</rt></ruby>：表示“被使用”。如：この言葉は広く使われます。</li></ol>,[sound:jlpt_vocabulary_in_sentence_漢字.mp3]
木,树 木,公園には大きな木があります。,公园里有一棵大树。,<ruby>公園<rt>こうえん</rt></ruby>には<ruby>大きな<rt>おおきな</rt></ruby><ruby>木<rt>き</rt></ruby>が<ruby>あります<rt>あります</rt></ruby>。,<ol><li>「には」表示存在的地点，如「家には犬がいる」。</li><li>「があります」用于表示事物的存在，如「ここに本があります」。</li></ol>,[sound:jlpt_vocabulary_in_sentence_木.mp3]
黄色,黄色,黄色い花が公園に咲いています。,公园里开着黄色的花。,<ruby>黄色い<rt>きいろい</rt></ruby><ruby>花<rt>はな</rt></ruby>が<ruby>公園<rt>こうえん</rt></ruby>に<ruby>咲いています<rt>さいています</rt></ruby>。,<ol><li>い形容词用法：如<ruby>黄色い<rt>きいろい</rt></ruby>，修饰名词表示“黄色的”。例：黄色い車。</li><li>动词ている表达持续状态，如<ruby>咲いています<rt>さいています</rt></ruby>表示“正在开着”。例：子猫が寝ています。</li></ol>,[sound:jlpt_vocabulary_in_sentence_黄色.mp3]
黄色い,黄色的,黄色い花が咲いています。,开着黄色的花。,<ruby>黄色い<rt>きいろい</rt></ruby><ruby>花<rt>はな</rt></ruby>が<ruby>咲いています<rt>さいています</rt></ruby>。,<ol><li><ruby>い形容词<rt>いけいようし</rt></ruby>修饰名词，如“黄色い花”。</li><li>句末用「ています」表达持续状态，例如“咲いています”表示“正在开”。</li></ol>,[sound:jlpt_vocabulary_in_sentence_黄色い.mp3]
消える,消失,電気が急に消えることがあります。,有时电会突然消失。,<ruby>電気が<rt>でんきが</rt></ruby><ruby>急に<rt>きゅうに</rt></ruby><ruby>消える<rt>きえる</rt></ruby>ことがあります。,<ol><li><ruby>消える<rt>きえる</rt></ruby>为自动词，表示“自己消失、不见了”。例：火が消える。</li><li>ことがある 表示“有时候会……”的意思。例：雨が降ることがある。</li></ol>,[sound:jlpt_vocabulary_in_sentence_消える.mp3]
聞く,听，问,先生に質問を聞く。,向老师提问题。,<ruby>先生<rt>せんせい</rt></ruby>に<ruby>質問<rt>しつもん</rt></ruby>を<ruby>聞く<rt>きく</rt></ruby>。,<ol><li>动词「<ruby>聞<rt>き</rt></ruby>く」既有“听”也有“问”的意思，需根据语境判断。例如：ラジオを聞く。</li><li>格助词「を」表示动作的对象，这里“質問を聞く”可理解为“问问题”。</li></ol>,[sound:jlpt_vocabulary_in_sentence_聞く.mp3]
北,北方,北へ行くと雪が降っています。,往北走的话正在下雪。,<ruby>北<rt>きた</rt></ruby>へ<ruby>行く<rt>いく</rt></ruby>と<ruby>雪<rt>ゆき</rt></ruby>が<ruby>降っています<rt>ふっています</rt></ruby>。,<ol><li><ruby>へ<rt>え</rt></ruby>表示动作的方向，如“北へ”。</li><li>动词ている表正在进行的动作，例如“降っています”。</li></ol>,[sound:jlpt_vocabulary_in_sentence_北.mp3]
ギター,吉他,私はギターが弾けます。,我会弹吉他。,<ruby>私<rt>わたし</rt></ruby>はギターが<ruby>弾けます<rt>ひけます</rt></ruby>。,<ol><li>「が」表示主语，常用在能力表达中，如“日本語が話せます”。</li><li>「〜ます」表示动词的礼貌形，用于正式场合。</li></ol>,[sound:jlpt_vocabulary_in_sentence_ギター.mp3]
汚い,脏,彼の部屋はとても汚いです。,他的房间非常脏。,<ruby>彼<rt>かれ</rt></ruby>の<ruby>部屋<rt>へや</rt></ruby>はとても<ruby>汚い<rt>きたない</rt></ruby>です。,<ol><li><ruby>汚い<rt>きたない</rt></ruby>是形容词，表示“脏”。例：水が汚い。</li><li>用“とても”加强形容词，例：とても寒い。</li></ol>,[sound:jlpt_vocabulary_in_sentence_汚い.mp3]
喫茶店,咖啡馆,友達と喫茶店に行きました。,我和朋友去了咖啡馆。,<ruby>友達<rt>ともだち</rt></ruby>と<ruby>喫茶店<rt>きっさてん</rt></ruby>に<ruby>行きました<rt>いきました</rt></ruby>。,<ol><li><ruby>に</ruby><rt>に</rt>：表示动作目的地，例如「学校に行く」。</li><li>过去时「ました」表示过去发生的动作，如「食べました」。</li></ol>,[sound:jlpt_vocabulary_in_sentence_喫茶店.mp3]
切手,邮票,私は切手を集めています。,我在收集邮票。,<ruby>私<rt>わたし</rt></ruby>は<ruby>切手<rt>きって</rt></ruby>を<ruby>集めて<rt>あつめて</rt></ruby><ruby>います<rt>います</rt></ruby>。,<ol><li>「〜ています」表示动作正在进行，如：<ruby>勉強<rt>べんきょう</rt></ruby>しています。</li><li>助词「を」表示动作的对象，如：りんごを食べます。</li></ol>,[sound:jlpt_vocabulary_in_sentence_切手.mp3]
切符,车票,駅で切符を買いました。,我在车站买了车票。,<ruby>駅<rt>えき</rt></ruby>で<ruby>切符<rt>きっぷ</rt></ruby>を<ruby>買いました<rt>かいました</rt></ruby>。,<ol><li><ruby>で<rt>で</rt></ruby>：表示动作发生的地点。例如：学校で勉強します。</li><li><ruby>を<rt>を</rt></ruby>：标记动作的对象。例如：ご飯を食べます。</li></ol>,[sound:jlpt_vocabulary_in_sentence_切符.mp3]
昨日,昨天,昨日は友達と映画を見ました。,昨天和朋友一起看了电影。,<ruby>昨日<rt>きのう</rt></ruby>は<ruby>友達<rt>ともだち</rt></ruby>と<ruby>映画<rt>えいが</rt></ruby>を<ruby>見ました<rt>みました</rt></ruby>。,<ol><li><ruby>昨日<rt>きのう</rt></ruby>用于表示“昨天”，常放在句首作时间状语，例如：昨日雨が降りました。</li><li>助词「と」和名词连用，表示和谁一起做某事，如：母と買い物に行きます。</li></ol>,[sound:jlpt_vocabulary_in_sentence_昨日.mp3]
九,九,りんごが九個あります。,有九个苹果。,りんごが<ruby>九<rt>きゅう</rt></ruby><ruby>個<rt>こ</rt></ruby><ruby>あります<rt>あります</rt></ruby>。,<ol><li>数量词和助数词搭配，如“九個”表示九个东西。</li><li>“あります”表示物体存在，用于无生命物体。如：りんごが五個あります。</li></ol>,[sound:jlpt_vocabulary_in_sentence_九.mp3]
牛肉,牛的肉,昨日は牛肉を食べました。,昨天吃了牛肉。,<ruby>昨日<rt>きのう</rt></ruby>は<ruby>牛肉<rt>ぎゅうにく</rt></ruby>を<ruby>食べました<rt>たべました</rt></ruby>。,<ol><li>は：主题助词，提示句子主语。例如：私は学生です。</li><li>を：宾语助词，标记动作对象。例如：本を読みます。</li></ol>,[sound:jlpt_vocabulary_in_sentence_牛肉.mp3]
牛乳,牛奶,朝ごはんに牛乳を飲みます。,早饭时喝牛奶。,<ruby>朝ごはん<rt>あさごはん</rt></ruby>に<ruby>牛乳<rt>ぎゅうにゅう</rt></ruby>を<ruby>飲みます<rt>のみます</rt></ruby>。,<ol><li>「を」助词：表示动作的对象。例如：「ご飯を食べる」。</li><li>ます形：动词礼貌形，表日常动作。如「飲みます」是「饮む」的ます形。</li></ol>,[sound:jlpt_vocabulary_in_sentence_牛乳.mp3]
今日,今天,今日は天気がいいですね。,今天的天气很好呢。,<ruby>今日<rt>きょう</rt></ruby>は<ruby>天気<rt>てんき</rt></ruby>がいいですね。,<ol><li><ruby>は</ruby><rt>わ</rt>：主题助词，放在主语后。例：<ruby>私は学生です。</ruby></li><li><ruby>ですね</ruby>：表达确认或感叹。例：<ruby>きれいですね。</ruby></li></ol>,[sound:jlpt_vocabulary_in_sentence_今日.mp3]
教室,教室,教室で日本語を勉強します。,我在教室学习日语。,<ruby>教室<rt>きょうしつ</rt></ruby>で<ruby>日本語<rt>にほんご</rt></ruby>を<ruby>勉強します<rt>べんきょうします</rt></ruby>。,<ol><li><ruby>で</ruby><rt>で</rt> 表示动作发生场所，如“教室で”。</li><li><ruby>を</ruby><rt>を</rt> 标示宾语，如“日本語を”。</li></ol>,[sound:jlpt_vocabulary_in_sentence_教室.mp3]
兄弟,兄弟,私には二人の兄弟がいます。,我有两个兄弟。,<ruby>私<rt>わたし</rt></ruby>には<ruby>二人<rt>ふたり</rt></ruby>の<ruby>兄弟<rt>きょうだい</rt></ruby>が<ruby>います<rt>います</rt></ruby>。,<ol><li><ruby>には</ruby><rt>には</rt>：用于强调主语或主题。例如：私には夢がある。</li><li><ruby>がいます</ruby><rt>がいます</rt>：表示存在（用于人或动物）。例如：犬がいます。</li></ol>,[sound:jlpt_vocabulary_in_sentence_兄弟.mp3]
去年,去年,去年は日本に行きました。,去年去了日本。,<ruby>去年<rt>きょねん</rt></ruby>は<ruby>日本<rt>にほん</rt></ruby>に<ruby>行きました<rt>いきました</rt></ruby>。,<ol><li><ruby>は</ruby><rt>は</rt>：主题助词，标记句子主题。例：りんごは赤い。</li><li><ruby>行きました</ruby><rt>いきました</rt>：动词过去式，表示“去了”。例：学校へ行きました。</li></ol>,[sound:jlpt_vocabulary_in_sentence_去年.mp3]
嫌い,讨厌,私はピーマンが嫌いです。,我讨厌青椒。,<ruby>私<rt>わたし</rt></ruby>はピーマンが<ruby>嫌い<rt>きらい</rt></ruby>です。,<ol><li><ruby>嫌い<rt>きらい</rt></ruby>用于表示讨厌或不喜欢某物，如：魚が嫌い。</li><li>名词+が嫌いです，表达对某事物持否定情感。</li></ol>,[sound:jlpt_vocabulary_in_sentence_嫌い.mp3]
切る,切，剪,野菜を切るのが好きです。,我喜欢切蔬菜。,<ruby>野菜<rt>やさい</rt></ruby>を<ruby>切る<rt>きる</rt></ruby>のが<ruby>好き<rt>すき</rt></ruby><ruby>です<rt>です</rt></ruby>。,<ol><li><ruby>を<rt>を</rt></ruby>用作宾语助词，表示动作对象。例如：パンを食べる。</li><li>动词基本形<ruby>切る<rt>きる</rt></ruby>表示“切”，动作本身。例如：紙を切る。</li></ol>,[sound:jlpt_vocabulary_in_sentence_切る.mp3]
着る,穿（衣）,毎朝シャツを着る習慣があります。,我每天早上有穿衬衫的习惯。,<ruby>毎朝<rt>まいあさ</rt></ruby>シャツを<ruby>着る<rt>きる</rt></ruby><ruby>習慣<rt>しゅうかん</rt></ruby>が<ruby>あります<rt>あります</rt></ruby>。,<ol><li><ruby>動詞</ruby><rt>どうし</rt>「着る」：表示穿衣物，主要指上半身。例：シャツを着る。</li><li>助詞「を」：接在宾语后，标明动作对象。例：本を読む。</li></ol>,[sound:jlpt_vocabulary_in_sentence_着る.mp3]
綺麗,漂亮,彼女の髪は綺麗です。,她的头发很漂亮。,<ruby>彼女<rt>かのじょ</rt></ruby>の<ruby>髪<rt>かみ</rt></ruby>は<ruby>綺麗<rt>きれい</rt></ruby>です。,<ol><li>「綺麗」作形容动词，表示美丽、干净，如：<ruby>部屋<rt>へや</rt></ruby>が綺麗です。</li><li>形容动词后通常接「です」表肯定礼貌。</li></ol>,[sound:jlpt_vocabulary_in_sentence_綺麗.mp3]
キロ; キログラム,千克,この箱は五キロあります。,这个箱子有五公斤重。,<ruby>この<rt>この</rt></ruby><ruby>箱<rt>はこ</rt></ruby>は<ruby>五<rt>ご</rt></ruby>キロ<ruby>あります<rt>あります</rt></ruby>。,<ol><li>助词「は」表示主语主题，如「箱は」。</li><li>数量词+名词，如「五キロ」，表达重量。</li></ol>,[sound:jlpt_vocabulary_in_sentence_キロ; キログラム.mp3]
キロ; キロメートル,公里,学校まで三キロ歩きました。,我步行了三公里到学校。,<ruby>学校<rt>がっこう</rt></ruby>まで<ruby>三<rt>さん</rt></ruby>キロ<ruby>歩きました<rt>あるきました</rt></ruby>。,<ol><li><ruby>まで</ruby><rt>まで</rt>表示动作的终点，比如“到……为止”。例：駅まで歩く。</li><li>数量词+<ruby>キロ</ruby><rt>きろ</rt>表示距离。例：二キロ走る。</li></ol>,[sound:jlpt_vocabulary_in_sentence_キロ; キロメートル.mp3]
銀行,银行,私は銀行でお金を下ろしました。,我在银行取了钱。,<ruby>私<rt>わたし</rt></ruby>は<ruby>銀行<rt>ぎんこう</rt></ruby>で<ruby>お金<rt>おかね</rt></ruby>を<ruby>下ろしました<rt>おろしました</rt></ruby>。,<ol><li>助词「で」表示动作发生的地点，例如：学校で勉強します。</li><li>动词「下ろす」用于“取钱取物”，如：銀行で<ruby>下<rt>お</rt></ruby>ろします。</li></ol>,[sound:jlpt_vocabulary_in_sentence_銀行.mp3]
金曜日,星期五,金曜日は友達と映画を見ます。,星期五和朋友一起看电影。,<ruby>金曜日<rt>きんようび</rt></ruby>は<ruby>友達<rt>ともだち</rt></ruby>と<ruby>映画<rt>えいが</rt></ruby>を<ruby>見ます<rt>みます</rt></ruby>。,<ol><li>主题助词「は」表示句子主题，如「金曜日は」=「至于星期五」。</li><li>动词「ます」是敬体用法，基本动词句型：主语+を+动词ます，如「映画を見ます」。</li></ol>,[sound:jlpt_vocabulary_in_sentence_金曜日.mp3]
九,九,りんごが九つあります。,有九个苹果。,りんごが<ruby>九つ<rt>ここのつ</rt></ruby><ruby>あります<rt>あります</rt></ruby>。,<ol><li>数量词“九つ”表示事物数量为九，后常接动词。如：「九つ 食べる」。</li><li>助词「が」用来提示主语，是表示存在、拥有的句子常用结构。</li></ol>,[sound:jlpt_vocabulary_in_sentence_九.mp3]
薬,药,毎日薬を飲みます。,我每天吃药。,<ruby>毎日<rt>まいにち</rt></ruby><ruby>薬<rt>くすり</rt></ruby>を<ruby>飲みます<rt>のみます</rt></ruby>。,<ol><li>「<ruby>を</ruby>」助词，表示动作的对象，例如：パンを食べます。</li><li>动词「<ruby>飲みます</ruby>」表示喝、服用，和药物搭配用来表达吃药。</li></ol>,[sound:jlpt_vocabulary_in_sentence_薬.mp3]
下さい,请给我,水を下さい。,请给我水。,<ruby>水<rt>みず</rt></ruby>を<ruby>下さい<rt>ください</rt></ruby>。,<ol><li><ruby>下さい<rt>ください</rt></ruby>用于向他人请求某物或某动作，礼貌表达。例：見せて下さい。</li></ol>,[sound:jlpt_vocabulary_in_sentence_下さい.mp3]
果物,水果,私は毎日果物を食べます。,我每天都吃水果。,<ruby>私<rt>わたし</rt></ruby>は<ruby>毎日<rt>まいにち</rt></ruby><ruby>果物<rt>くだもの</rt></ruby>を<ruby>食べます<rt>たべます</rt></ruby>。,<ol><li>「<ruby>を<rt>を</rt></ruby>」助词表示动作的对象，如「果物を食べます」。</li><li>动词「<ruby>食べます<rt>たべます</rt></ruby>」是「吃」的敬体形式。</li></ol>,[sound:jlpt_vocabulary_in_sentence_果物.mp3]
口,嘴巴,彼の口は大きいです。,他的嘴巴很大。,<ruby>彼<rt>かれ</rt></ruby>の<ruby>口<rt>くち</rt></ruby>は<ruby>大きい<rt>おおきい</rt></ruby>です。,<ol><li>「<ruby>の<rt>の</rt></ruby>」用于连接名词，表示所属关系，如：彼の口。</li><li>「<ruby>です<rt>です</rt></ruby>」句末敬体，用于叙述，如：大きいです。</li></ol>,[sound:jlpt_vocabulary_in_sentence_口.mp3]
靴,鞋子,新しい靴を買いました。,我买了新鞋子。,<ruby>新しい<rt>あたらしい</rt></ruby><ruby>靴<rt>くつ</rt></ruby><ruby>を<rt>を</rt></ruby><ruby>買いました<rt>かいました</rt></ruby>。,<ol><li><ruby>名詞</ruby><rt>めいし</rt>+を+<ruby>動詞</ruby><rt>どうし</rt>：表示动作对象，如「靴を買う」。</li><li>过去式用「ました」，如「買いました」说明已经做了某事。</li></ol>,[sound:jlpt_vocabulary_in_sentence_靴.mp3]
靴下,袜子,新しい靴下を買いました。,我买了新袜子。,<ruby>新しい<rt>あたらしい</rt></ruby><ruby>靴下<rt>くつした</rt></ruby>を<ruby>買いました<rt>かいました</rt></ruby>。,<ol><li>「<ruby>〜を<rt>を</rt></ruby>買う」表示买某物，如「本を買う」。</li><li>「<ruby>新しい<rt>あたらしい</rt></ruby>」用于修饰名词，意为“新的”。</li></ol>,[sound:jlpt_vocabulary_in_sentence_靴下.mp3]
国,国家,日本は美しい国です。,日本是美丽的国家。,<ruby>日本<rt>にほん</rt></ruby>は<ruby>美しい<rt>うつくしい</rt></ruby><ruby>国<rt>くに</rt></ruby>です。,<ol><li>は：表示主题，例如「日本は…」中的は提示谈话主题。例：私は学生です。</li><li>です：礼貌助动词，表判断句末。例：これは本です。</li></ol>,[sound:jlpt_vocabulary_in_sentence_国.mp3]
曇り,阴天,今日は曇りですが、雨は降りません。,今天是阴天，但不会下雨。,<ruby>今日<rt>きょう</rt></ruby>は<ruby>曇り<rt>くもり</rt></ruby>ですが<ruby>雨<rt>あめ</rt></ruby>は<ruby>降りません<rt>ふりません</rt></ruby>。,<ol><li><ruby>ですが</ruby><rt>ですが</rt>：转折，表示“但是”。示例：<ruby>高いですが</ruby><rt>たかいですが</rt>、買います。</li><li>名词+<ruby>は</ruby><rt>は</rt>：提示主题。示例：<ruby>私は</ruby><rt>わたしは</rt> 学生です。</li></ol>,[sound:jlpt_vocabulary_in_sentence_曇り.mp3]
曇る,变阴,今日は空が曇っています。,今天的天空变阴了。,<ruby>今日<rt>きょう</rt></ruby>は<ruby>空<rt>そら</rt></ruby>が<ruby>曇っています<rt>くもっています</rt></ruby>。,<ol><li><ruby>が</ruby><rt>が</rt>：主格助词，表示主语。例如：空が。</li><li>动词<ruby>ている</ruby><rt>ている</rt>：表示状态持续。“曇っている”：正在变阴。</li></ol>,[sound:jlpt_vocabulary_in_sentence_曇る.mp3]
暗い,黑暗，暗,部屋が暗いので電気をつけます。,因为房间很暗，所以打开了灯。,<ruby>部屋<rt>へや</rt></ruby>が<ruby>暗い<rt>くらい</rt></ruby>ので<ruby>電気<rt>でんき</rt></ruby>をつけます。,<ol><li>「ので」表示原因或理由。例如：寒いので、窓を閉めます。</li><li>形容词「暗い」修饰名词或作谓语。例如：暗い部屋。</li></ol>,[sound:jlpt_vocabulary_in_sentence_暗い.mp3]
～くらい; ぐらい,大约，左右,毎日七時間くらい勉強します。,我每天学习大约七小时。,<ruby>毎日<rt>まいにち</rt></ruby><ruby>七時間<rt>しちじかん</rt></ruby>くらい<ruby>勉強します<rt>べんきょうします</rt></ruby>。,<ol><li><ruby>～くらい</ruby><rt>ぐらい</rt>：表示大致数量，相当于“左右”。例：三時<ruby>間</ruby><rt>じかん</rt>くらい待ちます。</li><li>接名词或数量词使用，表示程度范围。例：十人ぐらい来ました。</li></ol>,[sound:jlpt_vocabulary_in_sentence_～くらい; ぐらい.mp3]
クラス,班级,私のクラスは楽しいです。,我的班级很有趣。,<ruby>私<rt>わたし</rt></ruby>のクラスは<ruby>楽しい<rt>たのしい</rt></ruby>です。,<ol><li><ruby>私</ruby><rt>わたし</rt>の～：表示所属。例：私の<ruby>本</ruby><rt>ほん</rt>（我的书）。</li><li>です：句末礼貌断定。例：学生です（是学生）。</li></ol>,[sound:jlpt_vocabulary_in_sentence_クラス.mp3]
グラム,克（重量）,このケーキは百グラムです。,这个蛋糕是一百克。,このケーキは<ruby>百<rt>ひゃく</rt></ruby>グラムです。,<ol><li><ruby>は</ruby> <rt>わ</rt>：提示主题助词，如“XXはYYです”表示“XX是YY”。</li><li><ruby>です</ruby> <rt>です</rt>：句末敬语，表示陈述。</li></ol>,[sound:jlpt_vocabulary_in_sentence_グラム.mp3]
来る,来，来临,友達がもうすぐ来るそうです。,听说朋友马上要来了。,<ruby>友達<rt>ともだち</rt></ruby>がもうすぐ<ruby>来る<rt>くる</rt></ruby>そうです。,<ol><li><ruby>来る<rt>くる</rt></ruby>是表示“来”的动词原形，比如：学校に来る。</li><li>末尾加そうです表示听说、传闻。例如：雨が降るそうです。</li></ol>,[sound:jlpt_vocabulary_in_sentence_来る.mp3]
車,汽车,彼は新しい車を買いました。,他买了新车。,<ruby>彼<rt>かれ</rt></ruby>は<ruby>新しい<rt>あたらしい</rt></ruby><ruby>車<rt>くるま</rt></ruby>を<ruby>買いました<rt>かいました</rt></ruby>。,<ol><li>「<ruby>を<rt>を</rt></ruby>」表示宾语助词，例：本を読む。</li><li>动词过去式「ました」表示动作已经完成，如：食べました。</li></ol>,[sound:jlpt_vocabulary_in_sentence_車.mp3]
黒,黑色,私の靴は黒です。,我的鞋是黑色的。,<ruby>私<rt>わたし</rt></ruby>の<ruby>靴<rt>くつ</rt></ruby>は<ruby>黒<rt>くろ</rt></ruby>です。,<ol><li>「AはBです」表示判断或说明事物，如「これは本です」。</li><li>「の」连接名词和名词，表示所属，如「私の猫」。</li></ol>,[sound:jlpt_vocabulary_in_sentence_黒.mp3]
黒い,黑色的,黒い犬が道を歩いている。,一只黑色的狗在路上走。,<ruby>黒い<rt>くろい</rt></ruby><ruby>犬<rt>いぬ</rt></ruby>が<ruby>道<rt>みち</rt></ruby>を<ruby>歩いている<rt>あるいている</rt></ruby>。,<ol><li><ruby>い形容词<rt>いけいようし</rt></ruby>：修饰名词表性质，如「黒い犬」。</li><li>动词<ruby>ている<rt>ている</rt></ruby>：表示正在进行，如「歩いている」。</li></ol>,[sound:jlpt_vocabulary_in_sentence_黒い.mp3]
警官,警察,警官が道を教えてくれました。,警官告诉了我路怎么走。,<ruby>警官<rt>けいかん</rt></ruby>が<ruby>道<rt>みち</rt></ruby>を<ruby>教えて<rt>おしえて</rt></ruby><ruby>くれました<rt>くれました</rt></ruby>。,<ol><li>助词「が」表示主语，用于引出动作的主体。例如：犬が走る。</li><li>动词「て形+くれる」表示别人为自己做某事，表达感谢或受惠。例如：友達が手伝ってくれる。</li></ol>,[sound:jlpt_vocabulary_in_sentence_警官.mp3]
今朝,今天早上,今朝は早く目が覚めました。,今天早上很早就醒了。,<ruby>今朝<rt>けさ</rt></ruby>は<ruby>早く<rt>はやく</rt></ruby><ruby>目<rt>め</rt></ruby>が<ruby>覚めました<rt>さめました</rt></ruby>。,<ol><li>助词「は」表示主题，如「今朝は」意为“今天早上”。</li><li>动词过去式「〜ました」表示过去发生，如「覚めました」意为“醒了”。</li></ol>,[sound:jlpt_vocabulary_in_sentence_今朝.mp3]
消す,消除，擦掉,ホワイトボードの字を消す。,把白板上的字擦掉。,ホワイトボードの<ruby>字<rt>じ</rt></ruby>を<ruby>消す<rt>けす</rt></ruby>。,<ol><li>动词<ruby>を<rt></rt></ruby>表示动作的对象，如“字を消す”=“擦字”。</li><li><ruby>消す<rt>けす</rt></ruby>是他动词，表示人为去掉或使消失。</li></ol>,[sound:jlpt_vocabulary_in_sentence_消す.mp3]
結構,相当、很,このケーキは結構甘いですね。,这个蛋糕相当甜呢。,<ruby>この<rt>この</rt></ruby><ruby>ケーキ<rt>けーき</rt></ruby><ruby>は<rt>は</rt></ruby><ruby>結構<rt>けっこう</rt></ruby><ruby>甘い<rt>あまい</rt></ruby><ruby>ですね<rt>ですね</rt></ruby>。,<ol><li><ruby>結構<rt>けっこう</rt></ruby>可表示“相当、很”，作副词修饰形容词。例如：結構高い。</li><li>用于表达程度超出预期，比“少し”语气更强。</li></ol>,[sound:jlpt_vocabulary_in_sentence_結構.mp3]
結婚,结婚,二人は来月結婚します。,两人下个月结婚。,<ruby>二人<rt>ふたり</rt></ruby>は<ruby>来月<rt>らいげつ</rt></ruby><ruby>結婚<rt>けっこん</rt></ruby>します。,<ol><li>「<ruby>結婚<rt>けっこん</rt></ruby>します」为动词表达“结婚”。例：私は来週結婚します。</li><li>助词「は」用于提示主语。例：彼は学生です。</li></ol>,[sound:jlpt_vocabulary_in_sentence_結婚.mp3]
月曜日,星期一,月曜日は図書館に行きます。,星期一去图书馆。,<ruby>月曜日<rt>げつようび</rt></ruby>は<ruby>図書館<rt>としょかん</rt></ruby>に<ruby>行きます<rt>いきます</rt></ruby>。,<ol><li>助词「は」用于提示主题，如：<ruby>私は<rt>わたしは</rt></ruby>学生です。</li><li>表示时间的名词后可直接接助词用法：<ruby>月曜日<rt>げつようび</rt></ruby>に行きます。</li></ol>,[sound:jlpt_vocabulary_in_sentence_月曜日.mp3]
玄関,门厅,玄関で靴を脱ぎます。,在门厅脱鞋。,<ruby>玄関<rt>げんかん</rt></ruby><ruby>で<rt>で</rt></ruby><ruby>靴<rt>くつ</rt></ruby><ruby>を<rt>を</rt></ruby><ruby>脱ぎます<rt>ぬぎます</rt></ruby>。,<ol><li><ruby>で</ruby><rt>で</rt>：表示动作发生的场所，例如「公園で遊ぶ」。</li><li><ruby>を</ruby><rt>を</rt>：表动作对象的助词，例如「本を読む」。</li></ol>,[sound:jlpt_vocabulary_in_sentence_玄関.mp3]
元気,精神、健康,彼はいつも元気です。,他总是很有精神。,<ruby>彼<rt>かれ</rt></ruby>はいつも<ruby>元気<rt>げんき</rt></ruby>です。,<ol><li>「<ruby>です<rt>です</rt></ruby>」为礼貌判断句，表示断定或描述。例如：「彼は学生です。」</li><li>副词「いつも」用于表示经常、总是，修饰动词或句子。</li></ol>,[sound:jlpt_vocabulary_in_sentence_元気.mp3]
～個,……个,りんごを三個ください。,请给我三个苹果。,りんごを<ruby>三個<rt>さんこ</rt></ruby>ください。,<ol><li><ruby>～個<rt>～こ</rt></ruby>：数量词，表示数“个”用于数小物件。例如：二個。</li><li><ruby>ください<rt>ください</rt></ruby>：用于请求或点东西，译为“请给我”。</li></ol>,[sound:jlpt_vocabulary_in_sentence_～個.mp3]
五,五，5,五つりんごがあります。,有五个苹果。,<ruby>五つ<rt>いつつ</rt></ruby>りんごがあります。,<ol><li>数词“<ruby>五つ<rt>いつつ</rt></ruby>”表示数量5，用于数东西，例如：五つ。</li><li><ruby>あります</ruby>用于表示存在，用于无生命物体，例如：りんごがあります。</li></ol>,[sound:jlpt_vocabulary_in_sentence_五.mp3]
～語,……语,私は中国語を勉強しています。,我正在学习中文。,<ruby>私<rt>わたし</rt></ruby>は<ruby>中国語<rt>ちゅうごくご</rt></ruby>を<ruby>勉強<rt>べんきょう</rt></ruby><ruby>しています<rt>しています</rt></ruby>。,<ol><li><ruby>～語<rt>ご</rt></ruby>：表示“……语”。如：<ruby>英語<rt>えいご</rt></ruby>（英语）。</li><li>动词“勉強しています”表示正在学习某事。</li></ol>,[sound:jlpt_vocabulary_in_sentence_～語.mp3]
公園,公园,子供たちは公園で遊んでいます。,孩子们正在公园里玩耍。,<ruby>子供たち<rt>こどもたち</rt></ruby>は<ruby>公園<rt>こうえん</rt></ruby>で<ruby>遊んでいます<rt>あそんでいます</rt></ruby>。,<ol><li><ruby>で</ruby><rt>で</rt>：表示动作发生的场所。例如：家で食べる。</li><li><ruby>〜ています</ruby><rt>〜ています</rt>：表示动作正在进行。例如：読んでいます。</li></ol>,[sound:jlpt_vocabulary_in_sentence_公園.mp3]
交差点,十字路口,交差点で信号を待っています。,我在十字路口等红绿灯。,<ruby>交差点<rt>こうさてん</rt></ruby>で<ruby>信号<rt>しんごう</rt></ruby>を<ruby>待っています<rt>まっています</rt></ruby>。,<ol><li><ruby>名詞<rt>めいし</rt></ruby>＋で：表示动作发生的场所。如：駅で会います。</li><li>动词<ruby>ている<rt>ている</rt></ruby>：表示正在进行。如：食べている。</li></ol>,[sound:jlpt_vocabulary_in_sentence_交差点.mp3]
紅茶,红茶,私は毎朝紅茶を飲みます。,我每天早上喝红茶。,<ruby>私<rt>わたし</rt></ruby>は<ruby>毎朝<rt>まいあさ</rt></ruby><ruby>紅茶<rt>こうちゃ</rt></ruby>を<ruby>飲みます<rt>のみます</rt></ruby>。,<ol><li>助词「を」表示动作的对象，如「紅茶を飲む」即“喝红茶”。</li><li><ruby>毎朝<rt>まいあさ</rt></ruby>表示“每天早上”，常作为时间状语。</li></ol>,[sound:jlpt_vocabulary_in_sentence_紅茶.mp3]
交番,派出所,交番は駅の近くにあります。,派出所在车站附近。,<ruby>交番<rt>こうばん</rt></ruby>は<ruby>駅<rt>えき</rt></ruby>の<ruby>近く<rt>ちかく</rt></ruby>に<ruby>あります<rt>あります</rt></ruby>。,<ol><li>「は」是主题助词，表示主语。例如：わたしは学生です。</li><li>「に あります」表存在物的位置。例如：本は机の上にあります。</li></ol>,[sound:jlpt_vocabulary_in_sentence_交番.mp3]
声,声音,先生の声がよく聞こえます。,老师的声音听得很清楚。,<ruby>先生<rt>せんせい</rt></ruby>の<ruby>声<rt>こえ</rt></ruby>がよく<ruby>聞こえます<rt>きこえます</rt></ruby>。,<ol><li><ruby>が</ruby><rt>が</rt>用于表示主语，例如：猫がいる（有猫）。</li><li><ruby>聞こえます</ruby><rt>きこえます</rt>是“听得见”，表示被动感受。</li></ol>,[sound:jlpt_vocabulary_in_sentence_声.mp3]
コート,外套,新しいコートを買いました。,我买了新外套。,<ruby>新しい<rt>あたらしい</rt></ruby>コートを<ruby>買いました<rt>かいました</rt></ruby>。,<ol><li>动词<ruby>ました<rt>ました</rt></ruby>：表示过去的礼貌式，如「買いました」（买了）。</li><li><ruby>を<rt>を</rt></ruby>：宾格助词，指动作的对象。</li></ol>,[sound:jlpt_vocabulary_in_sentence_コート.mp3]
コーヒー,咖啡,朝ごはんの後にコーヒーを飲みます。,早餐后会喝咖啡。,<ruby>朝ごはん<rt>あさごはん</rt></ruby>の<ruby>後<rt>あと</rt></ruby>にコーヒーを<ruby>飲みます<rt>のみます</rt></ruby>。,<ol><li>「〜の後に」为表示时间的接续，意为“在……之后”。例：勉強の後に休みます。</li><li>动词ます形可表示日常习惯。例：毎日水を飲みます。</li></ol>,[sound:jlpt_vocabulary_in_sentence_コーヒー.mp3]
ここ,这里,ここは静かな場所です。,这里是安静的地方。,ここは<ruby>静かな<rt>しずかな</rt></ruby><ruby>場所<rt>ばしょ</rt></ruby>です。,<ol><li>「ここ」表示说话人所在的地方，例如：ここは図書館。</li><li>「は」作主题助词，提示主语，如：わたしは学生です。</li></ol>,[sound:jlpt_vocabulary_in_sentence_ここ.mp3]
午後,下午,午後に友だちと会います。,下午和朋友见面。,<ruby>午後<rt>ごご</rt></ruby>に<ruby>友だち<rt>ともだち</rt></ruby>と<ruby>会います<rt>あいます</rt></ruby>。,<ol><li><ruby>に</ruby><rt>に</rt>：表示动作发生的时间，如“午後に”意为“在下午”。</li><li><ruby>と</ruby><rt>と</rt>：表示动作的对象，如“友だちと”是“和朋友”。</li></ol>,[sound:jlpt_vocabulary_in_sentence_午後.mp3]
九日,九号（日期）,九日には学校の行事があります。,九号有学校活动。,<ruby>九日<rt>ここのか</rt></ruby>には<ruby>学校<rt>がっこう</rt></ruby>の<ruby>行事<rt>ぎょうじ</rt></ruby>があります。,<ol><li>时间助词「に」用于具体日期表达时间点，如：<ruby>三日<rt>みっか</rt></ruby>に行く。</li><li>存在动词「あります」表示事物存在，例：イベントがあります。</li></ol>,[sound:jlpt_vocabulary_in_sentence_九日.mp3]
九つ,九个,りんごが九つ机の上にあります。,桌子上有九个苹果。,<ruby>りんご<rt>りんご</rt></ruby>が<ruby>九つ<rt>ここのつ</rt></ruby><ruby>机<rt>つくえ</rt></ruby>の<ruby>上<rt>うえ</rt></ruby>に<ruby>あります。<rt>あります。</rt></ruby>,<ol><li><ruby>九つ<rt>ここのつ</rt></ruby>：日语数量词，表示“九个”，多用于数小物品。例：<ruby>九つ<rt>ここのつ</rt></ruby>飴。</li><li><ruby>〜があります</ruby>：表示有某物。例：本があります。</li></ol>,[sound:jlpt_vocabulary_in_sentence_九つ.mp3]
午前,上午,午前七時に起きました。,我在上午七点起床。,<ruby>午前<rt>ごぜん</rt></ruby><ruby>七時<rt>しちじ</rt></ruby>に<ruby>起きました<rt>おきました</rt></ruby>。,<ol><li>时间表达：<ruby>午前<rt>ごぜん</rt></ruby>＋时间表示“上午”。例：<ruby>午前<rt>ごぜん</rt></ruby>八時。</li><li><ruby>に<rt></rt></ruby>用在具体时间点后表示“在……时”。例：八時に行きます。</li></ol>,[sound:jlpt_vocabulary_in_sentence_午前.mp3]
答える,回答,先生の質問に答えるのが難しいです。,回答老师的问题很难。,<ruby>先生<rt>せんせい</rt></ruby>の<ruby>質問<rt>しつもん</rt></ruby>に<ruby>答える<rt>こたえる</rt></ruby>のが<ruby>難しい<rt>むずかしい</rt></ruby>です。,<ol><li>动词「答える」表示“回答、回应”，多用于回应用语。例：<ruby>問題<rt>もんだい</rt></ruby>に<ruby>答える<rt>こたえる</rt></ruby>。</li><li>助词「に」指明动作的对象。例：先生に<ruby>答える<rt>こたえる</rt></ruby>。</li></ol>,[sound:jlpt_vocabulary_in_sentence_答える.mp3]
こちら,这边,こちらにお座りください。,请坐在这边。,<ruby>こちら<rt>こちら</rt></ruby>に<ruby>お座り<rt>おすわり</rt></ruby><ruby>ください<rt>ください</rt></ruby>。,<ol><li><ruby>こちら<rt>こちら</rt></ruby>用于指说话人一方或靠近说话人的地方。<br>例：こちらは田中です。</li><li>「お～ください」表达礼貌请求。<br>例：お入りください。</li></ol>,[sound:jlpt_vocabulary_in_sentence_こちら.mp3]
こっち,这边,こっちに来てください。,请到这边来。,こっちに<ruby>来て<rt>きて</rt></ruby>ください。,<ol><li><ruby>こっち<rt>こっち</rt></ruby>：指说话人方向。例：こっちを見る。</li><li>动词て形＋ください：表示请求。例：座ってください。</li></ol>,[sound:jlpt_vocabulary_in_sentence_こっち.mp3]
コップ,杯子,コップに水を入れました。,我把水倒进了杯子里。,コップに<ruby>水<rt>みず</rt></ruby>を<ruby>入れました<rt>いれました</rt></ruby>。,<ol><li><ruby>に</ruby><rt>に</rt>：表示动作的目标，如“在杯子里”。例：箱に入れる。</li><li><ruby>を</ruby><rt>を</rt>：表示动作的对象。例：本を読む。</li></ol>,[sound:jlpt_vocabulary_in_sentence_コップ.mp3]
今年,今年,今年は新しいことを始めたいです。,今年我想开始新的事情。,<ruby>今年<rt>ことし</rt></ruby>は<ruby>新しい<rt>あたらしい</rt></ruby>ことを<ruby>始めたい<rt>はじめたい</rt></ruby>です。,<ol><li><ruby>は</ruby><rt>は</rt>：主题助词，表示主语或对比。如：私は学生です。</li><li>たい形：表达“想要做”的愿望，用在动词连用形后。如：食べたい。</li></ol>,[sound:jlpt_vocabulary_in_sentence_今年.mp3]
言葉,词语,新しい言葉を覚えるのは楽しい。,记住新词很有趣。,<ruby>新しい<rt>あたらしい</rt></ruby><ruby>言葉<rt>ことば</rt></ruby>を<ruby>覚える<rt>おぼえる</rt></ruby>のは<ruby>楽しい<rt>たのしい</rt></ruby>。,<ol><li>动词<ruby>辞書<rt>じしょ</rt></ruby>形+のは+形容词：表达“做某事很怎么样”。示例：“勉強するのは大変です”。</li><li><ruby>を<rt>を</rt></ruby>表示动作对象，前接名词。例：“本を読む”。</li></ol>,[sound:jlpt_vocabulary_in_sentence_言葉.mp3]
子供,孩子,子供は元気に遊んでいます。,孩子正在有精神地玩耍。,<ruby>子供<rt>こども</rt></ruby>は<ruby>元気<rt>げんき</rt></ruby>に<ruby>遊んで<rt>あそんで</rt></ruby><ruby>います<rt>います</rt></ruby>。,<ol><li>助词「は」表示主题，例如：<ruby>子供<rt>こども</rt></ruby>は猫です。</li><li><ruby>〜ています<rt>ています</rt></ruby>表示动作正在进行，如：走っています。</li></ol>,[sound:jlpt_vocabulary_in_sentence_子供.mp3]
この,这个,この本はとても面白いです。,这本书非常有趣。,<ruby>この<rt>この</rt></ruby><ruby>本<rt>ほん</rt></ruby>は<ruby>とても<rt>とても</rt></ruby><ruby>面白い<rt>おもしろい</rt></ruby><ruby>です<rt>です</rt></ruby>。,<ol><li><ruby>この</ruby>是指示词，用于修饰名词，表示离说话人较近的事物，例如：この犬。</li><li>句型「この+名词」：表示“这个……”结构，常用于日常对话。</li></ol>,[sound:jlpt_vocabulary_in_sentence_この.mp3]
御飯,米饭,夜ご飯を早く食べました。,晚饭吃得很早。,<ruby>夜ご飯<rt>よごはん</rt></ruby>を<ruby>早く<rt>はやく</rt></ruby><ruby>食べました<rt>たべました</rt></ruby>。,<ol><li><ruby>を</ruby><rt>を</rt>：宾语助词，表示动作的对象，如「ご飯を食べる」。</li><li><ruby>ました</ruby><rt>ました</rt>：动词ます形过去式，表示过去发生的动作。</li></ol>,[sound:jlpt_vocabulary_in_sentence_御飯.mp3]
コピーする,复制,このファイルをコピーします。,我将复制这个文件。,<ruby>この<rt>この</rt></ruby><ruby>ファイル<rt>ふぁいる</rt></ruby>を<ruby>コピーします<rt>こぴーします</rt></ruby>。,<ol><li><ruby>を</ruby><rt>を</rt>：宾格助词，标记动作对象。例如：リンゴを食べる。</li><li>动词连用形＋<ruby>します</ruby><rt>します</rt>：表示正在做某事。如：勉強します。</li></ol>,[sound:jlpt_vocabulary_in_sentence_コピーする.mp3]
困る,为难,道に迷って困りました。,因为迷路了所以很为难。,<ruby>道<rt>みち</rt></ruby>に<ruby>迷って<rt>まよって</rt></ruby><ruby>困りました<rt>こまりました</rt></ruby>。,<ol><li>动词て形+<ruby>困る<rt>こまる</rt></ruby>：表示因前项状态而感到为难或困扰，如「雨が降って困る」。</li><li><ruby>困る<rt>こまる</rt></ruby>接在过去时，表达已经陷入困境，如本句「困りました」。</li></ol>,[sound:jlpt_vocabulary_in_sentence_困る.mp3]
これ,这个,これは私の本です。,这是我的书。,<ruby>これ<rt>これ</rt></ruby>は<ruby>私<rt>わたし</rt></ruby>の<ruby>本<rt>ほん</rt></ruby>です。,<ol><li><ruby>これ</ruby>指示近处的东西或事物，表示“这个”。示例：<ruby>これは</ruby>ペンです。</li><li>助词<ruby>は</ruby>作主语提示，后接说明。示例：<ruby>私は</ruby>学生です。</li></ol>,[sound:jlpt_vocabulary_in_sentence_これ.mp3]
～ころ; ～ごろ,大约…时,毎日七時ごろに起きます。,我每天大约在七点起床。,<ruby>毎日<rt>まいにち</rt></ruby><ruby>七時<rt>しちじ</rt></ruby>ごろに<ruby>起きます<rt>おきます</rt></ruby>。,<ol><li><ruby>～ころ</ruby>／<ruby>～ごろ</ruby>用于表示大致时间点。例如：三時ごろ（大约三点）。</li><li>接在表示时刻的词后面，不可用于具体分钟。如：八時ごろ。</li></ol>,[sound:jlpt_vocabulary_in_sentence_～ころ; ～ごろ.mp3]
今月,本月,今月の予定は忙しいです。,本月的安排很忙。,<ruby>今月<rt>こんげつ</rt></ruby>の<ruby>予定<rt>よてい</rt></ruby>は<ruby>忙しい<rt>いそがしい</rt></ruby>です。,<ol><li>「の」用于名词之间，表示所属，如「今月の予定」= 本月的安排。</li><li>「です」为敬体终结语气词，常用于句末。</li></ol>,[sound:jlpt_vocabulary_in_sentence_今月.mp3]
今週,本周,今週は雨の日が多いです。,这周雨天很多。,<ruby>今週<rt>こんしゅう</rt></ruby>は<ruby>雨<rt>あめ</rt></ruby>の<ruby>日<rt>ひ</rt></ruby>が<ruby>多い<rt>おおい</rt></ruby>です。,<ol><li>助词「は」用来提示主题，例如「今週は」「私は」。</li><li>形容词「多い」描述数量多，可与名词搭配，如「雨の日が多い」。</li></ol>,[sound:jlpt_vocabulary_in_sentence_今週.mp3]
こんな,这样的,こんな天気の日は散歩したい。,像这样的天气我想去散步。,<ruby>こんな<rt>こんな</rt></ruby><ruby>天気<rt>てんき</rt></ruby>の<ruby>日<rt>ひ</rt></ruby>は<ruby>散歩<rt>さんぽ</rt></ruby><ruby>したい<rt>したい</rt></ruby>。,<ol><li><ruby>こんな</ruby>用作连体词，表示举例“像这样的”。例：こんな人。</li><li>后接名词，修饰其性质或状态。例：こんな問題。</li></ol>,[sound:jlpt_vocabulary_in_sentence_こんな.mp3]
今晩,今晚,今晩は友達と食事します。,今晚和朋友吃饭。,<ruby>今晩<rt>こんばん</rt></ruby>は<ruby>友達<rt>ともだち</rt></ruby>と<ruby>食事<rt>しょくじ</rt></ruby>します。,<ol><li><ruby>は</ruby><rt>わ</rt>：主题助词，标记句子的主题。如：“私は学生です。”</li><li><ruby>と</ruby>：并列助词，表示“和”。如：“父と母。”</li></ol>,[sound:jlpt_vocabulary_in_sentence_今晩.mp3]
さあ,来，喂,さあ 出発しましょう。,来吧，出发吧。,さあ <ruby>出発<rt>しゅっぱつ</rt></ruby>しましょう。,<ol><li><ruby>さあ</ruby>：用于呼唤、催促别人做某事，例如“さあ 行こう”。</li><li><ruby>ましょう</ruby>：表示一起做某事，举例：“行きましょう”。</li></ol>,[sound:jlpt_vocabulary_in_sentence_さあ.mp3]
～歳,几岁,妹は八歳になりました。,妹妹满八岁了。,<ruby>妹<rt>いもうと</rt></ruby>は<ruby>八歳<rt>はっさい</rt></ruby>に<ruby>なりました<rt>なりました</rt></ruby>。,<ol><li>助数词「<ruby>歳<rt>さい</rt></ruby>」用来表示年龄，如「三歳」表示三岁。</li><li>动词「<ruby>なる<rt>なる</rt></ruby>」用于表示状态变化，如「大人になる」。</li></ol>,[sound:jlpt_vocabulary_in_sentence_～歳.mp3]
財布,钱包,新しい財布を買いました。,我买了一个新钱包。,<ruby>新しい<rt>あたらしい</rt></ruby><ruby>財布<rt>さいふ</rt></ruby>を<ruby>買いました<rt>かいました</rt></ruby>。,<ol><li>「<ruby>〜を<rt>〜を</rt></ruby> <ruby>買いました<rt>かいました</rt></ruby>」表示买了什么东西。例：本を買いました。</li><li>形容词「<ruby>新しい<rt>あたらしい</rt></ruby>」修饰名词。例：新しい本。</li></ol>,[sound:jlpt_vocabulary_in_sentence_財布.mp3]
魚,鱼,私は毎日魚を食べます。,我每天都吃鱼。,<ruby>私<rt>わたし</rt></ruby>は<ruby>毎日<rt>まいにち</rt></ruby><ruby>魚<rt>さかな</rt></ruby>を<ruby>食べます<rt>たべます</rt></ruby>。,<ol><li>「毎日」表示“每天”，时间副词常放句首。如：毎日勉強します。</li><li>「を」是宾语助词，标记动作的对象。如：りんごを食べる。</li></ol>,[sound:jlpt_vocabulary_in_sentence_魚.mp3]
先,首先,先に行ってください。,请先走。,<ruby>先<rt>さき</rt></ruby>に<ruby>行って<rt>いって</rt></ruby>ください。,<ol><li><ruby>先</ruby><rt>さき</rt>に～：表示“先做某事”。例：先に食べます。</li><li><ruby>ください</ruby>：用于请求对方做某事，有礼貌语气。例：見せてください。</li></ol>,[sound:jlpt_vocabulary_in_sentence_先.mp3]
咲く,开花,春になると桜が咲く。,到了春天樱花会开。,<ruby>春<rt>はる</rt></ruby>になると<ruby>桜<rt>さくら</rt></ruby>が<ruby>咲く<rt>さく</rt></ruby>。,<ol><li>动词「なる」表示“变成”某种状态，如：寒くなる。</li><li>「と」表示条件，意思是“一…就…”，如：ボタンを押すと、音が鳴る。</li></ol>,[sound:jlpt_vocabulary_in_sentence_咲く.mp3]
作文,写文章,私は毎日作文を書きます。,我每天写作文。,<ruby>私<rt>わたし</rt></ruby>は<ruby>毎日<rt>まいにち</rt></ruby><ruby>作文<rt>さくぶん</rt></ruby>を<ruby>書きます<rt>かきます</rt></ruby>。,<ol><li>「毎日」表示频率，意为“每天”。示例：毎日勉強します。</li><li>「を」是宾语助词，标记动作的对象。例：本を読みます。</li></ol>,[sound:jlpt_vocabulary_in_sentence_作文.mp3]
差す,插，撑开,雨の日は傘を差します。,下雨天要撑伞。,<ruby>雨<rt>あめ</rt></ruby>の<ruby>日<rt>ひ</rt></ruby>は<ruby>傘<rt>かさ</rt></ruby>を<ruby>差します<rt>さします</rt></ruby>。,<ol><li><ruby>を</ruby><rt>を</rt></ruby>：表示动作的对象，如“傘を差す”（撑伞）。</li><li><ruby>ます形</ruby><rt>ますけい</rt></ruby>：动词<ruby>基础</ruby><rt>きそ</rt></ruby>敬语，表达礼貌。</li></ol>,[sound:jlpt_vocabulary_in_sentence_差す.mp3]
～冊,册（量词）,私は本を三冊読みました。,我读了三本书。,<ruby>私<rt>わたし</rt></ruby>は<ruby>本<rt>ほん</rt></ruby>を<ruby>三冊<rt>さんさつ</rt></ruby><ruby>読みました<rt>よみました</rt></ruby>。,<ol><li><ruby>～冊<rt>さつ</rt></ruby>：用于数书等有页的物品，如<span>一冊</span>、<span>三冊</span>。</li><li>日语数量词须紧跟在所计量对象后，如“本を三冊”。</li></ol>,[sound:jlpt_vocabulary_in_sentence_～冊.mp3]
雑誌,杂志,私は毎月雑誌を買います。,我每个月都会买杂志。,<ruby>私<rt>わたし</rt></ruby>は<ruby>毎月<rt>まいつき</rt></ruby><ruby>雑誌<rt>ざっし</rt></ruby>を<ruby>買います<rt>かいます</rt></ruby>。,<ol><li>助词「を」表示动作的对象，如「雑誌を読む」表示“读杂志”。</li><li>动词ます形表示礼貌语气，例如「買います」=“买”。</li></ol>,[sound:jlpt_vocabulary_in_sentence_雑誌.mp3]
砂糖,食用糖,コーヒーに砂糖を入れます。,我在咖啡里加糖。,<ruby>コーヒー<rt>こーひー</rt></ruby>に<ruby>砂糖<rt>さとう</rt></ruby>を<ruby>入れます<rt>いれます</rt></ruby>。,<ol><li>助词「に」表示动作的目的地，如：机に本を置きます。</li><li>助词「を」表示动作的对象，如：水を飲みます。</li></ol>,[sound:jlpt_vocabulary_in_sentence_砂糖.mp3]
寒い,冷，寒冷,今日はとても寒いですね。,今天非常冷呢。,<ruby>今日<rt>きょう</rt></ruby>はとても<ruby>寒い<rt>さむい</rt></ruby>ですね。,<ol><li>「です」：表示礼貌结句，例如「今日は寒いです」。</li><li>「ね」：加在句末，表示确认、共鸣，如「寒いですね」。</li></ol>,[sound:jlpt_vocabulary_in_sentence_寒い.mp3]
さ来年,后年,さ来年も旅行に行きたいです。,后年也想去旅行。,<ruby>さ来年<rt>さらいねん</rt></ruby>も<ruby>旅行<rt>りょこう</rt></ruby>に<ruby>行きたい<rt>いきたい</rt></ruby>です。,<ol><li>「さ来年」表示“后年”，是时间词，如：今年、来年、さ来年。</li><li>「たい形」表达愿望，如「行きたい」表示“想去”。</li></ol>,[sound:jlpt_vocabulary_in_sentence_さ来年.mp3]
～さん,先生、小姐,田中さんは学校にいます。,田中先生在学校。,<ruby>田中<rt>たなか</rt></ruby><ruby>さん<rt>さん</rt></ruby><ruby>は<rt>は</rt></ruby><ruby>学校<rt>がっこう</rt></ruby><ruby>に<rt>に</rt></ruby><ruby>います<rt>います</rt></ruby>。,<ol><li><ruby>～さん<rt>さん</rt></ruby>是对他人的礼貌称呼，不能用于称自己。例如：田中さん。</li><li>一般用于姓氏或全名后，表达尊敬或礼貌。</li></ol>,[sound:jlpt_vocabulary_in_sentence_～さん.mp3]
三,三,りんごが三つあります。,有三个苹果。,りんごが<ruby>三つ<rt>みっつ</rt></ruby><ruby>あります<rt>あります</rt></ruby>。,<ol><li><ruby>数量词<rt>すうりょうし</rt></ruby>与助词<ruby>が<rt>が</rt></ruby>搭配，表达数量，如：二つがあります。</li><li>「あります」用于表示无生命物品的存在。例：本があります。</li></ol>,[sound:jlpt_vocabulary_in_sentence_三.mp3]
散歩,散步,毎朝公園で散歩します。,我每天早上在公园散步。,<ruby>毎朝<rt>まいあさ</rt></ruby><ruby>公園<rt>こうえん</rt></ruby>で<ruby>散歩<rt>さんぽ</rt></ruby>します。,<ol><li>「で」表示动作发生的场所，例如：公園で遊ぶ。</li><li>动词「します」可与名词合用，表达进行该名词的活动，如：食事します。</li></ol>,[sound:jlpt_vocabulary_in_sentence_散歩.mp3]
四,四,私は四つのりんごを買いました。,我买了四个苹果。,<ruby>私<rt>わたし</rt></ruby>は<ruby>四つ<rt>よっつ</rt></ruby>のりんごを<ruby>買いました<rt>かいました</rt></ruby>。,<ol><li>数量词“<ruby>四<rt>よっ</rt></ruby>つ”用于表示4个，后接名词，如“四つのりんご（四个苹果）”。</li><li>动词“买いました”为“买う”的过去式。</li></ol>,[sound:jlpt_vocabulary_in_sentence_四.mp3]
～時,……时,帰る時に雨が降っていました。,回家的时候下雨了。,<ruby>帰る<rt>かえる</rt></ruby><ruby>時<rt>とき</rt></ruby>に<ruby>雨<rt>あめ</rt></ruby>が<ruby>降って<rt>ふって</rt></ruby><ruby>いました<rt>いました</rt></ruby>。,<ol><li><ruby>〜時</ruby><rt>とき</rt>：表示“……的时候”，用于描述某一时刻发生的情况。例如：行く時（去的时候）。</li><li>动词普通形＋時：句子主语独立不变。例如：見る時（看的时候）。</li></ol>,[sound:jlpt_vocabulary_in_sentence_～時.mp3]
塩,食盐,料理に塩を少し入れます。,菜里稍微加点盐。,<ruby>料理<rt>りょうり</rt></ruby>に<ruby>塩<rt>しお</rt></ruby>を<ruby>少し<rt>すこし</rt></ruby><ruby>入れます<rt>いれます</rt></ruby>。,<ol><li>助词「に」说明动作的对象，如「料理に水を加える」。</li><li>「少し」表示数量少，例如「少し休みます」。</li></ol>,[sound:jlpt_vocabulary_in_sentence_塩.mp3]
しかし,但是,彼は努力した。しかし、失敗した。,他努力了。但是失败了。,<ruby>彼<rt>かれ</rt></ruby>は<ruby>努力<rt>どりょく</rt></ruby>した。しかし、<ruby>失敗<rt>しっぱい</rt></ruby>した。,<ol><li><ruby>しかし</ruby> 用于句首，表示转折，相当于“但是”。示例：<ruby>雨</ruby>が<ruby>降</ruby>っています。しかし、出かけます。</li></ol>,[sound:jlpt_vocabulary_in_sentence_しかし.mp3]
時間,时间,時間が足りなくて困りました。,因为时间不够而感到为难。,<ruby>時間<rt>じかん</rt></ruby>が<ruby>足りなくて<rt>たりなくて</rt></ruby><ruby>困りました<rt>こまりました</rt></ruby>。,<ol><li><ruby>が</ruby><rt>が</rt>表主语，如「<ruby>時間</ruby><rt>じかん</rt>が足りない」。</li><li><ruby>なくて</ruby><rt>なくて</rt>表示原因，如「お金がなくて困る」。</li></ol>,[sound:jlpt_vocabulary_in_sentence_時間.mp3]
～時間,～小时,私は一時間勉強しました。,我学习了一个小时。,<ruby>私<rt>わたし</rt></ruby>は<ruby>一時間<rt>いちじかん</rt></ruby><ruby>勉強<rt>べんきょう</rt></ruby><ruby>しました<rt>しました</rt></ruby>。,<ol><li>「<ruby>～時間<rt>じかん</rt></ruby>」表示持续的时间段。例如：「二時間」是两小时。</li><li>数字加上<ruby>時間<rt>じかん</rt></ruby>表达“几小时”。</li></ol>,[sound:jlpt_vocabulary_in_sentence_～時間.mp3]
仕事,工作,彼は新しい仕事を始めました。,他开始了新的工作。,<ruby>彼は<rt>かれは</rt></ruby><ruby>新しい<rt>あたらしい</rt></ruby><ruby>仕事<rt>しごと</rt></ruby>を<ruby>始めました<rt>はじめました</rt></ruby>。,<ol><li><ruby>を</ruby><rt>を</rt>：名词宾格助词，表示动作的对象。例如：水を飲む。</li><li><ruby>ました</ruby><rt>ました</rt>：动词ます型过去式，表示动作已经发生。例如：食べました。</li></ol>,[sound:jlpt_vocabulary_in_sentence_仕事.mp3]
辞書,词典,私は毎日辞書を使います。,我每天都用词典。,<ruby>私<rt>わたし</rt></ruby>は<ruby>毎日<rt>まいにち</rt></ruby><ruby>辞書<rt>じしょ</rt></ruby>を<ruby>使います<rt>つかいます</rt></ruby>。,<ol><li>助词<ruby>は<rt>わ</rt></ruby>用于主题标记，例如「私は学生です」。</li><li>动词<ruby>ます<rt></rt></ruby>形表达礼貌肯定，如「食べます」。</li></ol>,[sound:jlpt_vocabulary_in_sentence_辞書.mp3]
静か,安静,図書館は静かです。,图书馆很安静。,<ruby>図書館<rt>としょかん</rt></ruby>は<ruby>静か<rt>しずか</rt></ruby>です。,<ol><li>「<ruby>静か<rt>しずか</rt></ruby>」是な形容词，可接です作谓语，如「静かです」表示“很安静”。</li><li>は用于提示主语，后面接描述性表语。</li></ol>,[sound:jlpt_vocabulary_in_sentence_静か.mp3]
下,下方,机の下にかばんがあります。,桌子下面有包。,<ruby>机<rt>つくえ</rt></ruby>の<ruby>下<rt>した</rt></ruby>にかばんがあります。,<ol><li>助词「に」表示存在的位置，如「机の下に」意思是“在桌子下面”。</li><li>名词+「の」+名词表示所属或位置关系，如「机の下」—“桌子的下方”。</li></ol>,[sound:jlpt_vocabulary_in_sentence_下.mp3]
七,七，7,私は七つのりんごを買いました。,我买了七个苹果。,<ruby>私<rt>わたし</rt></ruby>は<ruby>七つ<rt>ななつ</rt></ruby>のりんごを<ruby>買いました<rt>かいました</rt></ruby>。,<ol><li>数词用法：「七つ」表示数量“七个”，用于计算小物品。例如：<ruby>三つ<rt>みっつ</rt></ruby>苹果。</li><li>表示过去：动词<ruby>买いました<rt>かいました</rt></ruby>为“买了”，常和数量搭配。</li></ol>,[sound:jlpt_vocabulary_in_sentence_七.mp3]
質問,提问,先生に質問をしました。,我向老师提了问题。,<ruby>先生<rt>せんせい</rt></ruby>に<ruby>質問<rt>しつもん</rt></ruby>を<ruby>しました<rt>しました</rt></ruby>。,<ol><li><ruby>に</ruby><rt>に</rt> 用于表示动作的对象，例：先生に聞く。</li><li><ruby>を</ruby><rt>を</rt> 用于标记动作的宾语，例：質問をする。</li></ol>,[sound:jlpt_vocabulary_in_sentence_質問.mp3]
自転車,自行车,毎朝自転車で駅まで行きます。,我每天早上骑自行车去车站。,<ruby>毎朝<rt>まいあさ</rt></ruby><ruby>自転車<rt>じてんしゃ</rt></ruby>で<ruby>駅<rt>えき</rt></ruby>まで<ruby>行きます<rt>いきます</rt></ruby>。,<ol><li>助词「で」表示动作的手段或方式，如：<ruby>自転車<rt>じてんしゃ</rt></ruby>で行く。</li><li>「まで」用于表示动作的终点或范围，如：駅まで歩く。</li></ol>,[sound:jlpt_vocabulary_in_sentence_自転車.mp3]
自動車,汽车,新しい自動車を買いました。,我买了新汽车。,<ruby>新しい<rt>あたらしい</rt></ruby><ruby>自動車<rt>じどうしゃ</rt></ruby>を<ruby>買いました<rt>かいました</rt></ruby>。,<ol><li>助词「を」用来标记动作的对象，例如：本を読みます（读书）。</li><li>动词「買いました」是「買う」的过去式表示已经完成的动作。</li></ol>,[sound:jlpt_vocabulary_in_sentence_自動車.mp3]
死ぬ,死亡,魚が死ぬと水が臭くなる。,鱼死了之后，水会变臭。,<ruby>魚<rt>さかな</rt></ruby>が<ruby>死ぬ<rt>しぬ</rt></ruby>と<ruby>水<rt>みず</rt></ruby>が<ruby>臭く<rt>くさく</rt></ruby>なる。,<ol><li><ruby>死ぬ<rt>しぬ</rt></ruby>：五段动词，表示死亡、消亡。</li><li>动词普通形＋と：表示一发生前项后项必然发生，例如「雨が降ると寒くなる」。</li></ol>,[sound:jlpt_vocabulary_in_sentence_死ぬ.mp3]
字引,字典,新しい字引を買いました。,我买了新的字典。,<ruby>新しい<rt>あたらしい</rt></ruby><ruby>字引<rt>じびき</rt></ruby>を<ruby>買いました<rt>かいました</rt></ruby>。,<ol><li>动词ます形表示礼貌，如“買いました”。</li><li>助词「を」用于表示动作的对象，如“字引を買いました”。</li></ol>,[sound:jlpt_vocabulary_in_sentence_字引.mp3]
自分,自己,自分の考えを大切にします。,重视自己的想法。,<ruby>自分<rt>じぶん</rt></ruby>の<ruby>考え<rt>かんがえ</rt></ruby>を<ruby>大切<rt>たいせつ</rt></ruby>にします。,<ol><li><ruby>自分<rt>じぶん</rt></ruby>：指自己，用于表示说话者本人或自己一方。例如：自分の本。</li><li><ruby>〜を大切にする<rt>たいせつにする</rt></ruby>：表示重视、珍惜某物。例如：友達を大切にする。</li></ol>,[sound:jlpt_vocabulary_in_sentence_自分.mp3]
閉まる,关闭,ドアが閉まる音が聞こえた。,听到了门关闭的声音。,ドアが<ruby>閉まる<rt>しまる</rt></ruby><ruby>音<rt>おと</rt></ruby>が<ruby>聞こえた<rt>きこえた</rt></ruby>。,<ol><li><ruby>閉まる<rt>しまる</rt></ruby>是自动词，表示物体自动关闭或被关闭，比如“门关上”。</li><li>が表主语，“ドアが閉まる”表示是门自己在关闭。</li></ol>,[sound:jlpt_vocabulary_in_sentence_閉まる.mp3]
閉める,关上,窓を閉めるのを忘れました。,我忘记关窗户了。,<ruby>窓<rt>まど</rt></ruby>を<ruby>閉める<rt>しめる</rt></ruby>のを<ruby>忘れました<rt>わすれました</rt></ruby>。,<ol><li>动词「<ruby>閉</ruby><rt>し</rt>める」表示把门窗等关上，常与「を」表示宾语。例：ドアを閉める。</li><li>「〜のを忘れました」表达“忘记做某事”。例：宿題をするのを忘れました。</li></ol>,[sound:jlpt_vocabulary_in_sentence_閉める.mp3]
締める,系紧,靴ひもをしっかり締める。,把鞋带系紧。,<ruby>靴ひも<rt>くつひも</rt></ruby>をしっかり<ruby>締める<rt>しめる</rt></ruby>。,<ol><li>动词「締める」指系紧、勒紧或关闭，例如：<ruby>ベルト<rt>べると</rt></ruby>を締める（系皮带）。</li><li>「を」表示动作的对象，前接名词，后接他动词。</li></ol>,[sound:jlpt_vocabulary_in_sentence_締める.mp3]
じゃ; じゃあ,那么,じゃ、また明日会いましょう。,那么，明天再见吧。,じゃ、また<ruby>明日<rt>あした</rt></ruby><ruby>会いましょう<rt>あいましょう</rt></ruby>。,<ol><li><ruby>じゃ</ruby>・<ruby>じゃあ</ruby>：用作对话转折或结束，引出下一个话题。示例：じゃ、始めましょう。</li><li>动词<ruby>ましょう</ruby>表示一起做某事的提议。示例：行きましょう。</li></ol>,[sound:jlpt_vocabulary_in_sentence_じゃ; じゃあ.mp3]
写真,照片,机の上に写真があります。,桌子上有照片。,<ruby>机<rt>つくえ</rt></ruby>の<ruby>上<rt>うえ</rt></ruby>に<ruby>写真<rt>しゃしん</rt></ruby>があります。,<ol><li><ruby>名詞</ruby><rt>めいし</rt>+「の」说明修饰关系，如「写真の本」表示关于照片的书。</li><li>存在表达「〜にあります」表示某物在某处，如「机の上に写真があります」。</li></ol>,[sound:jlpt_vocabulary_in_sentence_写真.mp3]
シャツ,衬衫,新しいシャツを買いました。,买了新衬衫。,<ruby>新しい<rt>あたらしい</rt></ruby>シャツを<ruby>買いました<rt>かいました</rt></ruby>。,<ol><li><ruby>〜を</ruby><rt>を</rt> 表示宾语，如“シャツを買う”（买衬衫）。</li><li><ruby>ました</ruby><rt>ました</rt> 表示动词过去时敬语，例如“買いました”（买了）。</li></ol>,[sound:jlpt_vocabulary_in_sentence_シャツ.mp3]
シャワー,淋浴,朝にシャワーを浴びます。,早上洗淋浴。,<ruby>朝<rt>あさ</rt></ruby>にシャワーを<ruby>浴びます<rt>あびます</rt></ruby>。,<ol><li>「<ruby>〜を</ruby>」用于动作的对象，如「<ruby>シャワーを</ruby>浴びます」表示洗淋浴。</li><li>动词「<ruby>浴びます</ruby>」常用于“洗浴”、“淋”类动作。</li></ol>,[sound:jlpt_vocabulary_in_sentence_シャワー.mp3]
十,十,りんごが十個あります。,有十个苹果。,<ruby>りんご<rt>りんご</rt></ruby>が<ruby>十個<rt>じゅっこ</rt></ruby><ruby>あり<rt>あり</rt></ruby><ruby>ます<rt>ます</rt></ruby>。,<ol><li>数量词“十（じゅう）”接在量词前，表示“十个”。如：<ruby>十本<rt>じっぽん</rt></ruby>（十根）。</li><li>“あります”用于表示物品的存在。例：<ruby>本<rt>ほん</rt></ruby>があります。</li></ol>,[sound:jlpt_vocabulary_in_sentence_十.mp3]
～中,正在进行,会議中なので静かにしてください。,正在开会，请保持安静。,<ruby>会議<rt>かいぎ</rt></ruby><ruby>中<rt>ちゅう</rt></ruby>なので<ruby>静かに<rt>しずかに</rt></ruby><ruby>してください<rt>してください</rt></ruby>。,<ol><li>「～中」表示动作正在进行中，例如：<ruby>勉強<rt>べんきょう</rt></ruby>中。</li><li>后接名词，表达“在……之中”。</li></ol>,[sound:jlpt_vocabulary_in_sentence_～中.mp3]
～週間,…周,私は二週間日本にいました。,我在日本待了两周。,<ruby>私<rt>わたし</rt></ruby>は<ruby>二週間<rt>にしゅうかん</rt></ruby><ruby>日本<rt>にほん</rt></ruby>に<ruby>いました<rt>いました</rt></ruby>。,<ol><li><ruby>～週間<rt>しゅうかん</rt></ruby>表示时间段，意为“……周”。例：三週間（さんしゅうかん）。</li><li>用助词「に」表示动作发生的地点。例：家にいます。</li></ol>,[sound:jlpt_vocabulary_in_sentence_～週間.mp3]
授業,上课,今日 は 授業 が あります。,今天有上课。,<ruby>今日<rt>きょう</rt></ruby>は<ruby>授業<rt>じゅぎょう</rt></ruby>が<ruby>あります<rt>あります</rt></ruby>。,<ol><li>「授業がある」表示有课程或要上课。例：明日授業がある。</li><li>助词「が」用于表示主语。例：犬が好きだ。</li></ol>,[sound:jlpt_vocabulary_in_sentence_授業.mp3]
宿題,作业,毎日 宿題 を 出します。,每天布置作业。,<ruby>毎日<rt>まいにち</rt></ruby> <ruby>宿題<rt>しゅくだい</rt></ruby> <ruby>を<rt>を</rt></ruby> <ruby>出します<rt>だします</rt></ruby>。,<ol><li>助词「を」标明动作的直接对象，如“宿題を出します”（布置作业）。</li><li>动词ます形用于正式表达，如「出します」表示“提出”或“交”。</li></ol>,[sound:jlpt_vocabulary_in_sentence_宿題.mp3]
上手,擅长,彼はサッカーが上手です。,他很擅长足球。,<ruby>彼<rt>かれ</rt></ruby>はサッカーが<ruby>上手<rt>じょうず</rt></ruby>です。,<ol><li><ruby>上手<rt>じょうず</rt></ruby>：形容词，表达“擅长”。例：料理が上手。</li><li>名词+が+上手：表示擅长某事。例：ピアノが上手。</li></ol>,[sound:jlpt_vocabulary_in_sentence_上手.mp3]
丈夫,丈夫,私の丈夫は医者です。,我的丈夫是医生。,<ruby>私<rt>わたし</rt></ruby>の<ruby>丈夫<rt>おっと</rt></ruby>は<ruby>医者<rt>いしゃ</rt></ruby>です。,<ol><li><ruby>～は</ruby><rt>わ</rt>……<ruby>です</ruby><rt></rt>：基础判断句式，如“名词は名词です”。</li><li><ruby>の</ruby><rt></rt>表示所属关系，如“私の夫”=我的丈夫。</li></ol>,[sound:jlpt_vocabulary_in_sentence_丈夫.mp3]
醤油,酱油,私は醤油を料理によく使います。,我做饭时经常用酱油。,<ruby>私は<rt>わたしは</rt></ruby><ruby>醤油<rt>しょうゆ</rt></ruby><ruby>を<rt>を</rt></ruby><ruby>料理に<rt>りょうりに</rt></ruby><ruby>よく<rt>よく</rt></ruby><ruby>使います<rt>つかいます</rt></ruby>。,<ol><li>助词<ruby>を<rt>を</rt></ruby>用于表示动作的对象，如「ご飯を食べる」。</li><li>副词<ruby>よく<rt>よく</rt></ruby>表示“经常”，如「よく行きます」。</li></ol>,[sound:jlpt_vocabulary_in_sentence_醤油.mp3]
食堂,食堂,大学の食堂は広いです。,大学的食堂很宽敞。,<ruby>大学<rt>だいがく</rt></ruby>の<ruby>食堂<rt>しょくどう</rt></ruby>は<ruby>広い<rt>ひろい</rt></ruby>です。,<ol><li>助词「の」表示所属，如「学校の先生」。</li><li>形容词「広い」的用法，修饰名词，如「広い部屋」。</li></ol>,[sound:jlpt_vocabulary_in_sentence_食堂.mp3]
知る,知道,私はその話を知っています。,我知道那件事。,<ruby>私<rt>わたし</rt></ruby>はその<ruby>話<rt>はなし</rt></ruby>を<ruby>知っています<rt>しっています</rt></ruby>。,<ol><li><ruby>知る<rt>しる</rt></ruby>表示“知道”，其ている形（知っています）表示持续状态。例：私は知っています。</li><li>助词<ruby>を<rt></rt></ruby>用于宾语。例：本を読みます。</li></ol>,[sound:jlpt_vocabulary_in_sentence_知る.mp3]
白,白色,彼のシャツは白です。,他的衬衫是白色。,<ruby>彼<rt>かれ</rt></ruby>のシャツは<ruby>白<rt>しろ</rt></ruby>です。,<ol><li>「AはBです」表示判断，“A是B”。例：犬は動物です。</li><li>颜色词如「白」可直接作表语，用于说明事物颜色。例：空は青です。</li></ol>,[sound:jlpt_vocabulary_in_sentence_白.mp3]
白い,白色的,白い雲が空に浮かんでいる。,白色的云漂浮在天空中。,<ruby>白い<rt>しろい</rt></ruby><ruby>雲<rt>くも</rt></ruby>が<ruby>空<rt>そら</rt></ruby>に<ruby>浮かんでいる<rt>うかんでいる</rt></ruby>。,<ol><li><ruby>い形容词<rt>いけいようし</rt></ruby>修饰名词时直接放在名词前：例：<ruby>白い花<rt>しろいはな</rt></ruby></li><li><ruby>〜が〜ている<rt>が ている</rt></ruby>表示某物正在进行某动作：例：雲が浮かんでいる。</li></ol>,[sound:jlpt_vocabulary_in_sentence_白い.mp3]
～人,某国人,私は中国人です。,我是中国人。,<ruby>私<rt>わたし</rt></ruby>は<ruby>中国人<rt>ちゅうごくじん</rt></ruby>です。,<ol><li>「～人」用来表示“某国人”。如：中国人（ちゅうごくじん）。</li><li>「～です」为礼貌句末。例：日本人です。</li></ol>,[sound:jlpt_vocabulary_in_sentence_～人.mp3]
新聞,新闻,毎朝新聞を読みます。,我每天早上读新闻。,<ruby>毎朝<rt>まいあさ</rt></ruby><ruby>新聞<rt>しんぶん</rt></ruby>を<ruby>読みます<rt>よみます</rt></ruby>。,<ol><li>助词<ruby>を<rt>を</rt></ruby>表示动作的对象。例：りんごを食べる。</li><li>动词<ruby>ます<rt>ます</rt></ruby>形表达现在或将来的礼貌动作。例：見ます。</li></ol>,[sound:jlpt_vocabulary_in_sentence_新聞.mp3]
水曜日,星期三,水曜日はテストがあります。,星期三有考试。,<ruby>水曜日<rt>すいようび</rt></ruby>はテストが<ruby>あります<rt>あります</rt></ruby>。,<ol><li><ruby>は</ruby><rt>は</rt>用作提示主语，如“水曜日は”，表示“至于星期三”。</li><li><ruby>あります</ruby><rt>あります</rt>表示存在，多用于无生命物体，如“テストがあります”。</li></ol>,[sound:jlpt_vocabulary_in_sentence_水曜日.mp3]
吸う,吸、吸入,朝は新鮮な空気を吸う。,早晨吸新鲜的空气。,<ruby>朝<rt>あさ</rt></ruby>は<ruby>新鮮な<rt>しんせんな</rt></ruby><ruby>空気<rt>くうき</rt></ruby>を<ruby>吸う<rt>すう</rt></ruby>。,<ol><li><ruby>を</ruby><rt>を</rt>标记动作直接对象，如“空気を吸う”。</li><li>动词<ruby>吸う</ruby><rt>すう</rt>表示吸入，如“たばこを吸う”。</li></ol>,[sound:jlpt_vocabulary_in_sentence_吸う.mp3]
スカート,裙子,新しいスカートを買いました。,我买了新裙子。,<ruby>新しい<rt>あたらしい</rt></ruby>スカートを<ruby>買いました<rt>かいました</rt></ruby>。,<ol><li>「<ruby>を<rt></rt></ruby>」用于直接宾语，如动词前的受事：スカートを着る。</li><li>动词过去式「<ruby>ました<rt></rt></ruby>」表示已经完成的动作：買いました＝买了。</li></ol>,[sound:jlpt_vocabulary_in_sentence_スカート.mp3]
好き,喜欢,私は音楽が好きです。,我喜欢音乐。,<ruby>私<rt>わたし</rt></ruby>は<ruby>音楽<rt>おんがく</rt></ruby>が<ruby>好き<rt>すき</rt></ruby>です。,<ol><li><ruby>好き</ruby><rt>すき</rt>用于表达“喜欢”的意思，接名词用が。例：<ruby>犬</ruby><rt>いぬ</rt>が好き。</li><li>肯定句常配合<ruby>です</ruby><rt></rt>表示礼貌。例：本が好きです。</li></ol>,[sound:jlpt_vocabulary_in_sentence_好き.mp3]
～すぎ,过于，太…,食べすぎると体に悪いです。,吃太多对身体不好。,<ruby>食べ<rt>たべ</rt></ruby><ruby>すぎる<rt>すぎる</rt></ruby>と<ruby>体<rt>からだ</rt></ruby>に<ruby>悪い<rt>わるい</rt></ruby><ruby>です<rt>です</rt></ruby>。,<ol><li><ruby>～すぎ</ruby>，接在动词、形容词后，表示“太……”。<br>例：<ruby>飲みすぎ</ruby>（喝太多）</li><li>用于表达超过适度，常带消极意义。</li></ol>,[sound:jlpt_vocabulary_in_sentence_～すぎ.mp3]
少ない,少的,少ないお金で生活しています。,我在用很少的钱生活。,<ruby>少ない<rt>すくない</rt></ruby><ruby>お金<rt>おかね</rt></ruby>で<ruby>生活しています<rt>せいかつしています</rt></ruby>。,<ol><li>「<ruby>少ない<rt>すくない</rt></ruby>」是形容词，修饰名词表示“数量少”。例：<ruby>少ない人<rt>すくないひと</rt></ruby>。</li><li>「で」表示手段、方式。例：バスで行きます。</li></ol>,[sound:jlpt_vocabulary_in_sentence_少ない.mp3]
すぐに,马上，立刻,仕事が終わったらすぐに帰ります。,工作结束后我马上回家。,<ruby>仕事<rt>しごと</rt></ruby>が<ruby>終わったら<rt>おわったら</rt></ruby>すぐに<ruby>帰ります<rt>かえります</rt></ruby>。,<ol><li><ruby>すぐに</ruby><rt></rt>用于表示动作发生得很快，紧接着某事之后。例：終わったらすぐに行く。</li><li>接在动词后表示立刻进行某动作。例：出かけるとき、すぐに電話する。</li></ol>,[sound:jlpt_vocabulary_in_sentence_すぐに.mp3]
少し,一点儿,少し休んでもいいですか。,可以稍微休息一下吗？,<ruby>少し<rt>すこし</rt></ruby><ruby>休んでも<rt>やすんでも</rt></ruby><ruby>いい<rt>いい</rt></ruby><ruby>です<rt>です</rt></ruby>か。,<ol><li><ruby>少し<rt>すこし</rt></ruby>：用作副词，表示“稍微”或“一点”。如：少し待ってください。</li><li>动词て形+もいいですか：表示请求许可，意为“可以……吗”。如：見てもいいですか。</li></ol>,[sound:jlpt_vocabulary_in_sentence_少し.mp3]
涼しい,凉快,夏なのに今日は涼しいですね。,虽然是夏天，今天很凉快呢。,<ruby>夏<rt>なつ</rt></ruby>なのに<ruby>今日は<rt>きょうは</rt></ruby><ruby>涼しい<rt>すずしい</rt></ruby>ですね。,<ol><li>「なのに」表示转折，相当于“虽然”。如：寒いのに外で遊ぶ。</li><li>形容词「涼しい」修饰天气，表示“凉快”。如：涼しい風。</li></ol>,[sound:jlpt_vocabulary_in_sentence_涼しい.mp3]
～ずつ,每、各,りんごを一個ずつ配ります。,苹果每人发一个。,<ruby>りんご<rt>りんご</rt></ruby>を<ruby>一個<rt>いっこ</rt></ruby><ruby>ずつ<rt>ずつ</rt></ruby><ruby>配ります<rt>くばります</rt></ruby>。,<ol><li><ruby>～ずつ<rt>ずつ</rt></ruby>表示“每……”“各……”：数量词＋ずつ。例如：三本ずつ＝每人三本。</li></ol>,[sound:jlpt_vocabulary_in_sentence_～ずつ.mp3]
ストーブ,火炉,冬になるとストーブを使います。,一到冬天就会用火炉。,<ruby>冬<rt>ふゆ</rt></ruby><ruby>になると<rt>になると</rt></ruby><ruby>ストーブ<rt>すとーぶ</rt></ruby>を<ruby>使います<rt>つかいます</rt></ruby>。,<ol><li>「〜になると」表示“到……的时候”，如：<ruby>春<rt>はる</rt></ruby>になると暖かくなる。</li><li>「を」是宾语助词，接在名词后，标明动作的对象。</li></ol>,[sound:jlpt_vocabulary_in_sentence_ストーブ.mp3]
スプーン,勺子,このスプーンはとても使いやすいです。,这个勺子非常好用。,この<ruby>スプーン<rt>すぷーん</rt></ruby>はとても<ruby>使いやすい<rt>つかいやすい</rt></ruby>です。,<ol><li><ruby>は</ruby><rt>は</rt>：主题助词，用于提示句子的主题，如“这把勺子”。</li><li><ruby>使いやすい</ruby><rt>つかいやすい</rt>：动词“使う”加“やすい”表示“容易~”，如「読みやすい」= 容易读。</li></ol>,[sound:jlpt_vocabulary_in_sentence_スプーン.mp3]
スポーツ,体育,毎朝スポーツをしています。,我每天早上做体育运动。,<ruby>毎朝<rt>まいあさ</rt></ruby><ruby>スポーツ<rt>すぽーつ</rt></ruby>を<ruby>しています<rt>しています</rt></ruby>。,<ol><li><ruby>名詞</ruby>+を+<ruby>しています</ruby>：表示正在进行某项活动。例如：<ruby>勉強</ruby>をしています。</li><li><ruby>毎朝</ruby>：表示每个早晨的时间副词，常放在句首。例如：毎朝散歩します。</li></ol>,[sound:jlpt_vocabulary_in_sentence_スポーツ.mp3]
ズボン,裤子,新しいズボンを買いました。,我买了新裤子。,<ruby>新しい<rt>あたらしい</rt></ruby><ruby>ズボン<rt>ずぼん</rt></ruby><ruby>を<rt>を</rt></ruby><ruby>買いました<rt>かいました</rt></ruby>。,<ol><li><ruby>を</ruby><rt>を</rt>：表示动作的对象，后接动词。例如：ご飯を食べる。</li><li>动词<ruby>ました</ruby><rt>ました</rt>：表示过去的礼貌语气。例如：行きました（去了）。</li></ol>,[sound:jlpt_vocabulary_in_sentence_ズボン.mp3]
住む,居住,私は東京に住んでいます。,我住在东京。,<ruby>私<rt>わたし</rt></ruby>は<ruby>東京<rt>とうきょう</rt></ruby>に<ruby>住んでいます<rt>すんでいます</rt></ruby>。,<ol><li><ruby>住む<rt>すむ</rt></ruby>用于表示居住某地。例：大阪に住む。</li><li>动词て形＋います表示动作的持续。例：勉強しています。</li></ol>,[sound:jlpt_vocabulary_in_sentence_住む.mp3]
する,做，干,毎日運動をすることが大切です。,每天进行锻炼很重要。,<ruby>毎日<rt>まいにち</rt></ruby><ruby>運動<rt>うんどう</rt></ruby>を<ruby>する<rt>する</rt></ruby><ruby>こと<rt>こと</rt></ruby>が<ruby>大切<rt>たいせつ</rt></ruby><ruby>です<rt>です</rt></ruby>。,<ol><li><ruby>する<rt>する</rt></ruby>是动词，表示“做、进行”。例：宿題をする。</li><li>「〜ことが大切」结构，表达“做某事很重要”。例：復習することが大切。</li></ol>,[sound:jlpt_vocabulary_in_sentence_する.mp3]
座る,坐下,私は椅子に座る。,我坐在椅子上。,<ruby>私<rt>わたし</rt></ruby>は<ruby>椅子<rt>いす</rt></ruby>に<ruby>座る<rt>すわる</rt></ruby>。,<ol><li>助词<ruby>に<rt>に</rt></ruby>表示动作的目标地点，例如“椅子に座る”。</li><li><ruby>座る<rt>すわる</rt></ruby>为五段动词，表示“坐”，常用于表示动作。</li></ol>,[sound:jlpt_vocabulary_in_sentence_座る.mp3]
背,背部,彼の背が高いですね。,他的背很高啊。,<ruby>彼<rt>かれ</rt></ruby>の<ruby>背<rt>せ</rt></ruby>が<ruby>高い<rt>たかい</rt></ruby><ruby>ですね<rt>ですね</rt></ruby>。,<ol><li><ruby>が</ruby><rt>が</rt>：表示主语，常和形容词一同使用。例：背が高い。</li><li>ですね：用于确认或表达感叹。例：いい天気ですね。</li></ol>,[sound:jlpt_vocabulary_in_sentence_背.mp3]
生徒,学生,生徒が図書館で本を読んでいます。,学生正在图书馆看书。,<ruby>生徒<rt>せいと</rt></ruby>が<ruby>図書館<rt>としょかん</rt></ruby>で<ruby>本<rt>ほん</rt></ruby>を<ruby>読んで<rt>よんで</rt></ruby><ruby>います<rt>います</rt></ruby>。,<ol><li>“が”表示主语，例：<ruby>生徒<rt>せいと</rt></ruby>が来ました。</li><li>“〜ている”表示动作正在进行，例：本を読んでいます。</li></ol>,[sound:jlpt_vocabulary_in_sentence_生徒.mp3]
セーター,毛衣,新しいセーターを買いました。,我买了新的毛衣。,<ruby>新しい<rt>あたらしい</rt></ruby>セーターを<ruby>買いました<rt>かいました</rt></ruby>。,<ol><li><ruby>を<rt>を</rt></ruby>是宾语助词，表示动作的对象。例如：本を読む。</li><li>ました是动词的过去敬体，用于表达礼貌的过去动作。例如：食べました。</li></ol>,[sound:jlpt_vocabulary_in_sentence_セーター.mp3]
石鹸,肥皂,石鹸で手を洗いました。,我用肥皂洗了手。,<ruby>石鹸<rt>せっけん</rt></ruby>で<ruby>手<rt>て</rt></ruby>を<ruby>洗いました<rt>あらいました</rt></ruby>。,<ol><li><ruby>で</ruby><rt>で</rt>：表示动作的手段，如“石鹸で洗う”。</li><li><ruby>ました</ruby><rt>ました</rt>：动词敬体过去式结尾，如“洗いました”。</li></ol>,[sound:jlpt_vocabulary_in_sentence_石鹸.mp3]
背広,西装,父は背広を着て会社へ行きます。,父亲穿着西装去公司。,<ruby>父<rt>ちち</rt></ruby>は<ruby>背広<rt>せびろ</rt></ruby>を<ruby>着て<rt>きて</rt></ruby><ruby>会社<rt>かいしゃ</rt></ruby><ruby>へ<rt>え</rt></ruby><ruby>行きます<rt>いきます</rt></ruby>。,<ol><li>助词「を」标记宾语：如「背広を着る」（穿西装）。</li><li>动词「て形」连接后续动作：「着て」＋「行きます」表示穿着去。</li></ol>,[sound:jlpt_vocabulary_in_sentence_背広.mp3]
狭い,狭窄,この道はとても狭いです。,这条路非常窄。,この<ruby>道<rt>みち</rt></ruby>はとても<ruby>狭い<rt>せまい</rt></ruby>です。,<ol><li>形容词「狭い」表示空间小或窄。如：<ruby>狭い<rt>せまい</rt></ruby> 部屋。</li><li>句末用「です」表达礼貌语气，如：広いです。</li></ol>,[sound:jlpt_vocabulary_in_sentence_狭い.mp3]
ゼロ,零,ゼロから始める気持ちです。,我有从零开始的心态。,ゼロから<ruby>始める<rt>はじめる</rt></ruby><ruby>気持ち<rt>きもち</rt></ruby>です。,<ol><li><ruby>から</ruby><rt></rt>表示起点，用于「从～」的意思。例如：学校から帰る。</li><li><ruby>です</ruby><rt></rt>是敬体结尾，表示礼貌叙述。例如：これはペンです。</li></ol>,[sound:jlpt_vocabulary_in_sentence_ゼロ.mp3]
千,一千,この箱には千円が入っています。,这个盒子里有一千日元。,<ruby>この<rt>この</rt></ruby><ruby>箱<rt>はこ</rt></ruby><ruby>には<rt>には</rt></ruby><ruby>千円<rt>せんえん</rt></ruby><ruby>が<rt>が</rt></ruby><ruby>入っています<rt>はいっています</rt></ruby>。,<ol><li>助词「に」表示存在的场所，如：机に本があります。</li><li>动词「入っています」表示“已经进入、包含”，如：カバンにノートが入っています。</li></ol>,[sound:jlpt_vocabulary_in_sentence_千.mp3]
先月,上个月,先月は新しい仕事を始めました。,上个月我开始了新工作。,<ruby>先月<rt>せんげつ</rt></ruby>は<ruby>新しい<rt>あたらしい</rt></ruby><ruby>仕事<rt>しごと</rt></ruby>を<ruby>始めました<rt>はじめました</rt></ruby>。,<ol><li><ruby>は</ruby><rt>わ</rt>：提示主题助词，例：今日は雨です。</li><li><ruby>ました</ruby><rt></rt>：动词过去时礼貌表达，例：食べました。</li></ol>,[sound:jlpt_vocabulary_in_sentence_先月.mp3]
先週,上周,先週は友達と映画を見ました。,上周我和朋友一起看了电影。,<ruby>先週<rt>せんしゅう</rt></ruby>は<ruby>友達<rt>ともだち</rt></ruby>と<ruby>映画<rt>えいが</rt></ruby>を<ruby>見ました<rt>みました</rt></ruby>。,<ol><li>助词「は」用作主题标志，例如：<ruby>私は<rt>わたしは</rt></ruby>学生です。</li><li>动词过去式「ました」表示已发生的动作，如：食べました。</li></ol>,[sound:jlpt_vocabulary_in_sentence_先週.mp3]
先生,老师,先生は毎日学校へ行きます。,老师每天去学校。,<ruby>先生<rt>せんせい</rt></ruby>は<ruby>毎日<rt>まいにち</rt></ruby><ruby>学校<rt>がっこう</rt></ruby>へ<ruby>行きます<rt>いきます</rt></ruby>。,<ol><li>「は」表示主语，如：<ruby>彼<rt>かれ</rt></ruby>は学生です。</li><li>动词「行きます」表示去，例：スーパーへ行きます。</li></ol>,[sound:jlpt_vocabulary_in_sentence_先生.mp3]
洗濯,洗衣,私は毎日洗濯をします。,我每天洗衣服。,<ruby>私<rt>わたし</rt></ruby>は<ruby>毎日<rt>まいにち</rt></ruby><ruby>洗濯<rt>せんたく</rt></ruby>をします。,<ol><li>「毎日」表示每天，例如：毎日勉強します。</li><li>动词ます形表示礼貌现在时，例如：洗濯をします（洗衣）。</li></ol>,[sound:jlpt_vocabulary_in_sentence_洗濯.mp3]
全部,全部,荷物は全部持ちました。,行李全部拿好了。,<ruby>荷物<rt>にもつ</rt></ruby>は<ruby>全部<rt>ぜんぶ</rt></ruby><ruby>持ちました<rt>もちました</rt></ruby>。,<ol><li><ruby>全部<rt>ぜんぶ</rt></ruby>表示“全部”，常作副词修饰动词。例如：<ruby>全部<rt>ぜんぶ</rt></ruby>食べました。</li><li>助词「は」用于提示主题。例：ご飯は食べました。</li></ol>,[sound:jlpt_vocabulary_in_sentence_全部.mp3]
そう; そうです,是的,はい、そうです。,是的，就是这样。,はい、そうです。,<ol><li><ruby>そう</ruby> 表示认同或肯定对方说法，常与 <ruby>です</ruby> 一起使用：そうです。</li><li><ruby>です</ruby> 是敬体断句词，用于陈述：学生です。</li></ol>,[sound:jlpt_vocabulary_in_sentence_そう; そうです.mp3]
掃除,打扫,毎朝自分の部屋を掃除します。,我每天早上打扫自己的房间。,<ruby>毎朝<rt>まいあさ</rt></ruby><ruby>自分<rt>じぶん</rt></ruby>の<ruby>部屋<rt>へや</rt></ruby>を<ruby>掃除<rt>そうじ</rt></ruby>します。,<ol><li><ruby>を</ruby><rt>を</rt>表示动词的宾语，比如「掃除をする」（做打扫）。</li><li>日语中「します」是「する」（做）的礼貌形，用于表达动作的进行。</li></ol>,[sound:jlpt_vocabulary_in_sentence_掃除.mp3]
そうして; そして,于是，然后,雨が降ってきました。そして、みんなは帰りました。,下起雨来了，然后大家都回家了。,<ruby>雨<rt>あめ</rt></ruby>が<ruby>降ってきました<rt>ふってきました</rt></ruby>。そして、みんなは<ruby>帰りました<rt>かえりました</rt></ruby>。,<ol><li><ruby>そして</ruby> 用于连接句子，表示前后顺序，类似“然后”。如：雨が降った。そして帰った。</li><li>可用于承接描述，推动故事进展。</li></ol>,[sound:jlpt_vocabulary_in_sentence_そうして; そして.mp3]
そこ,那里,そこに座ってください。,请坐在那里。,<ruby>そこ<rt>そこ</rt></ruby><ruby>に<rt>に</rt></ruby><ruby>座って<rt>すわって</rt></ruby><ruby>ください<rt>ください</rt></ruby>。,<ol><li><ruby>そこ<rt>そこ</rt></ruby>是表示离说话人远离听者近的地方指示词。例如：そこに本があります。</li><li>动词ます形+ください表示请对方做某事。例如：書いてください。</li></ol>,[sound:jlpt_vocabulary_in_sentence_そこ.mp3]
そちら,那边,そちらは静かな場所ですね。,那边是安静的地方呢。,<ruby>そちら<rt>そちら</rt></ruby>は<ruby>静か<rt>しずか</rt></ruby>な<ruby>場所<rt>ばしょ</rt></ruby><ruby>です<rt>です</rt></ruby>ね。,<ol><li><ruby>そちら<rt>そちら</rt></ruby>：表示靠对方方向的地方，类似中文“那边”。<br>例：そちらへ行きます。</li><li>形容动词+な+名词：表达名词的状态或性质。<br>例：静かな町。</li></ol>,[sound:jlpt_vocabulary_in_sentence_そちら.mp3]
そっち,那边,そっちに本がありますか。,那边有书吗？,<ruby>そっち<rt>そっち</rt></ruby>に<ruby>本<rt>ほん</rt></ruby>が<ruby>あります<rt>あります</rt></ruby>か。,<ol><li>「そっち」表示距离说话人较远、听话人较近的方向或事物。例如：そっちへ行く。</li><li>「〜にあります」表示某物存在于某处。例如：机の上にあります。</li></ol>,[sound:jlpt_vocabulary_in_sentence_そっち.mp3]
外,外面,家の外で遊びます。,在家外面玩。,<ruby>家<rt>いえ</rt></ruby>の<ruby>外<rt>そと</rt></ruby>で<ruby>遊びます<rt>あそびます</rt></ruby>。,<ol><li><ruby>で</ruby><rt>で</rt>：表示场所，意为“在……（地方）”。如：<ruby>公園で</ruby><rt>こうえんで</rt> 遊ぶ。</li><li><ruby>の</ruby><rt>の</rt>：连接名词，表示所属或限定。如：<ruby>家の外</ruby><rt>いえのそと</rt> 家的外面。</li></ol>,[sound:jlpt_vocabulary_in_sentence_外.mp3]
その,那个,その本はとても面白いです。,那本书非常有趣。,<ruby>その<rt>その</rt></ruby><ruby>本<rt>ほん</rt></ruby>は<ruby>とても<rt>とても</rt></ruby><ruby>面白い<rt>おもしろい</rt></ruby><ruby>です<rt>です</rt></ruby>。,<ol><li><ruby>その<rt>その</rt></ruby>用作连体词，修饰其后的名词，表示距离说话人远、对方近的东西，例如：その人。</li><li>句末「です」表达礼貌语气，如：これは本です。</li></ol>,[sound:jlpt_vocabulary_in_sentence_その.mp3]
そば,旁边,私のそばにいてください。,请待在我身边。,<ruby>私<rt>わたし</rt></ruby>の<ruby>そば<rt>そば</rt></ruby>に<ruby>いて<rt>いて</rt></ruby><ruby>ください<rt>ください</rt></ruby>。,<ol><li><ruby>そば<rt>そば</rt></ruby>表示位置靠近，意思为“旁边”。如：机のそば。</li><li>动词て形+ください表示拜托对方做某事。例：持ってください。</li></ol>,[sound:jlpt_vocabulary_in_sentence_そば.mp3]
空,天空,空が青くてきれいです。,天空很蓝，很美。,<ruby>空<rt>そら</rt></ruby>が<ruby>青くて<rt>あおくて</rt></ruby>きれいです。,<ol><li><ruby>が</ruby><rt>が</rt>：主语助词，用于表示主语。例如：犬がいます。</li><li>形容词て形：连接多个性质或状态。例如：明るくて広い部屋。</li></ol>,[sound:jlpt_vocabulary_in_sentence_空.mp3]
それ,那个,それは私の本です。,那是我的书。,<ruby>それ<rt>それ</rt></ruby>は<ruby>私<rt>わたし</rt></ruby>の<ruby>本<rt>ほん</rt></ruby>です。,<ol><li><ruby>それ</ruby>用作指示代词，表示离听话人较近的事物。例如：<ruby>それ</ruby>は机です。</li><li>句末用<ruby>です</ruby>表达礼貌断定。例如：これはペンです。</li></ol>,[sound:jlpt_vocabulary_in_sentence_それ.mp3]
それから,之后，然后,朝ご飯を食べました。それから学校へ行きます。,吃过早饭。然后去学校。,<ruby>朝ご飯<rt>あさごはん</rt></ruby>を<ruby>食べました<rt>たべました</rt></ruby>。それから<ruby>学校<rt>がっこう</rt></ruby><ruby>へ<rt>え</rt></ruby><ruby>行きます<rt>いきます</rt></ruby>。,<ol><li><ruby>それから</ruby> 表示前后两件事的顺序，相当于“之后”。<br>例：本を読みました。それから寝ます。</li><li>用于口语和书面语，常用于列举行动。</li></ol>,[sound:jlpt_vocabulary_in_sentence_それから.mp3]
それでは,那么,それでは 次の問題に進みます。,那么，接下来进入下一个问题。,<ruby>それでは<rt>それでは</rt></ruby><ruby>次<rt>つぎ</rt></ruby>の<ruby>問題<rt>もんだい</rt></ruby>に<ruby>進みます<rt>すすみます</rt></ruby>。,<ol><li><ruby>それでは<rt>それでは</rt></ruby>：用于承上启下，表示“那么”，常见于转换话题或总结时。例如：それでは、始めましょう。</li><li>动词ます形+ましょう：表示提议或邀请。例如：行きましょう。</li></ol>,[sound:jlpt_vocabulary_in_sentence_それでは.mp3]
～台,……台（机器量词）,車が三台あります。,有三辆车。,<ruby>車<rt>くるま</rt></ruby>が<ruby>三台<rt>さんだい</rt></ruby><ruby>あります<rt>あります</rt></ruby>。,<ol><li>「～台」是用于数机器、车辆等机械类物品的量词，例如「自転車　二台」。</li><li>数量词+台+动词，表示拥有或存在某物，如「パソコンが二台あります」。</li></ol>,[sound:jlpt_vocabulary_in_sentence_～台.mp3]
大学,大学,私は大学で経済を学びます。,我在大学学习经济。,<ruby>私<rt>わたし</rt></ruby>は<ruby>大学<rt>だいがく</rt></ruby>で<ruby>経済<rt>けいざい</rt></ruby>を<ruby>学びます<rt>まなびます</rt></ruby>。,<ol><li>「私（わたし）」：第一人称，表示“我”。</li><li>「大学（だいがく）」：名词，意为“大学”。</li><li>「で」：助词，表示动作发生的场所。</li><li>「経済（けいざい）」：名词，意为“经济”。</li><li>「を」：助词，表示动作的对象。</li><li>「学びます（まなびます）」：动词“学ぶ”的敬体形式，意为“学习”。</li><li>句型解释：主体「は」+ 场所「で」+ 具体学习对象「を」+ 动作动词「学びます」为常见句型，表示在某地学习某事。</li></ol>,[sound:jlpt_vocabulary_in_sentence_大学.mp3]
大使館,大使馆,私は大使館で働いています。,我在大使馆工作。,<ruby>私<rt>わたし</rt></ruby>は<ruby>大使館<rt>たいしかん</rt></ruby>で<ruby>働いて<rt>はたらいて</rt></ruby><ruby>います<rt>います</rt></ruby>。,<ol><li>私（わたし）：我，第一人称代词。</li><li>は：助词，提示主题。</li><li>大使館（たいしかん）：大使馆。</li><li>で：助词，表示动作发生的场所，译为“在……”。</li><li>働いています：动词“働く（はたらく）”的て形加「います」，表示正在进行或持续的动作。</li><li>本句用「……で働いています」表达“在……工作”。其中「で」指场所，「働いています」表持续动作。</li></ol>,[sound:jlpt_vocabulary_in_sentence_大使館.mp3]
大丈夫,没关系,転んでも大丈夫です。,就算摔倒了也没关系。,<ruby>転んでも<rt>ころんでも</rt></ruby><ruby>大丈夫<rt>だいじょうぶ</rt></ruby><ruby>です<rt>です</rt></ruby>。,<ol><li>転んでも：动词「転ぶ」（ころぶ，摔倒）加上「ても」表示“即使……也……”。</li><li>大丈夫（だいじょうぶ）：表示“没关系”、“不要紧”。</li><li>です：敬体句尾，表示礼貌。</li><li>语法知识：“ても”用于表示逆接条件，即“即使～也～”。</li><li>文化背景：在日本，表达安慰或鼓励时常用「大丈夫」来安抚对方。</li></ol>,[sound:jlpt_vocabulary_in_sentence_大丈夫.mp3]
大好き,非常喜欢,私は日本が大好きです。,我非常喜欢日本。,<ruby>私<rt>わたし</rt></ruby>は<ruby>日本<rt>にほん</rt></ruby>が<ruby>大好き<rt>だいすき</rt></ruby><ruby>です<rt>です</rt></ruby>。,<ol><li>「私(わたし)」是第一人称代词，表示“我”。在日常生活中，常用来表示说话人自己。</li><li>助词「は」表示主题，强调“私”是句子的主题。</li><li>「日本(にほん)」是名词，表示“日本”这个国家。</li><li>助词「が」用于标示主语，在这里表示喜欢的对象是“日本”。</li><li>「大好き(だいすき)」是形容动词，表示“非常喜欢、很爱”，由“大(だい，意为‘大’)”和“好き(すき，意为‘喜欢’)”组成，表达强烈喜欢的感情。</li><li>「です」是礼貌助动词，用于表达礼貌和肯定句尾。</li><li>整个句子结构简洁明了，用于表达自己强烈喜欢某物或某人，是日常口语和书面语中常见的表达方式。</li></ol>,[sound:jlpt_vocabulary_in_sentence_大好き.mp3]
大切,重要,家族は私にとって大切です。,家族对我来说很重要。,<ruby>家族<rt>かぞく</rt></ruby>は<ruby>私<rt>わたし</rt></ruby><ruby>にとって<rt>にとって</rt></ruby><ruby>大切<rt>たいせつ</rt></ruby><ruby>です<rt>です</rt></ruby>。,<ol><li>「大切（たいせつ）」是形容词，意思是“重要”或“珍贵”，常用来表达对某人或某事的重视程度。</li><li>句中「にとって」表示“对……来说”，用于说明观点或评判的立场。例如：「私にとって」意为“对我来说”。</li><li>日语中「です」是礼貌的断定助动词，使句子显得礼貌和正式。</li><li>文化背景：在日本文化中，家族关系被非常重视，表达“家族は私にとって大切です”体现了家庭的重要性和对家人的尊重。</li></ol>,[sound:jlpt_vocabulary_in_sentence_大切.mp3]
台所,厨房,台所で料理を作ります。,我在厨房做饭。,<ruby>台所<rt>だいどころ</rt></ruby>で<ruby>料理<rt>りょうり</rt></ruby>を<ruby>作ります<rt>つくります</rt></ruby>。,<ol><li>台所（だいどころ）：表示厨房，是做饭的地方，是家庭中常用的名词。</li><li>助词で：表示动作的场所，这里指出动作“做饭”发生的地点是“台所”。</li><li>料理（りょうり）：意为料理、烹饪，表示做饭的对象。</li><li>作ります（つくります）：动词，表示制作、做，属于五段动词“作る”的敬体形式。</li><li>整句表示“在厨房做饭”，是常见的日常生活用语。</li></ol>,[sound:jlpt_vocabulary_in_sentence_台所.mp3]
大変,非常难,今日は仕事が大変でした。,今天工作很辛苦。,<ruby>今日<rt>きょう</rt></ruby>は<ruby>仕事<rt>しごと</rt></ruby>が<ruby>大変<rt>たいへん</rt></ruby><ruby>でした<rt>でした</rt></ruby>。,<ol><li>「大変（たいへん）」作形容动词使用，意为“非常”、“很辛苦”，在这里用来表示工作的难度和繁重程度。</li><li>句中「今日は（きょうは）」指“今天”，地点或时间的提示助词「は」起提示作用。</li><li>「仕事が（しごとが）」中的助词「が」标示主语，表示“工作”是句子的主语。</li><li>「でした」是「です」的过去式，表示过去的状态或经历。</li><li>整体句子结构为“时间 は + 主语 が + 谓语”，常见日语句型，表达过去的状态。</li></ol>,[sound:jlpt_vocabulary_in_sentence_大変.mp3]
高い,高的,このビルはとても高いです。,这栋大楼非常高。,<ruby>この<rt>この</rt></ruby><ruby>ビル<rt>びる</rt></ruby><ruby>は<rt>は</rt></ruby><ruby>とても<rt>とても</rt></ruby><ruby>高い<rt>たかい</rt></ruby><ruby>です<rt>です</rt></ruby>。,<ol><li>「高い（たかい）」是形容词，表示“高的”或“贵的”。在这里用来描述建筑物的高度。</li><li>「とても」是副词，用于加强程度，表示“非常”或“很”。</li><li>「です」是礼貌形的断定助动词，用于句尾使句子显得更礼貌。</li><li>句子结构是「主语+は+程度副词+形容词+です」，是日常生活中常用的表达方式。</li></ol>,[sound:jlpt_vocabulary_in_sentence_高い.mp3]
～だけ,仅，仅仅,これは私だけの秘密です。,这是只有我的秘密。,<ruby>これ<rt>これ</rt></ruby>は<ruby>私<rt>わたし</rt></ruby><ruby>だけ<rt>だけ</rt></ruby><ruby>の<rt>の</rt></ruby><ruby>秘密<rt>ひみつ</rt></ruby><ruby>です<rt>です</rt></ruby>。,<ol><li>「～だけ」表示限定范围，相当于中文“仅，仅仅”，用来强调只有某一限定对象。例如「私だけ」表示“只有我”。</li><li>在句中，「～だけ」通常加在表示人或事物的名词后，限定范围，不带其他愿望或推测的含义，强调唯一性。句子「これは私だけの秘密です。」意为“这是只有我的秘密”，说明秘密不为他人所知。</li></ol>,[sound:jlpt_vocabulary_in_sentence_～だけ.mp3]
沢山,很多,本を沢山読みました。,读了很多书。,<ruby>本<rt>ほん</rt></ruby>を<ruby>沢山<rt>たくさん</rt></ruby><ruby>読みました<rt>よみました</rt></ruby>。,<ol><li>沢山（たくさん）：表示数量多，常用作副词修饰动词，意思是“很多、大量”。</li><li>読みました（よみました）：是动词“読む（よむ）”的过去式敬体形式，表示动作已经完成，翻译为“读了”。</li></ol>,[sound:jlpt_vocabulary_in_sentence_沢山.mp3]
タクシー,出租车,駅前でタクシーを待ちました。,我在车站前等了出租车。,<ruby>駅前<rt>えきまえ</rt></ruby>で<ruby>タクシー<rt>たくしー</rt></ruby>を<ruby>待ちました<rt>まちました</rt></ruby>。,<ol><li>「駅前（えきまえ）」：表示车站前方的地点，这里使用助词「で」表示动作发生的地点。</li><li>「タクシー」：外来语，表示“出租车”。</li><li>助词「を」用于标记动作的直接对象，这里是「タクシー」。</li><li>动词「待ちました」是「待つ」的过去肯定形，表示等待的动作已经发生。</li><li>句子结构清晰，典型的地点で＋动作表达方式，表达“在某个地方做某事”。</li></ol>,[sound:jlpt_vocabulary_in_sentence_タクシー.mp3]
出す,拿出,彼は財布からお金を出す。,他从钱包里拿出钱。,<ruby>彼<rt>かれ</rt></ruby>は<ruby>財布<rt>さいふ</rt></ruby>から<ruby>お金<rt>おかね</rt></ruby>を<ruby>出す<rt>だす</rt></ruby>。,<ol><li>「出す」(だす) 是一个他动词，表示“拿出”、“提出”、“送出”等动作，强调使某物从内部移到外部的动作。</li><li>句中「財布からお金を出す」表示从某物(钱包)中拿出某物(金钱)的表达方式，「から」表示动作的起点或来源，「を」标示动作的对象。</li></ol>,[sound:jlpt_vocabulary_in_sentence_出す.mp3]
～たち,们（复数）,学生たちは図書館で勉強しています。,学生们在图书馆学习。,<ruby>学生たち<rt>がくせいたち</rt></ruby>は<ruby>図書館<rt>としょかん</rt></ruby>で<ruby>勉強し<rt>べんきょうし</rt></ruby>ています。,<ol><li>「～たち」是表示复数的接尾词，常接在人名或称呼的词后，表示“……们”。例如「学生たち」表示“学生们”。</li><li>句中「は」是主题助词，表示句子的主题；「で」表示动作发生的场所；「勉強しています」是「勉強する」（学习）的现在进行时，表示正在进行中的动作。</li></ol>,[sound:jlpt_vocabulary_in_sentence_～たち.mp3]
立つ,站立,駅のホームで立っています。,我站在车站月台上。,<ruby>駅<rt>えき</rt></ruby>の<ruby>ホーム<rt>ほーむ</rt></ruby>で<ruby>立って<rt>たって</rt></ruby><ruby>います<rt>います</rt></ruby>。,<ol><li>「立つ」（たつ）：动词，意思是“站立”或“起立”。在句中，「立っています」是「立つ」的て形加上持续形，表示动作正在进行。</li><li>助词「で」：表示动作发生的场所，本句中指的是“车站月台”的位置。</li><li>「～ています」：表示动作的持续状态，表明“正在站着”的状态。</li><li>文化背景：在日本，乘客上电车时常常礼貌地站在月台边等待，因此“在月台上站着”是日常生活中常见的场景描述。</li></ol>,[sound:jlpt_vocabulary_in_sentence_立つ.mp3]
たて,纵向，竖,窓をたてに開けてください。,请将窗户纵向打开。,<ruby>窓<rt>まど</rt></ruby>を<ruby>たてに<rt>たてに</rt></ruby><ruby>開けて<rt>あけて</rt></ruby><ruby>ください<rt>ください</rt></ruby>。,<ol><li>「たて」表示纵向、竖直方向。在句中加上助词「に」变成副词，表示动作的方式或方向。</li><li>「ください」是敬语请求用法，表示请求对方做某事，常用于客气地命令或请求别人做动作。</li></ol>,[sound:jlpt_vocabulary_in_sentence_たて.mp3]
建物,建筑物,この建物はとても古いです。,这栋建筑物非常古老。,<ruby>この<rt>この</rt></ruby><ruby>建物<rt>たてもの</rt></ruby>は<ruby>とても<rt>とても</rt></ruby><ruby>古い<rt>ふるい</rt></ruby><ruby>です<rt>です</rt></ruby>。,<ol><li>「建物（たてもの）」：名词，指建筑物、楼房等。</li><li>「この」：指示词，表示靠近说话人的“这”。</li><li>「は」：主题助词，标记句子的主题。</li><li>「とても」：副词，表示程度很高，相当于“非常”。</li><li>「古い（ふるい）」：形容词，表示“老、旧”。</li><li>「です」：礼貌语气助动词，表示断定。</li></ol>,[sound:jlpt_vocabulary_in_sentence_建物.mp3]
楽しい,快乐的,友達と楽しい時間を過ごしました。,和朋友度过了快乐的时光。,<ruby>友達<rt>ともだち</rt></ruby>と<ruby>楽しい<rt>たのしい</rt></ruby><ruby>時間<rt>じかん</rt></ruby>を<ruby>過ごしました<rt>すごしました</rt></ruby>。,<ol><li>「楽しい」是形容词，意思是“快乐的，愉快的”。用来描述让人感觉愉快的事物或时间。</li><li>句中「楽しい時間を過ごしました」的「過ごしました」是动词「過ごす」的过去敬体，表示“度过、经历”，这里表示已经度过了愉快的时间。</li><li>助词「と」表示共同的对象，这里是“和朋友一起”；助词「を」作为时间「時間」的宾语，使其成为动词的作用对象。</li></ol>,[sound:jlpt_vocabulary_in_sentence_楽しい.mp3]
頼む,请求,友達に手伝いを頼む。,请求朋友帮忙。,<ruby>友達<rt>ともだち</rt></ruby>に<ruby>手伝い<rt>てつだい</rt></ruby>を<ruby>頼む<rt>たのむ</rt></ruby>。,<ol><li>「頼む（たのむ）」是动词，意思是“请求”或“拜托”。用于请求别人帮忙或做某事。</li><li>句中使用了助词「に」表示动作的对象，即“向朋友请求”。助词「を」表示动作的对象。“手伝い”是“帮助、帮忙”的名词形式。</li></ol>,[sound:jlpt_vocabulary_in_sentence_頼む.mp3]
たばこ,烟草,たばこは体に悪いです。,烟草对身体有害。,<ruby>たばこ<rt>たばこ</rt></ruby>は<ruby>体<rt>からだ</rt></ruby>に<ruby>悪い<rt>わるい</rt></ruby><ruby>です<rt>です</rt></ruby>。,<ol><li>たばこ：指烟草或香烟，是一种常见的吸烟物品，含有尼古丁等成分。</li><li>は：话题标记助词，用于指示句子的主题，表示“关于～”。</li><li>体に悪い：形容词短语，“体（からだ）”意为身体，“悪い（わるい）”意为坏、不好，“～に悪い”表示对某物有害或不好。</li><li>です：礼貌句尾助动词，表示肯定，使句子更有礼貌。</li><li>文化背景说明：在日本，公共场所吸烟有较多限制，健康意识较强，提到たばこ时常伴随健康警示。</li></ol>,[sound:jlpt_vocabulary_in_sentence_たばこ.mp3]
多分,大概,多分明日雨が降るでしょう。,大概明天会下雨。,<ruby>多分<rt>たぶん</rt></ruby><ruby>明日<rt>あした</rt></ruby><ruby>雨<rt>あめ</rt></ruby>が<ruby>降る<rt>ふる</rt></ruby><ruby>でしょう<rt>でしょう</rt></ruby>。,<ol><li>多分（たぶん）：表示推测，意为“大概、可能”，常用于表达不确定的判断。</li><li>でしょう：表达推测或推量，常用于表示说话人的估计或判断，语气较委婉。例如“降るでしょう”表示“应该会下（雨）”。</li></ol>,[sound:jlpt_vocabulary_in_sentence_多分.mp3]
食べ物,食物,食べ物は新鮮なほうが美味しいです。,食物越新鲜越美味。,<ruby>食べ物<rt>たべもの</rt></ruby>は<ruby>新鮮<rt>しんせん</rt></ruby>な<ruby>ほう<rt>ほう</rt></ruby>が<ruby>美味しい<rt>おいしい</rt></ruby><ruby>です<rt>です</rt></ruby>。,<ol><li>食べ物（たべもの）：名词，意思是“食物”。由动词食べる和物组成。</li><li>は：主题助词，表示句子的主题。</li><li>新鮮（しんせん）な：形容动词，意思是“新鲜的”，后接な连接名词或后续句子。</li><li>ほう（方）：表示比较的方向，相当于“...方面”或者“...的那一边”，常用于比较句中。</li><li>が：主格助词，标记主语。</li><li>美味しい（おいしい）：形容词，意思是“好吃的、美味的”。</li><li>です：礼貌语，接在形容词后表示肯定。</li><li>句型“～なほうが～です”用于表达比较，意思是“...的那方面比较...”。</li></ol>,[sound:jlpt_vocabulary_in_sentence_食べ物.mp3]
食べる,吃,毎日ご飯を食べることは大切です。,每天吃饭是很重要的。,<ruby>毎日<rt>まいにち</rt></ruby><ruby>ご飯<rt>ごはん</rt></ruby>を<ruby>食べる<rt>たべる</rt></ruby><ruby>こと<rt>こと</rt></ruby><ruby>は<rt>は</rt></ruby><ruby>大切<rt>たいせつ</rt></ruby><ruby>です<rt>です</rt></ruby>。,<ol><li>「食べる」是动词，意为“吃”，属于第一类动词（五段动词），表示进食的动作。</li><li>句中「こと」将动词变成名词性形式，表示“吃饭这件事”。「は」是主题助词，标示主题。整个句子表示“每天吃饭是重要的事情”。</li></ol>,[sound:jlpt_vocabulary_in_sentence_食べる.mp3]
卵,鸡蛋,朝ご飯に卵を食べました。,早餐吃了鸡蛋。,<ruby>朝ご飯<rt>あさごはん</rt></ruby>に<ruby>卵<rt>たまご</rt></ruby>を<ruby>食べました<rt>たべました</rt></ruby>。,<ol><li>「卵（たまご）」：名词，意思是“鸡蛋”。在日常生活中非常常见的食材。</li><li>「朝ご飯に」：表示动作发生的时间，助词「に」用于标明时间点或目的地。</li><li>「食べました」：动词「食べる」的过去敬体形式，表示已经吃过了。</li></ol>,[sound:jlpt_vocabulary_in_sentence_卵.mp3]
誰,谁,それは誰の本ですか。,那是谁的书？,<ruby>それ<rt>それ</rt></ruby>は<ruby>誰<rt>だれ</rt></ruby>の<ruby>本<rt>ほん</rt></ruby><ruby>です<rt>です</rt></ruby>か,<ol><li>それは：指示代词，表示距离说话者较近的事物或情况，相当于中文“那”或“那个”。</li><li>誰（だれ）：疑问代词，表示“谁”，用于询问人。</li><li>の：表示所属关系的格助词，连接名词，意为“的”。</li><li>本（ほん）：名词，表示书。</li><li>ですか：です是礼貌形式的断定助动词，か是疑问助词，合起来表示礼貌的疑问句。</li><li>整句句型是”それは誰の本ですか“，用于询问某物的所有者，这种表达在日常生活中非常常见。</li></ol>,[sound:jlpt_vocabulary_in_sentence_誰.mp3]
誰か,某人,誰か助けてください。,请某人帮忙。,<ruby>誰か<rt>だれか</rt></ruby><ruby>助けて<rt>たすけて</rt></ruby><ruby>ください<rt>ください</rt></ruby>。,<ol><li>「誰か（だれか）」表示不特定的人，相当于中文的“某人”或“谁か”。它常用于想表达不确定或者不特别指定某个人的情况。</li><li>句子中的动词「助けてください」是「助ける」的て形加上请求表达「ください」，用来请求对方帮助，整体意思是“请（某人）帮忙”。这里「誰か」作为请求对象，表示希望有某个人来帮忙。</li></ol>,[sound:jlpt_vocabulary_in_sentence_誰か.mp3]
誕生日,生日,今日は私の誕生日です。,今天是我的生日。,<ruby>今日は<rt>きょうは</rt></ruby><ruby>私の<rt>わたしの</rt></ruby><ruby>誕生日<rt>たんじょうび</rt></ruby><ruby>です<rt>です</rt></ruby>。,<ol><li>「誕生日（たんじょうび）」的意思是生日，表示某人出生的日期。</li><li>「です」是日语的断定助动词，用于句末表示礼貌的陈述。</li><li>「私の～」表示所属，中文意思是“我的”。</li><li>「今日は（きょうは）」表示今天，助词「は」表示主题。</li></ol>,[sound:jlpt_vocabulary_in_sentence_誕生日.mp3]
段々,逐渐,天気は段々良くなっています。,天气逐渐变好了。,<ruby>天気<rt>てんき</rt></ruby>は<ruby>段々<rt>だんだん</rt></ruby><ruby>良く<rt>よく</rt></ruby><ruby>なって<rt>なって</rt></ruby><ruby>います<rt>います</rt></ruby>。,<ol><li>段々（だんだん）：副词，表示事物变化的渐进过程，相当于中文的“逐渐”“渐渐”。用于描述时间或程度的缓慢变化。</li><li>〜ている（〜ています）：表示动作的进行或状态的持续。在这里表示天气“变好”的过程正在进行中。</li></ol>,[sound:jlpt_vocabulary_in_sentence_段々.mp3]
小さい,小的,あの小さい猫は可愛いです。,那只小猫很可爱。,<ruby>あの<rt>あの</rt></ruby><ruby>小さい<rt>ちいさい</rt></ruby><ruby>猫<rt>ねこ</rt></ruby>は<ruby>可愛い<rt>かわいい</rt></ruby><ruby>です<rt>です</rt></ruby>。,<ol><li>「小さい」（ちいさい）：形容词，表示物体尺寸或者程度小，常用于描述大小。</li><li>句中「あの」表示远指，即说话人和听话人都知道的远处的人或物，这里修饰「小さい猫」指“那只小猫”。</li><li>「は」是主题助词，表示句子的主题。</li><li>「可愛い」（かわいい）是形容词，意思是“可爱”，「です」是礼貌形终止词，使句子更礼貌。</li></ol>,[sound:jlpt_vocabulary_in_sentence_小さい.mp3]
小さな,小的,彼は小さな犬を飼っています。,他养着一只小狗。,<ruby>彼<rt>かれ</rt></ruby>は<ruby>小さな<rt>ちいさな</rt></ruby><ruby>犬<rt>いぬ</rt></ruby>を<ruby>飼っています<rt>かっています</rt></ruby>。,"<ol><li>「小さな」是形容词，意思是""小的""，用于修饰名词，强调事物尺寸或程度较小，通常用在物理大小或年龄上。</li><li>「飼っています」是动词「飼う（かう）」（养育、饲养）的ている形，表示动作正在进行或状态持续，表示""正在养宠物""。</li></ol>",[sound:jlpt_vocabulary_in_sentence_小さな.mp3]
近い,近的,駅は家から近いです。,车站离家很近。,<ruby>駅<rt>えき</rt></ruby>は<ruby>家<rt>いえ</rt></ruby>から<ruby>近い<rt>ちかい</rt></ruby><ruby>です<rt>です</rt></ruby>。,<ol><li>「近い」（ちかい）：形容詞，表示距离短，靠近。用于描述物理或时间上的接近程度。</li><li>句型「～から近いです」用来说明某地点距离另一个地点很近。其中「から」表示起点，实现距离的表达。</li><li>「です」是礼貌的判断助动词，用于句尾，使表达更加礼貌。</li></ol>,[sound:jlpt_vocabulary_in_sentence_近い.mp3]
違う,不同,意見が違うことは自然です。,意见不同是很自然的。,<ruby>意見<rt>いけん</rt></ruby>が<ruby>違う<rt>ちがう</rt></ruby><ruby>こと<rt>こと</rt></ruby>は<ruby>自然<rt>しぜん</rt></ruby>です。,<ol><li>「違う（ちがう）」是动词，意思是“不同、相异、错”。用于表示事物或情况在内容、性质、状态等方面不相同。</li><li>句中「こと」用来将前面的动词或形容词内容名词化，使其成为句子的主题或描述的对象。</li><li>「は」是主题助词，用于标明句子的主题，强调“意见不同”这一现象。</li><li>「自然（しぜん）です」表示“自然的”，用来说明“意见不同”是正常、理所当然的情况。这反映了日本文化中对多样观点包容的态度。</li></ol>,[sound:jlpt_vocabulary_in_sentence_違う.mp3]
近く,附近,駅の近くにコンビニがあります。,车站附近有便利店。,<ruby>駅<rt>えき</rt></ruby>の<ruby>近く<rt>ちかく</rt></ruby>にコンビニが<ruby>あります<rt>あります</rt></ruby>。,<ol><li>「近く」(ちかく) 是一个表示空间位置的名词，意思是“附近”。在句中通常配合助词「に」表示动作或存在的地点。</li><li>助词「に」用于表示存在的具体地点，如“近くに”即“在附近”。</li><li>动词「あります」表示非生命体的存在，相当于中文的“有”。</li><li>本句表达的是“在车站附近有便利店”，是日常生活中经常使用的表达位置的句型。</li></ol>,[sound:jlpt_vocabulary_in_sentence_近く.mp3]
地下鉄,地铁,私は毎日地下鉄で学校へ行きます。,我每天乘地铁去学校。,<ruby>私<rt>わたし</rt></ruby>は<ruby>毎日<rt>まいにち</rt></ruby><ruby>地下鉄<rt>ちかてつ</rt></ruby>で<ruby>学校<rt>がっこう</rt></ruby>へ<ruby>行きます<rt>いきます</rt></ruby>。,<ol><li>「地下鉄（ちかてつ）」指的是城市中的地铁，是一种公共交通工具，常用于城市内的快速通勤。</li><li>「で」是表示动作场所或手段的助词，此处表示“乘坐地铁”作为交通手段。</li><li>「毎日（まいにち）」表示频率，意为“每天”。</li><li>「学校へ行きます」意为“去学校”，其中「へ」表示方向。</li></ol>,[sound:jlpt_vocabulary_in_sentence_地下鉄.mp3]
地図,地图,新しい地図を買いました。,买了新的地图。,<ruby>新しい<rt>あたらしい</rt></ruby><ruby>地図<rt>ちず</rt></ruby>を<ruby>買いました<rt>かいました</rt></ruby>。,<ol><li>地図（ちず）：表示地图，是一个名词，用来指示位置或方向。</li><li>新しい（あたらしい）：形容词，表示“新的”。</li><li>を：助词，标记动作的直接对象，这里标记地図是「买」的对象。</li><li>買いました（かいました）：动词「買う」的过去式敬体形，表示“买了”。</li><li>日语句末常用「ました」表示过去或完成的礼貌形态。</li></ol>,[sound:jlpt_vocabulary_in_sentence_地図.mp3]
父,父亲,父は毎日会社に行きます。,父亲每天去公司。,<ruby>父<rt>ちち</rt></ruby>は<ruby>毎日<rt>まいにち</rt></ruby><ruby>会社<rt>かいしゃ</rt></ruby>に<ruby>行きます<rt>いきます</rt></ruby>。,<ol><li>「父(ちち)」表示自己的父亲，是日语中常用的家庭成员称呼。</li><li>句中助词「は」表示主题，标示句子的话题。</li><li>「毎日(まいにち)」意思是“每天”，表频率。</li><li>「会社(かいしゃ)に行きます(いきます)」表示去公司的动作，动词「行きます」是「行く」的敬体形式，表示动作发生。</li><li>文化背景上，日本家庭中常用「父」指代自己的父亲，而在正式或他人面前谈论自己的父亲时常用「お父さん(おとうさん)」。</li></ol>,[sound:jlpt_vocabulary_in_sentence_父.mp3]
茶色,茶色,彼の髪は濃い茶色をしています。,他的头发是深茶色的。,<ruby>彼<rt>かれ</rt></ruby>の<ruby>髪<rt>かみ</rt></ruby>は<ruby>濃い<rt>こい</rt></ruby><ruby>茶色<rt>ちゃいろ</rt></ruby>を<ruby>して<rt>して</rt></ruby><ruby>います<rt>います</rt></ruby>。,<ol><li>「茶色（ちゃいろ）」是表示颜色的名词，意为“茶色”或“棕色”。</li><li>句中「濃い（こい）」是形容词，表示颜色深、浓。</li><li>「〜をしています」是表达持续状态的表达方式，这里表示头发的颜色状态相当于“是…”或“长得是…”。</li><li>「彼の髪は」是主题，表示“他的头发”。</li></ol>,[sound:jlpt_vocabulary_in_sentence_茶色.mp3]
茶碗,茶碗,茶碗を棚に戻しました。,我把茶碗放回了架子上。,<ruby>茶碗<rt>ちゃわん</rt></ruby>を<ruby>棚<rt>たな</rt></ruby>に<ruby>戻しました<rt>もどしました</rt></ruby>。,<ol><li>「茶碗（ちゃわん）」指的是用来喝茶或吃饭的小碗，也泛指碗状容器。</li><li>「を」是宾语助词，标明动作的对象。</li><li>「棚（たな）」是指放置东西的架子。</li><li>「に」是目标助词，表示动作的目的地或方向。</li><li>「戻しました」是动词「戻す」的过去敬体形式，意思是“放回、归还”。</li><li>这句话表达了将茶碗放回原处的动作，是日常生活中常见的用法。</li></ol>,[sound:jlpt_vocabulary_in_sentence_茶碗.mp3]
丁度,正好,駅に丁度五時に着きました。,正好五点到达了车站。,<ruby>駅<rt>えき</rt></ruby>に<ruby>丁度<rt>ちょうど</rt></ruby><ruby>五時<rt>ごじ</rt></ruby>に<ruby>着きました<rt>つきました</rt></ruby>。,<ol><li>丁度（ちょうど）：表示时间、数量或状态的恰好，正好。常用来强调正确定时或适当的量。</li><li>て形动词着く（つく）的过去式“着きました”，表示动作完成，意为“到达”。</li></ol>,[sound:jlpt_vocabulary_in_sentence_丁度.mp3]
ちょっと,一点儿,ちょっと待ってください。,请稍等一下。,<ruby>ちょっと<rt>ちょっと</rt></ruby><ruby>待って<rt>まって</rt></ruby><ruby>ください<rt>ください</rt></ruby>。,<ol><li>ちょっと：表示时间、数量或程度上的“一点儿”“稍微”，常用来缓和语气或请求对方的注意。</li><li>待ってください：动词待つ（等待）的て形加上ください（请求用语），表示礼貌请求对方等待。</li></ol>,[sound:jlpt_vocabulary_in_sentence_ちょっと.mp3]
使う,使用,スマホを使うのは便利です。,使用智能手机很方便。,<ruby>スマホ<rt>すまほ</rt></ruby>を<ruby>使う<rt>つかう</rt></ruby>のは<ruby>便利<rt>べんり</rt></ruby><ruby>です<rt>です</rt></ruby>。,<ol><li>使う（つかう）：动词，表示“使用、利用”的意思。句中作为动词原形使用，表明动作本身。</li><li>のは：这里“の”是将前面动作“使う”名词化，使其成为句子的主语部分，后接主题助词“は”，表示“使用……”这件事。这个结构常用来把动作作为话题讨论。</li><li>便利（べんり）：形容动词，表示“方便、便利”。</li><li>です：断定助动词，用于礼貌表达句子的断定。</li><li>文化背景：在现代日本，智能手机被广泛使用，认为是日常生活中不可缺少的工具，表达使用便利的句子十分常见。</li></ol>,[sound:jlpt_vocabulary_in_sentence_使う.mp3]
疲れる,疲劳,仕事でとても疲れる時があります。,工作时有非常疲劳的时候。,<ruby>仕事<rt>しごと</rt></ruby>で<ruby>とても<rt>とても</rt></ruby><ruby>疲れる<rt>つかれる</rt></ruby><ruby>時<rt>とき</rt></ruby>が<ruby>あります<rt>あります</rt></ruby>。,<ol><li>仕事（しごと）：名词，表示“工作”。</li><li>で：表示动作发生的场所或范围，这里表示“在工作中”。</li><li>とても：副词，表示程度的增强，意思是“非常，很”。</li><li>疲れる（つかれる）：动词，自五段动词“疲れる”的基本形，表示“感到疲劳、累”。</li><li>時（とき）：名词，表示时间点，“时候”。</li><li>が：助词，表示主语，这里连接“時”和“あります”，表存在。</li><li>あります：动词，表示有、存在。用于无生命物或抽象事物的存在，这里指“有（疲劳的）时候”。</li><li>文化背景：日本工作文化中，工作压力较大，常用“疲れる”来表达因工作或生活压力导致的身心疲劳，这句话体现了日常生活中常见的情境。</li></ol>,[sound:jlpt_vocabulary_in_sentence_疲れる.mp3]
次,次，下一回,次の電車は何時に来ますか。,下一班电车几点来？,<ruby>次<rt>つぎ</rt></ruby>の<ruby>電車<rt>でんしゃ</rt></ruby>は<ruby>何時<rt>なんじ</rt></ruby>に<ruby>来ます<rt>きます</rt></ruby>か,<ol><li>「次（つぎ）」意为“下一次”或“接下来”，用来表示顺序中的下一个对象或时间。</li><li>「の」是连接词，表示所属，连接「次」和「電車」，意为“下一班电车”。</li><li>句末的「か」表示疑问，构成疑问句，相当于中文的“吗”。</li></ol>,[sound:jlpt_vocabulary_in_sentence_次.mp3]
着く,到达,電車は駅に着く。,电车到达车站。,<ruby>電車<rt>でんしゃ</rt></ruby>は<ruby>駅<rt>えき</rt></ruby>に<ruby>着く<rt>つく</rt></ruby>。,<ol><li>「着く（つく）」是自动词，表示“到达”某地，强调动作的结果状态，即移动的终点。</li><li>助词「に」用来表示动作的目标地点，表示电车到达的具体位置“駅（车站）”。</li><li>句末的「。」表示句子的结束，符合日常书面语。</li></ol>,[sound:jlpt_vocabulary_in_sentence_着く.mp3]
机,桌子,机の上に本があります。,桌子上有书。,<ruby>机<rt>つくえ</rt></ruby>の<ruby>上<rt>うえ</rt></ruby>に<ruby>本<rt>ほん</rt></ruby>が<ruby>あります<rt>あります</rt></ruby>。,<ol><li>「机（つくえ）」表示桌子的意思，是日常生活中常用的家具名词。</li><li>助词「の」表示所属关系，这里表示“机の上”即“桌子上”。</li><li>助词「に」表示存在的地点，说明本（书）所在的位置。</li><li>动词「あります」表示无生命物体的存在，常用于表达物品的存在状态。</li></ol>,[sound:jlpt_vocabulary_in_sentence_机.mp3]
作る,制作，做,毎日弁当を作るのは大変です。,每天做便当很辛苦。,<ruby>毎日<rt>まいにち</rt></ruby><ruby>弁当<rt>べんとう</rt></ruby>を<ruby>作る<rt>つくる</rt></ruby>のは<ruby>大変<rt>たいへん</rt></ruby><ruby>です<rt>です</rt></ruby>。,<ol><li>「作る（つくる）」是第一类动词，意思是“制造”或“做”，在句中表示动作“做便当”。</li><li>「毎日（まいにち）」表示“每天”，用于时间。</li><li>「弁当（べんとう）」指日式便当，是日本常用的午餐盒。</li><li>助词「を」表示动作的对象，即“做什么”。</li><li>「のは」结构，把前面的动作“做便当”名词化，使其成为话题。</li><li>「大変（たいへん）」形容词，表示“辛苦、困难”，用来形容做便当这件事。</li><li>「です」是礼貌语助动词，表明尊敬或礼貌语气。</li></ol>,[sound:jlpt_vocabulary_in_sentence_作る.mp3]
つける,点亮，附加,窓にカーテンをつける。,在窗口装上窗帘。,<ruby>窓<rt>まど</rt></ruby>にカーテンを<ruby>つける<rt>つける</rt></ruby>。,<ol><li>「つける」是一个他动词，表示“点上、附加、安装”等动作。在日常生活中常用来指点灯、装饰或安装物品。句中用「を」表示动作的对象，即“给窗户装上窗帘”。</li><li>「に」表示动作的目标或位置，此处表示“在窗户上”。</li><li>整句表达的是“在某个位置附加或安装某物”的意思，属于常用的动作表达方式。</li></ol>,[sound:jlpt_vocabulary_in_sentence_つける.mp3]
勤める,工作,彼は銀行に勤めています。,他在银行工作。,<ruby>彼<rt>かれ</rt></ruby>は<ruby>銀行<rt>ぎんこう</rt></ruby>に<ruby>勤めています<rt>つとめています</rt></ruby>。,<ol><li>勤める（つとめる）：动词，表示在某处工作或任职，常接地点表示工作场所。</li><li>句型「～に勤める」表示“在～工作”。在句中动词变成て形＋います，表示动作的持续状态，即“正在工作”。</li><li>«彼は銀行に勤めています»的结构中，「彼は」是主语助词标记，强调话题；「銀行に」表示工作地点；「勤めています」表示现在持续的动作“正在工作”。</li></ol>,[sound:jlpt_vocabulary_in_sentence_勤める.mp3]
つまらない,无聊的,この映画はつまらないです。,这部电影很无聊。,<ruby>この<rt>この</rt></ruby><ruby>映画<rt>えいが</rt></ruby>は<ruby>つまらない<rt>つまらない</rt></ruby><ruby>です<rt>です</rt></ruby>。,<ol><li>つまらない：形容词，表示“无聊的”、“没意思的”。常用来评价事物缺少趣味或吸引力。</li><li>は：助词，表示主题，指出这句话谈论的是“这部电影”。</li><li>です：敬体助动词，用于礼貌表达，相当于中文的“是”。</li><li>文化背景：评价电影时，日语中常用“つまらない”来表达对内容不感兴趣，与中文“无聊”用法相似。</li></ol>,[sound:jlpt_vocabulary_in_sentence_つまらない.mp3]
冷たい,冰冷的,この水は冷たいです。,这水是冰冷的。,<ruby>この<rt>この</rt></ruby><ruby>水<rt>みず</rt></ruby>は<ruby>冷たい<rt>つめたい</rt></ruby><ruby>です<rt>です</rt></ruby>。,<ol><li>「冷たい」（つめたい）是形容词，表示温度或感受上的冰冷或凉爽，多用来形容物体或触感。</li><li>句子中「は」为主题助词，用来提示句子的主题，即“这水”。</li><li>句尾的「です」是礼貌形态，表示断定，使句子更加礼貌和正式。</li><li>在日常会话中，用「冷たい」形容物品的温度很常见，特别是饮料或天气相关话题。</li></ol>,[sound:jlpt_vocabulary_in_sentence_冷たい.mp3]
強い,强的,彼はとても強い心を持っています。,他有一颗非常坚强的心。,<ruby>彼<rt>かれ</rt></ruby>は<ruby>とても<rt>とても</rt></ruby><ruby>強い<rt>つよい</rt></ruby><ruby>心<rt>こころ</rt></ruby>を<ruby>持っています<rt>もっています</rt></ruby>。,<ol><li>「強い（つよい）」是形容词，表示某人或某物的力量、能力、程度很大，含义为“强的”。</li><li>句中「持っています（もっています）」是动词「持つ（もつ）」的て形接续，表示持续状态，这里表示“有，拥有”某种性质或品质。</li><li>副词「とても」用于加强形容词，表示程度“非常”。</li><li>日语中用「心を持つ」来表达“拥有心灵、精神、意志”等抽象概念，体现文化中对精神力量的重视。</li></ol>,[sound:jlpt_vocabulary_in_sentence_強い.mp3]
手,手,彼の手はとても大きいです。,他的手非常大。,<ruby>彼<rt>かれ</rt></ruby>の<ruby>手<rt>て</rt></ruby><ruby>は<rt>は</rt></ruby><ruby>とても<rt>とても</rt></ruby><ruby>大きい<rt>おおきい</rt></ruby><ruby>です<rt>です</rt></ruby>。,<ol><li>「手（て）」：表示人体的手部，是一个名词。</li><li>「は」：主题助词，表示句子的主题。</li><li>「とても」：副词，表示程度，意思是“非常”。</li><li>「大きい」：形容词，意思是“大”。</li><li>「です」：礼貌体断定助动词，用于句末表示礼貌。</li></ol>,[sound:jlpt_vocabulary_in_sentence_手.mp3]
テープ,胶带,机の上にテープがあります。,桌子上有胶带。,<ruby>机<rt>つくえ</rt></ruby>の<ruby>上<rt>うえ</rt></ruby>に<ruby>テープ<rt>てえぷ</rt></ruby>が<ruby>あります<rt>あります</rt></ruby>。,<ol><li>テープ（てえぷ）：源自英语 tape，意为胶带或磁带，在日常生活中常用来指胶带。</li><li>上に（うえに）：表示位置，意即“……的上面”。</li><li>あります：存在动词，用于表示无生命物体的位置。</li></ol>,[sound:jlpt_vocabulary_in_sentence_テープ.mp3]
テープレコーダー,录音机,テープレコーダーで音楽を聞きます。,用录音机听音乐。,<ruby>テープレコーダー<rt>てーぷれこーだー</rt></ruby>で<ruby>音楽<rt>おんがく</rt></ruby>を<ruby>聞きます<rt>ききます</rt></ruby>。,<ol><li>テープレコーダー：指的是录音机，是用来录制和播放声音的机械设备。</li><li>助词「で」：表手段、工具，表示用什么工具做动作。例如这里表示用“录音机(テープレコーダー)”做“听音乐”的动作。</li><li>动词「聞きます」：是动词「聞く」的敬体形，表示听、听取的意思。</li></ol>,[sound:jlpt_vocabulary_in_sentence_テープレコーダー.mp3]
テーブル,桌子,テーブルの上に本があります。,桌子上有书。,<ruby>テーブル<rt>てーぶる</rt></ruby>の<ruby>上<rt>うえ</rt></ruby>に<ruby>本<rt>ほん</rt></ruby>が<ruby>あります<rt>あります</rt></ruby>。,<ol><li>テーブル（てーぶる）：来自英语“table”，表示桌子，常用于西式家具或餐桌。</li><li>「の」是表示所属关系的助词，连接名词，表示“……的”。</li><li>「上に」表示方位，意为“在……上面”，其中「上（うえ）」是“上面”的意思，「に」是表示存在的助词。</li><li>「本（ほん）」指书。</li><li>「があります」表示存在，意为“有”，用于无生命的物体存在表达。</li><li>整句表达“桌子上有书”，是常用的存在表达句型。</li></ol>,[sound:jlpt_vocabulary_in_sentence_テーブル.mp3]
出かける,出门,毎朝八時に出かけます。,每天早上八点出门。,<ruby>毎朝<rt>まいあさ</rt></ruby><ruby>八時<rt>はちじ</rt></ruby>に<ruby>出かけます<rt>でかけます</rt></ruby>。,<ol><li>「出かける」（でかける）是自动词，意思是“出门”“外出”，表示离开家或现在的位置去其他地方。</li><li>「毎朝八時に」中，助词「に」表时间点，表示动作发生的具体时间。</li><li>句子的结尾使用敬体形「出かけます」，表达礼貌。</li></ol>,[sound:jlpt_vocabulary_in_sentence_出かける.mp3]
手紙,信件,昨日、友達からの手紙を読みました。,昨天读了朋友寄来的信件。,<ruby>昨日<rt>きのう</rt></ruby>、<ruby>友達<rt>ともだち</rt></ruby><ruby>から<rt>から</rt></ruby><ruby>の<rt>の</rt></ruby><ruby>手紙<rt>てがみ</rt></ruby><ruby>を<rt>を</rt></ruby><ruby>読みました<rt>よみました</rt></ruby>。,<ol><li>手紙（てがみ）：名词，意为“信件、书信”。日本人常通过纸质信件或电子邮件进行沟通。</li><li>からの： 表示起点或来源，用在名词后表示“来自……的”。如“友達から”即“来自朋友”。</li><li>を：宾语助词，标记动作的对象。“手紙を読みました”表示“读了信件”。</li><li>ました：动词过去式敬体形，表示过去发生的动作，体现礼貌。</li><li>文化背景：在日本，虽然电子邮件普遍，写手纸（写信）依然被视为表达礼仪和感情的重要方式。</li></ol>,[sound:jlpt_vocabulary_in_sentence_手紙.mp3]
できる,能做到,彼は日本語がよくできる。,他日语说得很好。,<ruby>彼<rt>かれ</rt></ruby>は<ruby>日本語<rt>にほんご</rt></ruby>が<ruby>よく<rt>よく</rt></ruby><ruby>できる<rt>できる</rt></ruby>。,<ol><li>「できる」是动词「できる（出来る）」的基本形，表示“能够、会、可以做到”的意思，常用于表达某人有能力做某事。</li><li>粒子「が」用来标记能力或状态的对象，如这里的「日本語ができる」表示“会说日语”。在能力表达中，「が」对应需要掌握的技能或事物。</li></ol>,[sound:jlpt_vocabulary_in_sentence_できる.mp3]
出口,出口,駅の出口は右側にあります。,车站的出口在右边。,<ruby>駅<rt>えき</rt></ruby>の<ruby>出口<rt>でぐち</rt></ruby>は<ruby>右側<rt>みぎがわ</rt></ruby>に<ruby>あります<rt>あります</rt></ruby>。,<ol><li>「出口（でぐち）」表示进入或离开某个场所的通道，是名词。</li><li>「駅（えき）の出口は」中，「の」是表示所属关系的助词，表示车站的出口。</li><li>「右側にあります」中，「に」表示存在地点，动词「あります」表示无生命物体的存在。</li><li>句子的结构简单明确，常用于指示方位。</li></ol>,[sound:jlpt_vocabulary_in_sentence_出口.mp3]
テスト,测试,明日テストがあるから勉強します。,因为明天有考试，所以我要学习。,<ruby>明日<rt>あした</rt></ruby><ruby>テスト<rt>てすと</rt></ruby>が<ruby>ある<rt>ある</rt></ruby><ruby>から<rt>から</rt></ruby><ruby>勉強<rt>べんきょう</rt></ruby><ruby>します<rt>します</rt></ruby>。,<ol><li>テスト（てすと）：来自英语“test”，表示考试或测试，是日本生活中经常使用的外来语。</li><li>から：表示原因或理由，这里用来说明“因为明天有考试”，是连接原因与结果的语法。</li><li>勉強します（べんきょうします）：动词“勉強する”的敬体形，表示“学习”。</li><li>明日（あした）：表示时间“明天”，在日常对话和书面语中都常用。</li></ol>,[sound:jlpt_vocabulary_in_sentence_テスト.mp3]
では,那么,それでは、始めましょう。,那么，开始吧。,<ruby>それでは<rt>それでは</rt></ruby>、<ruby>始めましょう<rt>はじめましょう</rt></ruby>。,<ol><li>「では」是「で」+「は」的组合，常用作转折或接续，表示从前文到后文的承接或转换，相当于汉语的“那么”、“既然这样”。</li><li>句子「それでは、始めましょう。」中的「それでは」表示确认前面的情况后开始接下来的动作，语气礼貌且自然，常用于会议或讲座等场合的开场白。</li></ol>,[sound:jlpt_vocabulary_in_sentence_では.mp3]
デパート,百货商场,デパートで服を買いました。,我在百货商场买了衣服。,<ruby>デパート<rt>でぱーと</rt></ruby>で<ruby>服<rt>ふく</rt></ruby>を<ruby>買いました<rt>かいました</rt></ruby>。,<ol><li>「デパート」是英语单词“department store”的音译，表示百货商场，在日常生活中常用来指大型购物中心。</li><li>助词「で」表示动作发生的场所，此处表示“在百货商场”。</li><li>动词「買いました」是「買う」的过去礼貌形，表示买了某物。</li><li>「服を買いました」表示动作及其对象，助词「を」用来标记动作的直接对象，即“买了衣服”。</li></ol>,[sound:jlpt_vocabulary_in_sentence_デパート.mp3]
でも,但是,コーヒーでも飲みませんか。,要不要喝点咖啡之类的？,<ruby>コーヒー<rt>こーひー</rt></ruby><ruby>でも<rt>でも</rt></ruby><ruby>飲みませんか<rt>のみませんか</rt></ruby>。,<ol><li>「でも」在这里表示举例或提议，意为“之类的”或“什么的”，常用来提出一种选择或建议。</li><li>句末的「ませんか」是礼貌的邀请形式，用于邀请对方做某事，表达说话人的客气和期待。</li></ol>,[sound:jlpt_vocabulary_in_sentence_でも.mp3]
出る,出去,彼は七時に家を出る。,他七点钟离开家。,<ruby>彼<rt>かれ</rt></ruby>は<ruby>七時<rt>しちじ</rt></ruby>に<ruby>家<rt>いえ</rt></ruby>を<ruby>出る<rt>でる</rt></ruby>。,<ol><li>単語「出る」（でる）意思是“出去”或“离开某处”，是二段动词，经常用来表示从某个地点移出。</li><li>句中使用助词「を」表示动作的起点，这里“家を出る”表示“离开家”。</li><li>时间表达「七時に」使用助词「に」表示具体的时间点，说明动作发生的时刻。</li></ol>,[sound:jlpt_vocabulary_in_sentence_出る.mp3]
テレビ,电视,毎晩テレビを見るのが楽しみです。,每天晚上看电视是我的乐趣。,<ruby>毎晩<rt>まいばん</rt></ruby><ruby>テレビ<rt>てれび</rt></ruby>を<ruby>見る<rt>みる</rt></ruby><ruby>の<rt>の</rt></ruby><ruby>が<rt>が</rt></ruby><ruby>楽しみ<rt>たのしみ</rt></ruby><ruby>です<rt>です</rt></ruby>。,<ol><li>テレビ：表示“电视”，为外来语，源自英语“television”。</li><li>毎晩（まいばん）：意为“每晚”，表示时间的频率。</li><li>を見る：动词“見る（みる）”表示观看，助词“を”用于标明直接宾语。</li><li>のが：将句子“テレビを見る”名词化，使其成为主语或宾语，表示动作本身。</li><li>楽しみ（たのしみ）です：名词“楽しみ”表示“期待、乐趣”，配合“です”表达礼貌语气。</li></ol>,[sound:jlpt_vocabulary_in_sentence_テレビ.mp3]
天気,天气,今日の天気はとても良いです。,今天的天气非常好。,<ruby>今日<rt>きょう</rt></ruby>の<ruby>天気<rt>てんき</rt></ruby>はとても<ruby>良い<rt>いい</rt></ruby>です。,<ol><li>「今日(きょう)の天気(てんき)」意思是“今天的天气”，其中「の」是表示所属关系的助词，连接“今天”和“天气”。</li><li>句子使用了形容词「良い(いい)」表示天气的状态，句末用敬体「です」体现礼貌表达。</li></ol>,[sound:jlpt_vocabulary_in_sentence_天気.mp3]
電気,电，电力,電気を使って部屋を明るくする。,使用电力让房间变亮。,<ruby>電気<rt>でんき</rt></ruby>を<ruby>使って<rt>つかって</rt></ruby><ruby>部屋<rt>へや</rt></ruby>を<ruby>明るく<rt>あかるく</rt></ruby><ruby>する<rt>する</rt></ruby>。,<ol><li>「電気（でんき）」指电力或电能，是日常生活中常用的名词。</li><li>「使って」是动词「使う（つかう）」的て形，用于连接动作，表示正在使用某物。</li><li>「部屋（へや）」是房间，名词。</li><li>「明るくする」是使役表达，形容词「明るい（あかるい）」的连用形加动词「する」，表示使变得明亮。</li></ol>,[sound:jlpt_vocabulary_in_sentence_電気.mp3]
電車,电车,毎朝電車で会社に行きます。,我每天早上坐电车去公司。,<ruby>毎朝<rt>まいあさ</rt></ruby><ruby>電車<rt>でんしゃ</rt></ruby><ruby>で<rt>で</rt></ruby><ruby>会社<rt>かいしゃ</rt></ruby><ruby>に<rt>に</rt></ruby><ruby>行きます<rt>いきます</rt></ruby>。,<ol><li>「電車（でんしゃ）」是指铁道车辆，即电动火车，日常生活中常用作通勤工具。</li><li>助词「で」表示动作的手段或方式，这里表示乘坐电车。</li><li>句子结构是「名词＋で＋动词」，表示“用某种手段做某事”。</li><li>「毎朝（まいあさ）」是时间副词，表示“每天早上”。</li><li>「行きます（いきます）」是动词「行く」的礼貌形，意思是“去”。</li><li>整体句子表达每天早上乘电车去公司的动作，反映了日本城市通勤的普遍模式。</li></ol>,[sound:jlpt_vocabulary_in_sentence_電車.mp3]
電話,电话,彼は電話で話しています。,他正在用电话说话。,<ruby>彼<rt>かれ</rt></ruby>は<ruby>電話<rt>でんわ</rt></ruby>で<ruby>話して<rt>はなして</rt></ruby><ruby>います<rt>います</rt></ruby>。,<ol><li>電話（でんわ）：表示“电话”，是外来词之一，常用在日常生活中指代通话设备和通话行为。</li><li>は：主题助词，标示句子的主题。“彼は”表示“他”是句子的谈论对象。</li><li>で：表示动作发生的场所、方式或手段，这里表示用电话进行动作。</li><li>話しています（はなしています）：动词“話す”的进行形，“说话正在进行中”的意思。</li></ol>,[sound:jlpt_vocabulary_in_sentence_電話.mp3]
戸,门,戸を閉めてください。,请关门。,<ruby>戸<rt>と</rt></ruby>を<ruby>閉めて<rt>しめて</rt></ruby><ruby>ください<rt>ください</rt></ruby>。,<ol><li>「戸（と）」：表示门，有时指住宅的门，是日常生活中常用的汉字词汇。</li><li>助词「を」表示动作的对象，这里是“关门”的对象。</li><li>动词「閉める（しめる）」是他动词，意思是关闭门窗的动作，て形「閉めて」表示请求形式。</li><li>「ください」是请求的礼貌表达，连接在动词的て形后，用来请别人做某事。</li></ol>,[sound:jlpt_vocabulary_in_sentence_戸.mp3]
～度,～度，～次,日本へ行ったのは三度目です。,去日本是第三次了。,<ruby>日本<rt>にほん</rt></ruby>へ<ruby>行った<rt>いった</rt></ruby>のは<ruby>三度目<rt>さんどめ</rt></ruby><ruby>です<rt>です</rt></ruby>。,<ol><li>「～度（ど）」表示次数或次数的单位。用于表示某事发生的次数，如「三度目」表示第三次。</li><li>句中「三度目」是数字「三」和「度目」的结合，表示“第几次”，用来指经历次数。</li><li>「です」是礼貌的判断助动词，句末表示礼貌断定。</li><li>文化上，日本人经常用「度」来表达事件发生的次数，不同于英语中用“time”这个词。</li></ol>,[sound:jlpt_vocabulary_in_sentence_～度.mp3]
ドア,门,ドアを閉めてください。,请关门。,<ruby>ドア<rt>どあ</rt></ruby>を<ruby>閉めて<rt>しめて</rt></ruby><ruby>ください<rt>ください</rt></ruby>。,<ol><li>ドア（どあ）：来自英语“door”，意为“门”。在日常生活中经常使用，表示进出房间或建筑物的门。</li><li>を：宾格助词，表示动作的对象，这里标示“ドア”为动作“闭めて（关）”的对象。</li><li>閉めて（しめて）：动词“閉める”的て形，用于连接后续表达“ください”。表示“关闭、关上”之意。</li><li>ください：表达请求或命令的礼貌用语，意思是“请……”，用于请求对方做某事，礼貌程度较高。</li><li>整句“ドアを閉めてください”意为“请关门”，是常见的请求表达方式。在日本文化中，对他人提出请求时常用“て形 + ください”，显得礼貌且直接。</li></ol>,[sound:jlpt_vocabulary_in_sentence_ドア.mp3]
トイレ,厕所,トイレはどこにありますか。,厕所在哪里？,<ruby>トイレ<rt>といれ</rt></ruby>は<ruby>どこ<rt>どこ</rt></ruby>に<ruby>あります<rt>あります</rt></ruby>か,<ol><li>助詞「は」用作主題标记，表示话题，强调“トイレ（厕所）”是句子讨论的对象。</li><li>疑问词「どこ」表示“哪里”，与动词「あります」搭配表示存在的位置。</li><li>动词「あります」表示无生命物体的存在，此处用于询问厕所的位置。</li><li>句末的「か」是疑问助词，构成疑问句，用于礼貌地提问。</li></ol>,[sound:jlpt_vocabulary_in_sentence_トイレ.mp3]
どう,如何,どうやって駅に行きますか。,怎么去车站？,<ruby>どうやって<rt>どうやって</rt></ruby><ruby>駅<rt>えき</rt></ruby>に<ruby>行きます<rt>いきます</rt></ruby>か,<ol><li>「どう」是疑问副词，表示“如何、怎样”，用来询问方式、方法等。</li><li>「どうやって」是由「どう」加上表达方法的「やって」组成，表示“用什么方式、怎么做”，常用来询问具体方法。</li><li>「駅に行きますか」是“去车站吗？”的意思，句尾的「か」表示疑问。</li></ol>,[sound:jlpt_vocabulary_in_sentence_どう.mp3]
どうして,为什么,どうして今日は忙しいのですか。,为什么今天忙碌呢？,<ruby>どうして<rt>どうして</rt></ruby><ruby>今日<rt>きょう</rt></ruby>は<ruby>忙しい<rt>いそがしい</rt></ruby><ruby>の<rt>の</rt></ruby><ruby>です<rt>です</rt></ruby><ruby>か<rt>か</rt></ruby>。,<ol><li>「どうして」是疑问副词，表示“为什么”，用于询问原因或理由。</li><li>句中「のですか」用于说明原因或背景，体现礼貌和确认，常用于正式或书面语。</li></ol>,[sound:jlpt_vocabulary_in_sentence_どうして.mp3]
どうぞ,请、请用,どうぞこちらの席に座ってください。,请坐这里的位子。,<ruby>どうぞ<rt>どうぞ</rt></ruby><ruby>こちら<rt>こちら</rt></ruby>の<ruby>席<rt>せき</rt></ruby>に<ruby>座って<rt>すわって</rt></ruby><ruby>ください<rt>ください</rt></ruby>。,<ol><li>「どうぞ」是一个副词，表示“请”、“请用”，用于礼貌地邀请别人做某事或表示允许。</li><li>「こちら」指示代词，意思是“这边”或“这里”，用于指示方向或位置。</li><li>「の」是格助词，连接名词，表示所属关系，这里连接「こちら」和「席」。</li><li>「席（せき）」表示“座位、位子”。</li><li>「に」是表示动作目的地的助词，表示“到……去”。</li><li>「座ってください」是动词「座る（すわる）」的て形加上礼貌请求形式「ください」，表示“请坐”。</li><li>整句礼貌地邀请对方坐下，体现日本文化中的礼貌和尊重。</li></ol>,[sound:jlpt_vocabulary_in_sentence_どうぞ.mp3]
動物,动物,動物は森にたくさんいます。,动物在森林里有很多。,<ruby>動物<rt>どうぶつ</rt></ruby>は<ruby>森<rt>もり</rt></ruby>に<ruby>たくさん<rt>たくさん</rt></ruby><ruby>います<rt>います</rt></ruby>。,<ol><li>「動物（どうぶつ）」：名词，表示“动物”。</li><li>「は」是主题助词，标示句子的主题，强调「動物」。</li><li>「森（もり）に」表示动作或存在的地点，助词「に」用于表示具体的位置。</li><li>「たくさん」是副词，表示“许多、很多”。</li><li>「います」是动词「いる」的敬体形式，用于表示有生命的东西（人或动物）的存在。</li><li>本句表示“动物在森林中有很多”，是描述存在的基础句型，常用于表达某物或生物的数量和所在位置。</li></ol>,[sound:jlpt_vocabulary_in_sentence_動物.mp3]
どうも,非常,どうもありがとうございます。,非常感谢您。,<ruby>どうも<rt>どうも</rt></ruby><ruby>ありがとう<rt>ありがとう</rt></ruby><ruby>ございます<rt>ございます</rt></ruby>。,<ol><li>「どうも」是日语中表达感谢、道歉或感叹时使用的副词，有“非常”、“很”的意思，用来加强语气。</li><li>句中「ありがとうございます」是「ありがとう」的敬语形式「ありがとうございます」，用于表达“非常感谢”。句子整体表达了对帮助或恩惠的深深感谢。</li></ol>,[sound:jlpt_vocabulary_in_sentence_どうも.mp3]
遠い,远的,彼の家は遠い場所にあります。,他的家在远的地方。,<ruby>彼<rt>かれ</rt></ruby>の<ruby>家<rt>いえ</rt></ruby>は<ruby>遠い<rt>とおい</rt></ruby><ruby>場所<rt>ばしょ</rt></ruby>に<ruby>あります<rt>あります</rt></ruby>。,<ol><li>「遠い（とおい）」是形容词，表示距离远，常用来描述空间上的距离，也可以引申形容时间或程度的遥远。</li><li>句中的「場所（ばしょ）」意为“地方、场所”，“に”表示存在的地点格助词，而「あります」是动词“有，存在”的礼貌形，整体表示某物或某人存在于远处的某地。</li></ol>,[sound:jlpt_vocabulary_in_sentence_遠い.mp3]
十日,十日，十号,彼の誕生日は十日です。,他的生日是十号。,<ruby>彼<rt>かれ</rt></ruby>の<ruby>誕生日<rt>たんじょうび</rt></ruby>は<ruby>十日<rt>とおか</rt></ruby><ruby>です<rt>です</rt></ruby>。,<ol><li>「十日」表示日期中的第十天，读作「とおか」。在日语中，日付（日期）有固定的读法，1日至10日和14日、20日、24日有特别的读法，需要记忆。</li><li>句中「は」是提示主题的助词，指明话题即“彼の誕生日（他的生日）”。</li><li>「です」是丁宁语气的终止词，表示断定，礼貌形式。</li></ol>,[sound:jlpt_vocabulary_in_sentence_十日.mp3]
時々,有时,私は時々映画を見ます。,我有时看电影。,<ruby>私<rt>わたし</rt></ruby>は<ruby>時々<rt>ときどき</rt></ruby><ruby>映画<rt>えいが</rt></ruby>を<ruby>見ます<rt>みます</rt></ruby>。,<ol><li>「時々（ときどき）」表示频率，意思是“有时、时常、偶尔”。用来说明动作或状态不定期发生。</li><li>句中「私（わたし）は」为主题标记助词，表示陈述话题。</li><li>「映画を見ます（えいがをみます）」是“看电影”的意思。其中助词「を」表示动作的直接对象。</li></ol>,[sound:jlpt_vocabulary_in_sentence_時々.mp3]
時計,时钟,新しい時計を買いました。,买了新的时钟。,<ruby>新しい<rt>あたらしい</rt></ruby><ruby>時計<rt>とけい</rt></ruby>を<ruby>買いました<rt>かいました</rt></ruby>。,<ol><li>「時計（とけい）」是表示计时用具的名词，常指手表、挂钟等。</li><li>「新しい（あたらしい）」是形容词，表示新的。</li><li>助词「を」用于连接及物动词，表示动作的对象，这里连接「買いました」说明买的东西是“時計”。</li><li>动词「買いました（かいました）」是「買う」的过去、礼貌形，表示“买了”。</li></ol>,[sound:jlpt_vocabulary_in_sentence_時計.mp3]
どこ,哪里,あなたはどこに行きますか。,你要去哪里？,<ruby>あなた<rt>あなた</rt></ruby>は<ruby>どこ<rt>どこ</rt></ruby>に<ruby>行きます<rt>いきます</rt></ruby>か,<ol><li>「どこ」是疑问词，表示“哪里、哪儿”。用来询问地点。</li><li>句中「に」表示动作的方向、目的地，接在地点词后使用。</li><li>句尾的「か」表示疑问，使句子成为疑问句。</li></ol>,[sound:jlpt_vocabulary_in_sentence_どこ.mp3]
所,地方,この所は静かでいいです。,这个地方安静，很好。,<ruby>この所<rt>このところ</rt></ruby>は<ruby>静か<rt>しずか</rt></ruby>で<ruby>いい<rt>いい</rt></ruby><ruby>です<rt>です</rt></ruby>。,<ol><li>「所（ところ）」：表示“地方”，“场所”。在这里作为名词使用，指具体或抽象的地点。</li><li>「この所（このところ）」：表示“这个地方”或“最近这段时间”，是常见的固定词组。</li><li>「は」：主题助词，表示句子的主题。</li><li>「静かで」：形容词「静か」接续助词「で」，表示原因或并列，意思是“安静且...”</li><li>「いいです」：表示状态良好，“好”的意思。</li><li>整句表达“这个地方安静，很好”，用于描述场所的环境或感觉。</li></ol>,[sound:jlpt_vocabulary_in_sentence_所.mp3]
年,年,今年は良い年になりますように。,希望今年是好年头。,<ruby>今年<rt>ことし</rt></ruby>は<ruby>良い<rt>よい</rt></ruby><ruby>年<rt>とし</rt></ruby>に<ruby>なります<rt>なります</rt></ruby><ruby>ように<rt>ように</rt></ruby>。,<ol><li>「年（とし）」表示时间上的“年”，也是常用的时间单位。</li><li>「～になります」表示变化、成为某种状态；在句中表示“成为好年”的愿望。</li><li>「ように」是表示希望或祈愿的表达，相当于中文的“希望……”。</li><li>「は」是主题助词，用于标明句子的主题，这里主题是“今年”。</li></ol>,[sound:jlpt_vocabulary_in_sentence_年.mp3]
図書館,图书馆,図書館で本を借りました。,我在图书馆借了书。,<ruby>図書館<rt>としょかん</rt></ruby>で<ruby>本<rt>ほん</rt></ruby>を<ruby>借りました<rt>かりました</rt></ruby>。,<ol><li>図書館（としょかん）：指的是公共或学校的图书馆，是借阅书籍和学习的场所。</li><li>で：表示动作发生的场所助词，表明“在图书馆”这一地点进行借书的动作。</li><li>本（ほん）：书籍的意思，是借阅的对象。</li><li>を：宾语助词，标示动作的对象，即“本”。</li><li>借りました（かりました）：动词“借りる”的过去式，表示已经借书的动作完成。</li></ol>,[sound:jlpt_vocabulary_in_sentence_図書館.mp3]
どちら,哪一方,どちらが好きですか。,你喜欢哪一个？,<ruby>どちら<rt>どちら</rt></ruby>が<ruby>好き<rt>すき</rt></ruby><ruby>です<rt>です</rt></ruby>か。,<ol><li>「どちら」是指两者中的哪一个，用于疑问句中表示从两个选项中进行选择，相当于中文的“哪一方”或“哪一个”。</li><li>句中「が」是主格助词，标记主语。</li><li>「好きです」表示喜欢，です为礼貌形断定助动词，句末的「か」表示疑问。</li><li>这句话是日常生活中常用的询问别人偏好的表达，礼貌而简洁。</li></ol>,[sound:jlpt_vocabulary_in_sentence_どちら.mp3]
どっち,哪一个,どっちが本当ですか。,哪一个是真的？,<ruby>どっち<rt>どっち</rt></ruby>が<ruby>本当<rt>ほんとう</rt></ruby><ruby>です<rt>です</rt></ruby>か。,<ol><li>どっち：表示“哪一个”，是「どちら」的口语形态，常用于非正式场合询问选项或方向。</li><li>～が～ですか：语法结构，表示询问判断句，が为主语助词，です是判断助动词，か是疑问助词，合起来表示“是不是～？”。</li></ol>,[sound:jlpt_vocabulary_in_sentence_どっち.mp3]
とても,非常,この映画はとても面白いです。,这部电影非常有趣。,<ruby>この<rt>この</rt></ruby><ruby>映画<rt>えいが</rt></ruby>は<ruby>とても<rt>とても</rt></ruby><ruby>面白い<rt>おもしろい</rt></ruby><ruby>です<rt>です</rt></ruby>。,<ol><li>「とても」是副词，表示程度很高，相当于中文的“非常”“很”。常用来修饰形容词或副词，强调其程度。例如“とても面白い”（非常有趣），“とても寒い”（非常冷）。</li><li>句子结构中，“とても”修饰形容词“面白い”，使句子表达的意思更加强烈、具体。“です”是礼貌形态助动词，用于结尾表示断定和礼貌。</li></ol>,[sound:jlpt_vocabulary_in_sentence_とても.mp3]
どなた,谁（敬语）,どなたが来ましたか。,是谁来了？,<ruby>どなた<rt>どなた</rt></ruby>が<ruby>来ました<rt>きました</rt></ruby>か。,<ol><li>どなた：这是「誰(だれ)」的敬语形式，用来礼貌地询问“谁”。常用于正式场合或对陌生人、长辈时表示尊敬。</li><li>来ました（きました）：动词「来る」的过去式，表示“来了”。</li><li>が：助词，表示主语。</li><li>か：疑问助词，用于句尾表示疑问。</li></ol>,[sound:jlpt_vocabulary_in_sentence_どなた.mp3]
隣,邻居,隣の家は静かです。,邻居的家很安静。,<ruby>隣<rt>となり</rt></ruby>の<ruby>家<rt>いえ</rt></ruby>は<ruby>静か<rt>しずか</rt></ruby><ruby>です<rt>です</rt></ruby>。,<ol><li>隣（となり）：表示空间上相邻的地方或事物，常用于描述邻近的房子、座位等。</li><li>の：表示所属关系的助词，连接「隣」和「家」，表示“邻近的家的”。</li><li>は：主题助词，标示句子的主题，这里强调“邻近的家”。</li><li>静か（しずか）：形容动词，表示环境安静或平静。</li><li>です：礼貌体断定助动词，表示断定或说明状态。</li><li>文化背景：在日本，邻里关系通常较为重要，描述邻居时通常使用「隣」来强调空间上的邻近关系，体现日式生活环境的亲密感。</li></ol>,[sound:jlpt_vocabulary_in_sentence_隣.mp3]
どの,哪个,どの本を読みますか。,读哪本书？,<ruby>どの<rt>どの</rt></ruby><ruby>本<rt>ほん</rt></ruby>を<ruby>読みます<rt>よみます</rt></ruby>か。,<ol><li>「どの」是疑问词，意思是“哪个”，用来在多个选项中询问特定的对象，后面通常接名词。</li><li>句中「本（ほん）」是名词，意思是“书”。</li><li>「を」是宾语助词，表示动作的对象。</li><li>「読みます（よみます）」是动词“読む”的ます形，表示“读”。</li><li>句尾的「か」是疑问助词，用于构成疑问句。</li></ol>,[sound:jlpt_vocabulary_in_sentence_どの.mp3]
飛ぶ,飞行,鳥が空を飛ぶのは美しいです。,鸟在天空中飞翔是美丽的。,<ruby>鳥<rt>とり</rt></ruby>が<ruby>空<rt>そら</rt></ruby>を<ruby>飛ぶ<rt>とぶ</rt></ruby><ruby>の<rt>の</rt></ruby><ruby>は<rt>は</rt></ruby><ruby>美しい<rt>うつくしい</rt></ruby><ruby>です<rt>です</rt></ruby>。,<ol><li>動詞「飛ぶ」（とぶ）表示“飞”，“飞行”。此句中表示鸟在天空中飞翔的动作。</li><li>助词「が」标记主语“鳥（とり）”，表示动作的执行者。</li><li>助词「を」标记动作作用的对象“空（そら）”，表示飞翔的范围或场所。</li><li>「のは」连接动词短语，使其名词化，成为句子的主题。</li><li>形容词「美しい」（うつくしい）表示“美丽”，用于描述飞翔的状态。</li><li>句末「です」是礼貌形式，表达肯定和尊敬。</li><li>该句反映了日本文化中对自然美的赞赏，鸟类飞翔常被视为优美的景象。</li></ol>,[sound:jlpt_vocabulary_in_sentence_飛ぶ.mp3]
止まる,停止,バスが駅で止まる。,公交车在车站停下。,<ruby>バス<rt>ばす</rt></ruby>が<ruby>駅<rt>えき</rt></ruby>で<ruby>止まる<rt>とまる</rt></ruby>。,<ol><li>「止まる」是自动词，表示“停止、停下来”。多用于车辆、人或物体停止移动的状态。</li><li>助词「で」表示动作发生的地点，这里指公交车停止的具体位置“駅（车站）”。</li></ol>,[sound:jlpt_vocabulary_in_sentence_止まる.mp3]
友達,朋友,友達と一緒に映画を見ました。,和朋友一起看了电影。,<ruby>友達<rt>ともだち</rt></ruby>と<ruby>一緒に<rt>いっしょに</rt></ruby><ruby>映画<rt>えいが</rt></ruby>を<ruby>見ました<rt>みました</rt></ruby>。,<ol><li>友達（ともだち）：表示朋友，关系亲密的同伴。</li><li>と：表示并列或和谁一起，这里表示“和朋友一起”。</li><li>一緒に（いっしょに）：副词，表示一起。</li><li>映画（えいが）：电影。</li><li>見ました（みました）：动词「見る」的过去式，表示观看了某物。</li><li>文化背景：在日本，人际关系重视社交活动，与友达一起去看电影是常见的休闲方式，表现出友情和谐。</li></ol>,[sound:jlpt_vocabulary_in_sentence_友達.mp3]
土曜日,星期六,私の休みは土曜日です。,我的休息日是星期六。,<ruby>私<rt>わたし</rt></ruby>の<ruby>休み<rt>やすみ</rt></ruby>は<ruby>土曜日<rt>どようび</rt></ruby><ruby>です<rt>です</rt></ruby>。,<ol><li>「土曜日（どようび）」是表示星期六的单词，属于星期的七天之一。</li><li>句中的「は」是主题助词，用来标示主题或主语，说明“休み”是句子的主题。</li><li>「です」是礼貌体断定助动词，表示断定语气，相当于中文的“是”。</li><li>「休み（やすみ）」表示休息或假期，在日常会话中常用来讲工作或学校的休息日。</li></ol>,[sound:jlpt_vocabulary_in_sentence_土曜日.mp3]
鳥,鸟,木の上に鳥がとまっています。,鸟停在树上。,<ruby>木<rt>き</rt></ruby>の<ruby>上<rt>うえ</rt></ruby>に<ruby>鳥<rt>とり</rt></ruby>が<ruby>とまっています<rt>とまっています</rt></ruby>。,<ol><li>「鳥（とり）」是鸟类的意思，是一个常用的名词，表示会飞的有羽毛的动物。</li><li>「の」表示所属关系，连接「木」和「上」，表示“树的上面”。</li><li>「に」是表示动作或存在的场所助词，指明动作发生的地点，这里表示“在树上”。</li><li>「が」表示主语，指出动作的执行者是“鸟”。</li><li>「とまっています」是动词「止まる」（停留，停下）的ている形，表示动作的持续状态，意为“正在停留”。</li></ol>,[sound:jlpt_vocabulary_in_sentence_鳥.mp3]
鶏肉,鸡肉,鶏肉は焼くと美味しいです。,鸡肉烤着吃很美味。,<ruby>鶏肉<rt>とりにく</rt></ruby>は<ruby>焼く<rt>やく</rt></ruby>と<ruby>美味しい<rt>おいしい</rt></ruby><ruby>です<rt>です</rt></ruby>。,<ol><li>鶏肉（とりにく）：名词，指鸡的肉，这里作为句子的主题。</li><li>は：主题助词，表示句子的主题，相当于“关于～”或突出说明“鶏肉”。</li><li>焼く（やく）：动词，表示“烧烤、烤”的动作。</li><li>と：表示条件关系，相当于“……的话、一……就……”的意思，连接前后两个内容。</li><li>美味しい（おいしい）：形容词，意为“美味的、好吃的”。</li><li>です：礼貌的断定助动词，表示礼貌的断定句。</li><li>文化背景：在日本，鶏肉是常见食材，烧烤（焼く）的料理方法也很普遍，比如烧鸟（やきとり）。</li></ol>,[sound:jlpt_vocabulary_in_sentence_鶏肉.mp3]
取る,拿，取,写真を取るのは楽しいです。,拍照片很有趣。,<ruby>写真<rt>しゃしん</rt></ruby>を<ruby>取る<rt>とる</rt></ruby>のは<ruby>楽しい<rt>たのしい</rt></ruby><ruby>です<rt>です</rt></ruby>。,<ol><li>「取る」(とる) 是一个五段动词，有“拿取”、“取得”、“拍照”等多种意思。句中指“拍照”。</li><li>句中使用「写真を取る」表示“拍照片”，动词「取る」直接作用于宾语「写真」。(助词を表示宾语) 。</li><li>「のは」将动词短语名词化，使其成为句子的主题，后面接形容词「楽しい」表示拍照这件事很愉快。</li></ol>,[sound:jlpt_vocabulary_in_sentence_取る.mp3]
撮る,拍摄,写真を撮るのは楽しいです。,拍摄照片很有趣。,<ruby>写真<rt>しゃしん</rt></ruby>を<ruby>撮る<rt>とる</rt></ruby>のは<ruby>楽しい<rt>たのしい</rt></ruby>です。,<ol><li>「撮る（とる）」是动词，意思是“拍摄”（照片、影片等）。常用表达是「写真を撮る」，表示“拍照片”。</li><li>句中「のは」用来把动词短语「写真を撮る」名词化，使其成为句子的主题，类似中文里的“……这件事”。</li><li>「楽しい（たのしい）」是形容词，表示“愉快的、有趣的”。句尾加「です」表示礼貌。</li></ol>,[sound:jlpt_vocabulary_in_sentence_撮る.mp3]
どれ,哪个,どれがあなたのペンですか。,哪个是你的笔？,<ruby>どれ<rt>どれ</rt></ruby>が<ruby>あなた<rt>あなた</rt></ruby>の<ruby>ペン<rt>ぺん</rt></ruby><ruby>です<rt>です</rt></ruby>か。,<ol><li>「どれ」是疑问词，意思是“哪个”，用于三者以上的选择情况。</li><li>句中助词「が」标示主题或主语，表明“哪个”是句子的焦点。</li><li>「の」表示所属关系，将“あなた”和“ペン”连接，意思是“你的笔”。</li><li>句末「ですか」是礼貌的疑问形式，用于提问。</li></ol>,[sound:jlpt_vocabulary_in_sentence_どれ.mp3]
どんな,怎样的,どんな本が好きですか。,你喜欢怎样的书？,<ruby>どんな<rt>どんな</rt></ruby><ruby>本<rt>ほん</rt></ruby>が<ruby>好き<rt>すき</rt></ruby><ruby>です<rt>です</rt></ruby>か,"<ol><li>どんな：表示“怎样的、什么样的”，用来询问事物的性质或种类，通常修饰名词。</li><li>本（ほん）：名词，意思是“书”。</li><li>好き（すき）：形容词，表示喜欢、喜爱。</li><li>ですか：句尾表达疑问的形式。</li><li>文化补充：在日语中，问对方喜欢什么东西时，常用""どんな""来引出具体种类，表现礼貌和探究对方兴趣的语气。</li></ol>",[sound:jlpt_vocabulary_in_sentence_どんな.mp3]
ない,没有,お金がないと困ります。,没有钱会很麻烦。,<ruby>お金<rt>おかね</rt></ruby>が<ruby>ない<rt>ない</rt></ruby>と<ruby>困ります<rt>こまります</rt></ruby>。,<ol><li>「ない」是动词、形容词等否定形的终止形，表示“没有”或“不是”。在此句中形容名词「お金」的否定，表示“没有钱”。</li><li>「と」用于表示假定条件，译为“如果”。句中「ないと」表示“如果没有”。</li><li>「困ります」是动词「困る」的ます形，意为“困扰、为难”，整个句子表达“如果没有钱会很为难”。</li></ol>,[sound:jlpt_vocabulary_in_sentence_ない.mp3]
ナイフ,小刀,テーブルの上にナイフがあります。,桌子上有一把小刀。,<ruby>テーブル<rt>てーぶる</rt></ruby>の<ruby>上<rt>うえ</rt></ruby>に<ruby>ナイフ<rt>ないふ</rt></ruby>が<ruby>あります<rt>あります</rt></ruby>。,<ol><li>「ナイフ」是外来语，来自英语“knife”，意为小刀或刀具。它是常用的厨房或餐具之一。</li><li>助词「の」用于连接前后名词，表示所属关系或位置关系，此处表示“桌子（テーブル）的上面”。</li><li>助词「に」表示存在的具体地点，搭配动词「あります」表示无生命物体的存在。</li><li>动词「あります」表示无生命物体的存在，对应有生命体用「います」。</li></ol>,[sound:jlpt_vocabulary_in_sentence_ナイフ.mp3]
中,中间,彼は部屋の中にいます。,他在房间里面。,<ruby>彼<rt>かれ</rt></ruby>は<ruby>部屋<rt>へや</rt></ruby>の<ruby>中<rt>なか</rt></ruby>に<ruby>います<rt>います</rt></ruby>。,<ol><li>「中（なか）」表示位置的中间、内部。例如这里表示“房间的里面”。</li><li>句子结构中「は」是主题助词，表示话题，「に」是表示存在地点的助词，和动词「います」（表示有生命体的存在）搭配使用。</li></ol>,[sound:jlpt_vocabulary_in_sentence_中.mp3]
長い,长，久,彼の髪はとても長いです。,他的头发非常长。,<ruby>彼<rt>かれ</rt></ruby>の<ruby>髪<rt>かみ</rt></ruby>はとても<ruby>長い<rt>ながい</rt></ruby>です。,<ol><li>彼（かれ）：意思是“他”。</li><li>髪（かみ）：头发。</li><li>は：主题助词，表示主语。</li><li>とても：非常、很。</li><li>長い（ながい）：形容词，“长”。</li><li>です：礼貌结句词，表达郑重语气。</li><li>语法说明：形容词「長い」放在名词后面，表示该名词的性质，如“髪が長い”。这里用です结尾是礼貌表达。</li></ol>,[sound:jlpt_vocabulary_in_sentence_長い.mp3]
鳴く,鸣叫,朝、鳥が美しく鳴いている。,早晨，鸟儿在美丽地鸣叫着。,<ruby>朝<rt>あさ</rt></ruby>、<ruby>鳥<rt>とり</rt></ruby>が<ruby>美しく<rt>うつくしく</rt></ruby><ruby>鳴いて<rt>ないて</rt></ruby>いる。,"<ol><li><strong>朝（あさ）</strong>：名词，表示""早晨""，在此作时间状语</li><li><strong>鳥（とり）が</strong>：""鸟""＋主格助词""が""，表示动作的主体</li><li><strong>美しく（うつくしく）</strong>：形容词""美しい""的副词形，通过将""い""变为""く""来修饰动词</li><li><strong>鳴いている</strong>：动词""鳴く""的现在进行时形式，""鳴く""是五段动词，""鳴いて""是其て形，加""いる""表示正在进行的状态</li><li><strong>语法要点</strong>：""～ている""表示动作的持续状态或现在进行，常用于描述当前正在发生的事情</li></ol>",[sound:jlpt_vocabulary_in_sentence_鳴く.mp3]
無くす,弄丢，丢失,財布を無くして困っています。,弄丢了钱包，很困扰。,<ruby>財布<rt>さいふ</rt></ruby>を<ruby>無くして<rt>なくして</rt></ruby><ruby>困って<rt>こまって</rt></ruby>います。,<ol><li>財布（さいふ）：钱包，是日常生活中常用的物品名词</li><li>を：宾格助词，表示动作的对象，这里表示「钱包」是「弄丢」这个动作的对象</li><li>無くす（なくす）：他动词，表示弄丢、丢失某物。这里使用了て形「無くして」表示动作的完成和状态的持续</li><li>困る（こまる）：自动词，表示困扰、为难。「困っています」是困る的て形+います，表示现在正处于困扰的状态</li><li>て形+います：表示动作完成后状态的持续，这里「無くして困っています」表示因为弄丢了钱包而一直处于困扰的状态</li></ol>,[sound:jlpt_vocabulary_in_sentence_無くす.mp3]
なぜ,为什么,なぜ彼は来なかったのですか。,他为什么没有来呢？,なぜ<ruby>彼<rt>かれ</rt></ruby>は<ruby>来<rt>こ</rt></ruby>なかったのですか。,<ol><li><strong>なぜ</strong>：疑问副词，意思是「为什么」，用来询问原因或理由</li><li><strong>彼は</strong>：「彼（かれ）」是「他」的意思，「は」是主题助词，标示句子的主题</li><li><strong>来なかった</strong>：动词「来る（くる）」的过去否定形，「来なかった」表示「没有来」</li><li><strong>のですか</strong>：「のです」是解释说明的句式，加上疑问助词「か」构成疑问句，使语气更加礼貌和自然</li><li><strong>语法结构</strong>：这是一个典型的疑问句结构「なぜ＋主语＋動詞否定過去形＋のですか」，用来询问过去某事没有发生的原因</li></ol>,[sound:jlpt_vocabulary_in_sentence_なぜ.mp3]
夏,夏天,今年の夏は暑かったです。,今年的夏天很热。,<ruby>今年<rt>ことし</rt></ruby>の<ruby>夏<rt>なつ</rt></ruby>は<ruby>暑<rt>あつ</rt></ruby>かったです。,<ol><li>今年（ことし）：表示「今年」，是时间名词</li><li>の：格助词，表示所属关系，连接「今年」和「夏」</li><li>夏（なつ）：名词，表示「夏天、夏季」</li><li>は：主题助词，提示句子的主题是「今年的夏天」</li><li>暑い（あつい）：い形容词，表示「炎热的」</li><li>かった：い形容词过去式词尾，表示过去的状态</li><li>です：丁寧语助动词，使句子更加礼貌正式</li><li>语法要点：い形容词过去式的变化规律是去掉词尾「い」加「かった」，再加「です」构成敬语形式</li></ol>,[sound:jlpt_vocabulary_in_sentence_夏.mp3]
夏休み,暑假,夏休みに海で泳ぎました。,暑假时在海里游泳了。,<ruby>夏休み<rt>なつやすみ</rt></ruby>に<ruby>海<rt>うみ</rt></ruby>で<ruby>泳ぎ<rt>およぎ</rt></ruby>ました。,"<ol><li>夏休み（なつやすみ）：由「夏」（夏天）+「休み」（休息、假期）组成的复合词，表示暑假。</li><li>に：时间助词，表示动作发生的时间范围，这里表示""在暑假期间""。</li><li>海（うみ）：名词，表示""海、大海""。</li><li>で：地点助词，表示动作发生的场所，""在海里""。</li><li>泳ぎました：动词""泳ぐ""（游泳）的过去时敬语形式。""泳ぎ""是连用形，""ました""表示过去时态和敬语。</li><li>语法结构：时间+に+地点+で+动词，这是日语中表示""在某时某地做某事""的基本句型。</li></ol>",[sound:jlpt_vocabulary_in_sentence_夏休み.mp3]
七つ,七个,七つの星が空に輝いている。,七颗星星在天空中闪耀着。,<ruby>七つ<rt>ななつ</rt></ruby>の<ruby>星<rt>ほし</rt></ruby>が<ruby>空<rt>そら</rt></ruby>に<ruby>輝いて<rt>かがやいて</rt></ruby>いる。,<ol><li>七つ（ななつ）：日语中数字1-10有特殊的计数形式，用于计数一般物品。七つ是数字7的训读计数形式，常用于数7个以下的物品。</li><li>の：连体助词，表示修饰关系，连接「七つ」和「星」，表示「七个的星星」。</li><li>星（ほし）が：「星」是名词，表示星星；「が」是主格助词，标示句子的主语。</li><li>空（そら）に：「空」表示天空；「に」是表示场所的助词，相当于中文的「在」。</li><li>輝いている（かがやいている）：动词「輝く」的现在进行时形式。「輝く」表示闪耀、发光，「ている」表示动作的持续状态。</li></ol>,[sound:jlpt_vocabulary_in_sentence_七つ.mp3]
何,什么,何を食べますか。,吃什么呢？,<ruby>何<rt>なに</rt></ruby>を<ruby>食べます<rt>たべます</rt></ruby>か。,"<ol><li>「何」（なに）：疑问代词，表示""什么""，用于询问事物的名称或性质</li><li>「を」：格助词，表示动作的直接对象，这里标示""何""是""食べる""的宾语</li><li>「食べます」（たべます）：动词""食べる""的敬语形，表示""吃""，用于正式场合或对他人表示敬意</li><li>「か」：疑问助词，放在句末表示疑问语气，相当于中文的""吗""或""呢""</li><li>语法结构：「何+を+动词+か」是日语中询问动作对象的基本句型，常用于日常对话中询问具体事物</li></ol>",[sound:jlpt_vocabulary_in_sentence_何.mp3]
七日,七日，七天,七日間、雨が降り続いた。,连续下了七天雨。,<ruby>七日間<rt>なのかかん</rt></ruby>、<ruby>雨<rt>あめ</rt></ruby>が<ruby>降り<rt>ふり</rt></ruby><ruby>続い<rt>つづい</rt></ruby>た。,<ol><li>七日間（なのかかん）：表示「七天」的意思，是时间词汇。「七日」读作「なのか」，加上「間」表示持续的时间段</li><li>雨が降る：基本句型「雨が降る」表示下雨，「が」是主格助词，标示主语「雨」</li><li>降り続く：复合动词，由「降る（下）」+「続く（继续）」构成，表示「持续下雨」的意思</li><li>た：过去时助动词，表示已经完成的动作或状态</li><li>整个句子使用了「～が～た」的基本过去时句型，描述过去发生的持续性天气现象</li></ol>,[sound:jlpt_vocabulary_in_sentence_七日.mp3]
習う,学习，学会,私は毎週火曜日にピアノを習っている。,我每周二学钢琴。,<ruby>私<rt>わたし</rt></ruby>は<ruby>毎週<rt>まいしゅう</rt></ruby><ruby>火曜日<rt>かようび</rt></ruby>に<ruby>ピアノ<rt>ぴあの</rt></ruby>を<ruby>習<rt>なら</rt></ruby>っている。,<ol><li><strong>私は</strong>：主语「我」，は是主题助词，表示话题</li><li><strong>毎週</strong>：副词，表示「每周」的时间频率</li><li><strong>火曜日に</strong>：时间名词+助词に，表示具体的时间点「在星期二」</li><li><strong>ピアノを</strong>：宾语+助词を，表示动作的对象「钢琴」</li><li><strong>習っている</strong>：动词「習う」的て形+いる，表示持续进行的状态或习惯性动作。習う是五段动词，意思是「向别人学习技能或知识」，强调从老师或他人那里学到东西</li><li><strong>语法要点</strong>：ている形除了表示正在进行的动作外，还可以表示习惯性、反复性的动作，这里指「习惯性地学钢琴」这个状态</li></ol>,[sound:jlpt_vocabulary_in_sentence_習う.mp3]
並ぶ,排列，排队,学生たちが教室の前に並んでいる。,学生们在教室前面排队。,<ruby>学生<rt>がくせい</rt></ruby>たちが<ruby>教室<rt>きょうしつ</rt></ruby>の<ruby>前<rt>まえ</rt></ruby>に<ruby>並んで<rt>ならんで</rt></ruby>いる。,<ol><li>学生たち：「学生」(がくせい)意为学生，「たち」是复数助词，表示多个学生</li><li>並んでいる：「並ぶ」(ならぶ)的て形+「いる」，表示正在进行的状态，意为「正在排队/排列着」</li><li>教室の前に：「教室」(きょうしつ)意为教室，「の」表示所属关系，「前」(まえ)意为前面，「に」表示位置，整体意为「在教室的前面」</li><li>文化背景：日本学校中学生排队是很常见的场景，体现了日本社会重视秩序和集体行动的文化特点</li></ol>,[sound:jlpt_vocabulary_in_sentence_並ぶ.mp3]
並べる,排列，摆放,本を棚に綺麗に並べる。,把书整齐地摆放在书架上。,<ruby>本<rt>ほん</rt></ruby>を<ruby>棚<rt>たな</rt></ruby>に<ruby>綺麗<rt>きれい</rt></ruby>に<ruby>並べる<rt>ならべる</rt></ruby>。,"<ol><li>本（ほん）：书，作为句子的直接宾语，后接宾格助词「を」</li><li>を：宾格助词，表示动作的直接对象</li><li>棚（たな）：书架，后接方向助词「に」表示动作的目标位置</li><li>に：方向助词，表示动作的方向、目标或场所</li><li>綺麗に（きれいに）：副词形式，表示""整齐地""的状态，修饰动词「並べる」</li><li>並べる（ならべる）：一段动词，基本形，意思是""排列、摆放""，表示有规律地放置物品</li><li>句型结构：「物＋を＋場所＋に＋状态＋動詞」，这是日语中表示""将某物以某种状态放置在某处""的基本句型</li></ol>",[sound:jlpt_vocabulary_in_sentence_並べる.mp3]
なる,成为，变成,桜が咲いて、春になりました。,樱花开了，春天到了。,<ruby>桜<rt>さくら</rt></ruby>が<ruby>咲<rt>さ</rt></ruby>いて、<ruby>春<rt>はる</rt></ruby>になりました。,<ol><li>桜（さくら）：樱花，春天的象征性花朵</li><li>が：主格助词，标示主语「桜」</li><li>咲いて（さいて）：动词「咲く」（开花）的て形，表示动作的完成和状态的持续</li><li>春（はる）：春天，季节名词</li><li>になる：「に」+「なる」构成固定搭配，表示「变成～」「成为～」的意思，这里「なる」是自动词，表示自然的变化</li><li>ました：丁寧语过去时助动词，表示已经完成的动作，语气礼貌</li><li>语法要点：「Aになる」是日语中表示变化的重要句型，强调自然发生的状态转换</li><li>文化背景：日本人非常重视季节变化，樱花盛开是春天到来的重要标志，具有深厚的文化意义</li></ol>,[sound:jlpt_vocabulary_in_sentence_なる.mp3]
何～,什么～，多么～,何て美しい花でしょう。,多么美丽的花啊。,<ruby>何<rt>なん</rt></ruby>て<ruby>美<rt>うつく</rt></ruby>しい<ruby>花<rt>はな</rt></ruby>でしょう。,<ol><li><strong>何て</strong>（なんて）：感叹词，表示「多么～」「何等～」的意思，用于表达强烈的感情，多用于惊讶、赞叹等场合。</li><li><strong>美しい</strong>（うつくしい）：い形容词，意为「美丽的」「漂亮的」，修饰名词「花」。</li><li><strong>花</strong>（はな）：名词，意为「花朵」。</li><li><strong>でしょう</strong>：敬语表现，相当于「だろう」的敬语形式，表示推测或征求同意，在感叹句中增加语气的柔和感。</li><li><strong>语法结构</strong>：「何て＋形容词＋名词＋でしょう」是典型的感叹句型，表达对某事物的强烈感叹和赞美之情。</li></ol>,[sound:jlpt_vocabulary_in_sentence_何～.mp3]
二,二；第二,二番目の電車に乗りました。,我坐了第二班电车。,<ruby>二<rt>に</rt></ruby><ruby>番目<rt>ばんめ</rt></ruby>の<ruby>電車<rt>でんしゃ</rt></ruby>に<ruby>乗り<rt>のり</rt></ruby>ました。,"<ol><li>「二」(に)：数字的二，在这里表示第二的意思</li><li>「番目」(ばんめ)：表示顺序的后缀，相当于中文的""第...个""</li><li>「の」：连体助词，连接修饰语和被修饰语</li><li>「電車」(でんしゃ)：电车，日本常见的交通工具</li><li>「に」：格助词，表示动作的对象或方向</li><li>「乗る」(のる)：动词""坐、乘""的过去时敬语形「乗りました」</li><li>这句话展现了日语中表达顺序的典型用法：数字+番目，是日常会话中的常用表达</li></ol>",[sound:jlpt_vocabulary_in_sentence_二.mp3]
にぎやか,热闹的,祭りの会場はとてもにぎやかだった。,祭典会场非常热闹。,<ruby>祭り<rt>まつり</rt></ruby>の<ruby>会場<rt>かいじょう</rt></ruby>はとてもにぎやかだった。,<ol><li>祭り（まつり）：节日、祭典。日本有很多传统节日，如夏祭、秋祭等，通常伴随着各种庆祝活动。</li><li>の：格助词，表示所属关系，连接「祭り」和「会場」。</li><li>会場（かいじょう）：会场、场地，指举办活动的地点。</li><li>は：主题助词，标示句子的主题「祭りの会場」。</li><li>とても：副词，表示程度很高，相当于「非常」「很」。</li><li>にぎやか：形容动词（な形容词），表示热闹、繁华的状态。修饰场所时常用来描述人多、活跃的氛围。</li><li>だった：断定助动词「だ」的过去式，表示过去的状态。整句使用过去时态，描述当时祭典会场的热闹情景。</li></ol>,[sound:jlpt_vocabulary_in_sentence_にぎやか.mp3]
肉,肉,今日は肉を食べたいです。,今天想吃肉。,<ruby>今日<rt>きょう</rt></ruby>は<ruby>肉<rt>にく</rt></ruby>を<ruby>食<rt>た</rt></ruby>べたいです。,"<ol><li>今日（きょう）：表示""今天""的时间名词，在句中作时间状语</li><li>は：主题助词，标示句子的主题，这里标示时间""今日""为话题</li><li>肉（にく）：名词，表示""肉类""，在句中作动词""食べる""的宾语</li><li>を：宾格助词，标示动作的直接对象，连接宾语""肉""和动词""食べる""</li><li>食べたい（たべたい）：动词""食べる""（吃）的意志形，表示""想要吃""的愿望。构成：动词词干+たい</li><li>です：敬语助动词，表示礼貌语气，相当于""是""，使整个句子变得正式礼貌</li></ol>",[sound:jlpt_vocabulary_in_sentence_肉.mp3]
西,西,西の空が赤く染まっている。,西边的天空被染成了红色。,<ruby>西<rt>にし</rt></ruby>の<ruby>空<rt>そら</rt></ruby>が<ruby>赤く<rt>あかく</rt></ruby><ruby>染まっ<rt>そまっ</rt></ruby>ている。,<ol><li><strong>西（にし）</strong>：表示方位的名词，意为「西方、西边」。在日语中，四个基本方位为东（ひがし）、西（にし）、南（みなみ）、北（きた）。</li><li><strong>の</strong>：连体助词，表示修饰关系，这里「西の空」表示「西边的天空」。</li><li><strong>空（そら）</strong>：名词，意为「天空」。</li><li><strong>が</strong>：主格助词，标示主语「西の空」。</li><li><strong>赤く（あかく）</strong>：い形容词「赤い」的副词形，通过将词尾「い」变为「く」构成，用来修饰动词「染まる」。</li><li><strong>染まっている</strong>：动词「染まる」（被染色）的现在进行时态。「染まる」是自动词，表示「被染成某种颜色」。「ている」形表示状态的持续。</li><li><strong>文化背景</strong>：这句话描述的是典型的日落景象。在日本文化中，西边天空在傍晚时分被夕阳染红是很常见的自然现象，也经常出现在文学作品中作为美景描写。</li></ol>,[sound:jlpt_vocabulary_in_sentence_西.mp3]
日曜日,星期日,日曜日に家族と映画を見ます。,星期日和家人一起看电影。,<ruby>日曜日<rt>にちようび</rt></ruby>に<ruby>家族<rt>かぞく</rt></ruby>と<ruby>映画<rt>えいが</rt></ruby>を<ruby>見<rt>み</rt></ruby>ます。,<ol><li><strong>日曜日（にちようび）</strong>：表示星期日，是一周七天中的最后一天。在日本，星期日通常是休息日，很多商店和公司都会休息。</li><li><strong>に</strong>：时间助词，表示动作发生的具体时间。用在时间词后面，如「月曜日に」「3时に」等。</li><li><strong>家族（かぞく）</strong>：指家庭成员，包括父母、兄弟姐妹等。与「家族」相对的词是「他人」。</li><li><strong>と</strong>：表示「和、与」的助词，连接两个名词表示共同行动的对象。如「友达と」「先生と」等。</li><li><strong>映画（えいが）</strong>：电影的意思。日本电影文化非常发达，有很多著名的电影导演如黑泽明、宫崎骏等。</li><li><strong>を</strong>：格助词，表示动作的直接对象。在「映画を見る」中，「映画」是「見る」这个动作的对象。</li><li><strong>見ます</strong>：「見る」的礼貌形，表示「看」的动作。「ます」是动词的礼貌形词尾，用于正式场合或对长辈说话。</li></ol>,[sound:jlpt_vocabulary_in_sentence_日曜日.mp3]
荷物,行李，包裹,重い荷物を持って駅まで歩いた。,拎着重重的行李走到了车站。,<ruby>重<rt>おも</rt></ruby>い<ruby>荷物<rt>にもつ</rt></ruby>を<ruby>持<rt>も</rt></ruby>って<ruby>駅<rt>えき</rt></ruby>まで<ruby>歩<rt>ある</rt></ruby>いた。,"<ol><li><strong>重い</strong>（おもい）：い形容词，表示""重的""。修饰后面的名词""荷物""。</li><li><strong>荷物</strong>（にもつ）：名词，表示""行李、包裹""等携带的物品。</li><li><strong>を</strong>：格助词，标示动作的直接宾语，这里表示""荷物""是""持つ""的对象。</li><li><strong>持って</strong>：动词""持つ""（もつ，拿着、持有）的て形，表示持续状态或并列动作。</li><li><strong>駅</strong>（えき）：名词，表示""车站""。</li><li><strong>まで</strong>：格助词，表示动作的终点，相当于中文的""到""。</li><li><strong>歩いた</strong>（あるいた）：动词""歩く""（あるく，走路）的过去式，表示已经完成的动作。</li><li>句子结构：""荷物を持って""表示携带行李的状态，""駅まで歩いた""表示走到车站这个动作，整句描述了一个携带重行李走到车站的完整行为。</li></ol>",[sound:jlpt_vocabulary_in_sentence_荷物.mp3]
ニュース,新闻,毎朝ニュースを見ています。,每天早上都在看新闻。,<ruby>毎朝<rt>まいあさ</rt></ruby>ニュースを<ruby>見<rt>み</rt></ruby>ています。,<ol><li>毎朝（まいあさ）：「毎」表示每个，「朝」表示早晨，合起来意思是每天早上</li><li>ニュース：来自英语news的外来语，表示新闻、消息</li><li>を：宾格助词，表示动作的对象</li><li>見ています：「見る」（みる）的现在进行时形式，表示正在进行或持续的状态。「見て」是て形，加上「います」构成现在进行时</li><li>语法要点：「動詞のて形＋います」表示动作的持续状态或习惯性行为，这里表示看新闻是一个习惯性的行为</li></ol>,[sound:jlpt_vocabulary_in_sentence_ニュース.mp3]
庭,庭院,美しい庭で花を見ています。,在美丽的庭院里看花。,<ruby>美<rt>うつく</rt></ruby>しい<ruby>庭<rt>にわ</rt></ruby>で<ruby>花<rt>はな</rt></ruby>を<ruby>見<rt>み</rt></ruby>ています。,"<ol><li><strong>美しい</strong>（うつくしい）：い形容词，意思是""美丽的""，修饰名词""庭""</li><li><strong>庭</strong>（にわ）：名词，指庭院、花园</li><li><strong>で</strong>：格助词，表示动作发生的场所，相当于中文的""在...""</li><li><strong>花</strong>（はな）：名词，花朵</li><li><strong>を</strong>：格助词，表示动作的对象</li><li><strong>見ています</strong>（みています）：动词""見る""的现在进行时形式，表示""正在看""的状态</li><li>句子结构为""场所+で+对象+を+动词""的基本句型，表示在某地进行某种动作</li></ol>",[sound:jlpt_vocabulary_in_sentence_庭.mp3]
脱ぐ,脱掉,靴を脱いでください。,请脱掉鞋子。,<ruby>靴<rt>くつ</rt></ruby>を<ruby>脱い<rt>ぬい</rt></ruby>でください。,<ol><li>「靴」(くつ) - 名词，意思是鞋子。在日本文化中，进入室内前脱鞋是基本礼仪。</li><li>「を」- 格助词，标示直接宾语，表示动作的对象。</li><li>「脱ぐ」(ぬぐ) - 五段动词，意思是脱掉、脱下。这里使用了て形「脱いで」，用于连接敬语表现。</li><li>「ください」- 敬语表现，用于礼貌地请求对方做某事。与动词て形结合使用，相当于中文的「请...」。</li><li>整个句子是标准的敬语请求句型「动词て形＋ください」，常用于服务场所或正式场合。</li></ol>,[sound:jlpt_vocabulary_in_sentence_脱ぐ.mp3]
温い,温暖的，温和的,今日は温い風が吹いている。,今天吹着温暖的风。,<ruby>今日<rt>きょう</rt></ruby>は<ruby>温い<rt>ぬるい</rt></ruby><ruby>風<rt>かぜ</rt></ruby>が<ruby>吹いて<rt>ふいて</rt></ruby>いる。,"<ol><li><strong>今日は温い風が吹いている</strong> - 这是一个现在进行时句子，描述当前正在发生的状态</li><li><strong>温い（ぬるい）</strong> - 形容词，意为""温暖的、温和的""，通常用来形容温度适中，不冷不热的状态</li><li><strong>風が吹く</strong> - ""风吹""的表达，「風」是主语，用助词「が」标记，「吹く」是动词原形</li><li><strong>吹いている</strong> - 动词「吹く」的现在进行时形式，表示""正在吹着""的持续状态，由「吹いて」+「いる」构成</li><li><strong>助词用法</strong> - 「は」表示主题提示，「が」表示主语标记，这里「今日は」提示时间背景，「風が」指出动作主体</li></ol>",[sound:jlpt_vocabulary_in_sentence_温い.mp3]
ネクタイ,领带,父はいつも青いネクタイをしている。,父亲总是系着蓝色的领带。,<ruby>父<rt>ちち</rt></ruby>はいつも<ruby>青<rt>あお</rt></ruby>いネクタイをしている。,<ol><li>父（ちち）：指自己的父亲，对外人谦逊的说法</li><li>は：主题助词，标示句子的主题</li><li>いつも：副词，表示「总是、经常」的意思</li><li>青い：い形容词，表示「蓝色的」，修饰后面的名词</li><li>ネクタイ：外来语，来自英语necktie，表示领带</li><li>を：宾语助词，标示动作的对象</li><li>している：动词する的进行时态，表示持续的状态或动作，这里指「系着、戴着」的状态</li></ol>,[sound:jlpt_vocabulary_in_sentence_ネクタイ.mp3]
猫,猫,白い猫が庭で遊んでいる。,白猫在院子里玩耍。,<ruby>白<rt>しろ</rt></ruby>い<ruby>猫<rt>ねこ</rt></ruby>が<ruby>庭<rt>にわ</rt></ruby>で<ruby>遊<rt>あそ</rt></ruby>んでいる。,"<ol><li>白い（しろい）：い形容词，表示""白色的""，修饰后面的名词""猫""</li><li>猫（ねこ）：名词，表示""猫""，句子的主语</li><li>が：主格助词，标示主语""猫""</li><li>庭（にわ）：名词，表示""院子、庭院""</li><li>で：场所助词，表示动作发生的场所</li><li>遊んでいる（あそんでいる）：动词""遊ぶ""的て形+いる，表示正在进行的状态，""正在玩耍""</li></ol>",[sound:jlpt_vocabulary_in_sentence_猫.mp3]
寝る,睡觉,今日は早く寝るつもりです。,今天打算早点睡觉。,<ruby>今日<rt>きょう</rt></ruby>は<ruby>早く<rt>はやく</rt></ruby><ruby>寝る<rt>ねる</rt></ruby><ruby>つもりです<rt>つもりです</rt></ruby>。,"<ol><li>「今日」（きょう）：表示""今天""的时间词汇，是日常会话中最常用的时间表达</li><li>「は」：助词，表示主题，这里标示""今日""是整个句子的话题</li><li>「早く」（はやく）：形容词""早い""的副词形，表示""早地""、""提前地""</li><li>「寝る」（ねる）：一段动词，表示""睡觉""、""就寝""，是日常生活中的基本动作动词</li><li>「つもりです」：表示""打算""、""计划""的表达方式，用于表达说话者的意图或计划，属于敬语表达</li><li>语法结构：这是一个典型的""意图表达句""，使用""动词原形＋つもりです""的句型来表达计划或打算</li></ol>",[sound:jlpt_vocabulary_in_sentence_寝る.mp3]
～年,～年,私は二〇二三年に大学を卒業しました。,我在2023年大学毕业了。,<ruby>私<rt>わたし</rt></ruby>は<ruby>二〇二三年<rt>にせんにじゅうさんねん</rt></ruby>に<ruby>大学<rt>だいがく</rt></ruby>を<ruby>卒業<rt>そつぎょう</rt></ruby>しました。,<ol><li>私（わたし）：第一人称代词「我」，は（wa）是主题助词，表示句子的主语</li><li>二〇二三年（にせんにじゅうさんねん）：年份的读法，「年」读作「ねん」，表示年份单位。日语中年份通常用汉字数字表示</li><li>に：时间助词，表示动作发生的具体时间点「在～时候」</li><li>大学（だいがく）：名词「大学」，を是宾语助词，表示动作的对象</li><li>卒業（そつぎょう）：动词「毕业」，这里使用了敬语形式「しました」，是「する」的过去时敬语表达</li><li>语法要点：「年」作为时间单位，前面接数字表示具体年份，常与时间助词「に」搭配使用表示时间点</li></ol>,[sound:jlpt_vocabulary_in_sentence_～年.mp3]
登る,攀登，爬,山に登るのは大変だ。,爬山是很辛苦的。,<ruby>山<rt>やま</rt></ruby>に<ruby>登る<rt>のぼる</rt></ruby>のは<ruby>大変<rt>たいへん</rt></ruby>だ。,"<ol><li>山（やま）：名词，表示""山、山岳""</li><li>に：格助词，表示方向或场所，这里指""向山上""或""在山上""</li><li>登る（のぼる）：五段动词，意为""攀登、爬升""，是本句的核心动词</li><li>の：格助词，将动词""登る""名词化，相当于中文的""爬山这件事""</li><li>は：主题助词，标示句子的主题</li><li>大変（たいへん）：な形容词，表示""辛苦的、困难的、严重的""</li><li>だ：断定助动词，相当于""是""，用于肯定句的结尾</li><li>语法要点：""动词の形+は+形容词""是日语中表达对某行为评价的常用句型</li></ol>",[sound:jlpt_vocabulary_in_sentence_登る.mp3]
飲み物,饮料,冷たい飲み物を買いました。,我买了冷饮。,<ruby>冷たい<rt>つめたい</rt></ruby><ruby>飲み物<rt>のみもの</rt></ruby>を<ruby>買い<rt>かい</rt></ruby>ました。,"<ol><li>冷たい（つめたい）：い形容词，意思是""冷的""，修饰后面的名词""飲み物""</li><li>飲み物（のみもの）：名词，由动词""飲む""（喝）的连用形""飲み""加上""物""构成，表示可以喝的东西，即饮料</li><li>を：格助词，表示动作的直接对象，这里表示""飲み物""是""買う""这个动作的对象</li><li>買いました：动词""買う""（买）的过去时敬语形，""買い""是动词的连用形，""ました""表示过去时态和敬语</li><li>语法结构：形容词+名词+を+动词，这是日语中最基本的句型结构之一</li></ol>",[sound:jlpt_vocabulary_in_sentence_飲み物.mp3]
飲む,喝,毎朝コーヒーを飲む。,每天早上喝咖啡。,<ruby>毎朝<rt>まいあさ</rt></ruby>コーヒーを<ruby>飲む<rt>のむ</rt></ruby>。,"<ol><li>毎朝（まいあさ）：表示""每天早上""的时间副词，用来修饰整个动作</li><li>コーヒー：外来语，表示""咖啡""，用片假名书写</li><li>を：格助词，表示动作的直接宾语，连接""コーヒー""和动词""飲む""</li><li>飲む（のむ）：五段动词，基本形，表示""喝""的动作。这里用现在时表示习惯性动作</li><li>语法结构：这是一个简单的""时间+宾语+动词""句型，表示日常习惯。在日语中，表示习惯性动作时常用现在时的基本形</li></ol>",[sound:jlpt_vocabulary_in_sentence_飲む.mp3]
乗る,乘坐，搭乘,毎朝電車に乗って学校に行きます。,每天早上坐电车去学校。,<ruby>毎朝<rt>まいあさ</rt></ruby><ruby>電車<rt>でんしゃ</rt></ruby>に<ruby>乗って<rt>のって</rt></ruby><ruby>学校<rt>がっこう</rt></ruby>に<ruby>行き<rt>いき</rt></ruby>ます。,<ol><li><strong>毎朝</strong>（まいあさ）：表示「每天早上」，是时间副词，用来修饰整个句子的动作发生时间。</li><li><strong>電車に乗る</strong>：「乗る」是五段动词，意思是「乘坐、搭乘」。这里使用「に」格助词表示乘坐的对象，「電車に乗る」就是「坐电车」的意思。</li><li><strong>乗って</strong>：「乗る」的て形（连用形），用来连接两个动作，表示「坐电车然后去学校」的连续动作关系。</li><li><strong>学校に行く</strong>：「行く」表示「去」的意思，「に」格助词表示移动的目的地，整体表示「去学校」。</li><li><strong>敬语形式</strong>：句末使用「ます」敬语形式，这是日常会话中常用的礼貌表达方式。</li></ol>,[sound:jlpt_vocabulary_in_sentence_乗る.mp3]
歯,牙齿,虫歯が痛くて眠れない。,蛀牙疼得睡不着。,<ruby>虫歯<rt>むしば</rt></ruby>が<ruby>痛<rt>いた</rt></ruby>くて<ruby>眠<rt>ねむ</rt></ruby>れない。,<ol><li><strong>虫歯（むしば）</strong>：蛀牙，由「虫」（虫子）+「歯」（牙齿）组成，指被细菌侵蚀的牙齿</li><li><strong>が</strong>：主格助词，标示主语「虫歯」</li><li><strong>痛くて</strong>：い形容词「痛い」的て形，表示原因或理由，相当于「因为疼」</li><li><strong>眠れない</strong>：动词「眠る」的可能形否定「眠れない」，表示「睡不着、无法入睡」</li><li><strong>语法结构</strong>：「形容词て形＋动词否定」表示因前项原因导致后项无法实现</li><li><strong>文化背景</strong>：日本人非常重视口腔健康，定期看牙医是普遍习惯，虫歯被视为需要及时治疗的健康问题</li></ol>,[sound:jlpt_vocabulary_in_sentence_歯.mp3]
～杯,杯（量词）,コーヒーを二杯飲みました。,我喝了两杯咖啡。,コーヒーを<ruby>二杯<rt>にはい</rt></ruby><ruby>飲<rt>の</rt></ruby>みました。,<ol><li>「コーヒー」：咖啡，外来语，用片假名表示</li><li>「を」：格助词，表示动作的直接对象</li><li>「二杯（にはい）」：两杯，「杯（はい）」是液体的量词，数字「二」与「杯」结合时读作「にはい」</li><li>「飲む（のむ）」：喝，五段动词</li><li>「ました」：敬语过去时语尾，表示已完成的动作</li><li>量词「杯」的用法：专门用于计量装在杯子、碗等容器中的液体，如茶、咖啡、汤等。一杯（いっぱい）、二杯（にはい）、三杯（さんばい）</li></ol>,[sound:jlpt_vocabulary_in_sentence_～杯.mp3]
灰皿,烟灰缸,テーブルの上に灰皿を置いた。,在桌子上放了烟灰缸。,テーブルの<ruby>上<rt>うえ</rt></ruby>に<ruby>灰皿<rt>はいざら</rt></ruby>を<ruby>置<rt>お</rt></ruby>いた。,"<ol><li>テーブル：外来语，来自英语""table""，意为""桌子""</li><li>の：格助词，表示所属关系，连接""テーブル""和""上""</li><li>上（うえ）：名词，意为""上面""</li><li>に：格助词，表示动作的场所或位置</li><li>灰皿（はいざら）：复合词，由""灰""（はい，灰烬）+""皿""（さら，盘子）构成，意为""烟灰缸""</li><li>を：格助词，表示动作的直接对象</li><li>置く（おく）：动词，意为""放置""</li><li>た：过去时态助动词，表示动作已完成</li><li>语法结构：场所+に+物+を+動詞，表示在某处放置某物的句型</li></ol>",[sound:jlpt_vocabulary_in_sentence_灰皿.mp3]
入る,进入,学生が教室に入る。,学生进入教室。,<ruby>学生<rt>がくせい</rt></ruby>が<ruby>教室<rt>きょうしつ</rt></ruby>に<ruby>入る<rt>はいる</rt></ruby>。,<ol><li>学生（がくせい）：名词，表示在学校学习的人</li><li>が：主格助词，标示句子的主语「学生」</li><li>教室（きょうしつ）：名词，表示上课的房间</li><li>に：方向助词，表示移动的目标地点或方向</li><li>入る（はいる）：五段动词，基本形，表示从外部进到内部的动作</li><li>语法结构：「主语+が+场所+に+移动动词」是表示移动方向的基本句型</li><li>动词时态：此句使用动词基本形，可表示一般现在时、习惯性动作或将来时</li></ol>,[sound:jlpt_vocabulary_in_sentence_入る.mp3]
葉書,明信片,友達に葉書を送りました。,我给朋友寄了明信片。,<ruby>友達<rt>ともだち</rt></ruby>に<ruby>葉書<rt>はがき</rt></ruby>を<ruby>送り<rt>おくり</rt></ruby>ました。,"<ol><li>友達（ともだち）：朋友，名词。这里作为动作的对象，表示明信片的收件人。</li><li>に：格助词，表示动作的方向或对象，相当于中文的""给""或""向""。</li><li>葉書（はがき）：明信片，名词。日本的明信片通常比较精美，常用于节日问候或旅行纪念。</li><li>を：格助词，表示动作的直接宾语，标记""送る""这个动作的对象。</li><li>送る（おくる）：动词，意为""送、寄""。这里使用了过去时的丁宁语形式""送りました""，表示已完成的动作，语气礼貌。</li></ol>",[sound:jlpt_vocabulary_in_sentence_葉書.mp3]
はく,穿（鞋袜裤）,新しい靴をはいて学校に行きました。,穿着新鞋去了学校。,<ruby>新<rt>あたら</rt></ruby>しい<ruby>靴<rt>くつ</rt></ruby>をはいて<ruby>学校<rt>がっこう</rt></ruby>に<ruby>行<rt>い</rt></ruby>きました。,<ol><li>「はく」是穿着类动词，专门用于穿鞋子、袜子、裤子等下半身或脚部的衣物。与「着る」（用于上衣）区分使用。</li><li>「て形＋行く」表示做某个动作后去某地，这里「はいて行く」表示穿着鞋子去某地的状态。</li><li>「新しい靴」中的「新しい」是い形容词，直接修饰名词「靴」。助词「を」表示动作的对象。</li><li>「学校に行く」是基本句型，「に」表示移动的目的地，「行く」的过去形是「行きました」，表示已完成的动作。</li></ol>,[sound:jlpt_vocabulary_in_sentence_はく.mp3]
箱,箱子,古い箱の中に宝物が入っている。,旧箱子里装着宝物。,<ruby>古い<rt>ふるい</rt></ruby><ruby>箱<rt>はこ</rt></ruby>の<ruby>中<rt>なか</rt></ruby>に<ruby>宝物<rt>たからもの</rt></ruby>が<ruby>入って<rt>はいって</rt></ruby>いる。,"<ol><li>古い（ふるい）：い形容词，表示""旧的、老的""，修饰名词""箱""</li><li>箱（はこ）：名词，表示""箱子""，是本句的核心词汇</li><li>の：格助词，表示所属关系，连接""箱""和""中""</li><li>中（なか）：名词，表示""里面、内部""</li><li>に：格助词，表示存在的场所</li><li>宝物（たからもの）：名词，表示""宝物、珍宝""</li><li>が：格助词，标示主语""宝物""</li><li>入っている（はいっている）：动词""入る""的テ形+いる，表示持续状态，意为""装着、放着""</li><li>语法要点：""～ている""表示动作的结果状态持续，这里指宝物处于被装在箱子里的状态</li></ol>",[sound:jlpt_vocabulary_in_sentence_箱.mp3]
箸,筷子,箸を使って魚を食べる。,用筷子吃鱼。,<ruby>箸<rt>はし</rt></ruby>を<ruby>使<rt>つか</rt></ruby>って<ruby>魚<rt>さかな</rt></ruby>を<ruby>食<rt>た</rt></ruby>べる。,<ol><li>箸（はし）：筷子，日本料理中最基本的餐具，通常成对使用</li><li>を：格助词，表示动作的直接对象</li><li>使って：动词「使う」的て形，表示手段或方法，「用...」的意思</li><li>魚（さかな）：鱼，日本饮食文化中的重要食材</li><li>食べる（たべる）：吃，一段动词的基本形</li><li>语法结构：「AをBて+动词」表示用B这种方法对A进行某种动作</li><li>文化背景：在日本，正确使用筷子是基本的餐桌礼仪，有很多使用规则和禁忌</li></ol>,[sound:jlpt_vocabulary_in_sentence_箸.mp3]
始まる,开始,新学期が来月から始まります。,新学期从下个月开始。,<ruby>新<rt>しん</rt></ruby><ruby>学期<rt>がっき</rt></ruby>が<ruby>来月<rt>らいげつ</rt></ruby>から<ruby>始まります<rt>はじまります</rt></ruby>。,<ol><li>新学期（しんがっき）：新的学期，由「新」（あたらしい的词干）+ 「学期」（がっき）构成</li><li>が：主格助词，标示主语「新学期」</li><li>来月（らいげつ）：下个月，表示时间</li><li>から：助词，表示起点，相当于中文的「从」</li><li>始まります（はじまります）：「始まる」的丁寧语形式，自动词，表示某事物自然开始。与他动词「始める」（开始做某事）区别使用</li><li>语法要点：「AがBから始まる」是常用句型，表示A从B开始。自动词强调事物自然发生的状态变化</li></ol>,[sound:jlpt_vocabulary_in_sentence_始まる.mp3]
初め; 始め,开始；最初,初めて日本語を勉強します。,我第一次学习日语。,<ruby>初<rt>はじ</rt></ruby>めて<ruby>日本語<rt>にほんご</rt></ruby>を<ruby>勉強<rt>べんきょう</rt></ruby>します。,"<ol><li>「初めて」（はじめて）：副词，表示""第一次""、""首次""的意思。这里的""初""字读作""はじ""，是""初め""的连用形加上接续助词""て""构成的副词形式。</li><li>「日本語」（にほんご）：名词，指""日语""。""日本""读作""にほん""，""語""读作""ご""，表示语言。</li><li>「を」：格助词，表示动作的对象，这里表示学习的对象是日语。</li><li>「勉強します」（べんきょうします）：动词""勉強する""的敬语形式，表示""学习""、""用功""的意思。""します""是""する""的丁宁语形式，用于正式或礼貌的场合。</li><li>语法要点：""初めて + 动词""是日语中表示""第一次做某事""的固定句型，副词""初めて""修饰整个谓语动词""勉強します""。</li></ol>",[sound:jlpt_vocabulary_in_sentence_初め; 始め.mp3]
初めて,第一次,初めて日本に行った時、とても緊張しました。,第一次去日本的时候，非常紧张。,<ruby>初めて<rt>はじめて</rt></ruby><ruby>日本<rt>にほん</rt></ruby>に<ruby>行った<rt>いった</rt></ruby><ruby>時<rt>とき</rt></ruby>、とても<ruby>緊張<rt>きんちょう</rt></ruby>しました。,<ol><li>初めて（はじめて）：副词，表示「第一次」，用来修饰动词或整个句子，强调某个动作或状态是首次发生</li><li>に：助词，表示移动的目的地或方向，这里与「行く」搭配使用</li><li>行った：动词「行く」的过去式，表示「去了」</li><li>時（とき）：名词，表示「时候」，常与过去式动词连用表示某个时间点</li><li>とても：副词，表示程度很高，相当于「非常」「很」</li><li>緊張しました：动词「緊張する」的过去式敬语形，表示「紧张了」</li><li>语法结构：「動詞た形＋時」表示「当...的时候」，是表示时间的重要句型</li><li>文化背景：日本人很重视「初めて」的体验，第一次做某事往往会留下深刻印象并被特别提及</li></ol>,[sound:jlpt_vocabulary_in_sentence_初めて.mp3]
走る,跑,毎朝公園を走る。,每天早上在公园跑步。,<ruby>毎朝<rt>まいあさ</rt></ruby><ruby>公園<rt>こうえん</rt></ruby>を<ruby>走る<rt>はしる</rt></ruby>。,"<ol><li>毎朝（まいあさ）：副词，表示""每天早上""，用来修饰动词""走る""，说明跑步的时间频率</li><li>公園（こうえん）：名词，表示""公园""，在句中作为地点</li><li>を：格助词，表示动作的场所或范围，这里表示在公园这个范围内进行跑步动作</li><li>走る（はしる）：五段动词，基本形，表示""跑""的动作，句末用基本形可以表示习惯性动作或一般性描述</li><li>语法要点：""场所+を+移动动词""是日语中表示在某个场所范围内进行移动动作的固定句型，类似的还有""空を飞ぶ""（在天空中飞）</li></ol>",[sound:jlpt_vocabulary_in_sentence_走る.mp3]
～など,等等、之类的,本や雑誌などを読みます。,我读书、杂志之类的。,<ruby>本<rt>ほん</rt></ruby>や<ruby>雑誌<rt>ざっし</rt></ruby>などを<ruby>読み<rt>よみ</rt></ruby>ます。,"<ol><li><strong>本（ほん）</strong>：书，名词</li><li><strong>や</strong>：表示列举的并列助词，相当于中文的""和""，但暗示还有其他未提及的项目</li><li><strong>雑誌（ざっし）</strong>：杂志，名词</li><li><strong>など</strong>：表示""等等、之类的""，用于列举的末尾，表示还有其他同类事物但未全部列出。常与""や""搭配使用</li><li><strong>を</strong>：宾格助词，表示动作的直接对象</li><li><strong>読みます（よみます）</strong>：""读""的敬语形式，动词""読む""的ます形</li><li><strong>语法要点</strong>：""AやBなど""是常用的列举表达方式，表示""A和B等等""，暗示还有其他同类项目。这种表达比完全列举更自然，常用于日常会话中</li></ol>",[sound:jlpt_vocabulary_in_sentence_～など.mp3]
名前,名字,あなたの名前は何ですか。,您的名字是什么？,あなたの<ruby>名前<rt>なまえ</rt></ruby>は<ruby>何<rt>なん</rt></ruby>ですか。,<ol><li>「あなた」：第二人称代词，意为「您、你」，比「君（きみ）」更礼貌正式</li><li>「の」：格助词，表示所属关系，连接「あなた」和「名前」</li><li>「名前（なまえ）」：名词，意为「名字、姓名」，是日常交流中的基础词汇</li><li>「は」：主题助词（读作wa），标示句子的主题「あなたの名前」</li><li>「何（なん）」：疑问词，意为「什么」，在「です」前读作「なん」</li><li>「です」：敬语系copula动词，相当于「である」的礼貌形，用于正式场合</li><li>「か」：疑问助词，置于句末构成疑问句</li><li>语法结构：这是典型的「AはBですか」句型，用于礼貌地询问信息，是初学者必掌握的基本句型</li></ol>,[sound:jlpt_vocabulary_in_sentence_名前.mp3]
～日,～日（某一天）,来月の十五日に友達と会います。,下个月15号要和朋友见面。,<ruby>来月<rt>らいげつ</rt></ruby>の<ruby>十五日<rt>じゅうごにち</rt></ruby>に<ruby>友達<rt>ともだち</rt></ruby>と<ruby>会<rt>あ</rt></ruby>います。,"<ol><li><strong>来月（らいげつ）</strong>：表示""下个月""的时间词汇</li><li><strong>十五日（じゅうごにち）</strong>：表示""15号""，日期的读音。1-10号多读作""ついたち、ふつか""等和语读音，11号以后多用音读</li><li><strong>に</strong>：时间助词，表示动作发生的具体时间点</li><li><strong>友達（ともだち）</strong>：朋友，常用词汇</li><li><strong>と</strong>：助词，表示""和某人一起""做某事</li><li><strong>会います（あいます）</strong>：""会面、见面""的敬语形式，动词""会う""的ます形</li><li><strong>语法要点</strong>：""时间+に+动词""表示在某个时间做某事；""人+と+动词""表示和某人一起做某事</li></ol>",[sound:jlpt_vocabulary_in_sentence_～日.mp3]
ノート,笔记本,新しいノートを買いました。,我买了一本新的笔记本。,<ruby>新<rt>あたら</rt></ruby>しいノートを<ruby>買<rt>か</rt></ruby>いました。,"<ol><li>新しい（あたらしい）：い形容词，意思是""新的""，修饰后面的名词ノート</li><li>ノート：外来语，来自英语""note""，表示笔记本</li><li>を：格助词，表示动作的直接宾语，这里标示""ノート""是""買う""的对象</li><li>買いました（かいました）：动词""買う""（买）的敬语过去式，表示已经完成的购买行为</li><li>句型结构：形容词+名词+を+动词，这是日语中最基本的句型之一，用来描述对某个事物进行的动作</li></ol>",[sound:jlpt_vocabulary_in_sentence_ノート.mp3]
パーティー,聚会，派对,今日は友達のパーティーに行きます。,今天要去朋友的聚会。,<ruby>今日<rt>きょう</rt></ruby>は<ruby>友達<rt>ともだち</rt></ruby>のパーティーに<ruby>行<rt>い</rt></ruby>きます。,<ol><li>今日（きょう）：表示「今天」，是时间名词，后接助词は表示主题</li><li>友達（ともだち）：表示「朋友」，后接の表示所属关系</li><li>パーティー：来自英语party的外来词，表示聚会或派对，片假名书写</li><li>に：表示目的地或方向的助词，相当于中文的「去」</li><li>行きます（いきます）：动词「行く」的敬语形式，表示「去」的意思，用于正式场合</li><li>句型结构：场所+に+行きます，是表达去某地的基本句型</li></ol>,[sound:jlpt_vocabulary_in_sentence_パーティー.mp3]
はい,是的,はい、わかりました。,是的，我明白了。,はい、わかりました。,<ol><li>「はい」：最常用的肯定回答词，相当于中文的「是的」「好的」，用于表示同意、确认或应答。比「ええ」更正式，适用于各种场合。</li><li>「わかりました」：动词「わかる」(理解、明白)的过去式丁寧形，表示「明白了」「理解了」。这是对他人说明或指示的标准回应，体现了日语中重视确认理解的交流习惯。</li><li>文法结构：这是典型的日语应答句式「はい＋内容确认」，先用「はい」表示积极回应，再用具体内容确认理解，体现了日语交流中的礼貌和明确性。</li></ol>,[sound:jlpt_vocabulary_in_sentence_はい.mp3]
橋,桥,この橋は古くて有名です。,这座桥很古老且很有名。,この<ruby>橋<rt>はし</rt></ruby>は<ruby>古<rt>ふる</rt></ruby>くて<ruby>有名<rt>ゆうめい</rt></ruby>です。,"<ol><li>この：指示代词，表示""这个""，用于指代离说话人较近的事物</li><li>橋（はし）：名词，意思是""桥""，是本句的主语</li><li>は：助词，读作""wa""，表示主题提示，标明""橋""是句子的主题</li><li>古（ふる）い：形容词，意思是""古老的""，这里使用了连用形""古くて""</li><li>くて：形容词连用形词尾，用于连接两个形容词或形容词与其他成分</li><li>有名（ゆうめい）：な形容词，意思是""有名的""，这里省略了""な""直接接""です""</li><li>です：敬语助动词，表示礼貌的断定，相当于""是""</li><li>语法点：本句使用了形容词连用形""古くて""连接两个性质描述，表示这座桥既古老又有名</li></ol>",[sound:jlpt_vocabulary_in_sentence_橋.mp3]
バス,公共汽车,毎朝八時にバスに乗って学校に行きます。,每天早上八点坐公交车去学校。,<ruby>毎朝<rt>まいあさ</rt></ruby><ruby>八時<rt>はちじ</rt></ruby>にバスに<ruby>乗って<rt>のって</rt></ruby><ruby>学校<rt>がっこう</rt></ruby>に<ruby>行き<rt>いき</rt></ruby>ます。,<ol><li>毎朝（まいあさ）：副词，表示「每天早上」，用于描述习惯性的时间</li><li>八時に：时间词+助词に，表示具体的时间点「在八点」</li><li>バスに乗って：动词「乗る」的て形+助词に，表示「坐上公交车」，に表示交通工具</li><li>学校に行きます：动词「行く」的敬语形，に表示目的地方向，整体表示「去学校」</li><li>语法要点：交通工具用「〜に乗る」表示搭乘，目的地用「〜に行く」表示前往方向</li></ol>,[sound:jlpt_vocabulary_in_sentence_バス.mp3]
バター,黄油,パンにバターを塗って食べます。,在面包上涂黄油来吃。,パンにバターを<ruby>塗<rt>ぬ</rt></ruby>って<ruby>食<rt>た</rt></ruby>べます。,"<ol><li>パン：面包，来自葡萄牙语的外来词，用片假名表示</li><li>に：格助词，表示动作的对象或场所，这里表示""在...上""</li><li>バター：黄油，来自英语butter的外来词，用片假名表示</li><li>を：格助词，表示动作的直接宾语</li><li>塗る（ぬる）：涂抹的动词，这里使用て形""塗って""</li><li>て形+动词：表示连续动作，""塗って食べる""意为""涂了之后吃""</li><li>食べます：吃的敬语形式，ます形表示礼貌语气</li><li>整句结构：场所+に+宾语+を+动词て形+动词ます形，表示在某处对某物进行连续动作</li></ol>",[sound:jlpt_vocabulary_in_sentence_バター.mp3]
二十歳,二十岁,息子は二十歳になりました。,儿子二十岁了。,<ruby>息子<rt>むすこ</rt></ruby>は<ruby>二十歳<rt>はたち</rt></ruby>になりました。,<ol><li>息子（むすこ）：儿子，男性子女的称呼</li><li>は：主题助词，标示句子的主语「息子」</li><li>二十歳（はたち）：二十岁的特殊读音，日语中20岁有专门的读法「はたち」，不读作「にじゅうさい」</li><li>に：助词，与动词「なる」搭配使用，表示变化的结果状态</li><li>なりました：动词「なる」的过去式敬语形，表示「变成了」「成为了」的意思</li><li>文化背景：在日本，二十岁是成人年龄，这一年会举行「成人式」庆祝活动，是人生重要的里程碑</li></ol>,[sound:jlpt_vocabulary_in_sentence_二十歳.mp3]
働く,工作,父は毎日会社で働いている。,父亲每天在公司工作。,<ruby>父<rt>ちち</rt></ruby>は<ruby>毎日<rt>まいにち</rt></ruby><ruby>会社<rt>かいしゃ</rt></ruby>で<ruby>働いている<rt>はたらいている</rt></ruby>。,<ol><li>父（ちち）：指自己的父亲，是谦逊的说法</li><li>は：主题助词，标示句子的主语</li><li>毎日（まいにち）：副词，表示每天、天天</li><li>会社（かいしゃ）：名词，公司</li><li>で：场所助词，表示动作发生的地点</li><li>働く（はたらく）：五段动词，意思是工作、劳动</li><li>働いている：働く的现在进行时形式，表示正在进行或持续的状态。构成方式是动词て形+いる</li><li>语法要点：动词て形+いる可以表示动作的持续状态或习惯性动作，在这里表示父亲持续在工作的状态</li></ol>,[sound:jlpt_vocabulary_in_sentence_働く.mp3]
八,八,私には八人の友達がいます。,我有八个朋友。,<ruby>私<rt>わたし</rt></ruby>には<ruby>八人<rt>はちにん</rt></ruby>の<ruby>友達<rt>ともだち</rt></ruby>がいます。,<ol><li>私（わたし）：第一人称代词，表示「我」</li><li>には：助词「に」+主题助词「は」，表示「对于我来说」</li><li>八人（はちにん）：数词「八」+量词「人」，表示八个人。日语中数人时需要使用专门的量词「人（にん）」</li><li>の：连体助词，连接修饰语和被修饰语，这里表示所属关系</li><li>友達（ともだち）：名词，表示朋友</li><li>が：主格助词，标示主语「八人の友達」</li><li>います：存在动词「いる」的敬语形，用于表示人或动物的存在，相当于中文的「有」或「在」</li><li>语法要点：「AにはBがいます」是日语中表示「A有B（人或动物）」的固定句型，其中A是拥有者，B是被拥有的人或动物</li></ol>,[sound:jlpt_vocabulary_in_sentence_八.mp3]
二十日,二十号，二十日,二十日に友達と映画を見に行く。,二十号和朋友一起去看电影。,<ruby>二十日<rt>はつか</rt></ruby>に<ruby>友達<rt>ともだち</rt></ruby>と<ruby>映画<rt>えいが</rt></ruby>を<ruby>見<rt>み</rt></ruby>に<ruby>行く<rt>いく</rt></ruby>。,"<ol><li>二十日（はつか）：表示日期""二十号""，是日语中特殊的日期读音，不读作""にじゅうにち""</li><li>に：时间助词，表示动作发生的具体时间点</li><li>友達（ともだち）：朋友，""達""是复数后缀但这里指单个朋友也可使用</li><li>と：并列助词，表示""和...一起""的意思</li><li>映画（えいが）：电影</li><li>を：宾格助词，标示动作的直接对象</li><li>見に行く（みにいく）：去看，""～に行く""表示为了某个目的而去某地</li></ol>",[sound:jlpt_vocabulary_in_sentence_二十日.mp3]
花,花,春になると、桜の花が咲きます。,春天到了，樱花就会盛开。,<ruby>春<rt>はる</rt></ruby>になると、<ruby>桜<rt>さくら</rt></ruby>の<ruby>花<rt>はな</rt></ruby>が<ruby>咲き<rt>さき</rt></ruby>ます。,<ol><li>春（はる）：名词，表示春天这个季节</li><li>に：时间助词，表示时间点或变化的结果</li><li>なる：动词，表示变化、变成的意思</li><li>と：接续助词，表示条件，相当于中文的「一旦」「如果」</li><li>桜（さくら）：名词，樱花树</li><li>の：连体助词，表示所属关系</li><li>花（はな）：名词，花朵</li><li>が：主语助词，标示主语</li><li>咲く（さく）：动词，表示花朵盛开</li><li>ます：敬语助动词，表示礼貌语气</li><li>「〜になると」语法：表示时间变化的条件句，意思是「一到〜时候」「当〜的时候」</li><li>文化背景：日本人对樱花有特殊情感，春天赏樱（花見）是重要的文化活动</li></ol>,[sound:jlpt_vocabulary_in_sentence_花.mp3]
鼻,鼻子,彼女は鼻が高くて美人です。,她鼻梁很高，是个美人。,<ruby>彼女<rt>かのじょ</rt></ruby>は<ruby>鼻<rt>はな</rt></ruby>が<ruby>高く<rt>たかく</rt></ruby>て<ruby>美人<rt>びじん</rt></ruby>です。,<ol><li>彼女（かのじょ）：代词，表示「她」，指代女性第三人称</li><li>は：主题助词，标示句子的主题「彼女」</li><li>鼻（はな）：名词，表示「鼻子」，本句中指鼻梁</li><li>が：主格助词，标示「鼻」是形容词「高い」的主语</li><li>高く（たかく）：形容词「高い」的连用形，表示「高」的状态</li><li>て：连接助词，连接两个并列的状态或动作</li><li>美人（びじん）：名词，表示「美人、漂亮的人」</li><li>です：敬语助动词，表示断定，使语气更加礼貌</li><li>语法要点：「鼻が高い」是日语中表达「鼻梁高挺」的固定说法，常用来形容容貌端正。句型「AてB」表示并列关系，即「既A又B」</li></ol>,[sound:jlpt_vocabulary_in_sentence_鼻.mp3]
話,说话，谈话,友達と楽しい話をしました。,和朋友进行了愉快的谈话。,<ruby>友達<rt>ともだち</rt></ruby>と<ruby>楽<rt>たの</rt></ruby>しい<ruby>話<rt>はなし</rt></ruby>をしました。,<ol><li><strong>友達</strong>（ともだち）：朋友，名词。在日语中是日常生活中最常用的表示朋友关系的词汇。</li><li><strong>と</strong>：助词，表示「和」的意思，用于连接名词表示共同行为的对象。</li><li><strong>楽しい</strong>（たのしい）：形容词，表示「快乐的、愉快的」。い形容词的连体形，修饰后面的名词「話」。</li><li><strong>話</strong>（はなし）：名词，表示「谈话、故事、话题」等。这是本句的核心词汇，可以指具体的对话内容。</li><li><strong>を</strong>：宾格助词，表示动作的直接对象。</li><li><strong>しました</strong>：动词「する」的过去时敬语形式，表示「做了」。「話をする」是固定搭配，意思是「进行谈话」。</li><li><strong>语法要点</strong>：这个句子使用了「AとBをする」的句型，表示「和A一起做B」。过去时的使用表明这个谈话已经结束。</li></ol>,[sound:jlpt_vocabulary_in_sentence_話.mp3]
話す,说话，讲话,先生は日本語を話します。,老师说日语。,<ruby>先生<rt>せんせい</rt></ruby>は<ruby>日本語<rt>にほんご</rt></ruby>を<ruby>話<rt>はな</rt></ruby>します。,<ol><li>先生（せんせい）：敬语，指老师或先生，在日语中是对教育工作者的尊称</li><li>は：主格助词，读作「wa」，用来标示句子的主语「先生」</li><li>日本語（にほんご）：日语，指日本的语言</li><li>を：宾格助词，读作「o」，用来标示动作的对象「日本語」</li><li>話します（はなします）：动词「話す」的丁寧语形式，表示「说话、讲话」的意思，用于正式或礼貌的场合</li><li>语法结构：主语＋は＋宾语＋を＋动词，这是日语中最基本的句型结构</li></ol>,[sound:jlpt_vocabulary_in_sentence_話す.mp3]
母,母亲,母は毎日私に弁当を作ってくれる。,母亲每天都给我做便当。,<ruby>母<rt>はは</rt></ruby>は<ruby>毎日<rt>まいにち</rt></ruby><ruby>私<rt>わたし</rt></ruby>に<ruby>弁当<rt>べんとう</rt></ruby>を<ruby>作<rt>つく</rt></ruby>ってくれる。,<ol><li><strong>母（はは）</strong>：指自己的母亲，是谦让语。对外人说到自己家人时使用。区别于「お母さん」，后者是尊敬语，用于称呼他人的母亲或直接对母亲说话。</li><li><strong>毎日（まいにち）</strong>：副词，表示「每天」。</li><li><strong>私（わたし）</strong>：第一人称代词「我」，比较正式礼貌的表达。</li><li><strong>に</strong>：格助词，表示动作的对象或方向，这里表示「给我」。</li><li><strong>弁当（べんとう）</strong>：便当，日本传统的盒装餐食。</li><li><strong>を</strong>：格助词，表示动作的直接宾语。</li><li><strong>作って</strong>：动词「作る」的て形，表示动作的连接。</li><li><strong>くれる</strong>：补助动词，表示他人为说话人做某事，含有感谢之意。「作ってくれる」表示「为我做」。</li><li><strong>语法结构</strong>：主语+时间+对象+宾语+动词，体现了日语SOV（主谓宾）的基本语序。</li></ol>,[sound:jlpt_vocabulary_in_sentence_母.mp3]
早い,早的，快的,今朝は早い時間に起きました。,今天早上我在很早的时间起床了。,<ruby>今朝<rt>けさ</rt></ruby>は<ruby>早い<rt>はやい</rt></ruby><ruby>時間<rt>じかん</rt></ruby>に<ruby>起きました<rt>おきました</rt></ruby>。,"<ol><li>今朝（けさ）：表示""今天早上""，是时间词汇</li><li>は：主题助词，标示句子的主题</li><li>早い（はやい）：い形容词，表示""早的、快的""，这里修饰时间</li><li>時間（じかん）：名词，表示""时间""</li><li>に：时间助词，表示动作发生的具体时间点</li><li>起きました（おきました）：动词""起きる""的过去时敬语形，表示""起床了""</li><li>语法结构：这是一个典型的""时间+に+动词""句型，表示在某个时间做某事</li></ol>",[sound:jlpt_vocabulary_in_sentence_早い.mp3]
速い,快的，迅速的,この電車は速いですね。,这辆电车很快呢。,この<ruby>電車<rt>でんしゃ</rt></ruby>は<ruby>速い<rt>はやい</rt></ruby>ですね。,<ol><li>この：指示词，表示「这个」，用于指代距离说话者较近的事物</li><li>電車（でんしゃ）：名词，表示「电车」，是日本常见的交通工具</li><li>は：助词，读作「わ」，表示主题提示，标明句子的主语</li><li>速い（はやい）：い形容词，表示「快的、迅速的」，可以修饰动作或物体的速度</li><li>です：敬语助动词，表示礼貌的断定，相当于中文的「是」</li><li>ね：终助词，表示寻求对方同意或感叹，相当于中文的「呢、吧」</li><li>语法结构：この+名词+は+い形容词+です+ね，是典型的日语描述句型，用敬语形式表达对事物性质的评价</li></ol>,[sound:jlpt_vocabulary_in_sentence_速い.mp3]
春,春天,春になると桜が咲きます。,到了春天樱花就会开放。,<ruby>春<rt>はる</rt></ruby>になると<ruby>桜<rt>さくら</rt></ruby>が<ruby>咲<rt>さ</rt></ruby>きます。,<ol><li>春（はる）：春天，四季之一。在日本文化中，春天与樱花盛开紧密相关，是新学期和新年度的开始。</li><li>になる：表示变化或状态的转变，这里指时间推移到某个季节。</li><li>と：条件助词，表示「一旦...就...」的条件关系，相当于中文的「一到...就」。</li><li>桜（さくら）：樱花，日本的国花，春天的象征。赏樱（花见）是日本重要的文化活动。</li><li>が：主格助词，标示句子的主语「桜」。</li><li>咲く（さく）：动词，表示花朵开放、绽放。这里使用敬语形「咲きます」。</li><li>文化背景：这句话体现了日本人对季节变化的敏感和对樱花的特殊情感，春天赏樱是日本最重要的传统活动之一。</li></ol>,[sound:jlpt_vocabulary_in_sentence_春.mp3]
貼る,贴，粘贴,壁にポスターを貼りました。,在墙上贴了海报。,<ruby>壁<rt>かべ</rt></ruby>にポスターを<ruby>貼り<rt>はり</rt></ruby>ました。,<ol><li>壁（かべ）：墙壁，名词</li><li>に：表示动作的场所或位置的格助词</li><li>ポスター：海报，外来词</li><li>を：表示动作对象的格助词</li><li>貼る（はる）：贴、粘贴的动词，这里使用了过去时的礼貌形「貼りました」</li><li>语法结构：「場所に　物を　動詞」表示在某个地方对某物进行动作</li><li>动词变位：貼る → 貼ります（礼貌形现在时）→ 貼りました（礼貌形过去时）</li></ol>,[sound:jlpt_vocabulary_in_sentence_貼る.mp3]
晴れ,晴天,今日は晴れて気持ちがいいです。,今天天气晴朗，心情很好。,<ruby>今日<rt>きょう</rt></ruby>は<ruby>晴れ<rt>はれ</rt></ruby>て<ruby>気持ち<rt>きもち</rt></ruby>がいいです。,<ol><li>今日（きょう）：表示「今天」的时间词，在句中作时间状语</li><li>は：主题助词，提示「今日」是句子讨论的话题</li><li>晴れて：动词「晴れる」的て形，表示天气晴朗的状态，这里用て形连接后面的内容</li><li>気持ちがいい：固定表达，表示「心情舒畅、感觉良好」，気持ち（きもち）意为心情、感觉</li><li>です：敬语助动词，使句子变为丝寸敬语，适用于正式场合</li><li>语法要点：て形+形容词是常见的并列表达方式，表示两个状态同时存在</li></ol>,[sound:jlpt_vocabulary_in_sentence_晴れ.mp3]
晴れる,晴天，天气转晴,明日は晴れるでしょう。,明天应该会是晴天吧。,<ruby>明日<rt>あした</rt></ruby>は<ruby>晴れる<rt>はれる</rt></ruby>でしょう。,"<ol><li>明日（あした）：表示""明天""的时间名词，是日常会话中最常用的表达方式</li><li>は：助词，在此句中标示主题，读音为""わ""而非""は""</li><li>晴れる（はれる）：一类动词，表示""天气转晴、放晴""，词干是""晴れ""</li><li>でしょう：推量助动词""だろう""的敬语形式，表示说话者的推测或判断，相当于中文的""应该会...吧""、""大概会...""</li><li>语法结构：这是一个典型的""主语+は+动词+でしょう""句型，用于表达对未来事态的礼貌推测</li></ol>",[sound:jlpt_vocabulary_in_sentence_晴れる.mp3]
半,一半,この本を半分読みました。,这本书我读了一半。,この<ruby>本<rt>ほん</rt></ruby>を<ruby>半分<rt>はんぶん</rt></ruby><ruby>読み<rt>よみ</rt></ruby>ました。,<ol><li>この：指示词，表示「这个」，用来指代离说话人较近的事物</li><li>本（ほん）：名词，表示「书」</li><li>を：宾格助词，标记动作的对象</li><li>半分（はんぶん）：名词，表示「一半、半分」，「半」字在此处读作「はん」</li><li>読み（よみ）：动词「読む（よむ）」的连用形，表示「读」</li><li>ました：敬语助动词，表示过去时的敬语形式，相当于「做了」</li><li>语法要点：「半」可以单独使用表示「一半」，也可以组成「半分」；在时间表达中读作「はん」如「三時半（さんじはん）」表示三点半</li></ol>,[sound:jlpt_vocabulary_in_sentence_半.mp3]
晩,晚上，傍晚,今晩は友達と映画を見に行きます。,今晚要和朋友一起去看电影。,<ruby>今晩<rt>こんばん</rt></ruby>は<ruby>友達<rt>ともだち</rt></ruby>と<ruby>映画<rt>えいが</rt></ruby>を<ruby>見<rt>み</rt></ruby>に<ruby>行<rt>い</rt></ruby>きます。,"<ol><li><strong>今晩（こんばん）</strong>：表示""今天晚上""的时间词汇，由""今""（きょう的缩略）+""晩""（ばん）构成，是日常会话中常用的时间表达。</li><li><strong>友達と</strong>：""友達""意为朋友，助词""と""表示""和...一起""的共同行为，用于表示动作的伴随对象。</li><li><strong>映画を見に行く</strong>：这是""动词连用形+に+行く""的语法结构，表示""去做某事""的目的。""見に""是""見る""的连用形+""に""，""行きます""是""行く""的敬语形式。整体意思是""去看电影""。</li><li><strong>敬语表达</strong>：句末使用""ます""形，这是日语中的丁寧语（礼貌语），适用于正式场合或对长辈、不熟悉的人说话时使用。</li></ol>",[sound:jlpt_vocabulary_in_sentence_晩.mp3]
～番,第…号,私は3番の席に座っています。,我坐在3号座位上。,<ruby>私<rt>わたし</rt></ruby>は<ruby>3<rt>さん</rt></ruby><ruby>番<rt>ばん</rt></ruby>の<ruby>席<rt>せき</rt></ruby>に<ruby>座<rt>すわ</rt></ruby>っています。,<ol><li>「～番」：接尾词，表示顺序或编号。前面接数字，表示「第几号」「第几个」的意思。例如：1番（いちばん）第一号、2番（にばん）第二号等。</li><li>「座っています」：动词「座る」（すわる）的敬语形式「座ります」的现在进行时态。「て形+います」表示现在正在进行的状态或动作的持续。</li><li>「席」（せき）：座位、席位的意思。在日本，很多场合都有指定座位的习惯，如电车、剧场、会议室等，座位通常用数字编号。</li></ol>,[sound:jlpt_vocabulary_in_sentence_～番.mp3]
パン,面包,朝ごはんにパンを食べます。,早餐吃面包。,<ruby>朝<rt>あさ</rt></ruby>ごはんにパンを<ruby>食べます<rt>たべます</rt></ruby>。,<ol><li>朝ごはん（あさごはん）：早餐，由「朝」（早晨）+「ごはん」（米饭/餐）组成</li><li>に：时间助词，表示动作发生的时间点</li><li>パン：外来语，来源于葡萄牙语pão，意思是面包</li><li>を：宾格助词，标示动作的直接对象</li><li>食べます（たべます）：动词「食べる」的敬语形，表示「吃」的动作</li><li>句型「AにBを食べます」：在A时间吃B，是日语表达用餐时间的基本句型</li></ol>,[sound:jlpt_vocabulary_in_sentence_パン.mp3]
ハンカチ,手帕,新しいハンカチを買いました。,我买了一条新手帕。,<ruby>新<rt>あたら</rt></ruby>しいハンカチを<ruby>買<rt>か</rt></ruby>いました。,"<ol><li>新しい（あたらしい）：い形容词，意为""新的""，修饰后面的名词ハンカチ</li><li>ハンカチ：外来语，来自英语handkerchief，意为""手帕""</li><li>を：格助词，表示动作的直接对象，这里表示""ハンカチ""是购买的对象</li><li>買いました（かいました）：动词""買う""的过去时丁寧形，表示""买了""的意思，用于正式或礼貌的场合</li><li>句子结构：形容词+名词+を+动词，这是日语中描述""做了某事""的基本句型</li></ol>",[sound:jlpt_vocabulary_in_sentence_ハンカチ.mp3]
番号,编号，番号,この商品の番号を教えてください。,请告诉我这个商品的编号。,この<ruby>商品<rt>しょうひん</rt></ruby>の<ruby>番号<rt>ばんごう</rt></ruby>を<ruby>教えて<rt>おしえて</rt></ruby>ください。,"<ol><li>この：指示代词，表示""这个""，用于指代距离说话人较近的事物</li><li>商品（しょうひん）：名词，表示""商品、货物""</li><li>の：格助词，表示所属关系，连接修饰语和被修饰语</li><li>番号（ばんごう）：名词，表示""编号、号码""，用于标识物品或文件的序列号</li><li>を：格助词，表示动作的直接宾语</li><li>教えて（おしえて）：动词""教える""的て形，表示""告诉、教导""</li><li>ください：敬语表现，与动词て形结合表示礼貌的请求，相当于""请～""</li><li>句型""～を教えてください""：常用的礼貌请求句型，用于请求他人告知信息</li></ol>",[sound:jlpt_vocabulary_in_sentence_番号.mp3]
晩御飯,晚饭,今日の晩御飯は美味しかった。,今天的晚饭很好吃。,<ruby>今日<rt>きょう</rt></ruby>の<ruby>晩御飯<rt>ばんごはん</rt></ruby>は<ruby>美味<rt>おい</rt></ruby>しかった。,<ol><li><strong>今日（きょう）</strong>：表示「今天」，时间名词</li><li><strong>の</strong>：格助词，表示所属关系，连接「今日」和「晩御飯」</li><li><strong>晩御飯（ばんごはん）</strong>：目标单词，意思是「晚饭、晚餐」，是比较正式礼貌的说法</li><li><strong>は</strong>：主题助词，标示句子的主题</li><li><strong>美味しかった（おいしかった）</strong>：い形容词「美味しい」的过去式，表示「好吃的、美味的」过去状态</li><li><strong>语法要点</strong>：この文は「AはBでした」の構造で、い形容词的过去式活用规则是去掉「い」加「かった」</li></ol>,[sound:jlpt_vocabulary_in_sentence_晩御飯.mp3]
半分,一半,この仕事は半分終わった。,这个工作完成了一半。,この<ruby>仕事<rt>しごと</rt></ruby>は<ruby>半分<rt>はんぶん</rt></ruby><ruby>終<rt>お</rt></ruby>わった。,<ol><li>この：指示连体词，表示「这个」，修饰后面的名词「仕事」</li><li>仕事（しごと）：名词，意为「工作」</li><li>は：主题助词，标示主题「この仕事」</li><li>半分（はんぶん）：名词，表示「一半、半数」，在句中作状语修饰动词</li><li>終わった（おわった）：动词「終わる」的过去式，表示「结束了、完成了」</li><li>句型分析：「名词＋は＋半分＋动词」表示某事物进行到一半的状态</li></ol>,[sound:jlpt_vocabulary_in_sentence_半分.mp3]
東,东方，东边,東の空が明るくなってきた。,东边的天空变明亮了。,<ruby>東<rt>ひがし</rt></ruby>の<ruby>空<rt>そら</rt></ruby>が<ruby>明<rt>あか</rt></ruby>るくなってきた。,"<ol><li><strong>東（ひがし）</strong>：名词，表示""东方、东边""的方位词。在日语中，方位词东西南北分别为：東（ひがし）、西（にし）、南（みなみ）、北（きた）。</li><li><strong>の</strong>：格助词，表示所属关系，连接""東""和""空""，意为""东边的天空""。</li><li><strong>空（そら）</strong>：名词，意为""天空""。</li><li><strong>が</strong>：格助词，标示主语""空""。</li><li><strong>明るく</strong>：形容词""明るい""（明亮的）的副词形，通过""い""变""く""构成，用来修饰动词""なる""。</li><li><strong>なってきた</strong>：""なる""（变成）的过去完成时+""くる""的过去时，表示""逐渐变成""的状态变化，强调从过去开始到现在的渐进过程。</li></ol>",[sound:jlpt_vocabulary_in_sentence_東.mp3]
～匹,匹（量词）,公園で三匹の犬が遊んでいる。,公园里有三只狗在玩耍。,<ruby>公園<rt>こうえん</rt></ruby>で<ruby>三匹<rt>さんびき</rt></ruby>の<ruby>犬<rt>いぬ</rt></ruby>が<ruby>遊<rt>あそ</rt></ruby>んでいる。,<ol><li><strong>公園で</strong>：「公園（こうえん）」表示公园，「で」是场所助词，表示动作进行的场所</li><li><strong>三匹の犬</strong>：「三匹（さんびき）」是数量词，「匹」用于计数小动物如狗、猫、鱼等，注意读音变化为「びき」；「の」表示修饰关系</li><li><strong>が遊んでいる</strong>：「が」是主格助词标示主语；「遊んでいる（あそんでいる）」是「遊ぶ」的进行时态，表示正在玩耍的状态</li><li><strong>匹的读音变化</strong>：一匹（いっぴき）、二匹（にひき）、三匹（さんびき）等，会发生连浊现象，需要特别记忆</li></ol>,[sound:jlpt_vocabulary_in_sentence_～匹.mp3]
引く,拉，拖；查阅,辞書を引いて新しい言葉を調べます。,查阅词典来查找新的词汇。,<ruby>辞書<rt>じしょ</rt></ruby>を<ruby>引い<rt>ひい</rt></ruby>て<ruby>新しい<rt>あたらしい</rt></ruby><ruby>言葉<rt>ことば</rt></ruby>を<ruby>調べ<rt>しらべ</rt></ruby>ます。,"<ol><li>辞書（じしょ）：词典，名词</li><li>を：宾语助词，表示动作的对象</li><li>引く（ひく）：本句中表示""查阅""的意思，是五段动词，这里使用连用形""引いて""</li><li>て：接续助词，连接两个动作，表示前一个动作为后一个动作的手段或方式</li><li>新しい（あたらしい）：新的，い形容词作定语修饰""言葉""</li><li>言葉（ことば）：词汇、话语，名词</li><li>調べる（しらべる）：调查、查找，一段动词，这里使用敬语形""調べます""</li><li>语法要点：""引く""在不同语境中有多种含义，除了基本的""拉、拖""之外，还可以表示""查阅""（词典等）、""演奏""（乐器）、""画""（线）等意思</li></ol>",[sound:jlpt_vocabulary_in_sentence_引く.mp3]
弾く,弹奏；弹开,彼女はピアノを弾くのが上手です。,她很擅长弹钢琴。,<ruby>彼女<rt>かのじょ</rt></ruby>はピアノを<ruby>弾く<rt>ひく</rt></ruby>のが<ruby>上手<rt>じょうず</rt></ruby>です。,"<ol><li>彼女（かのじょ）- 代词，表示""她""，是对第三人称女性的敬语表达</li><li>ピアノ - 外来语，来自英语""piano""，表示钢琴</li><li>弾く（ひく）- 五段动词，基本含义是""弹奏""乐器或""拉""弦乐器，也可表示""弹开""物体</li><li>のが - 连体助词""の""将动词""弾く""名词化，""が""作为主格助词标示主语</li><li>上手（じょうず）- 形容动词，表示""擅长""、""熟练""的意思</li><li>です - 敬语助动词，表示礼貌的断定，相当于""是""</li><li>语法结构：这是一个""AはBが上手です""的句型，表示""A擅长B""，其中B通常是动作或技能</li></ol>",[sound:jlpt_vocabulary_in_sentence_弾く.mp3]
低い,低的；矮的,この机は低いですね。,这张桌子很低呢。,この<ruby>机<rt>つくえ</rt></ruby>は<ruby>低い<rt>ひくい</rt></ruby>ですね。,<ol><li>「この」：指示词，表示「这个」，用于指代距离说话者较近的事物</li><li>「机（つくえ）」：名词，表示桌子、书桌</li><li>「は」：助词，读作「wa」，表示主题标记，在句中标示主语</li><li>「低い（ひくい）」：い形容词，表示「低的、矮的」，可以形容高度、声音、价格等</li><li>「です」：敬语助动词，表示礼貌的断定，相当于「是」</li><li>「ね」：终助词，表示确认、感叹或寻求同意的语气</li></ol>,[sound:jlpt_vocabulary_in_sentence_低い.mp3]
飛行機,飞机,飛行機で東京に行きます。,乘飞机去东京。,<ruby>飛行機<rt>ひこうき</rt></ruby>で<ruby>東京<rt>とうきょう</rt></ruby>に<ruby>行<rt>い</rt></ruby>きます。,"<ol><li>飛行機（ひこうき）：飞机，交通工具名词</li><li>で：助词，表示手段、方法，相当于中文的""用""、""乘""</li><li>東京（とうきょう）：东京，日本首都名称</li><li>に：助词，表示移动的目的地，相当于中文的""到""、""去""</li><li>行きます（いきます）：动词""行く""的敬语形式，表示""去""的意思</li><li>语法结构：交通工具+で+目的地+に+行きます，这是日语中表达乘坐某种交通工具去某地的基本句型</li></ol>",[sound:jlpt_vocabulary_in_sentence_飛行機.mp3]
左,左边,私の家は駅の左にあります。,我家在车站的左边。,<ruby>私<rt>わたし</rt></ruby>の<ruby>家<rt>いえ</rt></ruby>は<ruby>駅<rt>えき</rt></ruby>の<ruby>左<rt>ひだり</rt></ruby>にあります。,<ol><li>私（わたし）：第一人称代词「我」，比较正式礼貌的说法</li><li>家（いえ）：名词「家」，指住所或房屋</li><li>駅（えき）：名词「车站」，指火车站或电车站</li><li>左（ひだり）：名词「左边」，表示方位，与右（みぎ）相对</li><li>の：格助词，表示所属关系，「私の家」意为「我的家」；「駅の左」意为「车站的左边」</li><li>は：主题助词，标示句子的主题「私の家」</li><li>に：格助词，表示存在的场所</li><li>あります：动词「ある」的敬语形式，表示某物存在于某处，用于无生命物体</li><li>句型「AはBにあります」：表示「A位于B」，是描述位置的基本句型</li></ol>,[sound:jlpt_vocabulary_in_sentence_左.mp3]
人,人,この人は私の友達です。,这个人是我的朋友。,この<ruby>人<rt>ひと</rt></ruby>は<ruby>私<rt>わたし</rt></ruby>の<ruby>友達<rt>ともだち</rt></ruby>です。,<ol><li><strong>この</strong>：连体词，表示「这个」，用来修饰后面的名词</li><li><strong>人（ひと）</strong>：名词，表示「人」，可以指代任何人</li><li><strong>は</strong>：助词，表示主题，读作「わ」</li><li><strong>私（わたし）</strong>：人称代词，表示「我」，比较正式礼貌的说法</li><li><strong>の</strong>：格助词，表示所属关系，相当于中文的「的」</li><li><strong>友達（ともだち）</strong>：名词，表示「朋友」</li><li><strong>です</strong>：敬语动词，表示「是」，用于正式场合，使句子更礼貌</li></ol>,[sound:jlpt_vocabulary_in_sentence_人.mp3]
一つ,一个,机の上にりんごが一つあります。,桌子上有一个苹果。,<ruby>机<rt>つくえ</rt></ruby>の<ruby>上<rt>うえ</rt></ruby>にりんごが<ruby>一つ<rt>ひとつ</rt></ruby>あります。,<ol><li>机（つくえ）：桌子，桌案</li><li>の：格助词，表示所属关系，连接「机」和「上」</li><li>上（うえ）：上面，表示位置</li><li>に：格助词，表示存在的场所</li><li>りんご：苹果，平假名写法</li><li>が：格助词，表示主语，这里标示存在的对象</li><li>一つ（ひとつ）：一个，日语固有数词，用于计数物品个数</li><li>あります：动词「ある」的敬语形，表示存在，用于无生命物体</li><li>句型「AにBがあります」：表示「在A处有B」，是日语基本存在句型</li><li>日语数词分为汉语数词（一、二、三）和固有数词（一つ、二つ、三つ），固有数词常用于计数1-10的物品</li></ol>,[sound:jlpt_vocabulary_in_sentence_一つ.mp3]
一月,一月,一月は新年の始まりです。,一月是新年的开始。,<ruby>一月<rt>いちがつ</rt></ruby>は<ruby>新年<rt>しんねん</rt></ruby>の<ruby>始まり<rt>はじまり</rt></ruby>です。,<ol><li>一月（いちがつ）：表示一年中的第一个月，日语中月份的表达方式是数字+月（がつ）</li><li>は：助词，表示主题，这里标示「一月」是句子的主题</li><li>新年（しんねん）：指新的一年，特别是一月一日开始的新年期间</li><li>の：连体助词，表示所属关系，连接「新年」和「始まり」</li><li>始まり（はじまり）：名词，表示开始、起始的意思</li><li>です：敬语动词，表示断定，相当于中文的「是」</li><li>文化背景：在日本，一月是非常重要的月份，包含正月（しょうがつ）等重要节日，是一年的开始</li></ol>,[sound:jlpt_vocabulary_in_sentence_一月.mp3]
一人,一个人,今日は一人で映画を見に行きます。,今天我一个人去看电影。,<ruby>今日<rt>きょう</rt></ruby>は<ruby>一人<rt>ひとり</rt></ruby>で<ruby>映画<rt>えいが</rt></ruby>を<ruby>見<rt>み</rt></ruby>に<ruby>行<rt>い</rt></ruby>きます。,"<ol><li>今日（きょう）：表示""今天""，是时间名词</li><li>は：主题助词，提示句子的主题</li><li>一人（ひとり）：表示""一个人""，数量词+人的组合</li><li>で：方法、手段助词，表示""用...方法""或""以...状态""</li><li>映画（えいが）：表示""电影""的名词</li><li>を：宾语助词，标示动作的对象</li><li>見に行く（みにいく）：复合动词，表示""去看""，由""見る""（看）+""に""（目的助词）+""行く""（去）构成</li><li>ます：丁宁语尾，表示礼貌的语气，用于正式场合</li><li>语法要点：""一人で""是固定搭配，表示独自一人做某事的状态</li></ol>",[sound:jlpt_vocabulary_in_sentence_一人.mp3]
暇,空闲，闲暇,今日は暇だから、映画を見よう。,今天有空，所以看电影吧。,<ruby>今日<rt>きょう</rt></ruby>は<ruby>暇<rt>ひま</rt></ruby>だから、<ruby>映画<rt>えいが</rt></ruby>を<ruby>見<rt>み</rt></ruby>よう。,"<ol><li><strong>今日（きょう）</strong>：时间名词，表示""今天""</li><li><strong>は</strong>：主题助词，提示主题</li><li><strong>暇（ひま）</strong>：形容动词，表示""空闲的、有空的""，作谓语时用""暇だ""的形式</li><li><strong>だから</strong>：接续助词，表示原因理由，""因为...所以""</li><li><strong>映画（えいが）を見る</strong>：""看电影""，を是宾语助词，标示动作对象</li><li><strong>見よう</strong>：动词""見る""的意志形，表示说话人的意志或提议，相当于""看吧、去看""</li><li>整句语法结构：【原因从句】だから、【结果从句】的因果关系表达方式</li></ol>",[sound:jlpt_vocabulary_in_sentence_暇.mp3]
百,百,この店には百種類の商品がある。,这家店有一百种商品。,この<ruby>店<rt>みせ</rt></ruby>には<ruby>百<rt>ひゃく</rt></ruby><ruby>種類<rt>しゅるい</rt></ruby>の<ruby>商品<rt>しょうひん</rt></ruby>がある。,<ol><li>「この」：指示代词，表示「这个」，用于指代距离说话者较近的事物</li><li>「店」(みせ)：名词，表示「商店」</li><li>「には」：助词组合，「に」表示存在的场所，「は」表示主题，强调「在这家店里」</li><li>「百」(ひゃく)：数词，表示数字「100」，是基础的数量词</li><li>「種類」(しゅるい)：名词，表示「种类、类型」</li><li>「の」：连体助词，连接「百種類」和「商品」，表示修饰关系</li><li>「商品」(しょうひん)：名词，表示「商品、货物」</li><li>「がある」：存在表现，「が」是主格助词，「ある」表示无生命物体的存在</li></ol>,[sound:jlpt_vocabulary_in_sentence_百.mp3]
病院,医院,母は病院で働いています。,母亲在医院工作。,<ruby>母<rt>はは</rt></ruby>は<ruby>病院<rt>びょういん</rt></ruby>で<ruby>働<rt>はたら</rt></ruby>いています。,<ol><li>母（はは）- 指称自己的母亲，是谦逊的表达方式</li><li>は - 主题助词，标示句子的主语</li><li>病院（びょういん）- 医院，目标单词</li><li>で - 场所助词，表示动作发生的地点</li><li>働いています（はたらいています）- 「働く」的现在进行时敬语形式，表示持续的工作状态</li></ol>,[sound:jlpt_vocabulary_in_sentence_病院.mp3]
病気,疾病，生病,兄は病気で学校を休んだ。,哥哥因为生病请假没去学校。,<ruby>兄<rt>あに</rt></ruby>は<ruby>病気<rt>びょうき</rt></ruby>で<ruby>学校<rt>がっこう</rt></ruby>を<ruby>休<rt>やす</rt></ruby>んだ。,"<ol><li>兄（あに）- 名词，指哥哥，用于称呼自己的兄长</li><li>は - 主题助词，标示句子的主题</li><li>病気（びょうき）- 名词，疾病、生病的状态</li><li>で - 助词，表示原因理由，相当于中文的""因为""</li><li>学校（がっこう）- 名词，学校</li><li>を - 宾格助词，标示动作的对象</li><li>休む（やすむ）- 动词，休息、请假，这里是过去式「休んだ」</li><li>语法要点：「病気で」是典型的原因表达方式，""で""接在名词后表示原因或理由</li></ol>",[sound:jlpt_vocabulary_in_sentence_病気.mp3]
平仮名,平假名,平仮名は日本語の基本的な文字です。,平假名是日语的基本文字。,<ruby>平仮名<rt>ひらがな</rt></ruby>は<ruby>日本語<rt>にほんご</rt></ruby>の<ruby>基本的<rt>きほんてき</rt></ruby>な<ruby>文字<rt>もじ</rt></ruby>です。,<ol><li>平仮名（ひらがな）：日语的基本音节文字，共46个字符，用于表示日语的所有音节</li><li>は：助词，读作「wa」，表示主题标记，标明句子的主语</li><li>日本語（にほんご）：日语，指日本国的语言</li><li>の：助词，表示所属关系，相当于中文的「的」</li><li>基本的（きほんてき）：形容动词，意为「基本的、基础的」，修饰后面的名词</li><li>な：形容动词的连体形语尾，用来修饰名词</li><li>文字（もじ）：文字、字符的意思</li><li>です：敬语助动词，表示断定，相当于中文的「是」，使语气更加礼貌</li><li>语法结构：「AはBです」是日语最基本的句型，表示「A是B」的判断句</li></ol>,[sound:jlpt_vocabulary_in_sentence_平仮名.mp3]
昼,白天，正午,昼に友達と公園で遊んだ。,白天和朋友在公园玩了。,<ruby>昼<rt>ひる</rt></ruby>に<ruby>友達<rt>ともだち</rt></ruby>と<ruby>公園<rt>こうえん</rt></ruby>で<ruby>遊んだ<rt>あそんだ</rt></ruby>。,<ol><li>昼（ひる）：名词，表示「白天、正午」的意思，与「夜（よる）」相对</li><li>に：时间助词，接在时间名词后面，表示动作发生的时间点</li><li>友達（ともだち）：名词，意为「朋友」</li><li>と：助词，表示「和、与」，用于连接人或事物，表示共同行动的对象</li><li>公園（こうえん）：名词，意为「公园」</li><li>で：场所助词，表示动作发生的场所</li><li>遊んだ（あそんだ）：动词「遊ぶ（あそぶ）」的过去式，意为「玩、游玩」，是五段动词</li><li>句型分析：「時間に＋場所で＋動詞」是日语中表示在某个时间、某个地点做某事的基本句型</li></ol>,[sound:jlpt_vocabulary_in_sentence_昼.mp3]
昼御飯,午饭,今日の昼御飯は何を食べますか。,今天的午饭吃什么呢？,<ruby>今日<rt>きょう</rt></ruby>の<ruby>昼御飯<rt>ひるごはん</rt></ruby>は<ruby>何<rt>なに</rt></ruby>を<ruby>食べ<rt>たべ</rt></ruby>ますか。,"<ol><li>今日（きょう）：表示""今天""，是时间名词</li><li>の：连体助词，连接修饰语""今日""和被修饰语""昼御飯""</li><li>昼御飯（ひるごはん）：表示""午饭""，是本句的主题</li><li>は：主题助词，标示句子的主题""昼御飯""</li><li>何（なに）：疑问词，表示""什么""</li><li>を：宾格助词，标示动作的对象</li><li>食べます：动词""食べる""的敬语形，表示""吃""</li><li>か：疑问助词，放在句末构成疑问句</li><li>整句使用敬语形""ます""，体现了日语中对听话人的礼貌态度</li></ol>",[sound:jlpt_vocabulary_in_sentence_昼御飯.mp3]
広い,宽广的,この公園はとても広いです。,这个公园非常宽广。,<ruby>この<rt>この</rt></ruby><ruby>公園<rt>こうえん</rt></ruby><ruby>は<rt>は</rt></ruby><ruby>とても<rt>とても</rt></ruby><ruby>広い<rt>ひろい</rt></ruby><ruby>です<rt>です</rt></ruby>。,<ol><li>この：指示词，意思为“这个”，用于指代离说话人较近的事物。</li><li>公園（こうえん）：名词，意为“公园”。</li><li>は：助词，提示主语，表示主题。</li><li>とても：副词，表示“非常、很”，用来修饰形容词。</li><li>広い（ひろい）：い形容词，表示“宽广的、宽阔的”。</li><li>です：礼貌用语，句末表示肯定语气，使句子显得更有礼貌。</li><li>语法结构：主语+は+形容词+です。表示对某事物的性质或状态进行描述。</li></ol>,[sound:jlpt_vocabulary_in_sentence_広い.mp3]
フィルム,胶卷,古いカメラにはフィルムが必要です。,老式相机需要胶卷。,<ruby>古い<rt>ふるい</rt></ruby>カメラにはフィルムが<ruby>必要<rt>ひつよう</rt></ruby>です。,<ol><li>古い（ふるい）：形容词，表示“旧的、老的”。</li><li>カメラ：外来词，意为“照相机”。</li><li>には：助词组合，表示对特定对象的限定，此处是“对老式相机而言”。</li><li>フィルム：外来词，指“胶卷”，传统照相机摄影必需品。</li><li>が：主语助词，标明句子的主题是“フィルム”。</li><li>必要（ひつよう）：名词，表示“需要、必要”。</li><li>です：礼貌判断词尾，使句子更委婉客气。</li><li>文化背景：传统胶卷与数码相机的最大差异在于是否需要实体胶卷（フィルム）。</li></ol>,[sound:jlpt_vocabulary_in_sentence_フィルム.mp3]
封筒,信封,手紙を封筒に入れました。,我把信放进了信封里。,<ruby>手紙<rt>てがみ</rt></ruby>を<ruby>封筒<rt>ふうとう</rt></ruby>に<ruby>入れました<rt>いれました</rt></ruby>。,<ol><li>手紙（てがみ）：信件。</li><li>封筒（ふうとう）：信封。</li><li>に：表示动作的目标、方向，中文“在/向/到……里”。</li><li>入れました（いれました）：「入れる（いれる）」的敬体过去式，“放进”。</li><li>全句结构：“AをBに入れました”是“把A放进B里”的标准表达。</li></ol>,[sound:jlpt_vocabulary_in_sentence_封筒.mp3]
プール,游泳池,夏になるとプールが人気です。,一到夏天，游泳池就很受欢迎。,<ruby>夏<rt>なつ</rt></ruby><ruby>になると<rt>になると</rt></ruby><ruby>プール<rt>ぷーる</rt></ruby><ruby>が<rt>が</rt></ruby><ruby>人気<rt>にんき</rt></ruby><ruby>です<rt>です</rt></ruby>。,<ol><li>夏（なつ）：夏天。</li><li>になると：表示时间的转变，意思是“到……的时候”。「なる」是“变成”，“と”是表示条件。</li><li>プール（ぷーる）：外来语，指游泳池。</li><li>が：主语助词，表示主语。</li><li>人気（にんき）：人气，受欢迎。</li><li>です：礼貌句末助动词。</li><li>语法知识：“AになるとB”，意思是“到了A之后就会B”，常用于描述季节等。</li></ol>,[sound:jlpt_vocabulary_in_sentence_プール.mp3]
フォーク,叉子,フォークでサラダを食べます。,用叉子吃沙拉。,<ruby>フォーク<rt>ふぉーく</rt></ruby><ruby>で<rt>で</rt></ruby><ruby>サラダ<rt>さらだ</rt></ruby><ruby>を<rt>を</rt></ruby><ruby>食べます<rt>たべます</rt></ruby>。,<ol><li>フォーク（ふぉーく）：英语“fork”的外来语，表示餐具“叉子”。</li><li>で：格助词，表示动作的工具、手段。</li><li>サラダ（さらだ）：英语“salad”的外来语，表示“沙拉”。</li><li>を：宾语助词，后接动作的对象。</li><li>食べます（たべます）：动词“食べる（たべる）”的礼貌形，表示“吃”。</li><li>外来语在日本饮食文化中非常常见，如“フォーク”“ナイフ”等多用于西式餐饮。</li></ol>,[sound:jlpt_vocabulary_in_sentence_フォーク.mp3]
吹く,吹，吹奏,風が強く吹く日でした。,今天是风很大的一天。,<ruby>風<rt>かぜ</rt></ruby>が<ruby>強く<rt>つよく</rt></ruby><ruby>吹く<rt>ふく</rt></ruby><ruby>日<rt>ひ</rt></ruby>でした。,<ol><li>風（かぜ）：风。</li><li>が：表示主语的助词。</li><li>強く（つよく）：强烈地，为“強い（つよい）”的副词形，用于修饰动词。</li><li>吹く（ふく）：吹（风、气）、吹奏（乐器）等，本句指风吹。</li><li>日（ひ）：天、日子，此处泛指一天。</li><li>でした：是……了，表示过去肯定形，敬体。</li><li>语法说明：“～が吹く”表示“（自然现象）吹、刮”。如“風が吹く”表示“风吹”，结构简单明了。副词“強く”修饰动词“吹く”，加强语气。</li></ol>,[sound:jlpt_vocabulary_in_sentence_吹く.mp3]
服,衣服,新しい服を買いました。,我买了新衣服。,<ruby>新しい<rt>あたらしい</rt></ruby><ruby>服<rt>ふく</rt></ruby>を<ruby>買いました<rt>かいました</rt></ruby>。,<ol><li>新しい（あたらしい）：形容词，表示“新的”。</li><li>服（ふく）：名词，意思是“衣服”。</li><li>を：助词，表示动作对象。</li><li>買いました（かいました）：动词「買う」的敬体过去式，意思是“买了”。</li><li>这句型为“名词+を+动词ました”，表示进行了某项动作。</li></ol>,[sound:jlpt_vocabulary_in_sentence_服.mp3]
二つ,两个，二个,りんごを二つ買いました。,我买了两个苹果。,りんごを<ruby>二つ<rt>ふたつ</rt></ruby><ruby>買いました<rt>かいました</rt></ruby>。,<ol><li>りんご：苹果（日语常用外来语）。</li><li>を：助词，表示动作对象。</li><li>二つ（ふたつ）：数量词，表示“两（个）”，用于计数物品，属于和语数词（ひとつ、ふたつ、みっつ等）。</li><li>買いました（かいました）：动词“买う（かう）”的敬体过去式，表示“买了”。</li><li>基本语序：日语常用SOV语序，即主语-宾语-谓语。句中省略主语“我”较为常见。</li></ol>,[sound:jlpt_vocabulary_in_sentence_二つ.mp3]
豚肉,猪肉,私は豚肉が好きです。,我喜欢猪肉。,<ruby>私<rt>わたし</rt></ruby>は<ruby>豚肉<rt>ぶたにく</rt></ruby>が<ruby>好き<rt>すき</rt></ruby>です。,<ol><li>豚肉（ぶたにく）：猪肉，「豚」是猪，「肉」是肉，合起来即“猪肉”。</li><li>私は：表明主语，“我”。「は」为主题助词。</li><li>好き（すき）：喜欢（形容动词），常接在表示对象的「が」后。</li><li>です：礼貌表现结句。</li><li>语法：「Aが好きです」用于表达“喜欢A”。注意喜欢的对象前使用助词が而不是を。</li></ol>,[sound:jlpt_vocabulary_in_sentence_豚肉.mp3]
二人,两个人,二人で映画を見ました。,我们两个人一起看了电影。,<ruby>二人<rt>ふたり</rt></ruby><ruby>で<rt>で</rt></ruby><ruby>映画<rt>えいが</rt></ruby><ruby>を<rt>を</rt></ruby><ruby>見ました<rt>みました</rt></ruby>。,<ol><li>二人（ふたり）：表示“二个人”，是人数的特殊计数词。“二”为“2”，“人”为“人”；合起来读作“ふたり”。</li><li>～で：表示“用……、以……为单位”，此句中“二人で”意思是“我们两人一起”。</li><li>映画（えいが）：电影。</li><li>見ました（みました）：動词“見る”（みる）的过去式，表示“看了”。“ました”为敬语形式的过去时。</li><li>この文は日本语日常会話でよく使われる「AでBをしました」（A与B一起做了某事）的型式。</li></ol>,[sound:jlpt_vocabulary_in_sentence_二人.mp3]
二日,两天,二日は休みです。,两天是假期。,<ruby>二日<rt>ふつか</rt></ruby>は<ruby>休み<rt>やすみ</rt></ruby>です。,<ol><li>二日（ふつか）：名词，意思是“两天”或是“二号”。此处指日期（第二天、二号），也可以作持续的两天。</li><li>休み（やすみ）：名词，意思是假期、休息。</li><li>「～は～です」：基础的日语判断句句型，主语+は+总结。表示主语的属性或身份。</li><li>日语中日期的表达有特定的念法，如一日（ついたち），二日（ふつか）等，需要单独记忆。</li></ol>,[sound:jlpt_vocabulary_in_sentence_二日.mp3]
太い,粗的,この木はとても太いです。,这棵树很粗。,この<ruby>木<rt>き</rt></ruby>はとても<ruby>太い<rt>ふとい</rt></ruby>です。,<ol><li>この：指示词，表示“这个/这”。</li><li>木（き）：名词，意思是“树”。</li><li>は：助词，表示主语或主题。</li><li>とても：副词，表示“非常、很”。</li><li>太い（ふとい）：形容词，意思是“粗的、肥的”。</li><li>です：礼貌助动词，用于句末使语气礼貌。</li><li>「〜は〜です」：基本句型，主语+描述。</li></ol>,[sound:jlpt_vocabulary_in_sentence_太い.mp3]
冬,冬天,冬には雪がよく降ります。,冬天经常下雪。,<ruby>冬<rt>ふゆ</rt></ruby>には<ruby>雪<rt>ゆき</rt></ruby>がよく<ruby>降ります<rt>ふります</rt></ruby>。,<ol><li>冬（ふゆ）：表示一年四季中的冬季，即冬天。</li><li>には：助词「に」表示时间、场所，「は」为主题助词连接，突出冬天为主题。</li><li>雪（ゆき）：表示雪。</li><li>よく：副词，意思是“经常、常常”，修饰后面的动词。</li><li>降ります（ふります）：动词「降る（ふる）」的礼貌形，意为（雨、雪等）下、降落。</li><li>句型说明：日语中用「に」+「は」加强主题，句子的结构清晰表达时点上的特征。</li></ol>,[sound:jlpt_vocabulary_in_sentence_冬.mp3]
降る,下（雨雪）,朝からずっと雨が降っています。,从早上开始一直在下雨。,<ruby>朝<rt>あさ</rt></ruby>からずっと<ruby>雨<rt>あめ</rt></ruby>が<ruby>降っています<rt>ふっています</rt></ruby>。,<ol><li>朝（あさ）：早晨、早上。</li><li>から：表示动作或状态的起点，相当于“从”。</li><li>ずっと：一直、始终，表示动作持续不变。</li><li>雨（あめ）：雨。</li><li>が：主语助词，指出“雨”为主语。</li><li>降っています（ふっています）：动词“降る（ふる）”的ている形式，表示动作持续进行中，译为“正在下”。句中整体用法表示“某种降落现象正在持续”，通常用于雨、雪等。</li><li>文化补充：日语中“降る”常用于自然现象，如下雨（雨が降る）、下雪（雪が降る）。</li></ol>,[sound:jlpt_vocabulary_in_sentence_降る.mp3]
古い,旧的,この家はとても古いです。,这所房子很旧。,<ruby>この<rt>この</rt></ruby><ruby>家<rt>いえ</rt></ruby><ruby>は<rt>は</rt></ruby><ruby>とても<rt>とても</rt></ruby><ruby>古い<rt>ふるい</rt></ruby><ruby>です<rt>です</rt></ruby>。,<ol><li>この：指示词，意思是“这个”。</li><li>家（いえ）：名词，房子。</li><li>は：主题助词，用于提示句子的主题。</li><li>とても：副词，表示“非常”。</li><li>古い（ふるい）：形容词，意思是“旧的”“古老的”。</li><li>です：礼貌表达句末，用于陈述。</li><li>简单句型“〜は〜です”表示主语是什么或怎么样。</li></ol>,[sound:jlpt_vocabulary_in_sentence_古い.mp3]
～分,分钟,毎日 十分 勉強します。,每天学习十分钟。,<ruby>毎日<rt>まいにち</rt></ruby> <ruby>十分<rt>じゅっぷん</rt></ruby> <ruby>勉強します<rt>べんきょうします</rt></ruby>。,<ol><li>毎日（まいにち）：每天。</li><li>十分（じゅっぷん）：十分钟。「～分（ふん/ぷん）」用于表示分钟数。以数字连用，读音会根据数字不同发生变化，比如1分（いっぷん）、3分（さんぷん）、6分（ろっぷん）、10分（じゅっぷん）。</li><li>勉強します（べんきょうします）：学习。是动词「勉強する」的敬体形式。</li><li>语序：日语通常时间状语在句首，动词结尾。</li></ol>,[sound:jlpt_vocabulary_in_sentence_～分.mp3]
文章,文章,この文章はとても分かりやすいです。,这篇文章非常容易理解。,<ruby>この<rt>この</rt></ruby><ruby>文章<rt>ぶんしょう</rt></ruby><ruby>は<rt>は</rt></ruby><ruby>とても<rt>とても</rt></ruby><ruby>分かりやすい<rt>わかりやすい</rt></ruby><ruby>です<rt>です</rt></ruby>。,<ol><li>この：指示词，表示“这个”。</li><li>文章（ぶんしょう）：名词，意思是文章、文稿。</li><li>は：助词，表示主题。</li><li>とても：副词，意思是“非常”。</li><li>分かりやすい（わかりやすい）：形容词，意思是“容易理解的”。由动词“分かる（わかる，理解）”与“やすい（容易…）”组合。</li><li>です：礼貌助动词，用于句末表示礼貌。</li><li>语法说明：整个句子是「AはBです」结构，表示“Ａ是Ｂ”。</li></ol>,[sound:jlpt_vocabulary_in_sentence_文章.mp3]
ページ,页面,このページはとても便利です。,这个页面非常方便。,<ruby>この<rt>この</rt></ruby><ruby>ページ<rt>ぺーじ</rt></ruby><ruby>は<rt>は</rt></ruby><ruby>とても<rt>とても</rt></ruby><ruby>便利<rt>べんり</rt></ruby><ruby>です<rt>です</rt></ruby>。,<ol><li>この：指示词，相当于汉语的“这个”。</li><li>ページ：名词，外来语，意为“页面”。</li><li>は：主题助词，提示主语。</li><li>とても：副词，意为“非常”，用来加强形容词。</li><li>便利（べんり）：形容动词，意为“方便”。</li><li>です：礼貌结句词，表示尊敬、礼貌。</li><li>语法结构：AはBです，经典的“主语是谓语”表达。</li></ol>,[sound:jlpt_vocabulary_in_sentence_ページ.mp3]
下手,擅长；不擅长,私は料理が下手です。,我不擅长做饭。,<ruby>私<rt>わたし</rt></ruby>は<ruby>料理<rt>りょうり</rt></ruby>が<ruby>下手<rt>へた</rt></ruby>です。,<ol><li>私（わたし）：第一人称，表示“我”。</li><li>料理（りょうり）：名词，意思为“做饭”“料理”。</li><li>が：表示主语成分，这里用于说明“擅长不擅长的对象”。</li><li>下手（へた）：形容动词，表示“不擅长”。与“上手（じょうず）”相对。</li><li>です：敬语表达句末助动词。</li><li>结构“名词が下手です/上手です”是日语常用表达自己对某事能力强弱的表达方式。</li></ol>,[sound:jlpt_vocabulary_in_sentence_下手.mp3]
ベッド,床,私は毎晩ベッドで本を読みます。,我每天晚上在床上看书。,<ruby>私<rt>わたし</rt></ruby>は<ruby>毎晩<rt>まいばん</rt></ruby>ベッドで<ruby>本<rt>ほん</rt></ruby>を<ruby>読みます<rt>よみます</rt></ruby>。,<ol><li>私（わたし）：我，自称代词。</li><li>毎晩（まいばん）：每晚。</li><li>ベッド：床，外来语来自英文“bed”。</li><li>で：表示动作发生的场所助词，前接表示地点的词语，意为“在……”（此处为“在床上”）。</li><li>本（ほん）：书。</li><li>を：宾格助词，表示动作的对象，这里是“本”。</li><li>読みます（よみます）：读，读书，是“読む”的敬体。</li><li>语序是日语典型的主语-时间-地点-宾语-谓语顺序。</li></ol>,[sound:jlpt_vocabulary_in_sentence_ベッド.mp3]
ペット,宠物,私の家にはペットが三匹います。,我家有三只宠物。,<ruby>私<rt>わたし</rt></ruby>の<ruby>家<rt>いえ</rt></ruby>にはペットが<ruby>三匹<rt>さんびき</rt></ruby><ruby>います<rt>います</rt></ruby>。,<ol><li>私（わたし）：第一人称“我”。</li><li>の：表所属，连接“我”与“家”，意思为“我的家”。</li><li>家（いえ）：家、房子。</li><li>には：“に”表示存在的场所，“は”是主题助词，强调所在处。</li><li>ペット：宠物，外来语单词。</li><li>が：主格助词，标记主语。</li><li>三匹（さんびき）：用于小动物数量的量词。三为数字，匹为小动物的专用计数单位。</li><li>います：动词“いる”的礼貌形，表示生物的存在。</li><li>语法知识：用于表示地点存在某物（者）时，“（场所）に（は）Xがいます/あります。”います用于动物或有人格的存在，あります用于无生命物体。</li></ol>,[sound:jlpt_vocabulary_in_sentence_ペット.mp3]
部屋,房间,私の部屋は広いです。,我的房间很宽敞。,<ruby>私<rt>わたし</rt></ruby>の<ruby>部屋<rt>へや</rt></ruby>は<ruby>広い<rt>ひろい</rt></ruby>です。,<ol><li>私（わたし）：代词，意思是“我”。</li><li>の：助词，表示所属关系，相当于“的”。</li><li>部屋（へや）：名词，意为“房间”。</li><li>は：主题助词，标明句子的主题。</li><li>広い（ひろい）：形容词，表示“宽敞、广阔”。</li><li>です：礼貌形结尾，常用于句尾使语气更正式。</li><li>语序与汉语为“我的房间很宽敞”一致，但是日本语中形容词直接接在主语后，无需“很”。</li></ol>,[sound:jlpt_vocabulary_in_sentence_部屋.mp3]
辺,附近,この辺はとても静かです。,这附近非常安静。,この<ruby>辺<rt>へん</rt></ruby>はとても<ruby>静か<rt>しずか</rt></ruby>です。,<ol><li>この（この）：指示词，意思为“这个、这”，用于指代靠近说话人的事物。</li><li>辺（へん）：名词，意为“附近、周围”，常与指示词搭配使用，如“この辺”。</li><li>とても：副词，表示程度很高，意为“非常”。</li><li>静か（しずか）：形容动词，意为“安静”。</li><li>です：敬体句末助动词，用于表达礼貌。</li><li>整体结构为“この辺は〜です”，表示对该地区的评价。</li></ol>,[sound:jlpt_vocabulary_in_sentence_辺.mp3]
ペン,笔,私は青いペンで手紙を書きます。,我用蓝色的笔写信。,<ruby>私<rt>わたし</rt></ruby>は<ruby>青い<rt>あおい</rt></ruby>ペンで<ruby>手紙<rt>てがみ</rt></ruby>を<ruby>書きます<rt>かきます</rt></ruby>。,<ol><li>私（わたし）：第一人称，意为“我”。</li><li>青い（あおい）：形容词，意为“蓝色的”。</li><li>ペン：外来语，意为“笔”。</li><li>で：格助词，表示动作发生的工具或手段，这里是“用……”。</li><li>手紙（てがみ）：名词，“信”。</li><li>を：宾格助词，标志动作的对象。</li><li>書きます（かきます）：动词“書く（かく）”的敬体形式，意为“写”。</li><li>本句型：“名词で动词”表示用某物进行某动作。</li><li>文化补充：日本人日常通信常用手写信，强调用具和颜色的选择。</li></ol>,[sound:jlpt_vocabulary_in_sentence_ペン.mp3]
勉強,学习,私は毎日勉強しています。,我每天都在学习。,<ruby>私<rt>わたし</rt></ruby>は<ruby>毎日<rt>まいにち</rt></ruby><ruby>勉強<rt>べんきょう</rt></ruby>しています。,<ol><li>私（わたし）：第一人称，指“我”。</li><li>毎日（まいにち）：表示“每天”。</li><li>勉強（べんきょう）：名词，意为“学习”。</li><li>しています：动词“する”的ている形，表示正在进行，和“勉強”连用指“正在学习”。</li><li>助词“は”：主语助词，标明主题。</li></ol>,[sound:jlpt_vocabulary_in_sentence_勉強.mp3]
便利,便利、方便,この町は交通が便利です。,这个小镇交通很便利。,<ruby>この<rt>この</rt></ruby><ruby>町<rt>まち</rt></ruby>は<ruby>交通<rt>こうつう</rt></ruby>が<ruby>便利<rt>べんり</rt></ruby>です。,<ol><li>この：表示“这个”，指说话人近处的事物。</li><li>町（まち）：小镇、城市。</li><li>は：主题助词，提示主题。</li><li>交通（こうつう）：交通、交通工具。</li><li>が：主语助词，表示主语。</li><li>便利（べんり）：形容动词，表示便利、方便。</li><li>です：礼貌语结尾，表示客气和断定语气。</li><li>「～は～が～です」结构，表示“（在某方面）……很……”的常见表达方式，形容主题的某种性质或状态。</li></ol>,[sound:jlpt_vocabulary_in_sentence_便利.mp3]
帽子,帽子,新しい帽子を買いました。,买了一顶新帽子。,<ruby>新しい<rt>あたらしい</rt></ruby><ruby>帽子<rt>ぼうし</rt></ruby><ruby>を<rt>を</rt></ruby><ruby>買いました<rt>かいました</rt></ruby>。,<ol><li>新しい（あたらしい）：形容词，意思是“新的”。用来修饰后面的名词。</li><li>帽子（ぼうし）：名词，意思是帽子。</li><li>を：格助词，表示动作的对象，即“买”的对象是帽子。</li><li>買いました（かいました）：动词“买う（かう）”的过去式“买了”。这也是敬体说法，更礼貌。</li></ol>,[sound:jlpt_vocabulary_in_sentence_帽子.mp3]
ボールペン,圆珠笔,私は青いボールペンを使います。,我使用蓝色的圆珠笔。,<ruby>私<rt>わたし</rt></ruby>は<ruby>青い<rt>あおい</rt></ruby>ボールペンを<ruby>使います<rt>つかいます</rt></ruby>。,<ol><li>私（わたし）：第一人称，表示“我”。</li><li>は：主题助词，标记句子的主题。</li><li>青い（あおい）：形容词，意思是“蓝色的”。</li><li>ボールペン：名词，意为“圆珠笔”。</li><li>を：宾格助词，表示动作的对象。</li><li>使います（つかいます）：动词“使う”的敬体形式，意思是“使用”。</li><li>句型：AはBを使います。表示“某人使用某物”。</li></ol>,[sound:jlpt_vocabulary_in_sentence_ボールペン.mp3]
ポケット,口袋,彼はポケットに手を入れた。,他把手伸进了口袋。,<ruby>彼は<rt>かれは</rt></ruby>ポケットに<ruby>手を<rt>てを</rt></ruby><ruby>入れた<rt>いれた</rt></ruby>。,<ol><li>彼（かれ）：他，指代男性。<br>は：主题助词，表明主语。</li><li>ポケット：口袋（外来词）。<br>に：表示动作的目标（伸进去的地方）。</li><li>手（て）：手。<br>を：宾语助词，标明动作作用的对象。<br>入れた（いれた）：动词「入れる」的过去式，意为“放入”或“放进去”。</li><li>语法点：<br>「～に手を入れる」：表示把手伸进某物，常用于描述日常行为。</li><li>文化补充：日本的“ポケット”多用于描述衣服上的口袋，与中文“口袋”意思相同，也有比喻装载小物品的含义。</li></ol>,[sound:jlpt_vocabulary_in_sentence_ポケット.mp3]
欲しい,想要,新しい靴が欲しいです。,我想要新鞋子。,<ruby>新しい<rt>あたらしい</rt></ruby><ruby>靴<rt>くつ</rt></ruby><ruby>が<rt>が</rt></ruby><ruby>欲しい<rt>ほしい</rt></ruby><ruby>です<rt>です</rt></ruby>。,<ol><li>欲しい（ほしい）：表示“想要”，用于表达对物品或事物的愿望。一般接在名词后，常用结构为“〜が欲しい”。</li><li>新しい（あたらしい）：形容词，意思是“新的”。</li><li>〜が：助词，表示主语或强调事物。</li><li>です：礼貌结尾，表示礼貌语气。</li><li>语法说明：日本人表达想要某物时用“名词+が欲しいです”。欲しい只用于第一人称（自己想要），若表达别人想要，用“欲しがる”。</li></ol>,[sound:jlpt_vocabulary_in_sentence_欲しい.mp3]
ポスト,邮箱，岗位,新しいポストが会社に設置されました。,公司设置了新的信箱。,<ruby>新しい<rt>あたらしい</rt></ruby>ポストが<ruby>会社<rt>かいしゃ</rt></ruby>に<ruby>設置されました<rt>せっちされました</rt></ruby>。,<ol><li>ポスト：外来语，意为“邮箱”、“岗位”。在本句中，指信箱。</li><li>新しい（あたらしい）：形容词，表示“新的”。</li><li>会社（かいしゃ）：名词，“公司”。</li><li>に：助词，表示动作的目的地。</li><li>設置されました（せっちされました）：动词“設置する”（设置、设立）的被动过去式，表示“被设置了”。</li><li>が：主格助词，标记主语。</li><li>句型“〜が〜に設置されました”表示“某物被设置在某处”。</li></ol>,[sound:jlpt_vocabulary_in_sentence_ポスト.mp3]
細い,细的,この道は細いので車が通れません。,这条路很窄，所以汽车无法通过。,<ruby>この<rt>この</rt></ruby><ruby>道<rt>みち</rt></ruby>は<ruby>細い<rt>ほそい</rt></ruby>ので<ruby>車<rt>くるま</rt></ruby>が<ruby>通れません<rt>とおれません</rt></ruby>。,<ol><li>この：表示“这个”，指代离说话人近的事物。</li><li>道（みち）：道路、路。</li><li>は：主题助词，表示主语。</li><li>細い（ほそい）：形容词，意思为“细的、窄的”。</li><li>ので：表示原因理由，译为“因为”。</li><li>車（くるま）：汽车、车。</li><li>が：主语助词，这里是“车”作为动作的主语。</li><li>通れません（とおれません）：动词“通る（とおる）”的可能态否定形式，表示“不能通过”。</li><li>句末日语常用「ので」表达原因，比「から」语气更为正式和委婉，在日语日常生活和口语中很常见。</li></ol>,[sound:jlpt_vocabulary_in_sentence_細い.mp3]
ボタン,按钮,新しいボタンを押してください。,请按一下新的按钮。,<ruby>新しい<rt>あたらしい</rt></ruby>ボタン<ruby>を<rt>を</rt></ruby><ruby>押して<rt>おして</rt></ruby><ruby>ください<rt>ください</rt></ruby>。,<ol><li>新しい（あたらしい）：形容词，意思是“新的”。</li><li>ボタン：外来语，表示“按钮”。</li><li>を：助词，标记动作的对象。</li><li>押して（おして）：动词“押す”（按、推）的て形，用于表示动作的连接或请求。</li><li>ください：表示请求别人做某事，常与て形动词搭配。</li></ol>,[sound:jlpt_vocabulary_in_sentence_ボタン.mp3]
ホテル,宾馆,このホテルは駅から近いです。,这家宾馆离车站很近。,<ruby>この<rt>この</rt></ruby><ruby>ホテル<rt>ほてる</rt></ruby><ruby>は<rt>は</rt></ruby><ruby>駅<rt>えき</rt></ruby><ruby>から<rt>から</rt></ruby><ruby>近い<rt>ちかい</rt></ruby><ruby>です<rt>です</rt></ruby>。,<ol><li>この：连体词，表示“这个”，用于修饰名词。</li><li>ホテル（ほてる）：外来语，意思是“宾馆、酒店”。</li><li>は：主题助词，表示主语或提示主题。</li><li>駅（えき）：名词，意为“车站”。</li><li>から：表示起点，“从……”的意思。</li><li>近い（ちかい）：形容词，表示“近”。</li><li>です：礼貌助动词，用于句末表示敬语。</li><li>本句型“（名词）は（地点）から近い”：表达“某地离某地很近” 的意思，常用于介绍位置。</li></ol>,[sound:jlpt_vocabulary_in_sentence_ホテル.mp3]
本,书,私は本を読んでいます。,我正在读书。,<ruby>私<rt>わたし</rt></ruby>は<ruby>本<rt>ほん</rt></ruby>を<ruby>読んで<rt>よんで</rt></ruby><ruby>います<rt>います</rt></ruby>。,<ol><li>私（わたし）：第一人称，意为“我”。</li><li>本（ほん）：名词，意思是“书”。</li><li>を：助词，标记宾语。</li><li>読んでいます（よんでいます）：て形（表示正在进行）+います（表状态），合起来表示正在做某事，本句意为“正在读”。</li></ol>,[sound:jlpt_vocabulary_in_sentence_本.mp3]
～本,根、支、部,りんごを三本買いました。,我买了三根苹果。,<ruby>りんご<rt>りんご</rt></ruby><ruby>を<rt>を</rt></ruby><ruby>三本<rt>さんぼん</rt></ruby><ruby>買いました<rt>かいました</rt></ruby>。,<ol><li>三本（さんぼん）：本（ほん）是日语中的量词，专门用于细长物品（如瓶、伞、铅笔等）。三本表示三根、三支。</li><li>を：助词，标记宾语。</li><li>買いました（かいました）：动词“買う”（买）的过去式，表示已经买了。</li><li>量词本（ほん）根据数量不同读音会变化，如一本（いっぽん）、三本（さんぼん）。</li></ol>,[sound:jlpt_vocabulary_in_sentence_～本.mp3]
本棚,书架,本棚の上に猫がいます。,书架上有一只猫。,<ruby>本棚<rt>ほんだな</rt></ruby><ruby>の<rt>の</rt></ruby><ruby>上<rt>うえ</rt></ruby><ruby>に<rt>に</rt></ruby><ruby>猫<rt>ねこ</rt></ruby><ruby>が<rt>が</rt></ruby><ruby>います<rt>います</rt></ruby>。,<ol><li>本棚（ほんだな）：书架。本（ほん）=书，棚（たな）=架子。</li><li>の：表示所属或连接名词，这里表示“书架的”。</li><li>上（うえ）：表示位置的词，意思是“上方”。</li><li>に：表示存在、位置的助词，相当于“在”。</li><li>猫（ねこ）：猫。</li><li>が：主格助词，标记句子的主语，这里是“猫”。</li><li>います：表示“有（生物）”。用于动物和人，动词“いる”的敬体。</li></ol>,[sound:jlpt_vocabulary_in_sentence_本棚.mp3]
本当,真的、确实,本当のことを話してください。,请说出真实的事情。,<ruby>本当<rt>ほんとう</rt></ruby>のことを<ruby>話し<rt>はな</rt></ruby>てください。,<ol><li>本当（ほんとう）：名词，表示“真的、真实的、事实”。可以用作名词，也可作副词使用，表达真实性。</li><li>の：助词，连接名词和名词，起到修饰限定后面词语的作用。</li><li>こと：名词，这里指“事情、内容”。</li><li>を：助词，表示宾语。</li><li>話してください（はなしてください）：动词“話す（はなす）”的て形加「ください」，表示请求、命令，对听话人提出要求。</li><li>语法补充：「〜てください」用法较常见，表达“请……”。在日常生活中用于礼貌请求别人做某事。</li></ol>,[sound:jlpt_vocabulary_in_sentence_本当.mp3]
～枚,张，片,紙が三枚あります。,有三张纸。,<ruby>紙<rt>かみ</rt></ruby>が<ruby>三<rt>さん</rt></ruby><ruby>枚<rt>まい</rt></ruby><ruby>あります<rt>あります</rt></ruby>。,<ol><li>「紙（かみ）」：名词，意思是纸。</li><li>「が」：助词，表示主语。</li><li>「三枚（さんまい）」：量词，用于数薄且扁平的东西（如纸、票、盘子等），「枚（まい）」为专用量词，「三」是数量词。</li><li>「あります」：动词，表示存在（用于无生命物体），这里用来表达“有”。</li><li>语法说明：「～枚」是日语专用的量词，类似于中文里的“张”“片”；数量词要放在量词前面（如“三枚”），量词短语一般放在被计数的名词后面。</li></ol>,[sound:jlpt_vocabulary_in_sentence_～枚.mp3]
毎朝,每天早上,毎朝七時に起きます。,每天早上七点起床。,<ruby>毎朝<rt>まいあさ</rt></ruby><ruby>七時<rt>しちじ</rt></ruby>に<ruby>起きます<rt>おきます</rt></ruby>。,<ol><li>毎朝（まいあさ）：副词，表示“每天早上”。其中「毎」（まい）意为“每”，“朝」（あさ）意为“早晨”。</li><li>起きます（おきます）：动词“起きる”（起床）的ます形，表示“起床”或“起身”。</li><li>七時（しちじ）：名词，表示“七点钟”。</li><li>に：助词，表示动作发生的具体时间。</li><li>本句结构为“毎朝＋时间＋に＋动词ます形”，表示某动作每天在某时间发生。</li></ol>,[sound:jlpt_vocabulary_in_sentence_毎朝.mp3]
毎月,每月,私は毎月本を一冊買います。,我每个月买一本书。,<ruby>私<rt>わたし</rt></ruby>は<ruby>毎月<rt>まいつき</rt></ruby><ruby>本<rt>ほん</rt></ruby>を<ruby>一冊<rt>いっさつ</rt></ruby><ruby>買います<rt>かいます</rt></ruby>。,"<ol><li>私は（わたしは）：主语""我""，表示说话人自己。は为助词，用于提示主题。</li><li>毎月（まいつき）：副词，表示每个月。</li><li>本（ほん）：名词，意思是“书”。</li><li>を：助词，表示动作的对象，这里指“书”。</li><li>一冊（いっさつ）：量词，表示“一本”。“冊”是日语中用于数书籍的专用量词。</li><li>買います（かいます）：动词“买”的敬体形式。</li><li>句型“毎月〜します”：表示每个月都会做某事。</li></ol>",[sound:jlpt_vocabulary_in_sentence_毎月.mp3]
毎週,每周,私は毎週土曜日に映画を見ます。,我每周六看电影。,<ruby>私<rt>わたし</rt></ruby>は<ruby>毎週<rt>まいしゅう</rt></ruby><ruby>土曜日<rt>どようび</rt></ruby>に<ruby>映画<rt>えいが</rt></ruby>を<ruby>見ます<rt>みます</rt></ruby>。,<ol><li>私（わたし）：第一人称，表示“我”。</li><li>毎週（まいしゅう）：副词，意思是“每周”。可用来修饰动词表示动作发生的频率。</li><li>土曜日（どようび）：星期六。</li><li>に：时间助词，表示动作发生的具体时间点。</li><li>映画（えいが）：电影。</li><li>を：宾语助词，表示动作的对象。</li><li>見ます（みます）：动词“見る（みる）”的礼貌形，意思是“看”。</li><li>日语中“毎週＋星期几＋に”表示每周某天做某事。</li></ol>,[sound:jlpt_vocabulary_in_sentence_毎週.mp3]
毎日,每天,私は毎日日本語を勉強します。,我每天学习日语。,<ruby>私<rt>わたし</rt></ruby>は<ruby>毎日<rt>まいにち</rt></ruby><ruby>日本語<rt>にほんご</rt></ruby>を<ruby>勉強します<rt>べんきょうします</rt></ruby>。,<ol><li>「私（わたし）」指“我”。「は」是主题助词，标明句子主题。</li><li>「毎日（まいにち）」表示“每天”或“每日”，作副词修饰后续动词。</li><li>「日本語（にほんご）」意为“日语”。「を」是宾语助词，标记出动作的对象。</li><li>「勉強します（べんきょうします）」是动词“学习”的敬体形式，表示正在或经常进行学习的动作。</li><li>日语句子结构通常为“主语+は+时间副词+宾语+动词”。</li></ol>,[sound:jlpt_vocabulary_in_sentence_毎日.mp3]
毎年,每年,私は毎年旅行に行きます。,我每年都会去旅行。,<ruby>私<rt>わたし</rt></ruby>は<ruby>毎年<rt>まいとし</rt></ruby><ruby>旅行<rt>りょこう</rt></ruby>に<ruby>行きます<rt>いきます</rt></ruby>。,<ol><li>私（わたし）：代词，意为“我”。</li><li>は：主题助词，表示主语。</li><li>毎年（まいとし）：副词，表示“每年”，指每一年。</li><li>旅行（りょこう）：名词，意思是“旅行”。</li><li>に：方向性助词，表示动作的目的地。</li><li>行きます（いきます）：动词“行く（いく）”的敬体形式，意思是“去”。</li><li>该句表达频率性动作，利用“毎年”修饰全句，表示每年的恒常性行为。</li></ol>,[sound:jlpt_vocabulary_in_sentence_毎年.mp3]
毎晩,每晚,私は毎晩本を読みます。,我每晚阅读书籍。,<ruby>私<rt>わたし</rt></ruby>は<ruby>毎晩<rt>まいばん</rt></ruby><ruby>本<rt>ほん</rt></ruby>を<ruby>読みます<rt>よみます</rt></ruby>。,<ol><li>私（わたし）：第一人称，意为“我”。</li><li>は：助词，表示主语。</li><li>毎晩（まいばん）：副词，意为“每晚、每天晚上”。</li><li>本（ほん）：名词，指“书”。</li><li>を：助词，表示动作的对象（宾语）。</li><li>読みます（よみます）：动词“読む（よむ）”的ます形，意为“读”。在这里表示经常性的、习惯性的动作。</li><li>整个句子结构为“主语+は+时间词+宾语+を+动词”，常见于日语习惯表达日常活动。</li></ol>,[sound:jlpt_vocabulary_in_sentence_毎晩.mp3]
前,前面,駅の前で友達に会いました。,我在车站前面遇到了朋友。,<ruby>駅<rt>えき</rt></ruby>の<ruby>前<rt>まえ</rt></ruby>で<ruby>友達<rt>ともだち</rt></ruby>に<ruby>会いました<rt>あいました</rt></ruby>。,<ol><li>駅（えき）：车站。</li><li>の：连接名词，表示所属关系或修饰。</li><li>前（まえ）：前面，场所名词。</li><li>で：表示动作发生的场所。</li><li>友達（ともだち）：朋友。</li><li>に：表示动作的对象。</li><li>会いました（あいました）：“会う”（遇见）的过去式礼貌形。</li><li>语法点：“Aの前で”表示在“A”前面发生某动作，其中“で”表场所。</li></ol>,[sound:jlpt_vocabulary_in_sentence_前.mp3]
～前,……之前,出発の前に荷物を確認します。,在出发前确认行李。,<ruby>出発<rt>しゅっぱつ</rt></ruby>の<ruby>前に<rt>まえに</rt></ruby><ruby>荷物<rt>にもつ</rt></ruby>を<ruby>確認します<rt>かくにんします</rt></ruby>。,<ol><li>出発（しゅっぱつ）：出发。</li><li>の：连接体言（名词）的助词，日语中常用于名词修饰名词。</li><li>前に（まえに）：表示某个动作或事件的“前面、之前”，用于“名词＋の前に”或“动词普通形＋前に”。</li><li>荷物（にもつ）：行李。</li><li>を：宾语助词，表示动作的对象。</li><li>確認します（かくにんします）：确认。</li><li>语法说明：“～前（まえ）”可以接在名词后面（需要加の），也可以接在动词普通形后面，表示“在……之前”。</li></ol>,[sound:jlpt_vocabulary_in_sentence_～前.mp3]
曲る,转弯,この道を曲ると駅があります。,拐过这条路就是车站。,<ruby>この<rt>この</rt></ruby><ruby>道<rt>みち</rt></ruby><ruby>を<rt>を</rt></ruby><ruby>曲る<rt>まがる</rt></ruby><ruby>と<rt>と</rt></ruby><ruby>駅<rt>えき</rt></ruby><ruby>が<rt>が</rt></ruby><ruby>あります<rt>あります</rt></ruby>。,<ol><li>曲る（まがる）：自动词，表示“转弯、弯曲”。常用于道路、身体动作等。</li><li>この道：ここ是“这里”，道（みち）为“道路”。“この道”意思为“这条路”。</li><li>を：是格助词，表示动作对象。</li><li>と：表示前项一成立，紧接着后项就发生，有“……的话、……就……”的意思。</li><li>駅（えき）：指“车站”。</li><li>あります：存在动词“有、在”。用于非生物。</li><li>句型“〜を曲ると〜があります”表达“拐过～就有～”的意思，常用于问路和指示方向。</li></ol>,[sound:jlpt_vocabulary_in_sentence_曲る.mp3]
まずい,难吃,このスープはまずいです。,这个汤很难吃。,<ruby>この<rt>この</rt></ruby><ruby>スープ<rt>すーぷ</rt></ruby><ruby>は<rt>は</rt></ruby><ruby>まずい<rt>まずい</rt></ruby><ruby>です<rt>です</rt></ruby>。,<ol><li>この：指示词，意思是“这个”。</li><li>スープ：外来语，意为“汤”。</li><li>は：提示助词，表示主题。</li><li>まずい：形容词，意为“难吃”，也可表示“不好，不妙”。</li><li>です：礼貌结尾词，使句子变得委婉有礼貌。</li><li>句型“名词は形容词です”表达主语的性质或状态。</li></ol>,[sound:jlpt_vocabulary_in_sentence_まずい.mp3]
また,又、还,彼はまた来ました。,他又来了。,<ruby>彼<rt>かれ</rt></ruby>はまた<ruby>来ました<rt>きました</rt></ruby>。,<ol><li>彼（かれ）：代词，意为“他”。</li><li>は：主题助词，表示主语。</li><li>また：副词，表示“又、还、再”，常用来表达同样的动作或情况再次发生。</li><li>来ました（きました）：动词“来る（くる）”的过去式，表示“来了”。</li><li>语法：また一般放在句中动词前，表示动作的重复或补充说明。</li></ol>,[sound:jlpt_vocabulary_in_sentence_また.mp3]
まだ,还，尚未,私はまだ宿題を終えていません。,我还没有完成作业。,<ruby>私<rt>わたし</rt></ruby>はまだ<ruby>宿題<rt>しゅくだい</rt></ruby>を<ruby>終えて<rt>おえて</rt></ruby><ruby>いません<rt>いません</rt></ruby>。,<ol><li>私（わたし）：第一人称，意为“我”。</li><li>まだ：副词，表示“还、尚未”。一般用在否定句中，表达事情还没有发生。</li><li>宿題（しゅくだい）：名词，意为“作业”。</li><li>を：助词，标记宾语。</li><li>終えて（おえて）：动词“終える”的て形，表示动作的进行或连接后续表达。</li><li>いません：动词“いる”的否定形式，表示没有进行某动作。「ている」的否定式，与动词て形连用，表示“没有……”。</li><li>日语表达未完成状态常用「まだ～ていません」结构。</li></ol>,[sound:jlpt_vocabulary_in_sentence_まだ.mp3]
町,城市,この町には美しい公園があります。,这个城市有美丽的公园。,この<ruby>町<rt>まち</rt></ruby>には<ruby>美しい<rt>うつくしい</rt></ruby><ruby>公園<rt>こうえん</rt></ruby>が<ruby>あります<rt>あります</rt></ruby>。,<ol><li>この：指代“这个”，用于紧接名词之前表示近处或说话人身边的事物。</li><li>町（まち）：意思是“城市”“街道”，可以指小城镇或者城区。</li><li>に：助词，表示存在的地点。</li><li>は：提示助词，表示主题（主语）。</li><li>美しい（うつくしい）：形容词，意思是“美丽的”。</li><li>公園（こうえん）：名词，指“公园”。</li><li>が：助词，表示主语或要强调的新信息。</li><li>あります：动词“ある”的礼貌形，意为“有、存在”，用于无生命物体的存在表达。</li><li>此句型“～に～があります”用来表达“在某地有某物”，常用于介绍场所内的设施或物品。</li></ol>,[sound:jlpt_vocabulary_in_sentence_町.mp3]
待つ,等待,友達を駅で待つことにした。,我决定在车站等朋友。,<ruby>友達<rt>ともだち</rt></ruby><ruby>を<rt>を</rt></ruby><ruby>駅<rt>えき</rt></ruby><ruby>で<rt>で</rt></ruby><ruby>待つ<rt>まつ</rt></ruby><ruby>こと<rt>こと</rt></ruby><ruby>に<rt>に</rt></ruby><ruby>した<rt>した</rt></ruby>。,<ol><li>友達（ともだち）：朋友。</li><li>を：宾语助词，表示动词的对象。</li><li>駅（えき）：车站。</li><li>で：表示动作发生的场所。</li><li>待つ（まつ）：动词，意思是“等待”。</li><li>ことにした：表达“决定做某事”，用动词普通形+ことにする。</li><li>一般用「Aことにした」表达“决定做A”，用于表示说话人的决断。</li></ol>,[sound:jlpt_vocabulary_in_sentence_待つ.mp3]
まっすぐ,笔直，直接,道をまっすぐ進んでください。,请沿着这条路直走。,<ruby>道<rt>みち</rt></ruby><ruby>を<rt>を</rt></ruby><ruby>まっすぐ<rt>まっすぐ</rt></ruby><ruby>進んで<rt>すすんで</rt></ruby><ruby>ください<rt>ください</rt></ruby>。,<ol><li>道（みち）：名词，表示“道路”。</li><li>を：助词，标示动作的对象，此处表示“以道路为路径”。</li><li>まっすぐ：副词，意为“笔直地、一直”，表示方向不拐弯。</li><li>進んで（すすんで）：动词“進む（すすむ）”的「て形」，表示动作的连续或请求。</li><li>ください：敬语，表示请求或命令，可接在动词「て形」后，形成「〜てください」结构用于礼貌地请求对方做某事。</li></ol>,[sound:jlpt_vocabulary_in_sentence_まっすぐ.mp3]
マッチ,火柴,マッチでろうそくに火をつけました。,用火柴点燃了蜡烛。,マッチでろうそくに<ruby>火<rt>ひ</rt></ruby>を<ruby>つけました<rt>つけました</rt></ruby>。,<ol><li>マッチ：外来语，表示火柴。</li><li>で：表示手段，用“用……”、“通过……”解释。</li><li>ろうそく：蜡烛。</li><li>に：指明动作的目标，在这里是“点在蜡烛上”。</li><li>火（ひ）：火，表示点燃的东西。</li><li>を：宾语助词，表示动词“つけました”的对象。</li><li>つけました：动词“つける”的过去式，意为“点燃了”。</li><li>整个句型“〜で〜に火をつけました”常用于描述点火的情景。</li></ol>,[sound:jlpt_vocabulary_in_sentence_マッチ.mp3]
窓,窗户,窓を開けて新鮮な空気を入れました。,打开窗户，换进了新鲜空气。,<ruby>窓<rt>まど</rt></ruby><ruby>を<rt>を</rt></ruby><ruby>開けて<rt>あけて</rt></ruby><ruby>新鮮な<rt>しんせんな</rt></ruby><ruby>空気<rt>くうき</rt></ruby><ruby>を<rt>を</rt></ruby><ruby>入れました<rt>いれました</rt></ruby>。,<ol><li>窓（まど）：意为“窗户”。</li><li>動詞「開ける」（あける）：表示“打开”。“開けて”是其て形，用于连接动作。</li><li>新鮮な：形容动词，意为“新鲜的”。</li><li>空気（くうき）：表示“空气”。</li><li>助词「を」：标记动作的对象。</li><li>动词「入れる」（いれる）：表示“放入、让进入”。“入れました”为过去时敬体，表示完成了“放入”的动作。</li><li>日语句子结构通常使用助词明确句中成分，在描述动作和结果时常使用て形连接多个动作。</li></ol>,[sound:jlpt_vocabulary_in_sentence_窓.mp3]
丸い; 円い,圆的,このテーブルは丸い形をしています。,这张桌子是圆形的。,<ruby>この<rt>この</rt></ruby><ruby>テーブル<rt>てーぶる</rt></ruby><ruby>は<rt>は</rt></ruby><ruby>丸い<rt>まるい</rt></ruby><ruby>形<rt>かたち</rt></ruby><ruby>を<rt>を</rt></ruby><ruby>しています<rt>しています</rt></ruby>。,<ol><li>この：指示词，表示“这个”。</li><li>テーブル：源自英文“table”，指“桌子”。</li><li>は：主题助词，强调句子的主语。</li><li>丸い（まるい）：形容词，表示“圆的”。也可写作“円い”，常用于形容物体形状。</li><li>形（かたち）：名词，意为“形状”。</li><li>を：宾语助词，标记动作的对象。</li><li>しています：动词“する”的ている形态，表示某种状态正在持续，此处指“呈现…的状态”。</li><li>语法：句中主语“テーブル”用“は”提示，谓语部分用“しています”描述当前状态，“丸い形をしています”常用于形容物体具有某种形状。</li></ol>,[sound:jlpt_vocabulary_in_sentence_丸い; 円い.mp3]
万,一万,宝くじで一万を当てました。,中彩票中了1万。,<ruby>宝くじ<rt>たからくじ</rt></ruby>で<ruby>一万<rt>いちまん</rt></ruby>を<ruby>当てました<rt>あてました</rt></ruby>。,<ol><li>宝くじ（たからくじ）：彩票。</li><li>で：表示动作发生的场所或手段，这里表示“通过中彩票”。</li><li>一万（いちまん）：一万，数字单位“万”为一万。日语通常以“万”为计数单位。</li><li>を：宾格助词，表示动作的对象，这里是中奖的金额。</li><li>当てました（あてました）：动词“当てる”（あてる）的敬体过去式，意为“命中、中（奖）”。</li><li>日本常用“万”表示一万，如一万日元（一万円 いちまんえん），注意单位换算与中文一致。</li></ol>,[sound:jlpt_vocabulary_in_sentence_万.mp3]
万年筆,钢笔,父から万年筆をもらいました。,我从父亲那里得到了钢笔。,<ruby>父<rt>ちち</rt></ruby>から<ruby>万年筆<rt>まんねんひつ</rt></ruby>を<ruby>もらいました<rt>もらいました</rt></ruby>。,<ol><li>万年筆（まんねんひつ）：意思是「钢笔」。其中万（まん）表示“万”，年（ねん）为“年”，笔（ひつ）为“笔”。</li><li>から：表示动作的起点，此处为“从父亲那里”。</li><li>〜をもらいました：助词「を」标记宾语，「もらいました」是「もらう」的过去式，表示“得到了”。句子结构为“从～那里得到了～”。</li></ol>,[sound:jlpt_vocabulary_in_sentence_万年筆.mp3]
磨く,打磨；刷,毎朝歯を磨く習慣があります。,每天早上有刷牙的习惯。,<ruby>毎朝<rt>まいあさ</rt></ruby><ruby>歯<rt>は</rt></ruby>を<ruby>磨く<rt>みがく</rt></ruby><ruby>習慣<rt>しゅうかん</rt></ruby>が<ruby>あります<rt>あります</rt></ruby>。,<ol><li>毎朝（まいあさ）：意思是“每天早上”。</li><li>歯（は）：意思是“牙齿”。</li><li>を：助词，表明“歯”为动作对象。</li><li>磨く（みがく）：本句关键单词，意思是“打磨、刷”，常用于“歯を磨く（刷牙）”。</li><li>習慣（しゅうかん）：意思是“习惯”。</li><li>が：助词，说明“習慣”是存在的主体。</li><li>あります：有、存在，表客观存在。</li><li>「歯を磨く」是固定短语，表示“刷牙”。</li><li>日语表达习惯动作时常用「〜習慣があります」。</li></ol>,[sound:jlpt_vocabulary_in_sentence_磨く.mp3]
右,右边,駅の右に銀行があります。,车站的右边有银行。,<ruby>駅<rt>えき</rt></ruby>の<ruby>右<rt>みぎ</rt></ruby>に<ruby>銀行<rt>ぎんこう</rt></ruby>が<ruby>あります<rt>あります</rt></ruby>。,<ol><li>駅（えき）：车站。</li><li>の：表所属或位置关系，连接名词，类似于“的”。</li><li>右（みぎ）：右边。</li><li>に：表示存在地点，译为“在……”。</li><li>銀行（ぎんこう）：银行。</li><li>が：主语助词，表示前项是句子主语。</li><li>あります：动词“ある”的敬体，表示无生命物体或植物的存在，用于“有”。</li><li>句子结构“名词A の 位置词 に 名词B が あります”用于描述某地位置关系，通常前面为参考物，后面为待寻找物。</li></ol>,[sound:jlpt_vocabulary_in_sentence_右.mp3]
短い,短的,彼の髪はとても短いです。,他的头发很短。,<ruby>彼<rt>かれ</rt></ruby>の<ruby>髪<rt>かみ</rt></ruby>はとても<ruby>短い<rt>みじかい</rt></ruby>です。,<ol><li>彼（かれ）：他，第三人称男性指代。</li><li>髪（かみ）：头发。</li><li>は：提示助词，表示主题。</li><li>とても：很，非常，用来修饰形容词，表示程度高。</li><li>短い（みじかい）：形容词，表示长度短。上一形容词变化，结尾い。</li><li>です：礼貌结句助动词，表示敬意。</li><li>本句基本语序为「主语+は+宾语+形容词+です」，为典型日语描述句。</li></ol>,[sound:jlpt_vocabulary_in_sentence_短い.mp3]
水,水,水を毎日飲みます。,每天喝水。,<ruby>水<rt>みず</rt></ruby>を<ruby>毎日<rt>まいにち</rt></ruby><ruby>飲みます<rt>のみます</rt></ruby>。,<ol><li>水（みず）：表示水这一名词。</li><li>を：宾格助词，表示动作的对象。</li><li>毎日（まいにち）：副词，意思是每天。</li><li>飲みます（のみます）：动词“飲む（喝）”的敬体形式，表示喝的动作。</li><li>日语中宾语一般在动词前出现，助词「を」标示宾语，常见的基本句型是「名词+を+动词」。</li></ol>,[sound:jlpt_vocabulary_in_sentence_水.mp3]
店,商店,この店はパンが美味しいです。,这家商店的面包很好吃。,<ruby>この<rt>この</rt></ruby><ruby>店<rt>みせ</rt></ruby><ruby>は<rt>は</rt></ruby><ruby>パン<rt>ぱん</rt></ruby><ruby>が<rt>が</rt></ruby><ruby>美味しい<rt>おいしい</rt></ruby><ruby>です<rt>です</rt></ruby>。,<ol><li>店（みせ）：商店、店铺。用作名词，指出售商品或服务的场所。</li><li>「は」是主题助词，提示话题。「が」是主语助词，提示主语。「美味しい」（おいしい）意为“美味的、好吃的”，用于形容食物。「です」是礼貌语尾，使句子变得正式有礼貌。</li></ol>,[sound:jlpt_vocabulary_in_sentence_店.mp3]
見せる,让看，展示,新しい写真を友達に見せる。,把新照片给朋友看。,<ruby>新しい<rt>あたらしい</rt></ruby><ruby>写真<rt>しゃしん</rt></ruby>を<ruby>友達<rt>ともだち</rt></ruby>に<ruby>見せる<rt>みせる</rt></ruby>。,<ol><li>新しい（あたらしい）：形容词，意思是“新的”。</li><li>写真（しゃしん）：名词，意思是“照片”。</li><li>を：助词，表示动作的对象，这里指“照片”。</li><li>友達（ともだち）：名词，意思是“朋友”。</li><li>に：助词，表示动作的接受者，这里指“朋友”。</li><li>見せる（みせる）：动词，意思是“让别人看、展示”。用法一般为“东西を人に見せる”，即把某物给某人看。</li><li>这是他动词，后面一般接“に”，表示“给谁看”。</li></ol>,[sound:jlpt_vocabulary_in_sentence_見せる.mp3]
道,道路,この道をまっすぐ進んでください。,请沿着这条路一直走。,<ruby>この<rt>この</rt></ruby><ruby>道<rt>みち</rt></ruby><ruby>を<rt>を</rt></ruby><ruby>まっすぐ<rt>まっすぐ</rt></ruby><ruby>進んで<rt>すすんで</rt></ruby><ruby>ください<rt>ください</rt></ruby>。,<ol><li>この（此）：表示距离说话人较近的事物。修饰名词。</li><li>道（みち）：道路、路。</li><li>を：助词，标记动作的对象，此处是“道”。</li><li>まっすぐ：副词，意思为“笔直、一直”。</li><li>進んで（すすんで）：动词“進む（すすむ）”的て形，表示动作的接续。</li><li>ください：敬语表达，请对方做某事，接在动词て形后面。</li><li>语法：“动词て形＋ください”结构，用于请求别人做某事，常见于日常礼貌表达。</li></ol>,[sound:jlpt_vocabulary_in_sentence_道.mp3]
三日,三天,三日は雨が降りました。,三天都下雨了。,<ruby>三日<rt>みっか</rt></ruby>は<ruby>雨<rt>あめ</rt></ruby>が<ruby>降りました<rt>ふりました</rt></ruby>。,<ol><li>三日（みっか）：表示“第三天”或“三天”。是日语中表示日期和持续时间的词汇，特别需要注意其读音为みっか。</li><li>は：提示助词，强调“这三天”作为主题。</li><li>雨（あめ）が降りました（ふりました）：表示“下雨了”，这里“が”作为主语标记，“降りました”是“降る（ふる）”的过去时。</li><li>日语中日期用法要注意1日、2日、3日等有特殊读法，与数字加“日”不同，需单独记忆。</li></ol>,[sound:jlpt_vocabulary_in_sentence_三日.mp3]
三つ,三个,りんごを三つ買いました。,我买了三个苹果。,りんごを<ruby>三つ<rt>みっつ</rt></ruby><ruby>買いました<rt>かいました</rt></ruby>。,<ol><li>りんご：苹果。</li><li>を：助词，表示动作对象，相当于“把”“的”。</li><li>三つ（みっつ）：数量词，表示“3个”，用于数物品，是和语计数词。</li><li>買いました（かいました）：动词“买う（かう）”的过去式，表示“买了”。</li><li>本句型是「名词 + を + 数量词 + 动词」的基本句型，用于表达买了多少东西。</li><li>日本日常生活中常用和语计数词（ひとつ、ふたつ、みっつ等）计数3个左右的不特定物品。</li></ol>,[sound:jlpt_vocabulary_in_sentence_三つ.mp3]
緑,绿色,公園には緑がたくさんあります。,公园里有很多绿色。,<ruby>公園<rt>こうえん</rt></ruby><ruby>には<rt>には</rt></ruby><ruby>緑<rt>みどり</rt></ruby><ruby>が<rt>が</rt></ruby><ruby>たくさん<rt>たくさん</rt></ruby><ruby>あります<rt>あります</rt></ruby>。,<ol><li>公園（こうえん）：公园。</li><li>には：に 表示存在、方向，は强调主语。</li><li>緑（みどり）：绿色。</li><li>が：主语助词。</li><li>たくさん：许多。</li><li>あります：动词「ある」的礼貌形，表示无生命物的存在。</li><li>日语中常用「緑」来泛指绿色的植物、环境友好，与中文用法类似。</li></ol>,[sound:jlpt_vocabulary_in_sentence_緑.mp3]
皆さん,大家，诸位,皆さんは元気ですか。,大家身体好吗？,<ruby>皆さん<rt>みなさん</rt></ruby><ruby>は<rt>は</rt></ruby><ruby>元気<rt>げんき</rt></ruby><ruby>です<rt>です</rt></ruby><ruby>か<rt>か</rt></ruby>。,<ol><li>皆さん（みなさん）：表示“大家”或“诸位”，用于对多人的礼貌称呼。</li><li>は：主题助词，表示本句主语“皆さん”。</li><li>元気（げんき）：形容动词，意为“健康、有精神”。</li><li>です：礼貌体终助动词，使句子更正式。</li><li>か：疑问助词，放句末，表疑问。</li></ol>,[sound:jlpt_vocabulary_in_sentence_皆さん.mp3]
南,南方,南の空に星が輝いています。,南方的天空星星在闪耀。,<ruby>南<rt>みなみ</rt></ruby>の<ruby>空<rt>そら</rt></ruby>に<ruby>星<rt>ほし</rt></ruby>が<ruby>輝いて<rt>かがやいて</rt></ruby><ruby>います<rt>います</rt></ruby>。,<ol><li>南（みなみ）：名词，意思是“南方、南边”。</li><li>空（そら）：名词，意为“天空”。</li><li>～の：格助词，表示所属关系，此处为“南の空”，即“南方的天空”。</li><li>に：助词，表示动作的方向、地点，此处表“在……（地方）”。</li><li>星（ほし）：名词，意思是“星星”。</li><li>が：主格助词，用于标记主语“星”。</li><li>輝いています：动词“輝く（かがやく）”的て形+います，表示某动作正在持续，“正在闪耀”。</li><li>句末「ます」表达礼貌语气，适合会话与文章使用。</li></ol>,[sound:jlpt_vocabulary_in_sentence_南.mp3]
耳,耳朵,赤ちゃんの耳はとても小さいです。,婴儿的耳朵非常小。,<ruby>赤ちゃん<rt>あかちゃん</rt></ruby><ruby>の<rt>の</rt></ruby><ruby>耳<rt>みみ</rt></ruby><ruby>は<rt>は</rt></ruby><ruby>とても<rt>とても</rt></ruby><ruby>小さい<rt>ちいさい</rt></ruby><ruby>です<rt>です</rt></ruby>。,<ol><li>赤ちゃん（あかちゃん）：指婴儿、小宝宝。</li><li>耳（みみ）：耳朵，人体的听觉器官。</li><li>は：提示助词，表示主语。</li><li>とても：副词，非常、很。</li><li>小さい（ちいさい）：形容词，小的。</li><li>です：句尾敬体助动词，用于礼貌表达。</li><li>语法结构为“主语+は+形容词+です”，表示某物的状态。如：リンゴは赤いです。</li></ol>,[sound:jlpt_vocabulary_in_sentence_耳.mp3]
見る,看，观察,彼は毎朝ニュースを見る。,他每天早上看新闻。,<ruby>彼<rt>かれ</rt></ruby>は<ruby>毎朝<rt>まいあさ</rt></ruby>ニュースを<ruby>見る<rt>みる</rt></ruby>。,<ol><li>彼（かれ）：代词，表示“他”。</li><li>は：主题助词，用于强调句子的主题。</li><li>毎朝（まいあさ）：名词，意思是“每天早上”。</li><li>ニュース：名词，外来词，意为“新闻”。</li><li>を：宾语助词，表示动作的对象。“ニュース”作为“を見る”的宾语。</li><li>見る（みる）：动词，意思是“看”。原形活用，五段动词，用于表示观看、观赏等动作。</li><li>动词“見る”接“を”时，一般表示感官上的“看”，常用于看电视、新闻等。</li><li>句末的“。”表示语句结束，类似中文的句号。</li></ol>,[sound:jlpt_vocabulary_in_sentence_見る.mp3]
みんな,大家，所有人,みんなで公園に行きました。,大家一起去公园了。,<ruby>みんな<rt>みんな</rt></ruby><ruby>で<rt>で</rt></ruby><ruby>公園<rt>こうえん</rt></ruby><ruby>に<rt>に</rt></ruby><ruby>行きました<rt>いきました</rt></ruby>。,<ol><li>みんな：表示“大家、所有人”，是副词用法，常用来指集体中的所有人。</li><li>で：表示“用……”、“以……”或者“在……（场所）”，本句中为表示“和谁一起”的手段助词。</li><li>公園（こうえん）：公园。复合汉字词汇。</li><li>行きました：是动词行く（いく，去）的ます形过去式，表示动作已经发生。“ました”是敬语形式。</li><li>语法结构“みんなで+场所+に行く”表示“大家一起去某地”。</li></ol>,[sound:jlpt_vocabulary_in_sentence_みんな.mp3]
六日,六号、六日,六日は母の誕生日です。,六号是妈妈的生日。,<ruby>六日<rt>むいか</rt></ruby>は<ruby>母<rt>はは</rt></ruby>の<ruby>誕生日<rt>たんじょうび</rt></ruby>です。,<ol><li>六日（むいか）：日语中表示“六号”或“六日”，用于表示日期。</li><li>母（はは）：自己的妈妈。用于对自己家人时谦称。</li><li>の：表示所属关系。</li><li>誕生日（たんじょうび）：生日。</li><li>です：礼貌语气的判断句结尾，常用于描述和说明。</li><li>日期表达方式：日语中1日~10日及14、20、24号等用特殊读法，如六日（むいか）。</li></ol>,[sound:jlpt_vocabulary_in_sentence_六日.mp3]
向こう,对面，对方,駅の向こうに公園があります。,车站对面有一个公园。,<ruby>駅<rt>えき</rt></ruby>の<ruby>向こう<rt>むこう</rt></ruby>に<ruby>公園<rt>こうえん</rt></ruby>が<ruby>あります<rt>あります</rt></ruby>。,"<ol><li>駅（えき）：车站。</li><li>の：表示所属或范围，「AのB」表示""A的B""，此处连接「駅」和「向こう」。</li><li>向こう（むこう）：对面、另一侧，用于指目标物体的背后或反方向。</li><li>に：表示方向、地点，这里指存在的位置。</li><li>公園（こうえん）：公园。</li><li>が：主语助词，提示主语（此句为「公園」）。</li><li>あります：表示「有、存在」，用于无生命的物体。</li><li>语法结构「～に～があります」：表示在某处有某物，是初学日语常用句型。</li></ol>",[sound:jlpt_vocabulary_in_sentence_向こう.mp3]
難しい,难，困难,この問題は難しいですね。,这个问题很难啊。,<ruby>この<rt>この</rt></ruby><ruby>問題<rt>もんだい</rt></ruby>は<ruby>難しい<rt>むずかしい</rt></ruby><ruby>ですね<rt>ですね</rt></ruby>。,<ol><li>この：指示代词，表示“这个”。</li><li>問題（もんだい）：名词，意思是“问题”。</li><li>は：主题助词，表示主语或主题。</li><li>難しい（むずかしい）：形容词，意思是“难、困难”。</li><li>ですね：语气词“です”+“ね”，表示确认或感叹，类似中文的“…啊”。</li><li>句型“〜は〜です”是最基础的判断句结构。“〜ですね”表达说话人对某事物的感受并期待对方认同。</li></ol>,[sound:jlpt_vocabulary_in_sentence_難しい.mp3]
六つ,六个,卵を六つ買いました。,买了六个鸡蛋。,<ruby>卵<rt>たまご</rt></ruby>を<ruby>六つ<rt>むっつ</rt></ruby><ruby>買いました<rt>かいました</rt></ruby>。,<ol><li>卵（たまご）：鸡蛋。</li><li>を：宾语助词，标记受动作影响的对象。</li><li>六つ（むっつ）：数量词，表示“六个”，用于数物品，多用于日常口语。</li><li>買いました（かいました）：买了。“買う（かう）”的过去式敬体形式，表示已经完成的动作。</li><li>语法点：日语中数字+つ为助数词，表示数量，常用于日常小件物品计数，1~10分别为：ひとつ、ふたつ、みっつ、よっつ、いつつ、むっつ、ななつ、やっつ、ここのつ、とお。</li></ol>,[sound:jlpt_vocabulary_in_sentence_六つ.mp3]
村,村庄,この村には古い神社があります。,这个村子里有一座古老的神社。,<ruby>この<rt>この</rt></ruby><ruby>村<rt>むら</rt></ruby><ruby>には<rt>には</rt></ruby><ruby>古い<rt>ふるい</rt></ruby><ruby>神社<rt>じんじゃ</rt></ruby><ruby>が<rt>が</rt></ruby><ruby>あります<rt>あります</rt></ruby>。,<ol><li>この：指示代词，意思是“这个”。</li><li>村（むら）：名词，表示“村庄”。</li><li>には：格助词“に”表示存在方式，は为提示助词，强调该地点。</li><li>古い（ふるい）：形容词，解释为“古老的”。</li><li>神社（じんじゃ）：名词，神道教的宗教建筑，意为“神社”。</li><li>があります：表达无生命物体存在的常用句型。“～があります”=“有～”。</li><li>句型语法：名词＋には＋名词＋があります，表示“在某地有某物”。</li><li>文化补充：日本村庄常有古老神社，是传统宗教与地区活动的中心。</li></ol>,[sound:jlpt_vocabulary_in_sentence_村.mp3]
目,眼睛,犬の目はとてもかわいい。,狗的眼睛非常可爱。,<ruby>犬<rt>いぬ</rt></ruby>の<ruby>目<rt>め</rt></ruby>はとてもかわいい。,<ol><li>犬（いぬ）：狗。</li><li>目（め）：眼睛。</li><li>は：主题助词，表示主语。</li><li>とても：非常，很。</li><li>かわいい：可爱。</li><li>日语中经常用「は」作为主题标记，放在主语后，用来强调主语。</li><li>形容词「かわいい」可直接修饰主语，用于表达褒义感情色彩。</li></ol>,[sound:jlpt_vocabulary_in_sentence_目.mp3]
メートル,米，公尺,この道は十メートルあります。,这条路有十米长。,<ruby>この<rt>この</rt></ruby><ruby>道<rt>みち</rt></ruby>は<ruby>十<rt>じゅう</rt></ruby><ruby>メートル<rt>めーとる</rt></ruby><ruby>あり<rt>あり</rt></ruby><ruby>ます<rt>ます</rt></ruby>。,<ol><li>この：指示词，表示“这个”。</li><li>道（みち）：名词，意为“道路”。</li><li>は：助词，主题标记。</li><li>十（じゅう）：数字“十”。</li><li>メートル（めーとる）：外来词，表示“米、米制单位”。</li><li>あります：动词“ある”的礼貌形，表示有无（用于无生命的东西）。</li><li>句型“……は……あります”：表示“某物有……（长度、宽度等特征）”，常用于描述物体的尺寸、数量等。</li></ol>,[sound:jlpt_vocabulary_in_sentence_メートル.mp3]
眼鏡,眼镜,彼は新しい眼鏡を買いました。,他买了新眼镜。,<ruby>彼<rt>かれ</rt></ruby>は<ruby>新しい<rt>あたらしい</rt></ruby><ruby>眼鏡<rt>めがね</rt></ruby>を<ruby>買いました<rt>かいました</rt></ruby>。,"<ol><li>彼（かれ）：第三人称单数，指""他""，在日语中常用于指代男性。</li><li>新しい（あたらしい）：形容词，意为“新的”。</li><li>眼鏡（めがね）：名词，意为“眼镜”。</li><li>を：助词，表示动作的对象。</li><li>買いました（かいました）：动词“買う”（买）的过去敬体，表示“买了”。</li><li>日语句型“〜を買いました”表示买了某物，助词“を”突出动作的对象。</li></ol>",[sound:jlpt_vocabulary_in_sentence_眼鏡.mp3]
もう,已经、再,もう昼ご飯は食べましたか。,你已经吃午饭了吗？,<ruby>もう<rt>もう</rt></ruby><ruby>昼ご飯<rt>ひるごはん</rt></ruby>は<ruby>食べました<rt>たべました</rt></ruby>か,<ol><li>もう：副词，表示“已经”“再”，常用于表示动作已完成或状态已达成。</li><li>昼ご飯（ひるごはん）：午饭。</li><li>〜は：提示助词，表示主语或主题。</li><li>食べました：食べる（吃）的敬体过去式，表示“吃了”。</li><li>か：疑问助词，表示疑问句的结尾。</li><li>本句型为“もう+动词过去式か”，表示“已经……了吗？”。</li></ol>,[sound:jlpt_vocabulary_in_sentence_もう.mp3]
木曜日,星期四,木曜日に友達と映画を見ます。,星期四和朋友一起看电影。,<ruby>木曜日<rt>もくようび</rt></ruby>に<ruby>友達<rt>ともだち</rt></ruby>と<ruby>映画<rt>えいが</rt></ruby>を<ruby>見ます<rt>みます</rt></ruby>。,<ol><li>木曜日（もくようび）：表示星期四，是日语中表示星期的词汇。曜日（ようび）表示星期，前面的“木（もく）”是指木星，在日本以五行来命名星期几。</li><li>助词“に”：表示动作发生的具体时间点，此处指“在星期四”。</li><li>友達（ともだち）：名词，意思是朋友。</li><li>と：并列助词，表示与谁一起做某事，译为“和……”。</li><li>映画（えいが）：名词，意思是电影。</li><li>を：宾格助词，标记动作的对象。</li><li>見ます（みます）：动词“見る（みる）”的礼貌形，意思是“看”。</li><li>日语中表达时间时通常结构为“X曜日に〜する”，文化上日本把星期对应五行与天体命名，如木曜日即与木星相关。</li></ol>,[sound:jlpt_vocabulary_in_sentence_木曜日.mp3]
もしもし,喂（电话用语）,もしもし、田中さんですか。,喂，请问是田中先生吗？,<ruby>もしもし<rt>もしもし</rt></ruby>、<ruby>田中<rt>たなか</rt></ruby><ruby>さん<rt>さん</rt></ruby><ruby>です<rt>です</rt></ruby><ruby>か<rt>か</rt></ruby>。,<ol><li>もしもし：用于打电话或远距离招呼，引起对方注意，相当于中文“喂”。</li><li>田中さん：田中是姓，“さん”为常用的敬称，表示尊重。</li><li>ですか：です为判断句的礼貌形，か为疑问助词，连用表达疑问礼貌句型。</li><li>电话礼仪：在日本通话时，开头通常说“もしもし”以确认对方是否在线。</li></ol>,[sound:jlpt_vocabulary_in_sentence_もしもし.mp3]
持つ,持有，拿着,彼はカバンを持つ。,他拿着包。,<ruby>彼<rt>かれ</rt></ruby>はカバンを<ruby>持つ<rt>もつ</rt></ruby>。,<ol><li>彼（かれ）：他，第三人称男性代词。</li><li>は：主题助词，提示句子的主题。</li><li>カバン：包，书包，外来词。</li><li>を：宾语助词，表示动作的对象。</li><li>持つ（もつ）：动词，意思是“拿、持有、拥有”。本句为基本型。</li><li>语序为“主语+は+宾语+を+动词”，符合日语表达习惯。</li></ol>,[sound:jlpt_vocabulary_in_sentence_持つ.mp3]
もっと,更、更加,もっと勉強しなければなりません。,必须要更加努力学习。,<ruby>もっと<rt>もっと</rt></ruby><ruby>勉強<rt>べんきょう</rt></ruby><ruby>しなければなりません<rt>しなければなりません</rt></ruby>。,<ol><li>もっと：副词，表示“更”、“更加”，用于强调在原有程度上提升。</li><li>勉強（べんきょう）：名词，意思是“学习”。</li><li>しなければなりません：动词“する”的否定假定形式“しなければ”加上“なりません”，表示“必须做……”。是一种礼貌的表达方式。</li><li>语法结构：“もっと+动词/形容词”用于表示“要更加……”，“しなければなりません”用来表达义务，语气比单纯的命令更委婉有礼貌。</li></ol>,[sound:jlpt_vocabulary_in_sentence_もっと.mp3]
物,东西,大切な物をなくしました。,我把重要的东西弄丢了。,<ruby>大切<rt>たいせつ</rt></ruby>な<ruby>物<rt>もの</rt></ruby>を<ruby>なくしました<rt>なくしました</rt></ruby>。,<ol><li>大切（たいせつ）：形容动词，意思是重要、珍贵。</li><li>な：形容动词与名词连接时的助词。</li><li>物（もの）：名词，表示“东西”“物品”。</li><li>を：宾格助词，表明“物”为动作对象。</li><li>なくしました：动词“なくす”（丢失、弄丢）的过去式，用于表达“弄丢了”。</li><li>句型解释：全句表达“把重要的东西弄丢了”。常用于物品遗失时说明情况。</li></ol>,[sound:jlpt_vocabulary_in_sentence_物.mp3]
門,门,学校の門は朝八時に開きます。,学校的大门早上八点开。,<ruby>学校<rt>がっこう</rt></ruby><ruby>の<rt>の</rt></ruby><ruby>門<rt>もん</rt></ruby><ruby>は<rt>は</rt></ruby><ruby>朝<rt>あさ</rt></ruby><ruby>八時<rt>はちじ</rt></ruby><ruby>に<rt>に</rt></ruby><ruby>開きます<rt>あきます</rt></ruby>。,<ol><li>学校（がっこう）：指学校。</li><li>門（もん）：意为“门”。</li><li>朝（あさ）：早晨。</li><li>八時（はちじ）：八点。</li><li>に：时间助词，表具体时间点。</li><li>開きます（あきます）：动词“开”，表示门等自动打开。</li><li>“学校の門”中的“の”起到连接作用，表示“学校的门”。句子的语法结构是主语+は+时间+に+动词（自动词结尾），这是日语常见句型。</li></ol>,[sound:jlpt_vocabulary_in_sentence_門.mp3]
問題,问题,先生が難しい問題を出しました。,老师出了一个难题。,<ruby>先生<rt>せんせい</rt></ruby>が<ruby>難しい<rt>むずかしい</rt></ruby><ruby>問題<rt>もんだい</rt></ruby>を<ruby>出しました<rt>だしました</rt></ruby>。,<ol><li>先生（せんせい）：老师。</li><li>が：主格助词，表示主语。</li><li>難しい（むずかしい）：形容词，意思是“难的”。</li><li>問題（もんだい）：名词，意思是“问题、题目”。</li><li>を：宾格助词，标记动作的对象。</li><li>出しました（だしました）：动词“出す”的过去敬体形，意为“出了（题）”。</li><li>语法知识：日语句子结构通常为“主语が + 目的语を + 动词”。此句中“先生が問題を出しました”结构标准，适用于老师布置问题或出考试题的场合。</li></ol>,[sound:jlpt_vocabulary_in_sentence_問題.mp3]
～屋,～店铺,私は本屋で雑誌を買いました。,我在书店买了杂志。,<ruby>私<rt>わたし</rt></ruby>は<ruby>本屋<rt>ほんや</rt></ruby>で<ruby>雑誌<rt>ざっし</rt></ruby>を<ruby>買いました<rt>かいました</rt></ruby>。,<ol><li>本屋（ほんや）：指书店，「～屋」用法表示“⋯店”/“⋯铺”。如「花屋」（花店）、「魚屋」（鱼店）。</li><li>で：表示动作发生的场所，译为“在⋯”。</li><li>を：表示动作对象，这里是“杂志”。</li><li>ました：是动词「買う」的过去式礼貌形，表示“买了”。</li></ol>,[sound:jlpt_vocabulary_in_sentence_～屋.mp3]
八百屋,蔬果店,私は八百屋で野菜を買いました。,我在蔬果店买了蔬菜。,<ruby>私<rt>わたし</rt></ruby>は<ruby>八百屋<rt>やおや</rt></ruby>で<ruby>野菜<rt>やさい</rt></ruby>を<ruby>買いました<rt>かいました</rt></ruby>。,<ol><li>八百屋（やおや）：蔬果店，传统日本卖蔬菜水果的小店。</li><li>で：表示地点，动作在某处发生。</li><li>野菜（やさい）：蔬菜。</li><li>を：宾格助词，标记动作的对象。</li><li>買いました（かいました）：动词「買う」的过去式，表示买了（某物）。</li><li>「八百屋」在日本是一种传统的小本经营，专门出售新鲜蔬果，至今常见于各大城市与乡村。</li></ol>,[sound:jlpt_vocabulary_in_sentence_八百屋.mp3]
野菜,蔬菜,毎日野菜を食べましょう。,每天要吃蔬菜。,<ruby>毎日<rt>まいにち</rt></ruby><ruby>野菜<rt>やさい</rt></ruby>を<ruby>食べましょう<rt>たべましょう</rt></ruby>。,<ol><li>毎日（まいにち）：每天。</li><li>野菜（やさい）：蔬菜。</li><li>を：助词，表示动作的对象，这里指吃的对象是“野菜（蔬菜）”。</li><li>食べましょう（たべましょう）：「食べる」的意向形，表示建议或一起做某事，相当于“让我们……吧”。</li><li>语法知识：“动词ます形+ましょう”表示邀请或建议一起做某事。</li></ol>,[sound:jlpt_vocabulary_in_sentence_野菜.mp3]
易しい,简单的,この本は易しいです。,这本书很简单。,この<ruby>本<rt>ほん</rt></ruby>は<ruby>易しい<rt>やさしい</rt></ruby>です。,<ol><li>この：指示词，意思是“这”。</li><li>本（ほん）：名词，意思是“书”。</li><li>は：助词，表示主题。</li><li>易しい（やさしい）：形容词，意思是“简单的、容易的、温柔的”。</li><li>です：礼貌句末助动词，使句子更正式。</li><li>基本句型：AはBです，表示“A是B”。本句为“这本书是简单的”。</li></ol>,[sound:jlpt_vocabulary_in_sentence_易しい.mp3]
安い,便宜,この店のりんごは安いです。,这家店的苹果很便宜。,<ruby>この<rt>この</rt></ruby><ruby>店<rt>みせ</rt></ruby><ruby>の<rt>の</rt></ruby><ruby>りんご<rt>りんご</rt></ruby><ruby>は<rt>は</rt></ruby><ruby>安い<rt>やすい</rt></ruby><ruby>です<rt>です</rt></ruby>。,<ol><li>この：指示词，意思为“这个”。</li><li>店（みせ）：名词，表示“店铺”。</li><li>の：助词，表示前后名词的所属关系。</li><li>りんご：名词，指“苹果”。</li><li>は：提示助词，标明主题。</li><li>安い（やすい）：形容词，表示“便宜”。用于评价价格低。</li><li>です：敬体句末助动词，表示礼貌。</li><li>句型“〜は〜です”：是基本的主系表句型，表示“……是……”。</li></ol>,[sound:jlpt_vocabulary_in_sentence_安い.mp3]
休み,休息,今日は会社が休みです。,今天公司休息。,<ruby>今日<rt>きょう</rt></ruby>は<ruby>会社<rt>かいしゃ</rt></ruby>が<ruby>休み<rt>やすみ</rt></ruby>です。,<ol><li>今日（きょう）：今天。</li><li>会社（かいしゃ）：公司。</li><li>休み（やすみ）：名词，意为休息、休假、休息日。</li><li>「は」和「が」：分别是主题助词和主语助词。此处「会社が」强调公司是休息的主体。</li><li>「です」：礼貌形的断定助动词，表达现在状态。</li><li>句型「名词が休みです」：常用来表达“……休息／（……）放假”。</li></ol>,[sound:jlpt_vocabulary_in_sentence_休み.mp3]
休む,休息,彼は今日は会社を休みます。,他今天请假不去公司。,<ruby>彼<rt>かれ</rt></ruby>は<ruby>今日<rt>きょう</rt></ruby>は<ruby>会社<rt>かいしゃ</rt></ruby>を<ruby>休みます<rt>やすみます</rt></ruby>。,<ol><li>彼（かれ）：表示“他”。<br>は：主题助词，表示主语。</li><li>今日（きょう）：今天。<br>会社（かいしゃ）：公司。<br>を：宾语助词，表示动词作用对象。</li><li>休みます（やすみます）：动词“休む”的礼貌形，意思是“休息、请假”。<br>整个句子意思是“他今天请假不去公司”。</li><li>「休む」既可以表示休息，也可用作请假，搭配会社（かいしゃ）时常指不上班。</li></ol>,[sound:jlpt_vocabulary_in_sentence_休む.mp3]
八つ,八个,りんごが八つあります。,有八个苹果。,りんごが<ruby>八つ<rt>やっつ</rt></ruby>あります。,<ol><li>八つ（やっつ）：表示数量“八个”，是日语中数物品的“和语数词”中的一种，常用于数1~10以内的物品。</li><li>あります：动词“ある”的敬体，用于表示无生命物品的存在，中文意为“有”。</li><li>助词“が”：表示主语，即“有八个的东西是苹果”。</li></ol>,[sound:jlpt_vocabulary_in_sentence_八つ.mp3]
山,山,山がとても高いです。,山非常高。,<ruby>山<rt>やま</rt></ruby>がとても<ruby>高い<rt>たかい</rt></ruby>です。,<ol><li>山（やま）：名词，意思是“山”。</li><li>が：助词，表示主语。</li><li>とても：副词，表示“非常、很”。</li><li>高い（たかい）：形容词，意思是“高”。</li><li>です：礼貌结句词。</li><li>日语常用结构：[主语]が[形容词]です——表达对主语的描述。</li></ol>,[sound:jlpt_vocabulary_in_sentence_山.mp3]
やる,做，干,毎日運動をやることが大切です。,每天做运动很重要。,<ruby>毎日<rt>まいにち</rt></ruby><ruby>運動<rt>うんどう</rt></ruby>をやることが<ruby>大切<rt>たいせつ</rt></ruby>です。,<ol><li>毎日（まいにち）：每天。</li><li>運動（うんどう）：运动。</li><li>を：助词，表示动作的对象。</li><li>やる：动词，意思是“做、进行”，是“する”的口语表达。</li><li>こと：将前面的动作名词化，表示“……的事情”。</li><li>が：助词，表示主语。</li><li>大切（たいせつ）：形容动词，意思是“重要的”。</li><li>です：礼貌表达。</li></ol>,[sound:jlpt_vocabulary_in_sentence_やる.mp3]
夕方,傍晚,夕方になると涼しくなります。,一到傍晚就变凉快了。,<ruby>夕方<rt>ゆうがた</rt></ruby><ruby>になると<rt>になると</rt></ruby><ruby>涼しく<rt>すずしく</rt></ruby><ruby>なります<rt>なります</rt></ruby>。,<ol><li>夕方（ゆうがた）：指傍晚、黄昏时分。</li><li>〜になると：表示“到了……的时候就……”的意思，其中「に」表示时间点、「なる」表示“变成”、动词「と」表示条件（……就……）。</li><li>涼しくなる：（すずしくなる），涼しい（凉快的）的连用形＋なる，表示“变得……”。</li></ol>,[sound:jlpt_vocabulary_in_sentence_夕方.mp3]
夕飯,晚饭,今日は母が夕飯を作りました。,今天母亲做了晚饭。,<ruby>今日は<rt>きょうは</rt></ruby><ruby>母<rt>はは</rt></ruby>が<ruby>夕飯<rt>ゆうはん</rt></ruby>を<ruby>作りました<rt>つくりました</rt></ruby>。,<ol><li>今日は（きょうは）：今天，其中「は」为提示助词，标志主题。</li><li>母（はは）：母亲。「が」为主格助词，表示“母亲”是主语。</li><li>夕飯（ゆうはん）：晚饭，本句为宾语。「を」为宾格助词。</li><li>作りました（つくりました）：作る（つくる）的过去式，表示“做了”。</li><li>语法说明：「AがBをVました」结构，表示A做了B这件事。</li></ol>,[sound:jlpt_vocabulary_in_sentence_夕飯.mp3]
郵便局,邮局,私は郵便局で手紙を出しました。,我在邮局寄了信。,<ruby>私<rt>わたし</rt></ruby>は<ruby>郵便局<rt>ゆうびんきょく</rt></ruby>で<ruby>手紙<rt>てがみ</rt></ruby>を<ruby>出しました<rt>だしました</rt></ruby>。,<ol><li>郵便局（ゆうびんきょく）：意为“邮局”。</li><li>で：表示动作发生的场所，助词“で”用在场所名词后，表示“在某地”。</li><li>手紙（てがみ）：信件、信。</li><li>を：宾格助词，表示动作对象，这里“手紙”是“出す（寄）”的对象。</li><li>出しました：动词“出す（だす）”的过去式，意思为“寄出”。</li><li>“私は”表示主语“我”，“は”是提示主题的助词。</li></ol>,[sound:jlpt_vocabulary_in_sentence_郵便局.mp3]
昨夜,昨晚,昨夜は雨が降りました。,昨晚下雨了。,<ruby>昨夜<rt>さくや</rt></ruby>は<ruby>雨<rt>あめ</rt></ruby>が<ruby>降りました<rt>ふりました</rt></ruby>。,<ol><li>昨夜（さくや）：意为“昨晚”，指昨天的夜晚。与「昨日の夜」（きのうのよる）意思相近，但「昨夜」更为正式。</li><li>は：助词，表示主题。</li><li>雨（あめ）：雨。</li><li>が：助词，标示主语或说明新信息。</li><li>降りました（ふりました）：动词「降る」（下（雨/雪））的过去式，表示已经下过。</li><li>语法：主题+は+主语/现象+が+动词（过去式）。「昨夜は雨が降りました。」整体为“昨晚下雨了”的日语表达。</li></ol>,[sound:jlpt_vocabulary_in_sentence_昨夜.mp3]
有名,有名，著名,彼は有名な俳優です。,他是有名的演员。,<ruby>彼は<rt>かれは</rt></ruby><ruby>有名な<rt>ゆうめいな</rt></ruby><ruby>俳優<rt>はいゆう</rt></ruby>です。,<ol><li>彼（かれ）：他、那个人的意思。</li><li>有名な（ゆうめいな）：形容动词，意为著名的、有名的。后缀「な」用来修饰后面的名词。</li><li>俳優（はいゆう）：演员。</li><li>です：礼貌形结尾，表示判断句。</li><li>句子语法结构：主语「彼」+系词「は」+修饰语「有名な」+名词「俳優」+判断助动词「です」，表达介绍身份或特征。</li></ol>,[sound:jlpt_vocabulary_in_sentence_有名.mp3]
雪,雪,朝から雪が降っています。,从早上开始一直在下雪。,<ruby>朝<rt>あさ</rt></ruby>から<ruby>雪<rt>ゆき</rt></ruby>が<ruby>降っています<rt>ふっています</rt></ruby>。,<ol><li>朝（あさ）：名词，表示“早上”。</li><li>から：助词，表示起点，“从……”。</li><li>雪（ゆき）：名词，“雪”。</li><li>が：助词，标明主语。</li><li>降っています（ふっています）：动词“降る”（ふる，降，下）在ている形，表示持续进行，“正在下”。这种表达用于描写动作或现象正在持续发生。</li><li>日语中描述天气现象（如雪、雨）时，常用「～が降る」表示下雪、下雨。句子主语是自然现象。</li></ol>,[sound:jlpt_vocabulary_in_sentence_雪.mp3]
ゆっくりと,慢慢地,彼はゆっくりと話しました。,他慢慢地说话了。,<ruby>彼は<rt>かれは</rt></ruby><ruby>ゆっくりと<rt>ゆっくりと</rt></ruby><ruby>話しました<rt>はなしました</rt></ruby>。,<ol><li>彼（かれ）：指“他”。日语第三人称代词。</li><li>は：提示助词，表示主题。</li><li>ゆっくりと：副词，表示“慢慢地”，修饰后面的动词。</li><li>話しました（はなしました）：动词“話す（はなす）”的过去式敬体，意为“说了话”。</li><li>语法点：副词常用来修饰动词，增强句意。“〜と”为副词化常见形式。</li></ol>,[sound:jlpt_vocabulary_in_sentence_ゆっくりと.mp3]
八日,八号；八日,私は八日に友達と会います。,我在八号和朋友见面。,<ruby>私<rt>わたし</rt></ruby>は<ruby>八日<rt>ようか</rt></ruby>に<ruby>友達<rt>ともだち</rt></ruby>と<ruby>会います<rt>あいます</rt></ruby>。,<ol><li>私（わたし）：第一人称，意思是“我”。</li><li>は：主题助词，标记主语“我”。</li><li>八日（ようか）：日期用法，表示8号，也可作为“第八天”。</li><li>に：时间助词，表示具体的时间点“在……时”。</li><li>友達（ともだち）：朋友。</li><li>と：共同助词，表示与谁一起，译为“和……”。</li><li>会います（あいます）：动词“会う”的ます形，意思是“见面”。</li><li>语法知识：“～に会う”表示“和……见面”。“に”说明见面的对象，也可以用“と”表示“与……见面”。</li></ol>,[sound:jlpt_vocabulary_in_sentence_八日.mp3]
洋服,西式服装,新しい洋服を買いました。,我买了新衣服。,<ruby>新しい<rt>あたらしい</rt></ruby><ruby>洋服<rt>ようふく</rt></ruby><ruby>を<rt>を</rt></ruby><ruby>買いました<rt>かいました</rt></ruby>。,<ol><li>新しい（あたらしい）：形容词，表示“新的”。</li><li>洋服（ようふく）：名词，指西式服装，与日本传统服装（和服）相对。</li><li>を：助词，标记宾语。</li><li>買いました（かいました）：动词“买（買う・かう）”的过去式“买了”。</li><li>日语中“～ました”是动词敬体的过去式结尾，表示动作已经完成。</li></ol>,[sound:jlpt_vocabulary_in_sentence_洋服.mp3]
よく,经常,彼はよく本を読みます。,他经常看书。,<ruby>彼<rt>かれ</rt></ruby>はよく<ruby>本<rt>ほん</rt></ruby>を<ruby>読みます<rt>よみます</rt></ruby>。,<ol><li>彼（かれ）：他，第三人称，表示男性。</li><li>は：主题助词，用于突出句子的主语。</li><li>よく：副词，意思为“经常、常常”，用来修饰动词，表示动作频率高。</li><li>本（ほん）：书。</li><li>を：宾语助词，表示前面的名词是动作的对象。</li><li>読みます（よみます）：动词“読む（よむ）”的礼貌形，意思是“读”。</li><li>副词“よく”常用于日常会话，表示某行为发生频率较高，是表达习惯性动作的常用词。</li></ol>,[sound:jlpt_vocabulary_in_sentence_よく.mp3]
横,横，横向,彼は横になって休んでいます。,他正横着躺着休息。,<ruby>彼は<rt>かれは</rt></ruby><ruby>横に<rt>よこに</rt></ruby><ruby>なって<rt>なって</rt></ruby><ruby>休んで<rt>やすんで</rt></ruby><ruby>います。<rt>います。</rt></ruby>,<ol><li>彼（かれ）：他，第三人称代词。</li><li>横になる（よこになる）：躺下的意思，其中“横（よこ）”意为横向、侧着，“なる”为动词“变成”。</li><li>休む（やすむ）的て形“休んで”加上“います”，表示动作正在进行，即“正在休息”。</li></ol>,[sound:jlpt_vocabulary_in_sentence_横.mp3]
四日,第四天,四日は母の誕生日です。,四日是母亲的生日。,<ruby>四日<rt>よっか</rt></ruby>は<ruby>母<rt>はは</rt></ruby>の<ruby>誕生日<rt>たんじょうび</rt></ruby>です。,<ol><li>四日（よっか）：日本语中表示月份的第四天，也可以指“四天”。和其他日语日期的读法一样，有不规则的特殊发音。</li><li>は：提示主题的助词，体现句子的主语。</li><li>母（はは）：自己的母亲。称呼他人母亲要用お母さん（おかあさん）。</li><li>の：助词，表示所属关系。</li><li>誕生日（たんじょうび）：生日。</li><li>です：礼貌句尾，表判断。</li><li>语法：“AはBです” 是日语的基本判断句型，表示“A是B”。该句也反映日本重视家人生日等纪念日，常在家中庆祝。</li></ol>,[sound:jlpt_vocabulary_in_sentence_四日.mp3]
四つ,四个,りんごが四つあります。,有四个苹果。,りんごが<ruby>四つ<rt>よっつ</rt></ruby>あります。,<ol><li>りんご：苹果。</li><li>が：助词，主语标记。</li><li>四つ（よっつ）：数字词，表示“四个”，属日语的和式数词，多用于数较小物品时的数量表达。</li><li>あります：动词“ある”的敬体，表示无生命物体的存在或拥有。</li><li><b>语法知识</b>：日语数量词数东西时，通常放在被数物体和谓语之间，如“物＋が＋数量词＋あります”。</li></ol>,[sound:jlpt_vocabulary_in_sentence_四つ.mp3]
呼ぶ,呼叫、喊,彼は大きな声で私を呼ぶ。,他大声叫我。,<ruby>彼<rt>かれ</rt></ruby>は<ruby>大きな<rt>おおきな</rt></ruby><ruby>声<rt>こえ</rt></ruby>で<ruby>私<rt>わたし</rt></ruby>を<ruby>呼ぶ<rt>よぶ</rt></ruby>。,<ol><li>彼（かれ）：他，表示男性第三人称。</li><li>大きな：形容词“大きい”的连体形，用于修饰名词，意为“大”或“大的”。</li><li>声（こえ）：嗓音、声音。</li><li>で：表示手段、方式，相当于“用……”。</li><li>私（わたし）：我，自称。</li><li>を：宾格助词，标记动作的对象。</li><li>呼ぶ（よぶ）：动词，意思为“叫、呼唤、称呼”。</li><li>日语中用“大きな声で呼ぶ”表示大声叫某人，动作的对象用“を”标记。</li></ol>,[sound:jlpt_vocabulary_in_sentence_呼ぶ.mp3]
読む,阅读,私は毎日新聞を読む。,我每天读报纸。,<ruby>私は<rt>わたしは</rt></ruby><ruby>毎日<rt>まいにち</rt></ruby><ruby>新聞<rt>しんぶん</rt></ruby>を<ruby>読む<rt>よむ</rt></ruby>。,"<ol><li>私は（わたしは）：""我""，做主语，表示说话的人自己，使用助词「は」表示主题。</li><li>毎日（まいにち）：""每天""，用来表达频率或日常性。</li><li>新聞（しんぶん）：""报纸""，为阅读的对象。</li><li>を：宾格助词，表示动作的对象。</li><li>読む（よむ）：动词“阅读”，五段动词，这里为基本型，表示习惯性动作。</li><li>日语日常句型：主语+は+时间（毎日）+宾语+を+动词，一般用来表达习惯。</li></ol>",[sound:jlpt_vocabulary_in_sentence_読む.mp3]
夜,夜晚,夜は静かで落ち着きます。,夜晚很安静，让人平静。,<ruby>夜<rt>よる</rt></ruby><ruby>は<rt>は</rt></ruby><ruby>静か<rt>しずか</rt></ruby><ruby>で<rt>で</rt></ruby><ruby>落ち着きます<rt>おちつきます</rt></ruby>。,<ol><li>夜（よる）：名词，表示“夜晚”。</li><li>は：助词，提示主题，表明“夜晚”是句子的主语部分。</li><li>静か（しずか）：形容动词，意思是“安静”。</li><li>で：形容动词的连用形助词，连接两个描述，表示原因、并列等。</li><li>落ち着きます（おちつきます）：动词“落ち着く”的敬体形式，表示“平静、安下心来”。</li><li>本句是复合句，前半部分用“静かで”与后半部分“落ち着きます”连接，表示因为夜晚安静让人平静。</li></ol>,[sound:jlpt_vocabulary_in_sentence_夜.mp3]
弱い,弱小、虚弱,彼は運動が少し弱いです。,他在运动方面有点弱。,<ruby>彼<rt>かれ</rt></ruby>は<ruby>運動<rt>うんどう</rt></ruby>が<ruby>少し<rt>すこし</rt></ruby><ruby>弱い<rt>よわい</rt></ruby>です。,<ol><li>彼（かれ）：表示“他”。用于指称第三人称男性。</li><li>運動（うんどう）：意思为“运动”，可以指体育活动等。</li><li>少し（すこし）：副词，表示“稍微、有点”。</li><li>弱い（よわい）：形容词，意为“弱、小、不擅长”。</li><li>が：助词，表示主格，此处用于指出“运动”是被描述的对象。</li><li>です：礼貌用语，句末用于正式表达。</li><li>语法知识：形容词（如弱い）可直接用在です前，表示状态。</li></ol>,[sound:jlpt_vocabulary_in_sentence_弱い.mp3]
来月,下个月,来月新しい仕事が始まります。,下个月开始新工作。,<ruby>来月<rt>らいげつ</rt></ruby><ruby>新しい<rt>あたらしい</rt></ruby><ruby>仕事<rt>しごと</rt></ruby><ruby>が<rt>が</rt></ruby><ruby>始まります<rt>はじまります</rt></ruby>。,<ol><li>来月（らいげつ）：指“下个月”，是“来”（らい，未来的意思）和“月”（げつ，月份）组合。</li><li>新しい（あたらしい）：形容词，表示“新的”。</li><li>仕事（しごと）：名词，意思是“工作”。</li><li>が：助词，标记主语。</li><li>始まります（はじまります）：动词“始まる”（开始）的敬体形式，表示事情将要或者即将开始。</li><li>一句整体结构为“时间＋事件”，表示某事将在指定时间发生。</li></ol>,[sound:jlpt_vocabulary_in_sentence_来月.mp3]
来週,下周,来週は友達と旅行します。,下周我要和朋友去旅行。,<ruby>来週<rt>らいしゅう</rt></ruby><ruby>は<rt>は</rt></ruby><ruby>友達<rt>ともだち</rt></ruby><ruby>と<rt>と</rt></ruby><ruby>旅行します<rt>りょこうします</rt></ruby>。,<ol><li>来週（らいしゅう）：表示“下周”，指从现在起下一个星期。</li><li>は：主题助词，表示主语“来週”为话题。</li><li>友達（ともだち）：朋友。</li><li>と：格助词，表示与谁一起。</li><li>旅行します（りょこうします）：动词“旅行する”（旅行）的敬体形式，表示“去旅行”。</li><li>句子的基本语序为：时间+は+对象+と+动词，表达“在某个时间和谁一起做某事”。</li></ol>,[sound:jlpt_vocabulary_in_sentence_来週.mp3]
来年,明年,来年も頑張りましょう。,明年也一起加油吧。,<ruby>来年<rt>らいねん</rt></ruby>も<ruby>頑張り<rt>がんばり</rt></ruby>ましょう。,<ol><li>「来年」（らいねん）：意思是“明年”，指的是下一个年份。</li><li>「も」：表示“也”，用来强调与前面内容的并列关系。</li><li>「頑張りましょう」：是「頑張る」（がんばる）的意志形，表达“让我们一起努力吧”。其中「ましょう」表示共同做某事的建议或邀约。</li></ol>,[sound:jlpt_vocabulary_in_sentence_来年.mp3]
ラジオ,收音机,毎朝ラジオを聞きます。,我每天早上听收音机。,<ruby>毎朝<rt>まいあさ</rt></ruby>ラジオを<ruby>聞きます<rt>ききます</rt></ruby>。,<ol><li>毎朝（まいあさ）：意思是“每天早上”。「毎」表示“每个”，“朝”表示“早上”。</li><li>ラジオ：外来语，意为“收音机”、“广播”。</li><li>を：助词，表示动作的对象。</li><li>聞きます（ききます）：是动词「聞く」的敬体形式，意思是“听”。</li><li>日语句式“〜を聞きます”表示“听……”。</li></ol>,[sound:jlpt_vocabulary_in_sentence_ラジオ.mp3]
ラジオカセ,收录机,古いラジオカセを使っています。,我在用老式收录机。,<ruby>古い<rt>ふるい</rt></ruby>ラジオカセを<ruby>使っています<rt>つかっています</rt></ruby>。,<ol><li>古い（ふるい）：形容词，意思是“旧的、老的”。</li><li>ラジオカセ：收录机，是ラジオ（收音机）和カセット（磁带）缩写的合成词。</li><li>を：助词，表示动作的对象。</li><li>使っています（つかっています）：ている形式，表示正在持续做某事。</li><li>语法：动词ている形常表示动作的进行或状态的持续。</li><li>文化说明：ラジオカセ在昭和时代很流行，用于播放和录制音乐、广播。</li></ol>,[sound:jlpt_vocabulary_in_sentence_ラジオカセ.mp3]
りっぱ,优秀、杰出,彼はりっぱな先生です。,他是很优秀的老师。,<ruby>彼<rt>かれ</rt></ruby>はりっぱな<ruby>先生<rt>せんせい</rt></ruby>です。,<ol><li>彼（かれ）：第三人称代词，表示“他”。</li><li>りっぱ：形容动词，表示“优秀、出色、宏伟”等褒义。</li><li>な：りっぱ作为形容动词，修饰名词时要加「な」。</li><li>先生（せんせい）：名词，指“老师”。</li><li>です：表示礼貌的判断语气，相当于“是”。</li><li>语法说明：「形容动词词干+な+名词」用法。例如：しずかな町（安静的城市）。</li></ol>,[sound:jlpt_vocabulary_in_sentence_りっぱ.mp3]
留学生,留学生,私の友達は留学生です。,我的朋友是留学生。,<ruby>私<rt>わたし</rt></ruby>の<ruby>友達<rt>ともだち</rt></ruby>は<ruby>留学生<rt>りゅうがくせい</rt></ruby>です。,<ol><li>私（わたし）：第一人称代词，意思是“我”。</li><li>の：表示所属关系，相当于汉语的“的”。</li><li>友達（ともだち）：名词，意思是“朋友”。</li><li>は：主题助词，表示句子的主题。</li><li>留学生（りゅうがくせい）：名词，指在国外学习的学生。</li><li>です：是礼貌语气结尾，相当于汉语的“是”。</li><li>此句为简单的名词判断句结构：AはBです，表示“A是B”。</li></ol>,[sound:jlpt_vocabulary_in_sentence_留学生.mp3]
両親,父母,両親は旅行に行きました。,父母去旅行了。,<ruby>両親<rt>りょうしん</rt></ruby>は<ruby>旅行<rt>りょこう</rt></ruby>に<ruby>行きました<rt>いきました</rt></ruby>。,<ol><li>両親（りょうしん）：指父母，常用于正式或书面语。</li><li>は：主题助词，表示主题。</li><li>旅行（りょこう）：旅行、出行。</li><li>に：表示目的地或动作的方向。</li><li>行きました（いきました）：动词“行く（いく）”的过去时，意为“去了”。</li><li>语法点：“AはBに行きました”形结构，表示“A去B了”。</li></ol>,[sound:jlpt_vocabulary_in_sentence_両親.mp3]
料理,料理，烹饪,母は毎日おいしい料理を作ります。,妈妈每天做美味的料理。,<ruby>母<rt>はは</rt></ruby>は<ruby>毎日<rt>まいにち</rt></ruby>おいしい<ruby>料理<rt>りょうり</rt></ruby>を<ruby>作ります<rt>つくります</rt></ruby>。,<ol><li>母（はは）：母亲。</li><li>は：主题助词，表示主语。</li><li>毎日（まいにち）：每天。</li><li>おいしい：美味的。</li><li>料理（りょうり）：料理，指饭菜、做菜、烹饪。</li><li>を：宾语助词，表示动作作用的对象。</li><li>作ります（つくります）：制作、做（动词「作る」的礼貌形）。</li><li>本句结构为“主语は 时间 修饰语 目的语（を） 动词”。</li></ol>,[sound:jlpt_vocabulary_in_sentence_料理.mp3]
旅行,旅行,私は夏休みに旅行をしました。,我在暑假去了旅行。,<ruby>私<rt>わたし</rt></ruby>は<ruby>夏休み<rt>なつやすみ</rt></ruby>に<ruby>旅行<rt>りょこう</rt></ruby>を<ruby>しました<rt>しました</rt></ruby>。,<ol><li>私（わたし）：第一人称，意为“我”。</li><li>は：提示助词，表明主语。</li><li>夏休み（なつやすみ）：暑假。</li><li>に：时间助词，表示发生的时间点。</li><li>旅行（りょこう）：名词，意为“旅行”。</li><li>を：宾语助词，表示动作的对象。</li><li>しました：动词“する”的过去式“しました”，与“旅行”连用，构成“旅行をする（りょこうをする）”，意为“去旅行”。</li><li>日语表达过去发生的动作时，用动词的过去形。</li></ol>,[sound:jlpt_vocabulary_in_sentence_旅行.mp3]
零,零，0,このクラスの欠席者は零です。,这个班没有缺席的人。,<ruby>この<rt>この</rt></ruby><ruby>クラス<rt>くらす</rt></ruby><ruby>の<rt>の</rt></ruby><ruby>欠席者<rt>けっせきしゃ</rt></ruby><ruby>は<rt>は</rt></ruby><ruby>零<rt>れい</rt></ruby><ruby>です<rt>です</rt></ruby>。,<ol><li>この：连体词，表示“这个”的意思，修饰后面的名词。</li><li>クラス：外来语，班级。</li><li>の：助词，表示修饰关系，相当于“的”。</li><li>欠席者（けっせきしゃ）：名词，指缺席的人。</li><li>は：主题助词，表明主语。</li><li>零（れい）：“零，0”，在统计人数、温度等场合使用。</li><li>です：礼貌的断定形式。</li><li>语法结构为“名词は名词です”，表示判断句。“零”可用在数字、统计等方面。</li></ol>,[sound:jlpt_vocabulary_in_sentence_零.mp3]
冷蔵庫,冰箱,冷蔵庫の中に牛乳があります。,冰箱里有牛奶。,<ruby>冷蔵庫<rt>れいぞうこ</rt></ruby><ruby>の<rt>の</rt></ruby><ruby>中<rt>なか</rt></ruby><ruby>に<rt>に</rt></ruby><ruby>牛乳<rt>ぎゅうにゅう</rt></ruby><ruby>が<rt>が</rt></ruby><ruby>あります<rt>あります</rt></ruby>。,<ol><li>冷蔵庫（れいぞうこ）：冰箱。由“冷蔵（冷藏）”和“庫（仓库）”组成。</li><li>中（なか）：表示“……里面”。</li><li>に：助词，表示存在的位置。</li><li>牛乳（ぎゅうにゅう）：牛奶。</li><li>が：助词，标明主语。</li><li>あります：表示无生命物体的存在，意为“有”。</li><li>句型“〜に〜があります”：用于表达某地有某物。</li></ol>,[sound:jlpt_vocabulary_in_sentence_冷蔵庫.mp3]
レコード,唱片,父は昔のレコードを大切に持っています。,我父亲珍藏着老唱片。,<ruby>父<rt>ちち</rt></ruby>は<ruby>昔<rt>むかし</rt></ruby>の<ruby>レコード<rt>れこーど</rt></ruby>を<ruby>大切<rt>たいせつ</rt></ruby>に<ruby>持っています<rt>もっています</rt></ruby>。,<ol><li>父（ちち）：父亲。用作自己的父亲，一般不用于称呼他人的父亲。</li><li>昔（むかし）：过去、很久以前。</li><li>レコード（れこーど）：唱片，外来语，多指黑胶唱片。</li><li>を：宾格助词，表示动作及其对象。</li><li>大切に（たいせつに）：副词，表示珍惜、重视地。一般由形容动词「大切（たいせつ）」和助词「に」组成作方式状语。</li><li>持っています（もっています）：动词“持つ”的ている形，强调动作的持续或状态。这里表示一直持有、保存的状态。</li><li>句子语法：“名词を大切に持つ”表示珍藏、重视地保有某物。整体是普通的叙述句格式。</li></ol>,[sound:jlpt_vocabulary_in_sentence_レコード.mp3]
レストラン,餐厅,駅の近くにレストランがあります。,车站附近有餐厅。,<ruby>駅<rt>えき</rt></ruby>の<ruby>近く<rt>ちかく</rt></ruby>にレストランが<ruby>あります<rt>あります</rt></ruby>。,<ol><li>駅（えき）：铁路车站。</li><li>の：表示所属或修饰关系，相当于汉语的“的”。</li><li>近く（ちかく）：附近，接在名词后面表示地点范围。</li><li>に：表示动作或存在的地点，这里用来表明“在附近”。</li><li>レストラン：餐厅、饭店，外来语。</li><li>が：主语助词，标记主语。</li><li>あります：存在动词，用于表示无生命物体的存在，这里指“有（餐厅）”。</li><li>本句型“場所に物があります”常用于询问、说明某地有某物，是初级常用句型。</li></ol>,[sound:jlpt_vocabulary_in_sentence_レストラン.mp3]
練習,练习,毎日練習を続けています。,我每天都坚持练习。,<ruby>毎日<rt>まいにち</rt></ruby><ruby>練習<rt>れんしゅう</rt></ruby><ruby>を<rt>を</rt></ruby><ruby>続けています<rt>つづけています</rt></ruby>。,<ol><li>毎日（まいにち）：每天。</li><li>練習（れんしゅう）：练习，实践，反复做某事以增强技能。</li><li>を：助词，表示动作的对象。</li><li>続けています（つづけています）：动词「続ける」（继续）的ている形式，表达动作正在持续进行。整体表示“正在持续地做某事”。</li><li>句末用「ています」表示习惯动作。</li></ol>,[sound:jlpt_vocabulary_in_sentence_練習.mp3]
廊下,走廊,廊下を静かに歩きます。,在走廊上安静地走路。,<ruby>廊下<rt>ろうか</rt></ruby><ruby>を<rt>を</rt></ruby><ruby>静かに<rt>しずかに</rt></ruby><ruby>歩きます<rt>あるきます</rt></ruby>。,<ol><li>廊下（ろうか）：名词，意为“走廊”。</li><li>を：助词，标明动作的直接宾语，这里表示“走廊”是“走”的对象。</li><li>静かに（しずかに）：形容动词“静か”的副词形式，表示“安静地”。</li><li>歩きます（あるきます）：动词“歩く”的敬体形式，意为“走、步行”。</li><li>句型“～を～ます”表示对某处或事物进行某种动作。</li></ol>,[sound:jlpt_vocabulary_in_sentence_廊下.mp3]
六,六（数字6）,私は六つのりんごを買いました。,我买了六个苹果。,<ruby>私<rt>わたし</rt></ruby>は<ruby>六つ<rt>むっつ</rt></ruby>のりんごを<ruby>買いました<rt>かいました</rt></ruby>。,<ol><li>私（わたし）：第一人称，意为“我”。</li><li>は：主题助词，用于标记句子的主语（话题）。</li><li>六つ（むっつ）：为表示“六个”的和语（本土）数词，通常用于数物品时，属于“つ”计数法。</li><li>の：连接名词“六つ”和“りんご”（苹果），起到修饰作用。</li><li>りんご：苹果，名词。</li><li>を：宾语助词，表示动作涉及的对象。</li><li>買いました（かいました）：动词“买う”的过去式“买了”。</li><li>语法说明：数量词“六つ”放在名词前面，表示某物的数量。计数日语中，不同的事物有不同的计数方法，如“つ”系列用于一般性小件物品。</li></ol>,[sound:jlpt_vocabulary_in_sentence_六.mp3]
ワイシャツ,衬衫,父が新しいワイシャツを買いました。,父亲买了新的衬衫。,<ruby>父<rt>ちち</rt></ruby>が<ruby>新しい<rt>あたらしい</rt></ruby>ワイシャツを<ruby>買いました<rt>かいました</rt></ruby>。,<ol><li>父（ちち）：指“父亲”。是对自己父亲的自谦说法，对别人父亲称为「お父さん（おとうさん）」。</li><li>が：主语助词，表示父是句子的主语。</li><li>新しい（あたらしい）：形容词，意思为“新的”。</li><li>ワイシャツ：外来语，意为“衬衫”，源自英文 white shirt，指西式衬衫（多为带领的正式衬衣）。</li><li>を：宾语助词，表示动作的对象。</li><li>買いました（かいました）：动词“买う（かう）”的敬体过去式，表示“买了”。</li><li>日语中常用外来语ワイシャツ特别指西装正式衬衫，而不是所有的上衣。</li></ol>,[sound:jlpt_vocabulary_in_sentence_ワイシャツ.mp3]
若い,年轻的,彼はとても若いですが、しっかりしています。,他虽然很年轻，但很可靠。,<ruby>彼<rt>かれ</rt></ruby>はとても<ruby>若い<rt>わかい</rt></ruby>ですが、しっかりしています。,<ol><li>彼（かれ）：他，指男性第三人称单数。</li><li>とても：非常，很。</li><li>若い（わかい）：年轻的，年幼的。</li><li>ですが：表示逆接，相当于“虽然……但是……”前后语气较为柔和。</li><li>しっかりしています：表示“可靠，稳重”。“しっかり”是副词，有牢靠、稳重、扎实之意，动词“しています”表示状态持续。</li><li>语法点：“AですがB”结构表示逆接，表达前后内容的转折；如“虽然A，但B”。</li></ol>,[sound:jlpt_vocabulary_in_sentence_若い.mp3]
分かる,明白，懂,この問題が分かりますか。,你明白这个问题吗？,<ruby>この<rt>この</rt></ruby><ruby>問題<rt>もんだい</rt></ruby><ruby>が<rt>が</rt></ruby><ruby>分かります<rt>わかります</rt></ruby><ruby>か。<rt>か。</rt></ruby>,<ol><li>この：连体词，表示“这个”。</li><li>問題（もんだい）：名词，表示“问题、题目”。</li><li>が：主格助词，标记句子主语。</li><li>分かります（わかります）：动词“分かる”的敬体形式，意思是“明白、懂”。</li><li>か：终助词，放在句末表示疑问，相当于中文的“吗”。</li><li>语法点：“〜が分かります”常用于表达“明白（某事物）”、“懂得”，可以用于知识、语言等抽象内容。</li></ol>,[sound:jlpt_vocabulary_in_sentence_分かる.mp3]
忘れる,忘记,大事なことを忘れることがあります。,有时候会忘记重要的事情。,<ruby>大事な<rt>だいじな</rt></ruby><ruby>こと<rt>こと</rt></ruby><ruby>を<rt>を</rt></ruby><ruby>忘れる<rt>わすれる</rt></ruby><ruby>こと<rt>こと</rt></ruby><ruby>が<rt>が</rt></ruby><ruby>あります<rt>あります</rt></ruby>。,<ol><li>大事な（だいじな）：形容动词，意思是“重要的”。</li><li>こと：名词，表示事情、事物。</li><li>を：助词，表示动作涉及的对象。</li><li>忘れる（わすれる）：动词，意思为“忘记”。本句目标单词。</li><li>ことがある：用法为动词普通形+ことがある，表示“有时会……”、“曾经……”。</li><li>あります：动词ある的敬体形，在此句表示经常性、泛指发生。</li></ol>,[sound:jlpt_vocabulary_in_sentence_忘れる.mp3]
私,我,私は明日学校へ行きます。,我明天去学校。,<ruby>私<rt>わたし</rt></ruby>は<ruby>明日<rt>あした</rt></ruby><ruby>学校<rt>がっこう</rt></ruby>へ<ruby>行きます<rt>いきます</rt></ruby>。,<ol><li>私（わたし）：第一人称代词，表示“我”。</li><li>は：主题助词，表示主语“我”。</li><li>明日（あした）：名词，表示“明天”。</li><li>学校（がっこう）：名词，“学校”。</li><li>へ：助词，表示方向“去往”。</li><li>行きます（いきます）：“行く（いく）”的礼貌形，表示“去”。</li><li>语序：日语常用“主语 は 时间 地点 谓语”结构。</li><li>文化补充：“私”用来表示自称，男女均可用，但男性口语中有时用“僕（ぼく）”、“俺（おれ）”。</li></ol>,[sound:jlpt_vocabulary_in_sentence_私.mp3]
私,我,私は毎日学校へ行きます。,我每天去学校。,<ruby>私<rt>わたし</rt></ruby>は<ruby>毎日<rt>まいにち</rt></ruby><ruby>学校<rt>がっこう</rt></ruby>へ<ruby>行きます<rt>いきます</rt></ruby>。,<ol><li>私（わたし）：第一人称代词，表示“我”。</li><li>は：主题助词，提示句子的主题。</li><li>毎日（まいにち）：表示“每天”。</li><li>学校（がっこう）：学校。</li><li>へ：助词，表示动作的方向。</li><li>行きます（いきます）：动词“行く”（去）的礼貌形，表示“去”。</li><li>语法点：日语中先讲明主语“私”，后用助词“は”提示主题，这种结构很常用。助词“へ”用于指去某个方向或地点。</li></ol>,[sound:jlpt_vocabulary_in_sentence_私.mp3]
渡す,交给,先生にレポートを渡す。,把报告交给老师。,<ruby>先生<rt>せんせい</rt></ruby>にレポートを<ruby>渡す<rt>わたす</rt></ruby>。,<ol><li>先生（せんせい）：老师。</li><li>に：表示动作的对象，意为“给……”。</li><li>レポート：报告、作业。</li><li>を：宾语助词，接在宾语后，表示动作的对象。</li><li>渡す（わたす）：交给、递交。</li><li>句型“〜に〜を渡す”表示“把某物交给某人”。</li></ol>,[sound:jlpt_vocabulary_in_sentence_渡す.mp3]
渡る,渡过,彼は川を渡る。,他渡过了河。,<ruby>彼<rt>かれ</rt></ruby>は<ruby>川<rt>かわ</rt></ruby>を<ruby>渡る<rt>わたる</rt></ruby>。,<ol><li>彼（かれ）：他，指代男性。</li><li>川（かわ）：河流。</li><li>を：助词，标记动作的对象，这里指被渡过的川。</li><li>渡る（わたる）：动词，表示横跨、渡过水域、桥等。</li><li>句末用「。」表示结束。</li></ol>,[sound:jlpt_vocabulary_in_sentence_渡る.mp3]
悪い,不好,彼の態度は少し悪いです。,他的态度有点不好。,<ruby>彼<rt>かれ</rt></ruby>の<ruby>態度<rt>たいど</rt></ruby>は<ruby>少し<rt>すこし</rt></ruby><ruby>悪い<rt>わるい</rt></ruby>です。,<ol><li>彼（かれ）：他，第三人称代词，指男性。</li><li>態度（たいど）：态度，行为举止的表现。</li><li>は：主题助词，表示主语“彼の態度”。</li><li>少し（すこし）：表示少量，稍微，一点。</li><li>悪い（わるい）：形容词，意思为“不好”“坏”。</li><li>です：礼貌结尾，表明郑重和客气。</li><li>语法结构为“〜は〜が悪いです”，用于表达主语某方面不好。</li></ol>,[sound:jlpt_vocabulary_in_sentence_悪い.mp3]
