Japanese,Chinese,Example_JP,Example_CN,Example_Furigana,Grammar_Notes,Audio_Path
作法,做法,この料理の作法を教えてください。,请教我这道菜的做法。,<ruby>この<rt>この</rt></ruby><ruby>料理<rt>りょうり</rt></ruby>の<ruby>作法<rt>さほう</rt></ruby>を<ruby>教えて<rt>おしえて</rt></ruby><ruby>ください<rt>ください</rt></ruby>。,<ol><li>この：指示词，意思为“这个”。</li><li>料理（りょうり）：名词，意为“料理、菜肴”。</li><li>の：表示所属或修饰，相当于“的”。</li><li>作法（さほう）：名词，意思是“做法、方法、礼仪”，此处指具体操作方法。日语中根据语境既可以指方法，也可以指礼节。</li><li>を：助词，表示动作的对象（宾语标记）。</li><li>教えてください：动词“教える”的て形加“ください”，是礼貌请求别人做某事，意思是“请告诉我/请教我”。</li><li>日语中的“作法”有时也用来指茶道或礼仪的正式做法，在和食、茶道等日式文化中经常遇到。</li></ol>,[sound:jlpt_vocabulary_in_sentence_作法.mp3]
様々,各种各样,様々な人が集まりました。,聚集了各种各样的人。,<ruby>様々<rt>さまざま</rt></ruby>な<ruby>人<rt>ひと</rt></ruby>が<ruby>集まりました<rt>あつまりました</rt></ruby>。,<ol><li>様々（さまざま）：意思是“各种各样”，作为形容动词使用，后接「な」修饰名词。</li><li>な：形容动词「様々」的连体形式，接在名词前。</li><li>人（ひと）：表示“人”。</li><li>が：主格助词，指明主语。</li><li>集まりました（あつまりました）：动词「集まる」的过去敬体形式，表示“集合了、聚集了”。</li><li>文化背景补充：日本社会重视不同背景、立场的人在活动或会议上的参与，这里的“様々な人”强调多样性。</li></ol>,[sound:jlpt_vocabulary_in_sentence_様々.mp3]
冷ます,放凉,熱いスープを冷ましてから飲みます。,把热汤放凉后再喝。,<ruby>熱い<rt>あつい</rt></ruby>スープを<ruby>冷まして<rt>さまして</rt></ruby>から<ruby>飲みます<rt>のみます</rt></ruby>。,<ol><li>熱い（あつい）：形容词，表示“热的”。</li><li>スープ：外来词，意为“汤”。</li><li>を：助词，表示动作的对象。</li><li>冷ます（さます）：动词，表示“使……变凉”，多用于烫的食物或饮品。</li><li>〜てから：表示“做完前项动作后，进行后项动作”。</li><li>飲みます（のみます）：动词，表示“喝”。</li></ol>,[sound:jlpt_vocabulary_in_sentence_冷ます.mp3]
覚ます,叫醒,私は毎朝六時に目を覚ます。,我每天早上六点醒来。,<ruby>私<rt>わたし</rt></ruby>は<ruby>毎朝<rt>まいあさ</rt></ruby><ruby>六時<rt>ろくじ</rt></ruby>に<ruby>目<rt>め</rt></ruby>を<ruby>覚ます<rt>さます</rt></ruby>。,<ol><li>私（わたし）：第一人称，表示“我”。</li><li>毎朝（まいあさ）：表示“每天早上”。“毎”表示“每”，“朝”表示“早晨”。</li><li>六時（ろくじ）：表示“六点钟”。“時”是计时用词。</li><li>に：表示时间点的助词，用于表示动作发生的具体时间。</li><li>目（め）：表示“眼睛”，这里指“目を覚ます”中的“目”。</li><li>を：宾语助词，连接动词和宾语。</li><li>覚ます（さます）：他动词，意为“使醒来”“叫醒”。这个词常用在“目を覚ます”（醒来）作为固定表达。如果形容自己醒来常用“目が覚める”（めがさめる，自动词）。</li><li>语法点：日语中动词「覚ます」为他动词，表示由某种原因导致醒来，比如闹钟叫醒我。而自动词「覚める」则表示自己自然地醒来。使用时需区分主语和宾语。</li></ol>,[sound:jlpt_vocabulary_in_sentence_覚ます.mp3]
冷める,变冷，冷却,コーヒーが冷める前に飲んでください。,请在咖啡变冷之前喝掉。,コーヒーが<ruby>冷める<rt>さめる</rt></ruby><ruby>前<rt>まえ</rt></ruby>に<ruby>飲んで<rt>のんで</rt></ruby><ruby>ください<rt>ください</rt></ruby>。,"<ol><li>コーヒー（こうひー）：咖啡。</li><li>が：主格助词，标记主语。</li><li>冷める（さめる）：自動词，表示温度、感情等变冷、降温、退却。区别于冷やす（ひやす，主动冷却）、冷える（ひえる，自然冷但无变化过程）。</li><li>前に（まえに）：表示在某事发生“之前”。</li><li>飲んでください（のんでください）：动词“飲む”（のむ，喝）的て形加「ください」，表示“请做……”的礼貌请求。</li><li>句子语法结构为「Aが冷める前にBしてください」, 用于建议对方在某事变化前做某事。</li><li>在日本，热的咖啡变冷后口感会变差，因此常建议“趁热喝”。</li></ol>",[sound:jlpt_vocabulary_in_sentence_冷める.mp3]
左右,左右、影响,天気が旅行の計画を左右します。,天气会影响旅游的计划。,<ruby>天気<rt>てんき</rt></ruby>が<ruby>旅行<rt>りょこう</rt></ruby>の<ruby>計画<rt>けいかく</rt></ruby>を<ruby>左右します<rt>さゆうします</rt></ruby>。,<ol><li>天気（てんき）：天气。</li><li>旅行（りょこう）：旅行、旅游。</li><li>計画（けいかく）：计划。</li><li>左右（さゆう）する：作动词时表示“支配、影响、左右”。这里用“左右します”为敬体形式（ます形）。</li><li>助词“が”表示主语，“の”连接名词，“を”表示宾语。</li><li>“左右”除了表示左右手方向外，常用含义为支配、影响、决定等，日语中和中文较为相近。</li></ol>,[sound:jlpt_vocabulary_in_sentence_左右.mp3]
皿,盘子,テーブルの上に皿があります。,桌子上有盘子。,<ruby>テーブル<rt>てーぶる</rt></ruby>の<ruby>上<rt>うえ</rt></ruby>に<ruby>皿<rt>さら</rt></ruby>が<ruby>あります<rt>あります</rt></ruby>。,<ol><li>テーブル：外来词，指桌子。</li><li>の：表所属的助词，连接前后两个名词。</li><li>上（うえ）：名词，表示“上面”。常和助词に连用。</li><li>皿（さら）：意思是“盘子”。与料理、餐具相关，多用于放食物。</li><li>に：表示出现的场所，接在场所名词后面。</li><li>あります：表示“存在（无生命物品）”。用于物体、植物等。</li><li>が：主语助词，标记主语。这里指“盘子”。</li></ol>,[sound:jlpt_vocabulary_in_sentence_皿.mp3]
更に,更加,彼は更に努力しました。,他更加努力了。,<ruby>彼は<rt>かれは</rt></ruby><ruby>更に<rt>さらに</rt></ruby><ruby>努力しました<rt>どりょくしました</rt></ruby>。,<ol><li>彼（かれ）：他，男性的人称代词。</li><li>更に（さらに）：副词，表示“更加”、“再一次、更进一步”，常用于递进含义。</li><li>努力しました（どりょくしました）：动词“努力する”（努力）的过去式，表示已经努力了。</li><li>语法结构：主语+は+副词+动词过去式，典型的日本语顺序。</li><li>文化补充：“努力”（どりょく）在日本文化中是一种高度评价的品质，被认为持续付出是值得称赞的行为。</li></ol>,[sound:jlpt_vocabulary_in_sentence_更に.mp3]
去る,离开，过去,友人が突然町を去った。,朋友突然离开了这个小镇。,<ruby>友人<rt>ゆうじん</rt></ruby>が<ruby>突然<rt>とつぜん</rt></ruby><ruby>町<rt>まち</rt></ruby>を<ruby>去った<rt>さった</rt></ruby>。,<ol><li>友人（ゆうじん）：朋友。</li><li>が：主格助词，表示主语。</li><li>突然（とつぜん）：突然，副词，表示某事发生得很快、出乎意料。</li><li>町（まち）：小镇、城市。</li><li>を：宾格助词，表示动作的对象。</li><li>去る（さる）：动词，表示“离开、过去、消失”。在此用“去った”为其过去式，意思是“离开了”。</li><li>本句语法结构为“主语+が+时间或原因（副词）+宾语+を+动词（过去式）”。</li><li>「去る」在正式或书面语中较常用，口语上常用「出る」（でる）、「離れる」（はなれる）等表达离开的动作。</li></ol>,[sound:jlpt_vocabulary_in_sentence_去る.mp3]
猿,猴子,動物園で猿を見ました。,我在动物园看到了猴子。,<ruby>動物園<rt>どうぶつえん</rt></ruby>で<ruby>猿<rt>さる</rt></ruby>を<ruby>見ました<rt>みました</rt></ruby>。,<ol><li>動物園（どうぶつえん）：动物园。「動物」是动物，「園」是园。</li><li>で：表示动作发生的场所，相当于中文“在”。</li><li>猿（さる）：猴子。这是日语常用的动物名词。</li><li>を：宾语助词，标记动作对象。</li><li>見ました（みました）：「見る」的敬体过去式，表示“看到了”。</li><li>语法点：句型“〜で〜を見ました”常用于描述在某地看到了某物。</li></ol>,[sound:jlpt_vocabulary_in_sentence_猿.mp3]
騒ぎ,骚动,駅前で大きな騒ぎが起きました。,车站前发生了大的骚动。,<ruby>駅前<rt>えきまえ</rt></ruby>で<ruby>大きな<rt>おおきな</rt></ruby><ruby>騒ぎ<rt>さわぎ</rt></ruby>が<ruby>起きました<rt>おきました</rt></ruby>。,<ol><li>駅前（えきまえ）：车站前的位置。其中「駅」（えき）是车站，「前」（まえ）是前面。</li><li>大きな：表示“大”的意思，是形容动词「大きい」的连体形，用于修饰名词。</li><li>騒ぎ（さわぎ）：名词，表示“骚动、喧闹”。用来指人群混乱、吵闹的场面。</li><li>が：助词，标记主语。</li><li>起きました（おきました）：动词「起きる」（发生、出现）的过去敬体形，表示某事发生了。</li><li>语法说明：「～が起きる」结构表示“某事发生”。</li><li>文化补充：在日本，车站前人流大，偶尔会有突发事件或骚动，需要注意安全。</li></ol>,[sound:jlpt_vocabulary_in_sentence_騒ぎ.mp3]
参加,参加,私は会議に参加します。,我参加会议。,<ruby>私<rt>わたし</rt></ruby>は<ruby>会議<rt>かいぎ</rt></ruby>に<ruby>参加します<rt>さんかします</rt></ruby>。,<ol><li>私（わたし）：第一人称，意为“我”。</li><li>は：主题提示助词，表明主语。假名为“は”时作为助词读作“わ”。</li><li>会議（かいぎ）：名词，意思是“会议”。</li><li>に：表示动作的目标、目的地，这里表示动作的参与对象。</li><li>参加します（さんかします）：动词“参加する”的ます形，表示“参加”。“参加”是汉字词，常用于活动、会议等场合。</li><li>句子结构：“～に参加します”，表示“去参加某事”。这里动词要用“に”指出具体参加的事物，“参加”多用于正式、集体性的活动。</li></ol>,[sound:jlpt_vocabulary_in_sentence_参加.mp3]
参考,参照、借鉴,この資料を参考にしてください。,请参考这份资料。,この<ruby>資料<rt>しりょう</rt></ruby>を<ruby>参考<rt>さんこう</rt></ruby>にしてください。,<ol><li>資料（しりょう）：指资料、材料，常用于学习、工作中需要查阅的文献、数据等。</li><li>参考（さんこう）：作为名词和动词使用时，表示作为判断或行动的依据。动词形式为「参考にする」表示借鉴、参考。</li><li>～を～にする：日语中表示“把A作为B”，句中「資料を参考にする」即“把资料作为参考”。</li><li>してください：是「する」（做）的敬语命令形「してください」，用于请求对方进行某个动作，表达礼貌。</li></ol>,[sound:jlpt_vocabulary_in_sentence_参考.mp3]
賛成,赞成,私はその意見に賛成します。,我赞成那个意见。,<ruby>私<rt>わたし</rt></ruby>はその<ruby>意見<rt>いけん</rt></ruby>に<ruby>賛成<rt>さんせい</rt></ruby>します。,<ol><li>私（わたし）：第一人称，表示“我”。</li><li>その：指示词，表示离听话人较近的事物，这里指“那个”。</li><li>意見（いけん）：名词，“意见”。</li><li>に：助词，表示作用的对象，这里译作“对……”。</li><li>賛成（さんせい）：名词和动词用法，“赞成”。此处和「します」搭配构成“赞成（某事）”。</li><li>します：动词“する”的敬体形式，意为“做”。</li><li>语法补充：「に賛成する」为固定用法，表示“赞成某件事”。助词“に”表明赞成的对象。</li></ol>,[sound:jlpt_vocabulary_in_sentence_賛成.mp3]
酸性,酸性,レモンは酸性の食品です。,柠檬是酸性的食物。,レモンは<ruby>酸性<rt>さんせい</rt></ruby>の<ruby>食品<rt>しょくひん</rt></ruby>です。,<ol><li>レモン：Lemon，外来语，指柠檬。</li><li>は：日语主格助词，标记主语或主题。</li><li>酸性（さんせい）：表示物质呈现酸的性质。</li><li>の：连接词，表示“的”，连接修饰语与被修饰语。</li><li>食品（しょくひん）：食品、食物。</li><li>です：礼貌的句末助动词，表示陈述。</li><li>“酸性”一词日常用于科学、食品、化学等领域。和“アルカリ性”（碱性，あるかりせい）相对。</li><li>主语后加“は”突出强调主题，是日语中常用的表达结构。</li></ol>,[sound:jlpt_vocabulary_in_sentence_酸性.mp3]
酸素,氧气,酸素がなければ生きられません。,没有氧气就无法生存。,<ruby>酸素<rt>さんそ</rt></ruby>がなければ<ruby>生きられ<rt>いきられ</rt></ruby>ません,<ol><li>酸素（さんそ）：指代氧气，是空气的主要成分之一，发音为さんそ。</li><li>が：表示主语的助词。</li><li>なければ：来自「ない」的假定形，表示如果没有……。</li><li>生きられません：是「生きる」（生存）的可能态否定，表示“不能生存”。</li><li>整句语法：『AがなければB』，表示“如果没有A就不能B”。用在条件句中是典型用法。</li></ol>,[sound:jlpt_vocabulary_in_sentence_酸素.mp3]
氏,氏族；家族,彼の氏は田中です。,他的姓是田中。,<ruby>彼<rt>かれ</rt></ruby>の<ruby>氏<rt>し</rt></ruby>は<ruby>田中<rt>たなか</rt></ruby>です。,<ol><li>彼（かれ）：指男性第三人称“他”。</li><li>の：助词，表所属关系，相当于中文“的”。</li><li>氏（し）：姓氏、氏族，常用于正式或书面场合，如“田中氏”。还有读作“うじ”时表示古代的氏族名，一般不用作姓氏介绍。</li><li>は：提示助词，用于提示主题，相当于“是”。</li><li>田中（たなか）：一个常见日本姓氏。</li><li>です：礼貌句末用语，相当于“是”。</li><li>语法知识：句型“名词1は名词2です。”用来介绍属性。“氏”在现代日语中多用于文书、表格等正式场合表明姓氏，而口语常用“名字（苗字・みょうじ）”。</li></ol>,[sound:jlpt_vocabulary_in_sentence_氏.mp3]
詩,诗歌,彼は美しい詩を書きました。,他写了美丽的诗。,<ruby>彼<rt>かれ</rt></ruby>は<ruby>美しい<rt>うつくしい</rt></ruby><ruby>詩<rt>し</rt></ruby>を<ruby>書きました<rt>かきました</rt></ruby>。,<ol><li>彼（かれ）：指“他”，表示第三人称男性。</li><li>美しい（うつくしい）：形容词，意为“美丽的”。</li><li>詩（し）：名词，意思是“诗歌”、“诗”。</li><li>を：助词，表示宾语，为动作的对象。</li><li>書きました（かきました）：动词“書く（写）”的过去敬体形式，表示已经写过。</li><li>语法点：日语用“を”表示动作的直接对象，动词末尾用“ました”构成敬体过去式。</li><li>文化背景：日本有独特的诗歌形式，如“俳句（はいく）”和“和歌（わか）”。</li></ol>,[sound:jlpt_vocabulary_in_sentence_詩.mp3]
幸せ,幸福,彼女は幸せそうに笑った。,她看起来很幸福地笑了。,<ruby>彼女<rt>かのじょ</rt></ruby>は<ruby>幸せそう<rt>しあわせそう</rt></ruby>に<ruby>笑った<rt>わらった</rt></ruby>。,<ol><li>彼女（かのじょ）：指“她、女朋友、女性”。</li><li>は：主题助词，用于提示主语。</li><li>幸せそう（しあわせそう）：“幸せ”意为“幸福”；“そう”表示样子，故“幸せそう”译为“看起来很幸福”。</li><li>に：让形容词修饰动词，转为副词用法。</li><li>笑った（わらった）：动词“笑う（わらう，笑）”的过去式，“笑了”。</li><li>“Aそうに”语法用法：表示看起来怎么怎么样，通常用于形容词后。</li></ol>,[sound:jlpt_vocabulary_in_sentence_幸せ.mp3]
ジーンズ,牛仔裤,私は青いジーンズを持っています。,我有一条蓝色的牛仔裤。,<ruby>私<rt>わたし</rt></ruby>は<ruby>青い<rt>あおい</rt></ruby>ジーンズを<ruby>持っています<rt>もっています</rt></ruby>。,<ol><li>私（わたし）：第一人称，意思是“我”。</li><li>は：助词，主题标记，表明句子的主题。</li><li>青い（あおい）：形容词，意思是“蓝色的”。</li><li>ジーンズ：外来语，意思是“牛仔裤”。源于英文“jeans”，在日语中用于表示日常穿的牛仔裤。</li><li>を：助词，表示动作的对象，这里是“牛仔裤”。</li><li>持っています（もっています）：动词“持つ（もつ）”的ている形式，表示现在拥有某物。</li><li>句型“〜を持っています”用于表示“拥有～、持有～”。</li></ol>,[sound:jlpt_vocabulary_in_sentence_ジーンズ.mp3]
ジェット機,喷气式飞机,ジェット機が空を飛んでいます。,喷气式飞机正在天空中飞行。,<ruby>ジェット機<rt>じぇっとき</rt></ruby>が<ruby>空<rt>そら</rt></ruby>を<ruby>飛んで<rt>とんで</rt></ruby>います。,<ol><li>ジェット機（じぇっとき）：喷气式飞机。外来语“ジェット”（jet）和日语“機（き）”结合。</li><li>が：主格助词，标明主语。</li><li>空（そら）：天空。</li><li>を：宾格助词，标明动作的对象。</li><li>飛んでいます（とんでいます）：动词“飞ぶ（とぶ）”的て形加「います」，表示动作正在进行（现在进行时）。</li><li>语法：「动词て形+います」——表示某动作正在进行，对于描述现在正在发生的动作很常用。</li><li>日本民航、军用皆有「ジェット機」，多见于机场、高空等场合。</li></ol>,[sound:jlpt_vocabulary_in_sentence_ジェット機.mp3]
四角,四个角,この部屋には四角い窓があります。,这个房间有四方形的窗户。,<ruby>この<rt>この</rt></ruby><ruby>部屋<rt>へや</rt></ruby><ruby>には<rt>には</rt></ruby><ruby>四角い<rt>しかくい</rt></ruby><ruby>窓<rt>まど</rt></ruby><ruby>が<rt>が</rt></ruby><ruby>あります<rt>あります</rt></ruby>。,<ol><li>四角い（しかくい）：形容词，意思是“四方形、四角形”，来自于名词“四角（しかく）”，加上形容词后缀い，表示具有某种形状。</li><li>部屋（へや）：房间。</li><li>窓（まど）：窗户。</li><li>「この～には～があります」：表示在某处有某物。结构为「场所+には+东西+があります」，是基本的存在句。</li></ol>,[sound:jlpt_vocabulary_in_sentence_四角.mp3]
直に,直接地,先生に直に質問しました。,我直接向老师提问了。,<ruby>先生<rt>せんせい</rt></ruby>に<ruby>直に<rt>じかに</rt></ruby><ruby>質問<rt>しつもん</rt></ruby><ruby>しました<rt>しました</rt></ruby>。,<ol><li>先生（せんせい）：老师。</li><li>に：日语助词，表示动作的对象或目标。</li><li>直に（じかに）：副词，意为“直接地”，强调不经过中间环节或第三方。</li><li>質問（しつもん）：名词，意为“问题、提问”。动词形式“質問する”为“提问”。</li><li>しました：动词“する”的过去式，表示“做了某事”。</li><li>日语中的“直に”还有“じきに（不久、马上）”的读音，但在表示“直接地”时，只念“じかに”。</li></ol>,[sound:jlpt_vocabulary_in_sentence_直に.mp3]
しかも,而且,彼は優しく、しかも頭が良いです。,他很温柔，而且很聪明。,<ruby>彼は<rt>かれは</rt></ruby><ruby>優しく<rt>やさしく</rt></ruby>、<ruby>しかも<rt>しかも</rt></ruby><ruby>頭が<rt>あたまが</rt></ruby><ruby>良い<rt>よい</rt></ruby><ruby>です<rt>です</rt></ruby>。,<ol><li>彼（かれ）：意思是“他”。</li><li>優しく（やさしく）：形容词“優しい”的副词形式，意思是“温柔地”，“温和”。</li><li>しかも：连接词，意思是“而且”、“并且”，用来表示递进关系，强调后项的优越性或附加信息。</li><li>頭が良い（あたまがよい）：惯用表达，表示“聪明”，字面意思是“大脑好”。</li><li>～です：句末礼貌表达。</li><li>语法：“A、しかもB”结构，用来连接两个优点、特征或事实，B部分通常比A更突出或强调补充说明。</li></ol>,[sound:jlpt_vocabulary_in_sentence_しかも.mp3]
四季,四季,日本には四季がはっきりあります。,日本有分明的四季。,<ruby>日本<rt>にほん</rt></ruby>には<ruby>四季<rt>しき</rt></ruby>がはっきりあります。,<ol><li>日本（にほん）：国家名，日本。</li><li>には：助词「に」表示地点，「は」为主题提示助词，合用强调“在日本”的语境。</li><li>四季（しき）：指春夏秋冬四个季节。</li><li>が：主格助词，表示前面的“四季”为主语。</li><li>はっきり：副词，表示“分明、清楚”。</li><li>あります：动词「ある」的敬体，表示存在，多用于无生命物体。</li><li>“四季がはっきりある”指的是四季变化明显，日本气候特征之一，喜欢在日常会话、作文中描述。</li></ol>,[sound:jlpt_vocabulary_in_sentence_四季.mp3]
直,直接,彼は直に答えを教えてくれた。,他直接告诉了我答案。,<ruby>彼<rt>かれ</rt></ruby>は<ruby>直に<rt>じかに</rt></ruby><ruby>答え<rt>こたえ</rt></ruby>を<ruby>教えて<rt>おしえて</rt></ruby>くれた,<ol><li>彼（かれ）：他。</li><li>は：主语助词。</li><li>直に（じかに）：副词，表示“直接地”，即无需经过中介或转述。</li><li>答え（こたえ）：名词，答案。</li><li>を：宾语助词。</li><li>教えてくれた：动词“教える”（教，告诉）的て形＋くれる（表示“为我做…”），合起来意为“告诉了我”。</li><li>“直”读作じか，在此表达“直接，不经过其他人”。也可写作“じきに”，表示“马上，立刻”，用法和此句不同。</li></ol>,[sound:jlpt_vocabulary_in_sentence_直.mp3]
時期,时期,学生の時期はとても大切です。,学生时期非常重要。,<ruby>学生<rt>がくせい</rt></ruby>の<ruby>時期<rt>じき</rt></ruby>はとても<ruby>大切<rt>たいせつ</rt></ruby>です。,<ol><li>学生（がくせい）：指在校学生。</li><li>の：表示所属关系，相当于汉语的“的”。</li><li>時期（じき）：表示某个特定阶段或时间段，常用于描述人生或事物的发展阶段。</li><li>は：主题助词，用于提示句子的主题。</li><li>とても：副词，表示“非常、很”。</li><li>大切（たいせつ）：形容动词，意为“重要、珍贵”。</li><li>です：礼貌语尾，表判断或断定。</li><li>语法：“名词+の+名词”中，“の”起到修饰的作用。</li></ol>,[sound:jlpt_vocabulary_in_sentence_時期.mp3]
支給,发放,会社は交通費を支給します。,公司会发放交通费。,<ruby>会社<rt>かいしゃ</rt></ruby>は<ruby>交通費<rt>こうつうひ</rt></ruby>を<ruby>支給<rt>しきゅう</rt></ruby>します。,<ol><li>会社（かいしゃ）：公司。</li><li>は：主题助词，指明句子主语。</li><li>交通費（こうつうひ）：交通费用。</li><li>を：宾语助词，指明动作的对象。</li><li>支給（しきゅう）：名词，表示“发放、支付”。用作动词时后接“します”。</li><li>します：“する”的敬体，连接名词“支給”构成动词“支給します”，意为“发放”。</li><li>文化背景：在日本，公司通常会为员工报销或补贴上下班的交通费用，这种做法叫做“交通費支給”。</li></ol>,[sound:jlpt_vocabulary_in_sentence_支給.mp3]
至急,火速、紧急,至急この書類を送ってください。,请紧急把这份文件寄出去。,<ruby>至急<rt>しきゅう</rt></ruby>この<ruby>書類<rt>しょるい</rt></ruby>を<ruby>送って<rt>おくって</rt></ruby>ください。,<ol><li>至急（しきゅう）：表示“火速、紧急”，常用于要求对方尽快处理某事，商务邮件或通知中经常出现。</li><li>この：指示代词，意为“这、这个”。</li><li>書類（しょるい）：名词，表示“文件、资料”。</li><li>を：宾语助词，表明前面的内容为动作对象。</li><li>送ってください：「送る」（おくる）的て形加「ください」，表示请求或命令对方“请寄送”。“てください”是常见的客气请求表达。</li><li>日本职场中，用“至急”强调时间敏感性，有时也用于口头表达，需判断场合使用，避免太强硬。</li></ol>,[sound:jlpt_vocabulary_in_sentence_至急.mp3]
しきりに,频繁地，经常,彼はしきりに時計を気にしていた。,他频繁地看手表。,<ruby>彼<rt>かれ</rt></ruby>はしきりに<ruby>時計<rt>とけい</rt></ruby>を<ruby>気にしていた<rt>きにしていた</rt></ruby>。,<ol><li>彼（かれ）：指“他”。</li><li>しきりに：副词，表示动作或状态反复、频繁发生，可译为“频繁地”“总是”。用在动词前。</li><li>時計（とけい）：手表、钟表。</li><li>を：助词，标记宾语（这里是“手表”）。</li><li>気にしていた：动词“気にする”的ている形式，表示“介意、在意”的持续状态。“ている”表现动作或状态的持续或结果。</li><li>语法知识：副词“しきりに”常与表示动作的动词连用，侧重于动作的重复性。有时也用来表达说话者对动作频率感到诧异或担忧。</li></ol>,[sound:jlpt_vocabulary_in_sentence_しきりに.mp3]
刺激,刺激、激励,新しい映画は私に強い刺激を与えました。,新的电影给了我很大的刺激。,<ruby>新しい<rt>あたらしい</rt></ruby><ruby>映画<rt>えいが</rt></ruby>は<ruby>私<rt>わたし</rt></ruby>に<ruby>強い<rt>つよい</rt></ruby><ruby>刺激<rt>しげき</rt></ruby>を<ruby>与えました<rt>あたえました</rt></ruby>。,<ol><li>新しい（あたらしい）：形容词，意思是“新的”。</li><li>映画（えいが）：名词，意思是“电影”。</li><li>は：助词，提示主语。</li><li>私（わたし）：名词，意思是“我”。</li><li>に：助词，表示作用的对象，即“对……”。</li><li>強い（つよい）：形容词，意思是“强烈的、很大”。</li><li>刺激（しげき）：名词，意思是“刺激、激励”。</li><li>を：助词，指出宾语。</li><li>与えました（あたえました）：动词“与える”的过去式敬体，意思是“给予了”。</li></ol>,[sound:jlpt_vocabulary_in_sentence_刺激.mp3]
資源,资源,日本には自然資源が少ないです。,日本的自然资源很少。,<ruby>日本<rt>にほん</rt></ruby><ruby>には<rt>には</rt></ruby><ruby>自然資源<rt>しぜんしげん</rt></ruby><ruby>が<rt>が</rt></ruby><ruby>少ない<rt>すくない</rt></ruby><ruby>です。<rt>です。</rt></ruby>,<ol><li>日本（にほん）：国家名，日本。</li><li>には：复合助词，表强调主语或对比。</li><li>自然資源（しぜんしげん）：自然资源。「資源」指可以利用的物资或条件。</li><li>が：主格助词，标记主语。</li><li>少ない（すくない）：形容词，表示“数量少”。</li><li>です：礼貌体句末词，表示陈述。</li><li>语法说明：「AにはBが少ない」结构，用于表达某方面的资源或物品数量稀少，「には」具有限定和强调作用。</li><li>文化背景：日本是资源相对匮乏、依赖进口的国家，这句话很常见于介绍日本国情的场合。</li></ol>,[sound:jlpt_vocabulary_in_sentence_資源.mp3]
事件,事件，事情,その事件は昨夜起こりました。,那个事件是昨晚发生的。,<ruby>その<rt>その</rt></ruby><ruby>事件<rt>じけん</rt></ruby>は<ruby>昨夜<rt>さくや</rt></ruby><ruby>起こりました<rt>おこりました</rt></ruby>。,<ol><li>その：表示“那个”，是指示词，用于指距离说话人较近听话人的事物。</li><li>事件（じけん）：指较大的事情、案件等，常用于指社会上的新闻、犯罪等引起广泛关注的事。</li><li>は：主题助词，提示主语“事件”。</li><li>昨夜（さくや）：表示“昨晚”，较为书面和正式。口语中有时用「ゆうべ」。</li><li>起こりました（おこりました）：动词“起こる”（发生）的过去式敬体，表达已经发生的动作。</li></ol>,[sound:jlpt_vocabulary_in_sentence_事件.mp3]
時刻,时刻,次の時刻を教えてください。,请告诉我下一个时刻。,<ruby>次<rt>つぎ</rt></ruby>の<ruby>時刻<rt>じこく</rt></ruby>を<ruby>教えて<rt>おしえて</rt></ruby>ください。,<ol><li>次（つぎ）：表示顺序上的“下一个”。</li><li>時刻（じこく）：表示明确的时间点，如“几点几分”。</li><li>を：宾格助词，标明动作对象，这里修饰“時刻”。</li><li>教えてください：敬语表达，“请告诉我”，由动词“教える”（告诉）、“て形”和“ください”组成。</li><li>日语在请求信息时常用“教えてください”，体现礼貌文化。</li></ol>,[sound:jlpt_vocabulary_in_sentence_時刻.mp3]
自殺,自杀,彼は自殺を考えたことがある。,他曾经有过自杀的想法。,<ruby>彼<rt>かれ</rt></ruby>は<ruby>自殺<rt>じさつ</rt></ruby>を<ruby>考えた<rt>かんがえた</rt></ruby>ことがある。,<ol><li>彼（かれ）：代词，表示“他”。</li><li>は：助词，主语提示助词，标明主题。</li><li>自殺（じさつ）：名词，“自杀”。</li><li>を：助词，宾语标记，指明动作的对象。</li><li>考えた（かんがえた）：动词“考える”的过去式，意思是“思考、考虑”。</li><li>こと：名词化助词，将前面的句子或动作名词化。</li><li>が：助词，主语标记，在这里连接“こと”和后面的“ある”。</li><li>ある：动词，表示“有、存在”，用于无生命物品或抽象事物。此处与“～たことがある”连用，表示“曾经有过的经验”。</li><li>语法结构：动词た形＋ことがある，表示曾经有过某种经历或经验。</li><li>日本社会中“自殺”是比较严重的话题。如果遇到相关情况，建议寻求专业帮助。</li></ol>,[sound:jlpt_vocabulary_in_sentence_自殺.mp3]
事実,事实,事実を知って驚きました。,得知事实后我很吃惊。,<ruby>事実<rt>じじつ</rt></ruby><ruby>を<rt>を</rt></ruby><ruby>知って<rt>しって</rt></ruby><ruby>驚きました<rt>おどろきました</rt></ruby>。,<ol><li>事実（じじつ）：意思是“事实”，日常生活和正式场合都常用。</li><li>を：助词，表示动作的对象（宾语）。</li><li>知って（しって）：动词“知る（しる）”的て形，表示“知道、得知”。</li><li>驚きました（おどろきました）：动词“驚く（おどろく）”的礼貌过去式，表示“吃惊了”。</li><li>语法结构：事実を知って驚きました = 得知（事実）后，感到吃惊。动词て形连接表前后动作发生顺序。</li><li>日本人日常中，用「事実」表达确有根据的内容，而推测类用「意見（いけん，意见）」或「推測（すいそく，推测）」。</li></ol>,[sound:jlpt_vocabulary_in_sentence_事実.mp3]
支出,开销，支出,今月の支出が増えました。,这个月的支出增加了。,<ruby>今月<rt>こんげつ</rt></ruby>の<ruby>支出<rt>ししゅつ</rt></ruby>が<ruby>増えました<rt>ふえました</rt></ruby>。,<ol><li>今月（こんげつ）：表示“这个月”。今（いま，现在）+ 月（つき，月份），合起来读作こんげつ。</li><li>の：表示所属关系，相当于汉语“的”。</li><li>支出（ししゅつ）：表示“支出、开销”。用于家庭、公司等各种场合的经费支出。</li><li>が：主语助词，标明主语“支出”。</li><li>増えました（ふえました）：动词“増える（ふえる，增加）”的ます形过去式，表示“增加了”。</li><li>整句语法：名词+が+动词ます形，表示主语的某种状态变化。ます形是礼貌语体。</li></ol>,[sound:jlpt_vocabulary_in_sentence_支出.mp3]
事情,事情,昨日大切な事情がありました。,昨天发生了重要的事情。,<ruby>昨日<rt>きのう</rt></ruby><ruby>大切な<rt>たいせつな</rt></ruby><ruby>事情<rt>じじょう</rt></ruby>が<ruby>ありました<rt>ありました</rt></ruby>。,<ol><li>昨日（きのう）：名词，表示“昨天”。</li><li>大切な（たいせつな）：形容动词，意思是“重要的”。“な”表示连体修饰关系。</li><li>事情（じじょう）：名词，常用于表达个人或客观的“情况、原因、缘由、事由”等意义，在正式或书面语中出现较多。可用于表达无法公开说明的事态。</li><li>が：助词，标记主语，此处强调“事情”是发生的主体。</li><li>ありました：动词“ある”的过去式，表示“有，存在”，用于无生命或抽象事物。</li></ol>,[sound:jlpt_vocabulary_in_sentence_事情.mp3]
詩人,诗人,彼は有名な詩人です。,他是有名的诗人。,<ruby>彼<rt>かれ</rt></ruby>は<ruby>有名<rt>ゆうめい</rt></ruby>な<ruby>詩人<rt>しじん</rt></ruby>です。,<ol><li>彼（かれ）：第三人称代词，指“他”。</li><li>は：主语提示助词，表明主题。</li><li>有名（ゆうめい）：形容动词，意为“有名、著名”。</li><li>な：形容动词连接体，连接有名与后面的名词。</li><li>詩人（しじん）：名词，意思是“诗人”。</li><li>です：判断句结尾，表示礼貌语气。</li><li>本句是典型的日语判断句型：“AはBです”，即“A是B”。</li></ol>,[sound:jlpt_vocabulary_in_sentence_詩人.mp3]
自身,自己本人,彼は自身の考えを大切にします。,他很重视自己的想法。,<ruby>彼は<rt>かれは</rt></ruby><ruby>自身<rt>じしん</rt></ruby>の<ruby>考え<rt>かんがえ</rt></ruby>を<ruby>大切にします。<rt>たいせつにします。</rt></ruby>,<ol><li>彼（かれ）：他，男性第三人称。</li><li>は：主题助词，表示句子的主题。</li><li>自身（じしん）：自己本人，常用来强调主语本身。</li><li>の：连接名词，表示所属关系。</li><li>考え（かんがえ）：想法，思考。</li><li>を：宾语助词，表示动作的对象。</li><li>大切にします（たいせつにします）：重视，珍惜。形容动词“大切（たいせつ）”变为动词形式。</li><li>自身（じしん）也用于自谦或强调自己，与“自分（じぶん）”相比更正式或书面化。</li></ol>,[sound:jlpt_vocabulary_in_sentence_自身.mp3]
沈む,下沉,太陽が海に沈む。,太阳沉入大海。,<ruby>太陽<rt>たいよう</rt></ruby>が<ruby>海<rt>うみ</rt></ruby>に<ruby>沈む<rt>しずむ</rt></ruby>。,<ol><li>太陽（たいよう）：太阳。</li><li>が：助词，表示主语。</li><li>海（うみ）：大海。</li><li>に：助词，表示动作发生的场所或方向。</li><li>沈む（しずむ）：自动词，表示物体因重力或其他原因向下移到低处或消失，如“太阳西沉”，“船下沉”。</li><li>语法：“〜が〜に沈む”表示某物（主语）向某处（场所/方向）下沉。</li></ol>,[sound:jlpt_vocabulary_in_sentence_沈む.mp3]
自然,自然，大自然,山の自然はとても美しいです。,山里的大自然非常美丽。,<ruby>山<rt>やま</rt></ruby>の<ruby>自然<rt>しぜん</rt></ruby>はとても<ruby>美しい<rt>うつくしい</rt></ruby>です。,<ol><li>山（やま）：山。</li><li>の：助词，表示所属或修饰关系。</li><li>自然（しぜん）：自然、大自然。也可用作形容词，表示“自然地”。注意和“自然（じねん）”的区分，后者较少用，特指佛教中的自然生成。</li><li>は：主题助词，表示句子主题。</li><li>とても：副词，非常。</li><li>美しい（うつくしい）：形容词，表示美丽。</li><li>です：礼貌句末语，用于陈述句后，使句子更有礼貌。</li></ol>,[sound:jlpt_vocabulary_in_sentence_自然.mp3]
思想,思考、主意,彼の思想はとても独特です。,他的思想非常独特。,<ruby>彼<rt>かれ</rt></ruby>の<ruby>思想<rt>しそう</rt></ruby>はとても<ruby>独特<rt>どくとく</rt></ruby>です。,<ol><li>彼（かれ）：第三人称代词，意为“他”。</li><li>の：表示所属或修饰关系，相当于中文的“的”。</li><li>思想（しそう）：指思考方式、主意、观念等，常用于形容一个人的思维或理论体系。</li><li>は：主题助词，指出句子的主题。</li><li>とても：副词，表示程度“非常”。</li><li>独特（どくとく）：形容动词，意为“独特”。</li><li>です：礼貌助动词，用于句末表断定。</li><li>语法结构“は……です”用于简单肯定句型表达。</li></ol>,[sound:jlpt_vocabulary_in_sentence_思想.mp3]
舌,舌头,舌を出して先生に見せました。,我伸出舌头给老师看了。,<ruby>舌<rt>した</rt></ruby>を<ruby>出して<rt>だして</rt></ruby><ruby>先生<rt>せんせい</rt></ruby>に<ruby>見せました<rt>みせました</rt></ruby>。,<ol><li>舌（した）：名词，意为“舌头”。在医学、健康检查场合经常用。</li><li>を：助词，标记动作的对象。</li><li>出して（だして）：动词“出す”的连用形，表示“伸出、拿出”。</li><li>先生（せんせい）：名词，意为“老师”或“医生”，在医院也指“医生”。</li><li>に：助词，表示动作的对象或方向。</li><li>見せました（みせました）：动词“見せる”的过去式，表示“给……看、让……看”。</li><li>日语中医生一般称呼为“先生（せんせい）”，和中文不完全对应。</li></ol>,[sound:jlpt_vocabulary_in_sentence_舌.mp3]
次第,顺序，取决于,天気次第で出発時間が変わります。,出发时间会根据天气而变化。,<ruby>天気<rt>てんき</rt></ruby><ruby>次第で<rt>しだいで</rt></ruby><ruby>出発時間<rt>しゅっぱつじかん</rt></ruby>が<ruby>変わります<rt>かわります</rt></ruby>。,<ol><li>天気（てんき）：天气。</li><li>次第（しだい）：名词，表示“取决于……”、“根据……”，用法是“名词＋次第で”或“名词＋次第だ”。</li><li>出発時間（しゅっぱつじかん）：出发时间。</li><li>変わります（かわります）：动词“変わる”的敬体，意思是“变化，会变”。</li><li>语法：“名词＋次第で／だ”，表达前项是决定后项的条件，常用于根据实际情况灵活处理。例如“天気次第で”＝“根据天气情况”。</li><li>文化补充：日本人说话时常用模糊表达（如“次第で”），表现出灵活、考虑各种可能性的沟通习惯。</li></ol>,[sound:jlpt_vocabulary_in_sentence_次第.mp3]
従う,服从，遵从,先生の指示に従いました。,我听从了老师的指示。,<ruby>先生<rt>せんせい</rt></ruby>の<ruby>指示<rt>しじ</rt></ruby>に<ruby>従いました<rt>したがいました</rt></ruby>。,<ol><li>先生（せんせい）：指老师、教师。</li><li>指示（しじ）：指示、指点、指令。</li><li>に：助词，表示动作的对象或方向。</li><li>従いました（したがいました）：动词「従う」（したがう）的过去式，表示“服从，听从”。</li><li>「～に従う」：固定搭配，意思是“听从（某人）”、“按（某事）行事”。外国人在学校或公司常见这种表达，要注意“服从指示”一般是工作、学习等正式场合常用。</li></ol>,[sound:jlpt_vocabulary_in_sentence_従う.mp3]
したがって,因此,雨が降っています。したがって、試合は中止です。,正在下雨，因此比赛取消了。,<ruby>雨<rt>あめ</rt></ruby>が<ruby>降っています<rt>ふっています</rt></ruby>。したがって、<ruby>試合<rt>しあい</rt></ruby>は<ruby>中止<rt>ちゅうし</rt></ruby>です。,<ol><li>雨（あめ）：雨水，表示自然降水。<br>が：主格助词，标记主语。</li><li>降っています（ふっています）：动词「降る」的ている形，表示动作正在进行，意为“正在下”。</li><li>したがって：接续词，表达前后因果关系，意为“因此、所以”。常用于书面语和正式场合。</li><li>試合（しあい）：竞赛、比赛。</li><li>中止（ちゅうし）：名词，意思为“中止、取消”。</li><li>「雨が降っています。したがって、試合は中止です。」是典型的因果关系表达，在正式文书、报道等场合常用。在口语中也用「だから」「それで」等更口语化表达。</li></ol>,[sound:jlpt_vocabulary_in_sentence_したがって.mp3]
親しい,亲近，熟悉,彼女とは親しい友人です。,我和她是亲密的朋友。,<ruby>彼女<rt>かのじょ</rt></ruby>とは<ruby>親しい<rt>したしい</rt></ruby><ruby>友人<rt>ゆうじん</rt></ruby>です。,<ol><li>彼女（かのじょ）：指“她”，可用来指代第三人称女性。</li><li>とは：助词“と”表示共同、跟谁，“は”用于强调前项。</li><li>親しい（したしい）：形容词，表示关系亲密、熟悉，根据场合可用于朋友、家人间。</li><li>友人（ゆうじん）：“朋友”的正式说法。</li><li>です：句尾礼貌表达，体言句的结尾。</li><li>语法点：AとはBです。——用于说明A与B之间的关系。</li></ol>,[sound:jlpt_vocabulary_in_sentence_親しい.mp3]
質,质量,この商品の質はとても高いです。,这个商品的质量非常高。,この<ruby>商品<rt>しょうひん</rt></ruby>の<ruby>質<rt>しつ</rt></ruby>はとても<ruby>高い<rt>たかい</rt></ruby>です。,<ol><li>この：指示词，表示“这个”。</li><li>商品（しょうひん）：商品，货物。</li><li>の：表示所属或修饰关系，相当于“的”。</li><li>質（しつ）：名词，表示“质量”或“性质”。</li><li>は：主题助词，表示主语或话题。</li><li>とても：副词，表示“非常”。</li><li>高い（たかい）：形容词，意为“高的”、“贵的”或“好的”，在这里指“质量好”。</li><li>です：敬体终结助动词，表礼貌。</li><li>句子结构：“Xの質は高い”表达某物的质量高，是常用表述方式。</li></ol>,[sound:jlpt_vocabulary_in_sentence_質.mp3]
失業,失业,兄は去年失業しました。,我哥哥去年失业了。,<ruby>兄<rt>あに</rt></ruby>は<ruby>去年<rt>きょねん</rt></ruby><ruby>失業<rt>しつぎょう</rt></ruby><ruby>しました<rt>しました</rt></ruby>。,<ol><li>兄（あに）：表示哥哥，用于说话人自己的哥哥。指别人哥哥时用「お兄さん」（おにいさん）。</li><li>は：助词，表示主题。</li><li>去年（きょねん）：去年，指上一年。</li><li>失業（しつぎょう）：失业，名词。动词形式为「失業する」，表示“失业”。</li><li>しました：为「する」的过去式，表示动作已经完成。</li><li>本句的「失業しました」是「失業する」的过去式，表示“已经失业”。在日本，「失業」常指因非自愿原因失去工作的情况，例如公司裁员。</li></ol>,[sound:jlpt_vocabulary_in_sentence_失業.mp3]
湿気,湿气,梅雨の時期は湿気が多いです。,梅雨季节湿气很多。,<ruby>梅雨<rt>つゆ</rt></ruby>の<ruby>時期<rt>じき</rt></ruby>は<ruby>湿気<rt>しっけ</rt></ruby>が<ruby>多い<rt>おおい</rt></ruby>です。,<ol><li>梅雨（つゆ）：指日本6月至7月之间的梅雨季节，多雨潮湿。</li><li>時期（じき）：时期、阶段。</li><li>湿気（しっけ）：指空气中的水分，译为“湿气”。</li><li>が：主格助词，标示主语。</li><li>多い（おおい）：形容词，表示“多”。</li><li>です：礼貌句尾助动词，使句子更正式。</li><li>日本梅雨季节通常闷热潮湿，家中常见除湿器。</li></ol>,[sound:jlpt_vocabulary_in_sentence_湿気.mp3]
実験,实验,昨日、学校で実験をしました。,昨天在学校做了实验。,<ruby>昨日<rt>きのう</rt></ruby>、<ruby>学校<rt>がっこう</rt></ruby>で<ruby>実験<rt>じっけん</rt></ruby>を<ruby>しました<rt>しました</rt></ruby>。,<ol><li>昨日（きのう）：表示昨天。</li><li>学校（がっこう）：学校。</li><li>で：表示动作发生的场所，相当于中文“在……”。</li><li>実験（じっけん）：实验，用于科学或研究活动。</li><li>を：表示宾语的助词，这里用于提示“实验”是动作的对象。</li><li>しました：是“する（做）”的敬体过去式，表达“做了”。<br/>此句语法结构为“场所で+名词を+しました”，常用于描述在某地做了什么事。</li></ol>,[sound:jlpt_vocabulary_in_sentence_実験.mp3]
実現,实现,彼の夢が実現しました。,他的梦想实现了。,<ruby>彼<rt>かれ</rt></ruby>の<ruby>夢<rt>ゆめ</rt></ruby>が<ruby>実現<rt>じつげん</rt></ruby><ruby>しました<rt>しました</rt></ruby>。,<ol><li>彼（かれ）：代词，表示“他”。</li><li>の：连接格助词，表示前面的事物属于后面的对象，此处连接“他的”。</li><li>夢（ゆめ）：名词，意为“梦想、梦”。</li><li>が：主格助词，标记主语，在句中表示“…的”。</li><li>実現（じつげん）：名词、动词化后为“实现”。可做动词使用，如“実現する”。</li><li>しました：动词“する”（做）的过去式，用于表示动作已经发生。“実現しました”即“实现了”。日语常用“しました”表达客观叙述。</li><li>句尾句点“。”：日语句末标点，与中文句号作用相同。</li></ol>,[sound:jlpt_vocabulary_in_sentence_実現.mp3]
実行,执行,このプランを実行します。,我要执行这个计划。,このプランを<ruby>実行<rt>じっこう</rt></ruby>します。,<ol><li>この：指示代词，意思是“这个”。</li><li>プラン：外来语，plan（计划）。</li><li>を：助词，表示动作的对象。</li><li>実行（じっこう）：名词，意思是“执行、实行”；也可作动词“実行する”。</li><li>します：动词“する”的礼貌形，表示进行某动作。</li><li>句型讲解：“AをBします”表示对A进行B动作，如“宿題をします”。</li></ol>,[sound:jlpt_vocabulary_in_sentence_実行.mp3]
実際,实际上,実際に彼は約束を守った。,实际上他遵守了承诺。,<ruby>実際<rt>じっさい</rt></ruby>に<ruby>彼<rt>かれ</rt></ruby>は<ruby>約束<rt>やくそく</rt></ruby>を<ruby>守った<rt>まもった</rt></ruby>。,<ol><li>实際（じっさい）：名词，表示“实际、现实”；常用作副词，意为“实际上”。</li><li>に：格助词，表示方式或状态，此处作为副词化助词让“実際”起副词作用。</li><li>彼（かれ）：第三人称代词，指“他”。</li><li>は：提示助词，提示主语“彼”。</li><li>約束（やくそく）：名词，表示“约定、承诺”。</li><li>を：宾语标记助词，标记“約束”为动作接受者。</li><li>守った（まもった）：动词“守る（まもる）”的过去式，表示“遵守、履行”。</li><li>「実際に」用法：常放在句首或句中，突出说话人与客观事实之间的对比，适合用于强调事情并非仅限于表面。</li></ol>,[sound:jlpt_vocabulary_in_sentence_実際.mp3]
実施,实施、执行,新しい制度が来月から実施されます。,新制度将从下个月开始实施。,<ruby>新しい<rt>あたらしい</rt></ruby><ruby>制度<rt>せいど</rt></ruby>が<ruby>来月<rt>らいげつ</rt></ruby>から<ruby>実施<rt>じっし</rt></ruby>されます。,<ol><li>新しい（あたらしい）：形容词，意为“新的”。</li><li>制度（せいど）：名词，表示“制度”。</li><li>が：格助词，主语提示。</li><li>来月（らいげつ）：名词，指“下个月”。</li><li>から：助词，表示起点，“从……”。</li><li>実施（じっし）：名词，指“实施、执行”。</li><li>されます：动词「する」的被动或尊敬语形式，用于表达“被实施”或尊敬他人行为。全句为被动表达，意为制度被实施。</li><li>句型说明：“〜が〜されます”结构表示某事被执行，常见于正式、被动语态描述社会制度、规定等的场景。</li></ol>,[sound:jlpt_vocabulary_in_sentence_実施.mp3]
湿度,湿度,今日は湿度が高いですね。,今天的湿度很高啊。,<ruby>今日<rt>きょう</rt></ruby>は<ruby>湿度<rt>しつど</rt></ruby>が<ruby>高い<rt>たかい</rt></ruby>ですね。,<ol><li>今日（きょう）：意思是“今天”。</li><li>は：主题助词，表示主语。</li><li>湿度（しつど）：表示“湿度”，即空气中水分含量。</li><li>が：主格助词，突出后项。</li><li>高い（たかい）：形容词，意思是“高”。</li><li>です：礼貌结句。</li><li>ね：语气助词，用于寻求共鸣或确认感受，表示说话人和对方有共同体验或感受。</li><li>语法说明：形容词“高い”直接用于名词“湿度（しつど）”后面，表示“湿度很高”。在交流天气时，日语常用“〜が高い”或“〜が低い”来描述温度、湿度等。</li><li>文化背景：日本夏季湿度较大，常用“湿度が高い”来描述闷热潮湿的天气。</li></ol>,[sound:jlpt_vocabulary_in_sentence_湿度.mp3]
じっと,静静地,彼はじっと窓の外を見ていた。,他静静地看着窗外。,<ruby>彼<rt>かれ</rt></ruby>はじっと<ruby>窓<rt>まど</rt></ruby>の<ruby>外<rt>そと</rt></ruby>を<ruby>見ていた<rt>みていた</rt></ruby>。,<ol><li>彼（かれ）：他。</li><li>じっと：副词，表示静止不动，集中注意力或持续地某种状态。「じっと」常用于描述视觉、感情或动作的持久性。</li><li>窓（まど）：窗户。</li><li>外（そと）：外面。</li><li>見ていた（みていた）：动词“見る（みる）”的て形+いる的过去进行时，表示持续做某事。</li><li>语法：“じっと+动词ている”表示专注或持续地做某事、静止不动的状态。这种表达在描写心理活动或观察场景时常用。</li></ol>,[sound:jlpt_vocabulary_in_sentence_じっと.mp3]
実に,的确，实在,彼の話は実に面白いです。,他的话的确很有趣。,<ruby>彼<rt>かれ</rt></ruby>の<ruby>話<rt>はなし</rt></ruby>は<ruby>実に<rt>じつに</rt></ruby><ruby>面白い<rt>おもしろい</rt></ruby>です。,<ol><li>彼（かれ）：他，指代第三人称男性。</li><li>話（はなし）：话，指说的话内容。</li><li>実に（じつに）：副词，表示“确实、实在”，用于加强语气。</li><li>面白い（おもしろい）：有趣的、有意思的。</li><li>です：表示礼貌的语气。</li><li>语法说明：実に通常修饰形容词或动词，强调后面事物的程度是真的、很高。如常用搭配：“実に〜だ”。</li></ol>,[sound:jlpt_vocabulary_in_sentence_実に.mp3]
実は,其实,実は昨日友達と会いました。,其实我昨天和朋友见面了。,<ruby>実は<rt>じつは</rt></ruby><ruby>昨日<rt>きのう</rt></ruby><ruby>友達<rt>ともだち</rt></ruby>と<ruby>会いました<rt>あいました</rt></ruby>。,<ol><li>実は（じつは）：表示“其实”“说实话”，用于提出真实情况或与听众预期不同的信息。</li><li>昨日（きのう）：表示“昨天”。”友達（ともだち）”：朋友。“会いました（あいました）”是动词“会う”的过去式，表示“见面了”。“と”是助词，表示动作的对象。</li><li>语法结构：“実は”常在句首，后续多为重要或出人意料的信息，适合转折、补充等情况。</li></ol>,[sound:jlpt_vocabulary_in_sentence_実は.mp3]
失望,失望,彼の態度に失望しました。,我对他的态度感到失望。,<ruby>彼<rt>かれ</rt></ruby>の<ruby>態度<rt>たいど</rt></ruby>に<ruby>失望<rt>しつぼう</rt></ruby><ruby>しました<rt>しました</rt></ruby>。,<ol><li>彼（かれ）：指“他”，是常用的人称代词。</li><li>態度（たいど）：姿态、态度，表示一个人的行为举止或观念。</li><li>に：表示动作的对象、方向，译为“对……”。</li><li>失望（しつぼう）：失去希望，感到沮丧，用作名词也可作动词（失望する）。本句用其动词形式的过去时。</li><li>しました：是「する」的敬体过去时，“做了”。在这里表示“感到”。</li><li>日语中表达感情常用「〜に失望する」结构，意思为“对……失望了”。</li></ol>,[sound:jlpt_vocabulary_in_sentence_失望.mp3]
実力,实力,彼は実力を十分に発揮した。,他充分发挥了实力。,<ruby>彼<rt>かれ</rt></ruby>は<ruby>実力<rt>じつりょく</rt></ruby>を<ruby>十分<rt>じゅうぶん</rt></ruby>に<ruby>発揮<rt>はっき</rt></ruby>した。,<ol><li>彼（かれ）：第三人称代词，表示“他”。</li><li>は：助词，表示主题。</li><li>実力（じつりょく）：名词，意思是“实力”，指某人所拥有的真实能力。</li><li>を：宾格助词，接在名词后，表示动作的对象。</li><li>十分（じゅうぶん）に：副词，表示“充分地”。</li><li>発揮（はっき）する：动词，意思是“发挥”。“発揮”多用于能力、实力、效果等抽象事物的发挥。</li><li>した：为动词“する”的过去式，表示已经完成。</li><li>语法说明：“実力を発揮する”是常用搭配，意为“发挥实力”。</li></ol>,[sound:jlpt_vocabulary_in_sentence_実力.mp3]
支店,分店,大阪に新しい支店ができました。,在大阪新开了一家分店。,<ruby>大阪<rt>おおさか</rt></ruby>に<ruby>新しい<rt>あたらしい</rt></ruby><ruby>支店<rt>してん</rt></ruby>が<ruby>できました<rt>できました</rt></ruby>。,<ol><li>大阪（おおさか）：日本的一个大城市，常见地名。</li><li>に：表示动作发生的地点，此处表示“在大阪”。</li><li>新しい（あたらしい）：形容词，意思是“新的”。</li><li>支店（してん）：名词，表示公司的分店、分部。常用于商业语境，如银行、连锁店。</li><li>が：主格助词，表示主语。</li><li>できました：动词“できる”的礼貌过去式，表示“成立”“建好”“完成”。</li><li>语法说明：“新しい支店ができました” 表示“分店已经建成”“新开了一家分店”。动词“できる”用于被动表达，强调结果。</li></ol>,[sound:jlpt_vocabulary_in_sentence_支店.mp3]
指導,指导,先生が私に指導してくれた。,老师指导了我。,<ruby>先生<rt>せんせい</rt></ruby>が<ruby>私<rt>わたし</rt></ruby>に<ruby>指導<rt>しどう</rt></ruby>してくれた。,<ol><li>先生（せんせい）：老师、教师。</li><li>が：主格助词，用于标明句子的主语。</li><li>私（わたし）：我。</li><li>に：表示动作的接受者，用作间接宾语。</li><li>指導（しどう）：指导、指引。用作动词时常与「する」搭配（指導する）。</li><li>してくれた：「して」是「する」的て形，「くれる」表示别人为说话人做了有益的行动，体现感谢和恩惠。</li><li>日语中表达“指导谁”的时候常用「〜に指導する」结构，「〜に」为接受者。</li></ol>,[sound:jlpt_vocabulary_in_sentence_指導.mp3]
自動,自动,このドアは自動で開きます。,这扇门会自动打开。,<ruby>この<rt>この</rt></ruby><ruby>ドア<rt>どあ</rt></ruby>は<ruby>自動<rt>じどう</rt></ruby>で<ruby>開きます<rt>あきます</rt></ruby>。,<ol><li>この：连体词，表示“这个”。用于指代离说话人很近或上下文提到过的事物。</li><li>ドア：外来语，意思是“门”。</li><li>は：主题助词，强调主语“ドア”。</li><li>自動（じどう）：名词，“自动”，表示不需人为操作就能进行某动作。</li><li>で：格助词，在此处表示方式、手段，译为“以……方式”。</li><li>開きます（あきます）：动词“开く”的敬体，意思是“打开”。自他动词注意：开く是自动词，开ける是他动词。</li><li>整体语法结构：主语+は+方式/手段+で+动词，表示主语通过某方式进行某动作。</li><li>日本的自动门（自動ドア）在车站、商场等很常见，能自动感应开启。</li></ol>,[sound:jlpt_vocabulary_in_sentence_自動.mp3]
児童,儿童,公園で多くの児童が遊んでいる。,许多儿童在公园里玩耍。,<ruby>公園<rt>こうえん</rt></ruby>で<ruby>多く<rt>おおく</rt></ruby>の<ruby>児童<rt>じどう</rt></ruby>が<ruby>遊んでいる<rt>あそんでいる</rt></ruby>。,<ol><li>公園（こうえん）：公园。</li><li>で：表明动作发生的地点，表示“在（某地）”。</li><li>多くの：形容词“多い”的名词形式，作限定语，意思是“许多的”。</li><li>児童（じどう）：指小学年龄（一般为6～12岁）的小孩，日本法律和教育中常用该词，不包含更小的幼儿。</li><li>が：主格助词，标记主语。</li><li>遊んでいる（あそんでいる）：动词“遊ぶ（あそぶ）”的ている形，表示动作正在进行，即“正在玩”。</li><li>文化背景：日本的公园常有专门为儿童设置的游乐设施，放学后常见许多児童在公园玩耍。</li></ol>,[sound:jlpt_vocabulary_in_sentence_児童.mp3]
品,物品,新しい品が店に届きました。,新商品已经送到了店里。,<ruby>新しい<rt>あたらしい</rt></ruby><ruby>品<rt>しな</rt></ruby>が<ruby>店<rt>みせ</rt></ruby>に<ruby>届きました<rt>とどきました</rt></ruby>。,<ol><li>新しい（あたらしい）：形容词，表示“新的”。</li><li>品（しな）：名词，表示“商品、物品、货品”。在商业场合常用于指商店中的货物。和“商品（しょうひん）”相比，“品”语气较口语化、更常用。</li><li>が：助词，主格助词，表示主语。</li><li>店（みせ）：名词，意为“商店、店铺”。</li><li>に：助词，表示动作的方向或目的地。</li><li>届きました（とどきました）：动词“届く（とどく）”的敬体过去式，意思是“到达、送达”。在商业用语中，指商品、包裹等送达指定地点。</li></ol>,[sound:jlpt_vocabulary_in_sentence_品.mp3]
支配,支配、控制,彼は会社を支配している。,他控制着公司。,<ruby>彼<rt>かれ</rt></ruby>は<ruby>会社<rt>かいしゃ</rt></ruby>を<ruby>支配<rt>しはい</rt></ruby><ruby>している<rt>している</rt></ruby>。,<ol><li>彼（かれ）：指“他”。</li><li>会社（かいしゃ）：公司。</li><li>を：助词，表示动作的对象。</li><li>支配（しはい）：表示支配、掌控、控制。多用在权力或范围较大的管理上，如“国家を支配する”。</li><li>している：动词“する”的ている形，表示正在进行或状态的持续。</li><li>语法结构“〜を支配している”表达“正在支配/掌控〜”。</li></ol>,[sound:jlpt_vocabulary_in_sentence_支配.mp3]
芝居,戏剧,彼は芝居を見るのが好きです。,他喜欢看戏剧。,<ruby>彼は<rt>かれは</rt></ruby><ruby>芝居<rt>しばい</rt></ruby><ruby>を見る<rt>をみる</rt></ruby><ruby>のが<rt>のが</rt></ruby><ruby>好き<rt>すき</rt></ruby><ruby>です。<rt>です。</rt></ruby>,<ol><li>芝居（しばい）：指“戏剧”“舞台剧”，在日常对话里也可指“装腔作势”“演戏”。</li><li>見る（みる）：动词“看”，搭配芝居变为“看戏剧”。</li><li>のが好き：表示“喜欢做某事”，用法为“动词基本形＋のが好き”。</li><li>日语将舞台表演称为芝居，与中文“戏剧”意思相同，但平时朋友之间也会用“芝居がかった”来评价一个人表现得很夸张，看语境区分含义。</li></ol>,[sound:jlpt_vocabulary_in_sentence_芝居.mp3]
しばしば,经常,彼はしばしば図書館に行きます。,他经常去图书馆。,<ruby>彼は<rt>かれは</rt></ruby><ruby>しばしば<rt>しばしば</rt></ruby><ruby>図書館<rt>としょかん</rt></ruby><ruby>に<rt>に</rt></ruby><ruby>行きます<rt>いきます</rt></ruby>。,<ol><li>彼（かれ）：他，指男性。</li><li>しばしば：副词，表示“经常、时常”，多用于书面语或较正式的场合，口语中也可用“よく”。</li><li>図書館（としょかん）：图书馆。</li><li>に：助词，表示动作的目的地或方向。</li><li>行きます（いきます）：“去”，是“行く”的敬体形式。</li><li>此句型“〜は〜に行きます”常用于表达某人去某地的习惯行为。</li></ol>,[sound:jlpt_vocabulary_in_sentence_しばしば.mp3]
芝生,草坪,公園の芝生で遊びました。,我在公园的草坪上玩耍了。,<ruby>公園<rt>こうえん</rt></ruby>の<ruby>芝生<rt>しばふ</rt></ruby>で<ruby>遊びました<rt>あそびました</rt></ruby>。,<ol><li>公園（こうえん）：指专门为公众活动、休息用的开放式场所，类似“公园”。</li><li>芝生（しばふ）：指草坪，一般是指专门种有矮草，供人休息、散步或玩耍的地方。</li><li>で：表示地点助词，用于说明动作发生的具体场所。</li><li>遊びました（あそびました）：动词「遊ぶ」（玩、玩耍）的过去式礼貌形，“玩耍了”。</li><li>表达句型为“场所+で+动词”表示“在某个地方做某事”。</li></ol>,[sound:jlpt_vocabulary_in_sentence_芝生.mp3]
支払,支付,店で支払を済ませました。,我在店里付了钱。,<ruby>店<rt>みせ</rt></ruby>で<ruby>支払<rt>しはらい</rt></ruby>を<ruby>済ませました<rt>すませました</rt></ruby>。,<ol><li>店（みせ）：指的是“商店”或“店铺”。</li><li>で：表场所助词，表示动作发生的场所。</li><li>支払（しはらい）：名词，表示“支付”的意思，常用于日常购物、缴费等场合，可作“～をする”或“～を済ませる”等搭配。</li><li>を：宾语助词，引出动作的对象。</li><li>済ませました（すませました）：动词“済ます”的敬体过去式，表示某事已完成。</li><li>语法结构：“Aを済ませる”表示把A这件事办完、做完。这个句子说明已经完成支付的动作。</li></ol>,[sound:jlpt_vocabulary_in_sentence_支払.mp3]
支払う,支付,店で現金を支払いました。,我在店里用现金支付了。,<ruby>店<rt>みせ</rt></ruby>で<ruby>現金<rt>げんきん</rt></ruby>を<ruby>支払いました<rt>しはらいました</rt></ruby>。,<ol><li>店（みせ）：指商店、店铺等。</li><li>で：表示动作发生的场所助词。</li><li>現金（げんきん）：现金。</li><li>を：宾语助词，表示动作的对象。</li><li>支払いました（しはらいました）：动词「支払う」的ます形的过去式，表示“支付了”。</li><li>语法：「[场所]で[物]を[动词]」表示在某地对某物进行某动作。</li><li>在日本大部分店铺仍接受现金支付，但近年来电子支付变得普及。</li></ol>,[sound:jlpt_vocabulary_in_sentence_支払う.mp3]
死亡,死亡,彼の突然の死亡は皆を驚かせた。,他的突然死亡让大家很吃惊。,<ruby>彼<rt>かれ</rt></ruby>の<ruby>突然<rt>とつぜん</rt></ruby>の<ruby>死亡<rt>しぼう</rt></ruby>は<ruby>皆<rt>みな</rt></ruby>を<ruby>驚かせた<rt>おどろかせた</rt></ruby>。,<ol><li>彼（かれ）：指“他”，是第三人称男性常用代词。</li><li>突然（とつぜん）：副词，表示事情发生得很突然。</li><li>死亡（しぼう）：名词，表示“死亡”，书面及正式场合使用。</li><li>の：连接前后两个名词，起到修饰作用。</li><li>は：主题助词，标记句子主题。</li><li>皆（みな）：意为“大家”、“所有人”。</li><li>を：宾格助词，标记动作的对象。</li><li>驚かせた（おどろかせた）：动词“驚かせる”（使……吃惊）的过去式。</li><li>整个句子使用了“の”来对名词进行修饰，表达“突然的死亡”。</li></ol>,[sound:jlpt_vocabulary_in_sentence_死亡.mp3]
資本,资本,資本が足りないので事業を始められない。,因为资金不足，所以无法开始事业。,<ruby>資本<rt>しほん</rt></ruby>が<ruby>足りない<rt>たりない</rt></ruby>ので<ruby>事業<rt>じぎょう</rt></ruby>を<ruby>始められない<rt>はじめられない</rt></ruby>。,<ol><li>資本（しほん）：指进行经济活动或投资所需的资金，也可泛指企业开展业务的基本财物。与“資金（しきん）”不同，資本更强调长期和基础性的投入。</li><li>足りない：是动词足りる（足够）的否定形，表示“不足，不够”。</li><li>ので：表示原因或理由，前接普通形。“因为……所以……”的意思。</li><li>事業（じぎょう）：指事业、企业、工程等较大规模的经济或社会活动。</li><li>始められない：动词始める（开始）的可能态被动否定形，表示“不能开始”。</li></ol>,[sound:jlpt_vocabulary_in_sentence_資本.mp3]
姉妹,姐妹,私には姉妹が二人います。,我有两个姐妹。,<ruby>私<rt>わたし</rt></ruby>には<ruby>姉妹<rt>しまい</rt></ruby>が<ruby>二人<rt>ふたり</rt></ruby><ruby>います<rt>います</rt></ruby>。,<ol><li>私（わたし）：意思是“我”，用于自称。</li><li>には：表示强调“我”的范围。</li><li>姉妹（しまい）：意思是“姐妹”，包括姐姐（あね）和妹妹（いもうと）。</li><li>が：主语助词，标明主语。</li><li>二人（ふたり）：表示“两个人”。</li><li>います：表示“有（人、动物）”，对应于拥有者时常和“に”搭配使用。</li><li>姉妹在日语中泛指有血缘关系的姐姐和妹妹，日常会具体称呼为“姉”（あね、姐姐）和“妹”（いもうと、妹妹）。</li></ol>,[sound:jlpt_vocabulary_in_sentence_姉妹.mp3]
しまった (かん),糟了、完了,財布を忘れてしまった。,把钱包忘记了。,<ruby>財布<rt>さいふ</rt></ruby>を<ruby>忘れて<rt>わすれて</rt></ruby><ruby>しまった<rt>しまった</rt></ruby>。,<ol><li>財布(さいふ)：钱包。</li><li>を：宾语助词，标记动作的对象。</li><li>忘れて(わすれて)：动词“忘れる（わすれる）”的て形，表示动作的连接。</li><li>しまった：接在动词て形后，表示遗憾、懊悔或动作已经不可挽回。常用于表达“糟糕了”或“不小心做了某事”。</li><li>语法补充：「～てしまった」结构表达某事已经结束，带有完成或后悔、遗憾的语气。</li></ol>,[sound:jlpt_vocabulary_in_sentence_しまった (かん).mp3]
自慢,自豪、自夸,彼は自分の作品を自慢していた。,他在自夸自己的作品。,<ruby>彼<rt>かれ</rt></ruby>は<ruby>自分<rt>じぶん</rt></ruby>の<ruby>作品<rt>さくひん</rt></ruby>を<ruby>自慢<rt>じまん</rt></ruby><ruby>していた<rt>していた</rt></ruby>。,<ol><li>彼（かれ）：他，第三人称代词，用于指代男性。</li><li>自分（じぶん）：自己，本人。</li><li>作品（さくひん）：作品，指完成的艺术或文学成果。</li><li>を：助词，标记动作的对象。</li><li>自慢（じまん）：自豪、夸耀、炫耀，可以作名词或动词。作动词时常和「する」搭配。</li><li>していた：「している」的过去进行时，表示过去正在进行某动作。</li><li>日本文化中，过度自慢（じまん）被认为不谦虚，社交场合需注意表达分寸。</li></ol>,[sound:jlpt_vocabulary_in_sentence_自慢.mp3]
地味,朴素，低调,彼女の服装は地味ですが、上品です。,她的穿着虽然朴素，但很高雅。,<ruby>彼女<rt>かのじょ</rt></ruby>の<ruby>服装<rt>ふくそう</rt></ruby>は<ruby>地味<rt>じみ</rt></ruby>ですが、<ruby>上品<rt>じょうひん</rt></ruby>です。,<ol><li>彼女（かのじょ）：指“她、女朋友”。</li><li>服装（ふくそう）：意为“服装、穿着”。</li><li>は：主题助词，提示前面的内容为句子的主题。</li><li>地味（じみ）：表示“素雅、低调、不引人注目”。有时带有褒义或中性，并非仅指不好看。</li><li>ですが：连接两个分句，前后对比。“虽然……但……”的用法。</li><li>上品（じょうひん）：表示“高雅、有品位”。</li><li>です：礼貌句尾，表示断定或描述。</li></ol>,[sound:jlpt_vocabulary_in_sentence_地味.mp3]
示す,出示，表示,先生は地図を示して説明した。,老师出示了地图进行说明。,<ruby>先生<rt>せんせい</rt></ruby>は<ruby>地図<rt>ちず</rt></ruby>を<ruby>示して<rt>しめして</rt></ruby><ruby>説明<rt>せつめい</rt></ruby>した。,<ol><li>先生（せんせい）：老师。</li><li>地図（ちず）：地图。</li><li>を：助词，表示动作的对象。</li><li>示して（しめして）：动词「示す」的て形，表示“出示、展示、给予看”的意思。</li><li>説明（せつめい）：名词，意为说明、解释。</li><li>した：动词「する」的过去式，表示已经进行了某种行为，这里指“进行了说明”。</li><li>语法点：动词て形+他动词（例えば「示して説明する」）组合表示先后动作，先“示す”地图后“说明”。</li></ol>,[sound:jlpt_vocabulary_in_sentence_示す.mp3]
占める,占据,女性が会社で多くの役職を占めるようになった。,女性在公司里开始担任许多职位。,<ruby>女性<rt>じょせい</rt></ruby>が<ruby>会社<rt>かいしゃ</rt></ruby>で<ruby>多くの<rt>おおくの</rt></ruby><ruby>役職<rt>やくしょく</rt></ruby>を<ruby>占める<rt>しめる</rt></ruby><ruby>ように<rt>ように</rt></ruby><ruby>なった<rt>なった</rt></ruby>。,<ol><li>女性（じょせい）：指“女性，妇女”。</li><li>が：主格助词，标记主语。</li><li>会社（かいしゃ）：公司、企业。</li><li>で：表示动作的场所。</li><li>多くの（おおくの）：许多的，修饰后面的名词。</li><li>役職（やくしょく）：职务、职位。</li><li>を：宾格助词，标记宾语。</li><li>占める（しめる）：动词，意思为“占据、担任”，常用于表达占据某种地位、比重或职位。</li><li>ように〜なった：表示变化，已经变成了某种状态。“ように”后跟动词表希望、目标或变化后状态。</li><li>日本职场中，女性担任管理层职位比例逐年增加，这体现女性社会地位上升。</li></ol>,[sound:jlpt_vocabulary_in_sentence_占める.mp3]
湿る,潮湿，弄湿,洗濯物がまだ湿っています。,洗的衣服还没有干。,<ruby>洗濯物<rt>せんたくもの</rt></ruby>がまだ<ruby>湿っています<rt>しめっています</rt></ruby>。,<ol><li>洗濯物（せんたくもの）：洗过的衣服、要洗的衣物。日常生活中经常使用的词语。</li><li>が：表示主语的助词。</li><li>まだ：意思是“还，尚未”，强调动作或状态还未结束。</li><li>湿っています（しめっています）：动词「湿る」（しめる）的「ている」形，表示持续状态，意为“潮湿着、没干”。</li><li>ている形：表示某个动作发生后状态正在持续，或正在进行。例如：「降っている」（正在下雨）。</li></ol>,[sound:jlpt_vocabulary_in_sentence_湿る.mp3]
下,下方,机の下に猫がいます。,桌子下面有一只猫。,<ruby>机<rt>つくえ</rt></ruby>の<ruby>下<rt>した</rt></ruby>に<ruby>猫<rt>ねこ</rt></ruby>が<ruby>います<rt>います</rt></ruby>。,<ol><li>机（つくえ）：桌子。</li><li>の：表示所属、连接词。</li><li>下（した）：表示某物的下方或底部位置。</li><li>に：表示动作的方向或位置。</li><li>猫（ねこ）：猫。</li><li>が：主语标记，强调主语“猫”。</li><li>います：表示有生命物体存在的敬体形式。</li><li>句型结构“～の下に～がいます”常用来描述位置关系。</li></ol>,[sound:jlpt_vocabulary_in_sentence_下.mp3]
霜,霜，白霜,朝になると草の上に霜が降りていた。,到了早晨，草上已经结了霜。,<ruby>朝<rt>あさ</rt></ruby><ruby>になると<rt>になると</rt></ruby><ruby>草<rt>くさ</rt></ruby>の<ruby>上<rt>うえ</rt></ruby>に<ruby>霜<rt>しも</rt></ruby>が<ruby>降りていた<rt>おりていた</rt></ruby>。,<ol><li>朝（あさ）：早晨、清晨。本句作为时间点使用。</li><li>になると：表示前接名词发生变化后，出现后项的状态。“到了……就……”</li><li>草（くさ）：植物草。</li><li>上（うえ）：……上面。</li><li>霜（しも）：指秋冬路面、植物或物体上出现的白色冰晶（霜），是水汽直接凝结形成的。</li><li>降りていた（おりていた）：动词“降りる（おりる）”的ている形，表示动作的持续或已完成状态，常用于表示自然现象。</li><li>日本由于气候偏北，秋冬季清晨常见植物叶面结有白霜，是季节变换的标志。</li></ol>,[sound:jlpt_vocabulary_in_sentence_霜.mp3]
借金,借钱，债务,彼は借金を返すために働いている。,他为了还债在工作。,<ruby>彼は<rt>かれは</rt></ruby><ruby>借金<rt>しゃっきん</rt></ruby>を<ruby>返す<rt>かえす</rt></ruby>ために<ruby>働いている<rt>はたらいている</rt></ruby>。,<ol><li>彼（かれ）：他，指男性。</li><li>借金（しゃっきん）：借的钱，债务，日常生活中多用于指向银行、朋友等借款。</li><li>を：宾格助词，标记动作的对象。</li><li>返す（かえす）：归还、偿还，用于金钱、物品等。</li><li>ために：表示目的，“为了……”。</li><li>働いている（はたらいている）：动词“働く（はたらく）”的ている形，表示正在进行的动作或者持续的状态。</li><li>在日本社会，借金的概念既可能指消费贷款，也常用于表示经济负担。一般来说，个人借金被视为需要早日偿还的责任，有时也是社会评价的重要因素。</li></ol>,[sound:jlpt_vocabulary_in_sentence_借金.mp3]
しゃべる,说话,彼はとても早口でしゃべる。,他讲话非常快。,<ruby>彼<rt>かれ</rt></ruby>はとても<ruby>早口<rt>はやくち</rt></ruby>でしゃべる。,<ol><li>彼（かれ）：他，指男性。</li><li>とても：非常、很。</li><li>早口（はやくち）：说话很快；这里作方式补语。</li><li>で：表示方式、手段，连接名词和动词。</li><li>しゃべる：说话、讲话。为动词，意思为“说、聊天”。</li><li>本句子句型为“主语+は+补语+で+动词”。</li><li>“しゃべる”较为口语化，常用于日常生活，不如“話す（はなす）”正式。</li></ol>,[sound:jlpt_vocabulary_in_sentence_しゃべる.mp3]
週,周，星期,来週の予定を教えてください。,请告诉我下周的安排。,<ruby>来週<rt>らいしゅう</rt></ruby>の<ruby>予定<rt>よてい</rt></ruby>を<ruby>教えて<rt>おしえて</rt></ruby><ruby>ください<rt>ください</rt></ruby>。,"<ol><li>来週（らいしゅう）：下周，本周的下一个星期。</li><li>予定（よてい）：预定、安排、计划。</li><li>教えてください：表达请求对方告知的礼貌用语，「教える（おしえる）」是“告诉、教”的意思，「～てください」表示“请……”。</li><li>助词「の」：表示前后体词的修饰关系。</li><li>「週」有时读作「しゅう（常见于复合词如来週）」, 单独使用时则为「しゅう」，用于表示“星期”或“一周”的时间单位。</li></ol>",[sound:jlpt_vocabulary_in_sentence_週.mp3]
州,州、省,私はアメリカのカリフォルニア州に行きました。,我去了美国的加利福尼亚州。,<ruby>私<rt>わたし</rt></ruby>はアメリカの<ruby>カリフォルニア州<rt>かりふぉるにあしゅう</rt></ruby>に<ruby>行きました<rt>いきました</rt></ruby>。,<ol><li>私（わたし）：第一人称，表示“我”。</li><li>は：助词，主语提示助词，表“是……”。</li><li>アメリカ：外来语，指“美国”。</li><li>の：格助词，表示领属关系，这里表示“美国的”。</li><li>カリフォルニア州（かりふぉるにあしゅう）：美国的加利福尼亚州，“州”在日语中常用作国家内行政区域，如美国、澳大利亚等。中国古代也用该汉字，但现代中国称为“省”。</li><li>に：助词，表示动作的目的地。</li><li>行きました（いきました）：动词“行く”的过去式，表示“去了”。</li><li>句子结构是“私はAに行きました”，常用于表达到某地旅行或出差。</li></ol>,[sound:jlpt_vocabulary_in_sentence_州.mp3]
銃,枪,彼は新しい銃を買いました。,他买了新的枪。,<ruby>彼<rt>かれ</rt></ruby>は<ruby>新しい<rt>あたらしい</rt></ruby><ruby>銃<rt>じゅう</rt></ruby>を<ruby>買いました<rt>かいました</rt></ruby>。,<ol><li>彼（かれ）：指“他”，用于男性。女性时一般用「彼女（かのじょ）」。</li><li>は：助词，表示主语。</li><li>新しい（あたらしい）：形容词，意思是“新的”。</li><li>銃（じゅう）：名词，“枪”，汉字写法与中文一致。</li><li>を：助词，表示动作的对象。</li><li>買いました：动词“买う（かう）”的过去敬体形式，意为“买了”。</li></ol>,[sound:jlpt_vocabulary_in_sentence_銃.mp3]
周囲,周围,周囲の人に助けられました。,得到了周围人的帮助。,<ruby>周囲<rt>しゅうい</rt></ruby>の<ruby>人<rt>ひと</rt></ruby>に<ruby>助けられました<rt>たすけられました</rt></ruby>。,<ol><li>周囲（しゅうい）：名词，表示周围、周遭。常用于指某人附近的环境或人群。</li><li>の：表示前后两个名词的修饰关系，属于日语的连体助词，类似于中文“的”。</li><li>助けられました：助ける（たすける，帮助）的被动态，表示“被……帮助”，这里是敬体过去式，表达“得到了帮助”。</li></ol>,[sound:jlpt_vocabulary_in_sentence_周囲.mp3]
収穫,收获,秋にはたくさんの収穫があります。,秋天有很多收获。,<ruby>秋<rt>あき</rt></ruby>にはたくさんの<ruby>収穫<rt>しゅうかく</rt></ruby>があります。,<ol><li>秋（あき）：意思是“秋天”，日本四季分明，秋季常用来指代收获丰收的季节。</li><li>には：表示在“秋”这个时间点上。</li><li>たくさん：副词，表示“很多”“大量”。</li><li>の：连接名词和名词的助词。</li><li>収穫（しゅうかく）：可以指农作物的收获，也可以比喻为成果。</li><li>が：主语助词，提示“收获”为主语。</li><li>あります：动词“有”，表示存在无生命的物体、事实等。</li><li>语法点：日语中表示存在时，分“あります”（无生命、非动物）和“います”（有生命、动物）。</li><li>文化背景：在日本，秋季是农作物成熟、丰收的重要时期，经常举办各种祭典庆祝收获。</li></ol>,[sound:jlpt_vocabulary_in_sentence_収穫.mp3]
宗教,宗教,日本にはさまざまな宗教があります。,日本有各种各样的宗教。,<ruby>日本<rt>にほん</rt></ruby><ruby>には<rt>には</rt></ruby><ruby>さまざまな<rt>さまざまな</rt></ruby><ruby>宗教<rt>しゅうきょう</rt></ruby><ruby>が<rt>が</rt></ruby><ruby>あります<rt>あります</rt></ruby>。,<ol><li>日本（にほん）：日本，是指日本国家。</li><li>さまざまな：各种各样的，多样的，属于形容动词「さまざま」的连体形，多用于修饰名词。</li><li>宗教（しゅうきょう）：宗教，泛指有特定信仰体系和仪式的文化、哲学系统。</li><li>があります：表示存在某物，多用于表示无生命物体或抽象概念的存在。「が」为主格助词，「あります」为动词「ある」的礼貌形。</li><li>语序结构为“〜には 〜があります”，表示“在~有~”这一结构，常用来说明某地或某时间存在某些东西。</li><li>日本的宗教多数为神道、佛教等，信仰多样且允许并存，与一些一神教国家不同。</li></ol>,[sound:jlpt_vocabulary_in_sentence_宗教.mp3]
重視,重视、看重,彼は時間を重視しています。,他很重视时间。,<ruby>彼は<rt>かれは</rt></ruby><ruby>時間を<rt>じかんを</rt></ruby><ruby>重視しています<rt>じゅうししています</rt></ruby>。,<ol><li>彼（かれ）：第三人称男性代词，表示“他”。</li><li>時間（じかん）：名词，意为“时间”。</li><li>重視（じゅうし）：动词，表示“重视、看重”。重视某事可用“～を重視する”表达。</li><li>ています：动词て形加います，表示动作正在进行或一种习惯，表达“正在…”、“经常…”。</li><li>日语句式“～を重視しています”习惯上用于表明一个人对某事非常在意或认为其很重要。</li></ol>,[sound:jlpt_vocabulary_in_sentence_重視.mp3]
就職,就职，工作,兄は大学を卒業して就職しました。,哥哥大学毕业后找到了工作。,<ruby>兄<rt>あに</rt></ruby>は<ruby>大学<rt>だいがく</rt></ruby>を<ruby>卒業<rt>そつぎょう</rt></ruby>して<ruby>就職<rt>しゅうしょく</rt></ruby>しました,<ol><li>兄（あに）：哥哥，指说话人的哥哥。</li><li>大学（だいがく）：大学，高等教育机构。</li><li>卒業（そつぎょう）：毕业，这里指完成大学课程。</li><li>就職（しゅうしょく）：就职，指找到并开始工作。</li><li>助词「は」表示主语，「を」表示宾语。「して」为「する」的て形连接用法，表示动作顺序。「しました」为过去式，表示已经完成的动作。</li><li>日本大学生毕业后就业很常见，一般称为「就職活動（しゅうしょくかつどう）」，是日本文化中特别重要的人生阶段。</li></ol>,[sound:jlpt_vocabulary_in_sentence_就職.mp3]
ジュース,果汁饮料,朝ごはんにジュースを飲みました。,我早餐喝了果汁饮料。,<ruby>朝ごはん<rt>あさごはん</rt></ruby>に<ruby>ジュース<rt>じゅーす</rt></ruby>を<ruby>飲みました<rt>のみました</rt></ruby>。,<ol><li>朝ごはん（あさごはん）：早餐，由“朝”（あさ，早晨）和“ごはん”（米饭）组成，日语习惯表示一餐。</li><li>に：表示时间点或发生动作的时间。</li><li>ジュース（じゅーす）：果汁饮料，外来语，泛指各种果汁或饮料，在日本不特指纯果汁，即含有糖分等加工饮品也叫“ジュース”。</li><li>を：宾语助词，标记动作的对象。</li><li>飲みました（のみました）：“飲む”（喝）的礼貌过去式，表示已经喝过。</li></ol>,[sound:jlpt_vocabulary_in_sentence_ジュース.mp3]
修正,修改，修正,レポートの内容を修正しました。,我修改了报告的内容。,<ruby>レポート<rt>れぽーと</rt></ruby>の<ruby>内容<rt>ないよう</rt></ruby>を<ruby>修正<rt>しゅうせい</rt></ruby><ruby>しました<rt>しました</rt></ruby>。,"<ol><li>レポート：英语 ""report"" 的音译，指报告、论文。</li><li>内容（ないよう）：名词，内容、内涵。</li><li>を：助词，表示宾语。</li><li>修正（しゅうせい）：名词/他动词，指修改、订正已有内容中的错误或不完善之处。</li><li>しました：动词 ""する"" 的过去式，表示已经进行了某动作。</li><li>语法点：句型“〜を修正する”，常用于说明对文件、文章、设计等做了修改。</li></ol>",[sound:jlpt_vocabulary_in_sentence_修正.mp3]
重体,重病患者,重体の人は病院で特別な治療を受けています。,重病患者正在医院接受特殊治疗。,<ruby>重体<rt>じゅうたい</rt></ruby><ruby>の<rt>の</rt></ruby><ruby>人<rt>ひと</rt></ruby><ruby>は<rt>は</rt></ruby><ruby>病院<rt>びょういん</rt></ruby><ruby>で<rt>で</rt></ruby><ruby>特別な<rt>とくべつな</rt></ruby><ruby>治療<rt>ちりょう</rt></ruby><ruby>を<rt>を</rt></ruby><ruby>受けています<rt>うけています</rt></ruby>。,<ol><li>重体（じゅうたい）：表示病情很严重，指‘重病患者’。常用于医疗、新闻等正式语境。</li><li>特別な（とくべつな）：表示‘特别的’、‘特殊的’。后续名词和动词搭配。</li><li>治療（ちりょう）：意为‘治疗’、‘医疗’。常与‘受ける（うける，接受）’搭配。</li><li>〜を受けています：‘正在接受～’。‘受ける’为二类动词，这里用ています表示动作正在持续。</li></ol>,[sound:jlpt_vocabulary_in_sentence_重体.mp3]
渋滞,堵车,朝の通勤時間は渋滞がひどいです。,早上的通勤时间堵车很严重。,<ruby>朝<rt>あさ</rt></ruby>の<ruby>通勤<rt>つうきん</rt></ruby><ruby>時間<rt>じかん</rt></ruby>は<ruby>渋滞<rt>じゅうたい</rt></ruby>がひどいです。,<ol><li>朝（あさ）：早晨，清晨。</li><li>通勤（つうきん）：通勤，上下班的路上。</li><li>時間（じかん）：时间。</li><li>渋滞（じゅうたい）：堵塞，多指交通堵塞，也可泛指进展缓慢。</li><li>ひどい：严重，厉害。</li><li>です：敬语终止助动词，用于陈述正式语气。</li><li>语法点：『渋滞がひどい』表示“堵车很厉害”，（が）为主格助词，表示『渋滞』是描述对象。形容词『ひどい』指严重、不好，和主语一起构成描述。</li><li>文化补充：日本大城市上班高峰时期经常出现交通堵塞，尤其在早上7-9点之间。</li></ol>,[sound:jlpt_vocabulary_in_sentence_渋滞.mp3]
重大,重要，重大,その問題は重大な影響を持っています。,那个问题有重大的影响。,<ruby>その<rt>その</rt></ruby><ruby>問題<rt>もんだい</rt></ruby>は<ruby>重大<rt>じゅうだい</rt></ruby>な<ruby>影響<rt>えいきょう</rt></ruby>を<ruby>持っています<rt>もっています</rt></ruby>。,<ol><li>その：指示代词，意思为“那个”，常用来指代说话人和听者都知道的事物或事态。</li><li>問題（もんだい）：名词，意为“问题”。</li><li>は：主题助词，表示提示主语。</li><li>重大（じゅうだい）：形容动词，表示“重要的，重大的”，用于强调事情的重要性。</li><li>な：形容动词“重大”的连接词，后接名词时需加“な”。</li><li>影響（えいきょう）：名词，意味“影响”。</li><li>を：宾格助词，表示动作的对象。</li><li>持っています（もっています）：动词“持つ”的ている形，表示持续拥有或某种状态。</li></ol>,[sound:jlpt_vocabulary_in_sentence_重大.mp3]
住宅,住宅，住房,新しい住宅がこの町に建ちました。,这个小镇建起了新住宅。,<ruby>新しい<rt>あたらしい</rt></ruby><ruby>住宅<rt>じゅうたく</rt></ruby>がこの<ruby>町<rt>まち</rt></ruby>に<ruby>建ちました<rt>たちました</rt></ruby>。,<ol><li>新しい（あたらしい）：形容词，意思是“新”。</li><li>住宅（じゅうたく）：名词，指住宅、住房。</li><li>が：主语助词，标记句子的主语。</li><li>この：连体词，意思是“这个”。</li><li>町（まち）：名词，表示“城镇”或“小镇”。</li><li>に：助词，表示动作的目的地或发生的地点。</li><li>建ちました（たちました）：动词“建つ（たつ）”的过去式，意思为“建成、建起了”。</li><li>语法点：“〜が〜に建ちました”常用来描述新建筑物在某地建成。</li></ol>,[sound:jlpt_vocabulary_in_sentence_住宅.mp3]
集団,集体，群体,私たちは集団で旅行に行きました。,我们集体去旅行了。,<ruby>私たち<rt>わたしたち</rt></ruby>は<ruby>集団<rt>しゅうだん</rt></ruby>で<ruby>旅行<rt>りょこう</rt></ruby>に<ruby>行きました<rt>いきました</rt></ruby>。,<ol><li>私たち（わたしたち）：我们。日语中用来表示包括自己在内的复数第一人称。</li><li>集団（しゅうだん）：集体、团队。常用于描述人或动物等的群体。</li><li>で：表示动作发生的场所或手段，在这里表示以“集体”身份。</li><li>旅行（りょこう）：旅行，旅游。</li><li>に：表示动作的目的地。</li><li>行きました（いきました）：“行く”的过去式敬体，表示去过某地。</li><li>日语中“集団”与“団体”均有“群体”的意思，但“集団”侧重人数较多的自然集合，“団体”更正式，多用于组织、公司。</li></ol>,[sound:jlpt_vocabulary_in_sentence_集団.mp3]
集中,集中，专注,彼は勉強に集中しています。,他正在专注于学习。,<ruby>彼は<rt>かれは</rt></ruby><ruby>勉強<rt>べんきょう</rt></ruby>に<ruby>集中<rt>しゅうちゅう</rt></ruby><ruby>しています<rt>しています</rt></ruby>。,<ol><li>彼（かれ）：他，指男性第三人称。</li><li>勉強（べんきょう）：学习，名词。</li><li>に：表示动作的目标，这里为“对学习”。</li><li>集中（しゅうちゅう）：集中、专注。常作动词“集中する”。</li><li>〜しています：表示动作正在进行，等于汉语的“正在……”。</li><li>“集中”可读作“しゅうちゅう”，应用非常广泛，比如工作集中（仕事に集中する）、注意力集中（注意力を集中する）等。</li></ol>,[sound:jlpt_vocabulary_in_sentence_集中.mp3]
収入,收入,去年より収入が増えました。,比去年收入增加了。,<ruby>去年<rt>きょねん</rt></ruby>より<ruby>収入<rt>しゅうにゅう</rt></ruby>が<ruby>増えました<rt>ふえました</rt></ruby>。,<ol><li>収入（しゅうにゅう）：指得来的金钱或赚到的钱，即“收入”。</li><li>より：表示比较对象，意思是“比……”。</li><li>増えました（ふえました）：动词“増える（ふえる）”的过去式，意为“增加了”。“ました”是表示敬语的过去式结尾。</li><li>整个句型“名词Aより名词Bが～”：常用于两者比较，B比A更……。</li></ol>,[sound:jlpt_vocabulary_in_sentence_収入.mp3]
住民,居民,この町の住民は親切です。,这个小镇的居民很友善。,<ruby>この<rt>この</rt></ruby><ruby>町<rt>まち</rt></ruby><ruby>の<rt>の</rt></ruby><ruby>住民<rt>じゅうみん</rt></ruby><ruby>は<rt>は</rt></ruby><ruby>親切<rt>しんせつ</rt></ruby><ruby>です<rt>です</rt></ruby>。,<ol><li>この：指示代词，表示“这个”。</li><li>町（まち）：名词，指“镇”或“城市”。</li><li>の：助词，表示所属关系，相当于中文“的”。</li><li>住民（じゅうみん）：名词，指“居民”，常用于指某一地区或社区的居住者。</li><li>は：主题助词，用于提示句子的主题。</li><li>親切（しんせつ）：形容动词，表示“亲切、友善”。</li><li>です：礼貌终止语气词。</li><li>语法说明：句子主语通常在は前出现，结构为“～は…です”说明主语的属性。</li></ol>,[sound:jlpt_vocabulary_in_sentence_住民.mp3]
重要,重要,健康はとても重要です。,健康非常重要。,<ruby>健康<rt>けんこう</rt></ruby>はとても<ruby>重要<rt>じゅうよう</rt></ruby>です。,<ol><li>健康（けんこう）：名词，表示身体和心里的健康。</li><li>は：主题助词，标记句子的主题。</li><li>とても：副词，表示“非常、很”，用于加强程度。</li><li>重要（じゅうよう）：形容动词，意为“重要”，形容某事物的地位或作用很大。</li><li>です：礼貌句尾，常用于陈述句，表示敬意。</li><li>语法：形容动词“重要”用法是‘重要＋です’用于肯定表达。提示和“有意思（ゆうい）”一样，重音在后。</li><li>日本人很重视健康，故常见类似表达。</li></ol>,[sound:jlpt_vocabulary_in_sentence_重要.mp3]
修理,修理、维修,自転車を修理しました。,我修理了自行车。,<ruby>自転車<rt>じてんしゃ</rt></ruby>を<ruby>修理<rt>しゅうり</rt></ruby><ruby>しました<rt>しました</rt></ruby>。,<ol><li>自転車（じてんしゃ）：表示“自行车”。由“自（自己）”“転（转）”“車（车）”构成。</li><li>修理（しゅうり）：表示“修理、维修”；既指修补机械等也可以泛指处理、改良物件。</li><li>〜を〜しました：“を”表示宾语，“しました”是“する”（做）的过去式，表示“做了……”。“修理しました”即“修理了”。</li></ol>,[sound:jlpt_vocabulary_in_sentence_修理.mp3]
主義,主义；原则,彼は個人主義を大切にしている。,他很重视个人主义。,<ruby>彼は<rt>かれは</rt></ruby><ruby>個人主義<rt>こじんしゅぎ</rt></ruby><ruby>を<rt>を</rt></ruby><ruby>大切に<rt>たいせつに</rt></ruby><ruby>している<rt>している</rt></ruby>。,<ol><li>彼（かれ）：第三人称男性“他”。</li><li>個人主義（こじんしゅぎ）：意指重视个人权利与自由的思想。“主義（しゅぎ）”后缀表示一种主义或原则，比如社会主义（社会主義）、资本主义（資本主義）。</li><li>を：宾格助词，表示动作的对象。</li><li>大切にする：表达“重视、珍惜”的意思，“～にする”为“采取……态度、变成……”的用法。</li><li>している：动词“する”的ている形式，表示持续状态，即“正在……”或“习惯于……”。</li><li>日本社会中“个人主义”较欧美等相比相对不被强调，传统上更推崇集体主义和群体和谐，因此有人强调“個人主義”时，带有其独特的价值观表达。</li></ol>,[sound:jlpt_vocabulary_in_sentence_主義.mp3]
宿泊,住宿,このホテルに宿泊しました。,我在这家酒店住宿了。,このホテルに<ruby>宿泊<rt>しゅくはく</rt></ruby><ruby>しました<rt>しました</rt></ruby>。,<ol><li>この：日语指示词，意为“这个、这”。</li><li>ホテル：来自英语“hotel”，意思为“酒店、宾馆”。</li><li>に：表示动作的目标地点，常用于“到……去”或“在……”。</li><li>宿泊（しゅくはく）：指“住宿、留宿”，既可用于商务，也可用于旅游。</li><li>しました：是“する”（做）的过去式“しました”，表示过去的动作。</li><li>日语中，“宿泊する”是一个固定搭配，常用于说“住宿在某地”。“宿泊”读作しゅくはく，汉字和中文意义相近，旅行时常见。</li></ol>,[sound:jlpt_vocabulary_in_sentence_宿泊.mp3]
手術,手术,母は来週手術を受けます。,我妈妈下周要做手术。,<ruby>母<rt>はは</rt></ruby>は<ruby>来週<rt>らいしゅう</rt></ruby><ruby>手術<rt>しゅじゅつ</rt></ruby>を<ruby>受けます<rt>うけます</rt></ruby>。,<ol><li>母（はは）：母亲。这里用的是常用词汇。</li><li>は：主语助词，表示主题。</li><li>来週（らいしゅう）：下周。</li><li>手術（しゅじゅつ）：手术，本句目标单词。</li><li>を：宾语助词，表示动作的对象。</li><li>受けます（うけます）：动词「受ける」的敬体形式，意思是“接受、承受”。这里指接受手术，也就是“动手术”。</li><li>「手術を受ける」是“做手术”的常见表达方式，不说「手術をする」（通常指医生做手术），而病人用「手術を受ける」。</li></ol>,[sound:jlpt_vocabulary_in_sentence_手術.mp3]
首相,总理大臣,日本の首相は演説を行いました。,日本总理大臣进行了演讲。,<ruby>日本<rt>にほん</rt></ruby>の<ruby>首相<rt>しゅしょう</rt></ruby>は<ruby>演説<rt>えんぜつ</rt></ruby>を<ruby>行いました<rt>おこないました</rt></ruby>。,<ol><li>日本（にほん）：日本国，日本的意思。</li><li>首相（しゅしょう）：意为总理大臣，是日本政府的最高首脑，相当于中国的总理或其他国家的首相。</li><li>は：主题助词，提示主语。</li><li>演説（えんぜつ）：演讲、讲话。</li><li>を：宾语助词，标记动作的对象。</li><li>行いました（おこないました）：动词“行う”的敬体过去式，表示“进行了”；常用于正式场合。</li><li>日语句式主语+は+宾语+を+动词的顺序需要特别注意，是日语的基本语序之一。</li><li>在日本，首相主要负责行政机关的运作，有权任命内阁成员，代表国家发言。</li></ol>,[sound:jlpt_vocabulary_in_sentence_首相.mp3]
手段,方法，手法,彼は目的のために手段を選ばない。,他为了目的不择手段。,<ruby>彼<rt>かれ</rt></ruby>は<ruby>目的<rt>もくてき</rt></ruby>のために<ruby>手段<rt>しゅだん</rt></ruby>を<ruby>選ばない<rt>えらばない</rt></ruby>。,<ol><li>彼（かれ）：指男性“他”。</li><li>目的（もくてき）：目标、目的。</li><li>ために：表示原因、目的，意为“为了……”。</li><li>手段（しゅだん）：指达成目的所使用的方法、方式、手法。</li><li>を：宾格助词，表示前面的名词是动作对象。</li><li>選ばない（えらばない）：动词“選ぶ（えらぶ）”的否定形，意思是不选择。“手段を選ばない”是固定搭配，意为“不择手段”。</li><li>语法：动词などのために…（为了…做某事）结构常用来表达目的。</li><li>文化补充：“手段を選ばない”这一短语在日本常用于评价某人为了达成目标不惜使用各种方法，语气多带负面含义。</li></ol>,[sound:jlpt_vocabulary_in_sentence_手段.mp3]
主張,主张，要求,彼は自分の意見を強く主張した。,他强烈主张自己的意见。,<ruby>彼は<rt>かれは</rt></ruby><ruby>自分の<rt>じぶんの</rt></ruby><ruby>意見を<rt>いけんを</rt></ruby><ruby>強く<rt>つよく</rt></ruby><ruby>主張した<rt>しゅちょうした</rt></ruby>。,<ol><li>彼（かれ）：他，指男性第三人称代词。</li><li>自分（じぶん）：自己，本人。</li><li>意見（いけん）：意见。</li><li>強く（つよく）：副词，表示“强烈地”，这里作方式修饰动词。</li><li>主張した（しゅちょうした）：动词“主張（しゅちょう）する”的过去式，意思为“主张、坚持提出”。</li><li>日语句子里“を”表示宾格，标记动作的对象。</li><li>“した”为“する”的过去式，用于表明动作已经发生。</li></ol>,[sound:jlpt_vocabulary_in_sentence_主張.mp3]
出場,登场、出场,彼は試合に初めて出場した。,他第一次参加了比赛。,<ruby>彼<rt>かれ</rt></ruby>は<ruby>試合<rt>しあい</rt></ruby>に<ruby>初めて<rt>はじめて</rt></ruby><ruby>出場<rt>しゅつじょう</rt></ruby>した。,<ol><li>彼（かれ）：他，指代男性。</li><li>は：提示助词，表示主语。</li><li>試合（しあい）：比赛。</li><li>に：表示动作发生的时间点、场所、对象。</li><li>初めて（はじめて）：第一次，初次。</li><li>出場（しゅつじょう）：登场、出场，常用于比赛、表演等场合。</li><li>した：「する」的过去式，表示已经做了某事。</li><li>语法说明：「名词+に初めて+动词」结构表示“第一次做某事”。</li><li>文化补充：在日本，运动员或演员“出場”通常用于介绍本次首次参加的大赛或正式场合。</li></ol>,[sound:jlpt_vocabulary_in_sentence_出場.mp3]
出身,籍贯，出生地,田中さんは東京出身です。,田中先生是东京人。,<ruby>田中<rt>たなか</rt></ruby>さんは<ruby>東京<rt>とうきょう</rt></ruby><ruby>出身<rt>しゅっしん</rt></ruby>です。,<ol><li>田中（たなか）：日本常见姓氏。田（た）+中（なか），可用于男性、女性。</li><li>さん：敬称，相当于“先生/女士”，用于表示礼貌。用于姓氏、名字、全名之后。</li><li>は：助词，标记主语或主题，读作「わ」。</li><li>東京（とうきょう）：日本首都东京。</li><li>出身（しゅっしん）：表示“出生地”或“籍贯”。常用于介绍自己或他人的家乡、学校等。例如「北海道出身」表示“北海道人”。</li><li>です：判定句终结助动词，表明礼貌肯定语气。</li><li>整个句子结构为「名词（人名）+は+ 地名 + 出身 + です」，常用于介绍某人来自哪里。</li></ol>,[sound:jlpt_vocabulary_in_sentence_出身.mp3]
出版,出版，发行,この本は去年出版されました。,这本书是去年出版的。,この<ruby>本<rt>ほん</rt></ruby>は<ruby>去年<rt>きょねん</rt></ruby><ruby>出版<rt>しゅっぱん</rt></ruby><ruby>されました<rt>されました</rt></ruby>。,<ol><li>この：指示词，意为“这个”，用于离说话人近的物品。</li><li>本（ほん）：名词，意思是“书”。</li><li>は：提示助词，强调主语。</li><li>去年（きょねん）：名词，表示“去年”。</li><li>出版（しゅっぱん）：名词和动词，意思是“出版、发行书籍”。</li><li>されました：动词“する”的被动态“される”的过去敬体式，表示动作已经发生，且对方或客观情况。一整个短语“出版されました”=“被出版了”。</li><li>句子语序为主语+は+时间+动词，被动态常用于强调动作的结果或状态。</li></ol>,[sound:jlpt_vocabulary_in_sentence_出版.mp3]
首都,首都,東京は日本の首都です。,东京是日本的首都。,<ruby>東京<rt>とうきょう</rt></ruby>は<ruby>日本<rt>にほん</rt></ruby>の<ruby>首都<rt>しゅと</rt></ruby>です。,<ol><li>东京（東京／とうきょう）：日本的首都，城市名称。</li><li>は：主题助词，表示“……是……”。</li><li>日本（にほん）：国家名，日本。</li><li>の：连接名词与名词，表示所属关系，相当于“的”。</li><li>首都（しゅと）：国家行政和政治中心的城市。</li><li>です：表达判断，相当于汉语的“是”。</li></ol>,[sound:jlpt_vocabulary_in_sentence_首都.mp3]
主婦,家庭主妇,母は主婦として家を守っています。,母亲作为家庭主妇守护着家庭。,<ruby>母<rt>はは</rt></ruby>は<ruby>主婦<rt>しゅふ</rt></ruby>として<ruby>家<rt>いえ</rt></ruby>を<ruby>守っています<rt>まもっています</rt></ruby>。,<ol><li>母（はは）：母亲，指说话者的母亲。</li><li>は：主题助词，表示句子的主题。</li><li>主婦（しゅふ）：家庭主妇，指主要负责家庭事务的人。</li><li>として：作为……的身份或立场。</li><li>家（いえ）：家、家庭。</li><li>を：宾语助词，标记动作的对象。</li><li>守っています（まもっています）：“守る”的ている形式，表示正在持续进行的动作，即“正在守护”。</li><li>「主婦」一般指女性，在日本传统中，主妇主要负责家务和照顾家人。</li></ol>,[sound:jlpt_vocabulary_in_sentence_主婦.mp3]
主要,主要、重要的,会議の主要な話題は経済でした。,会议的主要话题是经济。,<ruby>会議<rt>かいぎ</rt></ruby>の<ruby>主要な<rt>しゅような</rt></ruby><ruby>話題<rt>わだい</rt></ruby>は<ruby>経済<rt>けいざい</rt></ruby>でした。,<ol><li>会議（かいぎ）：指会议、集会，和中文含义一致。</li><li>の：属格助词，表示前后名词的所属关系，这里表示“会议的”。</li><li>主要な（しゅような）：形容动词，表示“主要的、重要的”，常用于修饰名词。“な”是连体助动词，连接形容动词和名词。</li><li>話題（わだい）：话题。</li><li>は：助词，表示主题。</li><li>経済（けいざい）：经济。</li><li>でした：是“です”的过去式，表示“是……”。</li><li>语法知识：“主要な”为形容动词，使用时需要加“な”修饰后面的名词。日语形容动词一般不用直接加在句末描述状态，而是接“だ/です”或“な”后修饰名词。</li></ol>,[sound:jlpt_vocabulary_in_sentence_主要.mp3]
需要,需要,パスポートが必要です。,需要护照。,パスポートが<ruby>必要<rt>ひつよう</rt></ruby>です。,<ol><li>パスポート：护照，外来语，指个人国际旅行时的官方证件。</li><li>が：助词，表示主语。</li><li>必要（ひつよう）：名词，表示“需要，必要”。常和「が」连用表示对某物的需求。</li><li>です：礼貌句尾。</li><li>本句型“〜が必要です”可以表达“需要某事物”，是日常生活和旅行常用表达方式。</li></ol>,[sound:jlpt_vocabulary_in_sentence_需要.mp3]
種類,种类,この店には多くの種類があります。,这家店有很多种类。,この<ruby>店<rt>みせ</rt></ruby>には<ruby>多く<rt>おおく</rt></ruby>の<ruby>種類<rt>しゅるい</rt></ruby>が<ruby>あります<rt>あります</rt></ruby>。,<ol><li>この：连体词，意思是“这个”。</li><li>店（みせ）：名词，意为“店铺”。</li><li>には：“に”表场所，“は”为提示主语，合用时强调场所。</li><li>多く（おおく）：名词，意为“多数、很多”。</li><li>の：表示前后体言之间的所属关系。</li><li>種類（しゅるい）：名词，意为“种类”。</li><li>が：表主语助词。</li><li>あります：动词“ある”的敬体，表示存在，用于无生命物体。</li></ol>,[sound:jlpt_vocabulary_in_sentence_種類.mp3]
順,顺序,荷物は順に並べてください。,请按顺序排列行李。,<ruby>荷物<rt>にもつ</rt></ruby>は<ruby>順<rt>じゅん</rt></ruby>に<ruby>並べて<rt>ならべて</rt></ruby>ください。,<ol><li>荷物（にもつ）：行李、包裹。</li><li>は：助词，表示主题。</li><li>順（じゅん）：名词，表示顺序、次序。</li><li>に：助词，表示方式或依据。</li><li>並べて（ならべて）：动词「並べる」的て形，表示排列。</li><li>ください：礼貌请求，接在动词て形后面，用于请对方做某事。</li><li>「順に」表示按照一定的顺序。</li></ol>,[sound:jlpt_vocabulary_in_sentence_順.mp3]
瞬間,瞬间,その瞬間、彼は笑い始めた。,就在那个瞬间，他开始笑了。,<ruby>その<rt>その</rt></ruby><ruby>瞬間<rt>しゅんかん</rt></ruby>、<ruby>彼<rt>かれ</rt></ruby>は<ruby>笑い始めた<rt>わらいはじめた</rt></ruby>。,<ol><li>その：指代前文或上下文中的事物，意思为“那个”。</li><li>瞬間（しゅんかん）：名词，指极短的时间，“瞬间”。常用于形容一刹那发生的事情。</li><li>彼（かれ）：第三人称代词，“他”。</li><li>は：主题助词，表示主语。</li><li>笑い始めた（わらいはじめた）：动词“笑う”（笑）加上“始める”（开始），连用形表示“开始笑了”或“笑了起来”。</li><li>日语中用“始める”连接动词表示动作的开始，外语学习者要注意动词形态变化。</li></ol>,[sound:jlpt_vocabulary_in_sentence_瞬間.mp3]
順調,顺利,計画は順調に進んでいます。,计划正在顺利进行。,<ruby>計画<rt>けいかく</rt></ruby>は<ruby>順調<rt>じゅんちょう</rt></ruby>に<ruby>進んで<rt>すすんで</rt></ruby><ruby>います<rt>います</rt></ruby>。,<ol><li>計画（けいかく）：名词，意为“计划”。</li><li>は：主题助词，表示主语。</li><li>順調（じゅんちょう）：形容动词，意为“顺利”。后续可接“に”作副词修饰动词，表示顺利地。</li><li>に：副词化助词，将顺調转为副词，修饰动作“进展”。</li><li>進んで（すすんで）：动词“進む（すすむ）”的て形，表示正在进行。</li><li>います：助动词“いる”的礼貌形，和动词て形连用表示正在进行的动作。</li><li>该句整体语法结构为“名词は 形容动词に 动词て います”，常用于描述某事正在顺利进行。</li></ol>,[sound:jlpt_vocabulary_in_sentence_順調.mp3]
順番,顺序,順番を守って列に並びましょう。,请按顺序排队。,<ruby>順番<rt>じゅんばん</rt></ruby><ruby>を<rt>を</rt></ruby><ruby>守って<rt>まもって</rt></ruby><ruby>列<rt>れつ</rt></ruby><ruby>に<rt>に</rt></ruby><ruby>並びましょう<rt>ならびましょう</rt></ruby>。,<ol><li>順番（じゅんばん）：意思是“顺序”，指人或事物的排列先后。在公共场合如排队时常用。</li><li>守って（まもって）：动词「守る」的て形，意思是“遵守”、“保持”。</li><li>列（れつ）：行列、队伍。</li><li>並びましょう（ならびましょう）：动词「並ぶ」的意志形“让我们排（队）吧”，表示一起做某事的建议语气。</li><li>语法：～ましょう 表示“让我们……吧”，常用来邀请或建议对方一起做某事。</li><li>文化背景：日本人非常重视社会秩序，排队时遵守“顺番”被认为是良好的公共礼仪。</li></ol>,[sound:jlpt_vocabulary_in_sentence_順番.mp3]
使用,使用、利用,このアプリを使用すると便利です。,使用这个应用很方便。,<ruby>この<rt>この</rt></ruby><ruby>アプリ<rt>あぷり</rt></ruby><ruby>を<rt>を</rt></ruby><ruby>使用<rt>しよう</rt></ruby><ruby>する<rt>する</rt></ruby><ruby>と<rt>と</rt></ruby><ruby>便利<rt>べんり</rt></ruby><ruby>です<rt>です</rt></ruby>。,<ol><li>この：表示“这个”，指代接近说话人的事物。</li><li>アプリ：外来语，意为“应用程序”。</li><li>を：助词，标明动作的对象。</li><li>使用（しよう）：名词，意为“使用、利用”，在日语中常与する搭配组成动词“使用する”。</li><li>すると：这里为“使用する”加上假定条件助词“と”，表示“如果使用……”的意思。</li><li>便利（べんり）：形容动词，意为“方便”。</li><li>です：礼貌句末助动词。</li><li>语法点：“〜を使用する”是典型的書面表达，口语中常用“使う（つかう）”。“と便利です”常用于推荐、提建议场景。</li><li>文化提示：在日本介绍服务或产品时，常用“〜と便利です”表达推荐或便利性。</li></ol>,[sound:jlpt_vocabulary_in_sentence_使用.mp3]
小,小的,彼の部屋は小さいです。,他的房间很小。,<ruby>彼<rt>かれ</rt></ruby>の<ruby>部屋<rt>へや</rt></ruby>は<ruby>小さい<rt>ちいさい</rt></ruby>です。,<ol><li>彼（かれ）：指代“他”，第三人称男性。</li><li>部屋（へや）：房间、屋子的意思。</li><li>は：主题助词，提示主语“部屋”。</li><li>小さい（ちいさい）：形容词，表示“小”。用于描述尺寸、规模等。</li><li>です：礼貌结尾助动词，构成敬体（礼貌体）句式。</li><li>句式“～は小さいです”：表示某物体或场所等比较小，常用于描述物理尺寸。</li></ol>,[sound:jlpt_vocabulary_in_sentence_小.mp3]
章,章节,この本の第一章を読みました。,我读了这本书的第一章。,<ruby>この<rt>この</rt></ruby><ruby>本<rt>ほん</rt></ruby>の<ruby>第一章<rt>だいいっしょう</rt></ruby>を<ruby>読みました<rt>よみました</rt></ruby>。,<ol><li>この：指示词，意思是“这个”。</li><li>本(ほん)：名词，“书”。</li><li>の：助词，表示前后名词的所属、修饰关系。</li><li>第一章(だいいっしょう)：数词加名词，“第一章”。章（しょう）指书、文章中的章节、部分。</li><li>を：助词，表示动作的对象。</li><li>読みました(よみました)：动词“読む”的过去式敬语，表示“读了”。</li><li>日语中“章”(しょう)除了指文字章节，也可以用于比赛、任期的“阶段”，但最常用是书籍分段。</li></ol>,[sound:jlpt_vocabulary_in_sentence_章.mp3]
賞,奖赏,彼は努力の賞を受け取った。,他收到了努力的奖赏。,<ruby>彼<rt>かれ</rt></ruby>は<ruby>努力<rt>どりょく</rt></ruby>の<ruby>賞<rt>しょう</rt></ruby>を<ruby>受け取った<rt>うけとった</rt></ruby>。,<ol><li>彼（かれ）：他，指男性，日常生活中常用。</li><li>は：主题助词，标示主语。</li><li>努力（どりょく）：名词，表示努力、付出。</li><li>の：连接助词，表示所属或修饰关系，常译为“的”。</li><li>賞（しょう）：名词，意为“奖赏、奖励”。</li><li>を：宾语助词，表示动作的对象。</li><li>受け取った（うけとった）：动词“受け取る”的过去形，意为“收到了”。</li><li>语法点：“努力の賞”表示“努力所获得的奖赏”，“の”作为连接词体现修饰关系。</li></ol>,[sound:jlpt_vocabulary_in_sentence_賞.mp3]
上,上面,机の上に本があります。,桌子上有一本书。,<ruby>机<rt>つくえ</rt></ruby>の<ruby>上<rt>うえ</rt></ruby>に<ruby>本<rt>ほん</rt></ruby>が<ruby>あります<rt>あります</rt></ruby>。,<ol><li>机（つくえ）：表示“桌子”。</li><li>の：表所属、连接名词。</li><li>上（うえ）：表示“上面”。这里是方位名词，常与「に」搭配表示位置。</li><li>に：表示存在或动作发生的地点。</li><li>本（ほん）：表示“书”。</li><li>が：提示句子主语，这里“本”。</li><li>あります：表示无生命物品的存在。</li><li>句型“〜の上に〜があります”常用来表达某物位于某处之上。</li></ol>,[sound:jlpt_vocabulary_in_sentence_上.mp3]
障害,障碍,彼は多くの障害を乗り越えた。,他克服了许多障碍。,<ruby>彼<rt>かれ</rt></ruby>は<ruby>多く<rt>おおく</rt></ruby>の<ruby>障害<rt>しょうがい</rt></ruby>を<ruby>乗り越えた<rt>のりこえた</rt></ruby>。,<ol><li>彼（かれ）：他，指代男性。</li><li>多く（おおく）：许多，表示程度或数量多。</li><li>の：助词，连接名词，表示所属或修饰关系。</li><li>障害（しょうがい）：障碍，指妨碍进展的事物，包括物理和心理等多个领域。</li><li>を：助词，表示动作的对象。</li><li>乗り越えた（のりこえた）：动词“乗り越える”的过去形，意为克服、跨越难关。</li><li>语法知识：“～を乗り越える”是常用搭配，表示克服困难、障碍等。此外，日语中的“障害”既能指物理上的障碍，也常指心理上、社会上的阻碍。</li><li>文化背景：在日本，提到“障害”有时也特指“障害者”（残障人士），但在本句中，泛指一般的困难或阻碍。</li></ol>,[sound:jlpt_vocabulary_in_sentence_障害.mp3]
奨学金,奖学金,彼は奨学金をもらって大学に通っています。,他靠奖学金上大学。,<ruby>彼<rt>かれ</rt></ruby>は<ruby>奨学金<rt>しょうがくきん</rt></ruby>をもらって<ruby>大学<rt>だいがく</rt></ruby>に<ruby>通っています<rt>かよっています</rt></ruby>。,<ol><li>彼（かれ）：他，指男性。</li><li>奨学金（しょうがくきん）：奖学金，指提供给学生的经济资助。</li><li>を：助词，标记宾语。</li><li>もらって：动词“もらう”（得到、领取）的て形，表达“得到…以后”的意思。</li><li>大学（だいがく）：大学。</li><li>に：助词，表示目的地或方向。</li><li>通っています（かよっています）：动词“通う”（かよう，往返、上学）的「ている」形式，表示习惯性或持续性动作。</li><li>“奨学金”可读作“しょうがくきん”，注意“奨”（しょう）为汉字，日语中使用平假名表示发音。</li><li>日本的奖学金种类较多，既有国家、地方政府提供的，也有民间团体或私立企业设立的，不少留学生也可以申请。</li></ol>,[sound:jlpt_vocabulary_in_sentence_奨学金.mp3]
乗客,乘客,電車の乗客が多いです。,电车上的乘客很多。,<ruby>電車<rt>でんしゃ</rt></ruby>の<ruby>乗客<rt>じょうきゃく</rt></ruby>が<ruby>多い<rt>おおい</rt></ruby>です。,<ol><li>電車（でんしゃ）：电车，日本常见的城市轨道交通方式。</li><li>の：表示所属，翻译为“的”。</li><li>乗客（じょうきゃく）：乘客，指利用交通工具的人员。注意：日语读音为“じょうきゃく”，而汉语可读作“chéngkè”。</li><li>が：主格助词，表示主语。</li><li>多い（おおい）：多，形容词。描述数量多。</li><li>です：礼貌体结句词，表达尊敬或礼貌。适合正式或日常场合。</li><li>在日本，早晚高峰时段的电车上往往挤满了乗客（じょうきゃく），这是日本都市生活的常见景象。</li></ol>,[sound:jlpt_vocabulary_in_sentence_乗客.mp3]
上京,去东京,弟は来年上京します。,弟弟明年要去东京。,<ruby>弟<rt>おとうと</rt></ruby>は<ruby>来年<rt>らいねん</rt></ruby><ruby>上京<rt>じょうきょう</rt></ruby>します。,<ol><li>弟（おとうと）：指自己的男性年幼的兄弟。</li><li>は：主题助词，表示“是……”。</li><li>来年（らいねん）：明年。</li><li>上京（じょうきょう）：专指去“东京”，不是随意去上面、京城等，常用于去首都（东京等大城市）生活、工作或学习。</li><li>します：动词“する”的礼貌形，这里表示“将……做”。</li><li>句子的语序为“主语+は+时间+动词”，体现日语惯用表达。</li></ol>,[sound:jlpt_vocabulary_in_sentence_上京.mp3]
状況,状况,今の状況はとても難しいです。,现在的状况非常困难。,<ruby>今<rt>いま</rt></ruby>の<ruby>状況<rt>じょうきょう</rt></ruby>はとても<ruby>難しい<rt>むずかしい</rt></ruby>です。,<ol><li>今（いま）：表示“现在、目前”。</li><li>の：表示前后名词间的所属或限定，相当于“的”。</li><li>状況（じょうきょう）：指“状况、情况”。</li><li>は：主题助词，表示句子主题。</li><li>とても：副词，意为“非常”。</li><li>難しい（むずかしい）：形容词，表示“困难、难”。</li><li>です：礼貌体结尾助动词。</li></ol>,[sound:jlpt_vocabulary_in_sentence_状況.mp3]
条件,条件，前提,条件が合えば契約できます。,如果条件合适就可以签约。,<ruby>条件<rt>じょうけん</rt></ruby>が<ruby>合えば<rt>あえば</rt></ruby><ruby>契約<rt>けいやく</rt></ruby><ruby>できます<rt>できます</rt></ruby>。,<ol><li>条件（じょうけん）：意思是“条件，前提”。常用于谈判、合同或决策等场合。</li><li>合えば（あえば）：动词“合う”的假定形，表示“如果满足、如果符合”。</li><li>契約（けいやく）：合同，协议。</li><li>できます：する的可能态，表示“能够……”。</li><li>语法结构：“Aが合えばBできます”表示“如果A条件满足就可以B”，是表示条件假设的句型。日本人注重合同条款细节，在合同签订前通常会反复确认各项条件。</li></ol>,[sound:jlpt_vocabulary_in_sentence_条件.mp3]
正午,中午,正午に公園で待ち合わせました。,我们中午在公园见面了。,<ruby>正午<rt>しょうご</rt></ruby>に<ruby>公園<rt>こうえん</rt></ruby>で<ruby>待ち合わせました<rt>まちあわせました</rt></ruby>。,<ol><li>正午（しょうご）：表示中午12点左右，是正式、书面用语，口语中有时也说昼（ひる）。</li><li>〜に：表时间点的格助词，表示动作发生的具体时间。</li><li>公園（こうえん）：公园。</li><li>で：表示动作发生的场所。</li><li>待ち合わせました（まちあわせました）：动词“待ち合わせる”的过去“ます”形，意思是“约好见面”或“集合”。</li><li>日本的“正午”多用于正式场合，日常口语则更常用“ひる”。</li></ol>,[sound:jlpt_vocabulary_in_sentence_正午.mp3]
正直,正直、诚实,彼はとても正直な人です。,他是个非常正直的人。,<ruby>彼<rt>かれ</rt></ruby>はとても<ruby>正直<rt>しょうじき</rt></ruby>な<ruby>人<rt>ひと</rt></ruby>です。,<ol><li>彼（かれ）：第三人称代词，意思是“他”。</li><li>正直（しょうじき）：名词、形容动词，意为“诚实、正直”。本句中作定语修饰“人”，需加“な”。</li><li>な：连体助词，将形容动词与名词连接。</li><li>人（ひと）：指“人”。</li><li>です：礼貌结句助动词。</li><li>“正直”也可用作副词，表示行为诚实坦率。发音只有一个，均为しょうじき。</li></ol>,[sound:jlpt_vocabulary_in_sentence_正直.mp3]
常識,常识,これは常識として知っておくべきです。,这个作为常识应该要知道。,<ruby>これは<rt>これは</rt></ruby><ruby>常識<rt>じょうしき</rt></ruby><ruby>として<rt>として</rt></ruby><ruby>知って<rt>しって</rt></ruby><ruby>おく<rt>おく</rt></ruby><ruby>べき<rt>べき</rt></ruby>です。,<ol><li>これは：指代前述内容或指某事物，相当于“这个”。</li><li>常識（じょうしき）：常识。指大家普遍知道或通用的知识。</li><li>として：表示以某个身份、立场、角度，相当于“作为……”。</li><li>知っておく：动词“知る”的て形“知って”加上“おく”，表示事先掌握、提前知道某事以备将来之用。</li><li>べき：表示义务和应该做的事情，附在动词连用形后面，表示“应该……”。</li><li>です：礼貌的句末助词，表示敬语。</li><li>句子结构：常见表达“作为常识（你）应该知道”，在日本社会对一般基本礼仪或知识也常会用“常識”评价。</li></ol>,[sound:jlpt_vocabulary_in_sentence_常識.mp3]
少女,少女，少女,その少女は本を読んでいます。,那个少女正在看书。,その<ruby>少女<rt>しょうじょ</rt></ruby>は<ruby>本<rt>ほん</rt></ruby>を<ruby>読んで<rt>よんで</rt></ruby><ruby>います<rt>います</rt></ruby>。,<ol><li>その：指代距离说话人较远但离听话人较近，或前文已提到的事物，相当于中文“那个”。</li><li>少女（しょうじょ）：指未成年的女性，常用于表现文艺或清纯形象。</li><li>は：主题助词，标明句子的主题。</li><li>本（ほん）：意思是“书”。</li><li>を：宾语助词，后接动作的直接对象。</li><li>読んでいます（よんでいます）：“讀む”的て形加“います”，表示正在持续进行某动作，相当于中文“正在……”。</li><li>补充说明：日语中“少女”比中文使用更正式，常用于文学、艺术领域，日常口语更多说“女の子（おんなのこ）”。</li></ol>,[sound:jlpt_vocabulary_in_sentence_少女.mp3]
少々,稍微、请稍等,少々お待ちください。,请稍等一下。,<ruby>少々<rt>しょうしょう</rt></ruby><ruby>お<rt>お</rt></ruby><ruby>待ち<rt>まち</rt></ruby><ruby>ください<rt>ください</rt></ruby>。,<ol><li>少々（しょうしょう）：用于表示“稍微、一点点”，在客气语境下常用于“请稍等”。</li><li>お待ちください：「お」为尊敬前缀，「待ち」（まち）是「待つ」（等）的名词形式，「ください」为请求形式，整体表示“请等一下”。</li><li>常见于接待、服务等场合，是日本服务业中特有的礼貌用语。</li></ol>,[sound:jlpt_vocabulary_in_sentence_少々.mp3]
症状,症状,風邪の症状が少し出ています。,感冒的症状有一点出现了。,<ruby>風邪<rt>かぜ</rt></ruby>の<ruby>症状<rt>しょうじょう</rt></ruby>が<ruby>少し<rt>すこし</rt></ruby><ruby>出ています<rt>でています</rt></ruby>。,<ol><li>風邪（かぜ）：指感冒，是日语中最常见的疾病说法。</li><li>症状（しょうじょう）：意为“症状”，描述疾病表现。</li><li>の：表示前后名词的所属或修饰关系，类似于“的”。</li><li>少し（すこし）：意思是“一点，稍微”。</li><li>出ています（でています）：动词“出る（でる）”的ています形，表示状态正在持续，这里指“有表现出来”。</li><li>日本人感冒时常用“風邪の症状”来描述如发烧、咳嗽、流鼻涕等身体不适。</li></ol>,[sound:jlpt_vocabulary_in_sentence_症状.mp3]
生じる,产生，发生,問題が生じることがあります。,有时会产生问题。,<ruby>問題<rt>もんだい</rt></ruby>が<ruby>生じる<rt>しょうじる</rt></ruby>ことが<ruby>あります<rt>あります</rt></ruby>。,<ol><li>問題（もんだい）：问题。</li><li>が：表示主语的助词，用于突出主语“问题”。</li><li>生じる（しょうじる）：产生、发生，多用于指抽象或问题、变化等的出现。还有“生ずる”这个写法，意思和用法大致一样。</li><li>こと：将动词“生じる”名词化，表示“……的事情”。</li><li>があります：表示存在、发生，常用于表达“有……情况”、“会出现……”等。</li><li>语法说明：“ことがある”结构经常搭配动词连体形，表示“有时会……”“曾经……的情况”。</li></ol>,[sound:jlpt_vocabulary_in_sentence_生じる.mp3]
状態,状态,部屋の状態はとても良いです。,房间的状态非常好。,<ruby>部屋<rt>へや</rt></ruby>の<ruby>状態<rt>じょうたい</rt></ruby>はとても<ruby>良い<rt>よい</rt></ruby>です。,<ol><li>部屋（へや）：表示“房间”。</li><li>の：连接名词，表所属关系，即“……的”。</li><li>状態（じょうたい）：名词，意思是“状态”、“情况”。</li><li>は：助词，提示主语。常用来引出主题。</li><li>とても：副词，表示“非常”、“很”。</li><li>良い（よい）：形容词，表示“好”。</li><li>です：礼貌结尾，表示描述性判断。</li><li>语法：“AのB”结构用于表明A是B的属性，“状態”常搭配“良い”“悪い”等形容词形容具体状态。</li></ol>,[sound:jlpt_vocabulary_in_sentence_状態.mp3]
上達,进步，提升,彼の日本語は上達が早いです。,他的日语进步很快。,<ruby>彼<rt>かれ</rt></ruby>の<ruby>日本語<rt>にほんご</rt></ruby>は<ruby>上達<rt>じょうたつ</rt></ruby>が<ruby>早い<rt>はやい</rt></ruby>です。,<ol><li>彼（かれ）：指“他”。</li><li>の：表示所属关系，相当于中文“的”。</li><li>日本語（にほんご）：表示“日语”。</li><li>は：主题助词，标记主题。</li><li>上達（じょうたつ）：表示技能或能力进步、提高。</li><li>が：主语助词，用来标记句子的主语。</li><li>早い（はやい）：形容词，意为“快”。</li><li>です：礼貌结句词，使句子显得更正式礼貌。</li><li>本句为“主语+の+技能+は+上達+が+形容词+です”的结构，常用于评价某人技能成长的速度或程度。</li></ol>,[sound:jlpt_vocabulary_in_sentence_上達.mp3]
冗談,玩笑,彼の冗談はとても面白いです。,他的玩笑非常有趣。,<ruby>彼<rt>かれ</rt></ruby>の<ruby>冗談<rt>じょうだん</rt></ruby>はとても<ruby>面白い<rt>おもしろい</rt></ruby>です。,<ol><li>彼（かれ）：指“他”，日语人称代词。</li><li>冗談（じょうだん）：指“玩笑、笑话”，可用于认真氛围中调节气氛。有时用于否定表达“不是开玩笑”。</li><li>は：提示助词，标记主题。</li><li>とても：副词，表示“非常、很”。</li><li>面白い（おもしろい）：形容词，意为“有趣、有意思”，对事物感到好奇或愉快时使用。</li><li>です：句末礼貌表达，表述客观事实或看法。</li><li>文化小常识：日本人在正式场合喜欢用冗談活跃气氛，但过于夸张的冗談有时会被认为不得体。</li></ol>,[sound:jlpt_vocabulary_in_sentence_冗談.mp3]
上等,上等、上级,この肉は上等なので、味がとても良いです。,这块肉是上等的，所以味道非常好。,この<ruby>肉<rt>にく</rt></ruby>は<ruby>上等<rt>じょうとう</rt></ruby>なので、<ruby>味<rt>あじ</rt></ruby>がとても<ruby>良い<rt>よい</rt></ruby>です。,<ol><li>この：指示代词，意思是“这个”。</li><li>肉（にく）：名词，表示“肉”。</li><li>は：主题助词，表明主语。</li><li>上等（じょうとう）：名词、形容动词，意思是“上等的、优质的”。</li><li>なので：表示原因，接在名词、形容动词后，意思是“因为……所以……”。</li><li>味（あじ）：名词，“味道”。</li><li>が：助词，标明主语。</li><li>とても：副词，非常。</li><li>良い（よい）：形容词，“好、优秀”。</li><li>です：礼貌结句助词。</li><li>该句型“名词/形容动词+なので、……”表达因果关系（因为……所以……）。</li></ol>,[sound:jlpt_vocabulary_in_sentence_上等.mp3]
衝突,冲突,二人の意見が衝突しました。,两个人的意见发生了冲突。,<ruby>二人<rt>ふたり</rt></ruby>の<ruby>意見<rt>いけん</rt></ruby>が<ruby>衝突<rt>しょうとつ</rt></ruby><ruby>しました<rt>しました</rt></ruby>。,<ol><li>二人（ふたり）：两个人。「二」为表示数字，「人」表示人，合起来读作「ふたり」，是日语中特殊读法。「二人」在商务和日常中都常用。</li><li>意見（いけん）：意见、看法。</li><li>が：主格助词，标记主语。</li><li>衝突（しょうとつ）：名词，也可作动词使用，表示发生冲突或碰撞。</li><li>しました：动词「する」的过去式表达，表示已经发生。</li><li>语法结构为「AとBが衝突する」，表示两方发生了冲突。日语中可以用于实体碰撞，也可以指意见、想法的分歧。</li></ol>,[sound:jlpt_vocabulary_in_sentence_衝突.mp3]
商人,商人,彼の父は有名な商人です。,他的父亲是有名的商人。,<ruby>彼<rt>かれ</rt></ruby>の<ruby>父<rt>ちち</rt></ruby>は<ruby>有名<rt>ゆうめい</rt></ruby>な<ruby>商人<rt>しょうにん</rt></ruby>です。,<ol><li>彼（かれ）：他、那个人，用作第三人称男性。</li><li>の：连接体言（名词）与体言，表示所属关系，相当于汉语的“的”。</li><li>父（ちち）：父亲，用于自己家庭成员时，使用“父”；向外人介绍他人父亲时用“お父さん”。</li><li>は：主题助词，表示主题，也可用作对比。</li><li>有名（ゆうめい）：形容动词，表示有名、著名，常接助动词“な”修饰名词。</li><li>な：形容动词和名词之间的连接词，相当于“的”。</li><li>商人（しょうにん）：指以买卖为业的人，即“商人”，在日本历史上也称为“あきんど”。</li><li>です：断定助动词，用于礼貌表达句末，相当于“是”。</li><li>本句语法结构为“主语+の+修饰语+名词+です”，为常见的名词句表达。</li></ol>,[sound:jlpt_vocabulary_in_sentence_商人.mp3]
承認,同意，认可,上司は私の提案を承認しました。,上司同意了我的提案。,<ruby>上司<rt>じょうし</rt></ruby>は<ruby>私<rt>わたし</rt></ruby>の<ruby>提案<rt>ていあん</rt></ruby>を<ruby>承認<rt>しょうにん</rt></ruby><ruby>しました<rt>しました</rt></ruby>。,<ol><li>上司（じょうし）：表示上级、领导。</li><li>私（わたし）：第一人称，意为“我”。</li><li>の：表示所属关系，“的”。</li><li>提案（ていあん）：建议、方案。</li><li>を：宾格助词，表示动作的对象。</li><li>承認（しょうにん）：名词、他动词，表示“认可”、“同意”，在公司等正式场合常用于批复下属的提案。</li><li>しました：为“する”的过去式敬体，表示“做了”。</li><li>【语法】日语动词过去式敬体由“ます”变为“ました”。如：“行きます”→“行きました”。</li><li>【文化背景】在日本公司等职场，很多工作都需要获得上司的“承認（しょうにん）”。没有批准不可擅自行动。</li></ol>,[sound:jlpt_vocabulary_in_sentence_承認.mp3]
少年,少年，少年人,その少年は毎朝早く学校へ行きます。,那个少年每天早上很早去学校。,その<ruby>少年<rt>しょうねん</rt></ruby>は<ruby>毎朝<rt>まいあさ</rt></ruby><ruby>早く<rt>はやく</rt></ruby><ruby>学校<rt>がっこう</rt></ruby>へ<ruby>行きます<rt>いきます</rt></ruby>。,<ol><li>その：指示词，意为“那个”。</li><li>少年（しょうねん）：指青少年，通常是指10岁到18岁左右的男孩子，在日本一般用于法律、教育等正式场合。</li><li>は：主题助词，标注句子的主语或主题。</li><li>毎朝（まいあさ）：副词，表示“每天早晨”。</li><li>早く（はやく）：副词，意为“早地、早点”。形容词“早い（はやい）”的副词形。</li><li>学校（がっこう）：名词，学校。</li><li>へ：助词，表示去向，相当于“去……”。</li><li>行きます（いきます）：动词“行く（いく）”的敬体形式，表示“去”。</li><li>句型「は…へ行きます」：表示“去……（地点）”。</li></ol>,[sound:jlpt_vocabulary_in_sentence_少年.mp3]
商売,生意,父は商売を始めました。,父亲开始做生意了。,<ruby>父<rt>ちち</rt></ruby>は<ruby>商売<rt>しょうばい</rt></ruby>を<ruby>始めました<rt>はじめました</rt></ruby>。,<ol><li>父（ちち）：指“父亲”，用于说自己家人时的谦称。</li><li>は：主题助词，强调“父”。</li><li>商売（しょうばい）：指买卖商品或提供服务以获得利润的生意、买卖等。</li><li>を：宾语助词，说明“商売”是“始めました”的对象。</li><li>始めました（はじめました）：是“始める”（开始）的敬体过去式，表示已经启动某个动作。</li><li>语法说明：“〜を始める”表示“开始……”的意思，常见于创新、创业等场景。</li></ol>,[sound:jlpt_vocabulary_in_sentence_商売.mp3]
消費,消费,毎月の消費が増えました。,每月的消费增加了。,<ruby>毎月<rt>まいつき</rt></ruby><ruby>の<rt>の</rt></ruby><ruby>消費<rt>しょうひ</rt></ruby><ruby>が<rt>が</rt></ruby><ruby>増えました<rt>ふえました</rt></ruby>。,<ol><li>毎月（まいつき）：表示“每个月”。</li><li>消費（しょうひ）：指花钱、消耗，常用于表示金钱、能源等的使用。</li><li>が：主语助词，标明主语，这里是“消費”。</li><li>増えました（ふえました）：动词“増える（ふえる）”的敬体过去式，表示数量或程度增加。“ました”表示过去或完成时态。</li><li>日语句子通常用「。」作为句尾标点，和中文的「。」对应。</li></ol>,[sound:jlpt_vocabulary_in_sentence_消費.mp3]
商品,商品，货物,この店の新しい商品は人気があります。,这家店的新商品很受欢迎。,<ruby>この<rt>この</rt></ruby><ruby>店<rt>みせ</rt></ruby><ruby>の<rt>の</rt></ruby><ruby>新しい<rt>あたらしい</rt></ruby><ruby>商品<rt>しょうひん</rt></ruby><ruby>は<rt>は</rt></ruby><ruby>人気<rt>にんき</rt></ruby><ruby>が<rt>が</rt></ruby><ruby>あります<rt>あります</rt></ruby>。,<ol><li>この：指示词，表示“这个”。用于名词前限定，后接名词。</li><li>店（みせ）：名词，意思为“店铺、商店”。</li><li>の：助词，表示连接或所有关系，相当于“的”。</li><li>新しい（あたらしい）：形容词，意为“新的”。修饰名词时放在名词前面。</li><li>商品（しょうひん）：名词，指“商品、货物”。商业用语，日常中经常出现。</li><li>は：提示助词，强调主语“商品”。</li><li>人気（にんき）：名词，意思是“人气、受欢迎”。</li><li>があります：是“ある”的敬体表达形式，表示“有、存在”。这里“があります”指“具有某种特性”，即“有人气”。</li><li>语法知识：表达某物很受欢迎时常用“〜は人気があります”。另外，“の”可连接多个名词构成更详细的修饰关系。</li></ol>,[sound:jlpt_vocabulary_in_sentence_商品.mp3]
賞品,奖品,賞品を受け取るために並びました。,为了领取奖品排队了。,<ruby>賞品<rt>しょうひん</rt></ruby>を<ruby>受け取る<rt>うけとる</rt></ruby>ために<ruby>並びました<rt>ならびました</rt></ruby>。,<ol><li>賞品（しょうひん）：指活动、比赛等中作为奖励给获胜者或参与者的奖品。</li><li>受け取る（うけとる）：动词，意思是“领取、接收”。</li><li>ために：表示目的，相当于中文“为了”。</li><li>並びました（ならびました）：动词“並ぶ（ならぶ）”的过去式，表示“排队了”。</li><li>语法结构：“～を受け取るために～”表示“为了领取～，……”。</li></ol>,[sound:jlpt_vocabulary_in_sentence_賞品.mp3]
消防,消防,消防車がすぐに到着しました。,消防车很快就到了。,<ruby>消防車<rt>しょうぼうしゃ</rt></ruby>がすぐに<ruby>到着しました<rt>とうちゃくしました</rt></ruby>。,<ol><li>消防車（しょうぼうしゃ）：消防用的专用车辆，“消防”指的是“灭火、防火等工作”，“車”是车辆。</li><li>が：作为主语助词，表示“消防车”是句子的主语。</li><li>すぐに：表示立刻、马上。</li><li>到着しました（とうちゃくしました）：“到着”是到达的意思，“しました”为过去式。</li><li>日本的消防体系很发达，发生火灾等紧急情况时，市民拨打119就会有消防车等紧急车辆迅速赶到现场。</li></ol>,[sound:jlpt_vocabulary_in_sentence_消防.mp3]
情報,情报,新しい情報を手に入れました。,我得到了新的情报。,<ruby>新しい<rt>あたらしい</rt></ruby><ruby>情報<rt>じょうほう</rt></ruby>を<ruby>手に入れました<rt>てにいれました</rt></ruby>。,<ol><li>新しい（あたらしい）：形容词，表示“新的”。</li><li>情報（じょうほう）：名词，意为“情报、信息”。</li><li>を：助词，标记宾语。</li><li>手に入れる（てにいれる）：惯用表达，表示“获得、得到”。这里用过去式「手に入れました」表示动作已经完成。</li></ol>,[sound:jlpt_vocabulary_in_sentence_情報.mp3]
証明,证明,彼は自分の無実を証明した。,他证明了自己的清白。,<ruby>彼は<rt>かれは</rt></ruby><ruby>自分の<rt>じぶんの</rt></ruby><ruby>無実を<rt>むじつを</rt></ruby><ruby>証明した<rt>しょうめいした</rt></ruby>。,<ol><li>彼（かれ）：他，指代男性。は：主题助词，提示主语。</li><li>自分（じぶん）：自己，の：表示所属的助词。</li><li>無実（むじつ）：清白、无罪，表示没有罪行。</li><li>を：宾语助词，标记动作的对象。</li><li>証明（しょうめい）：证明。多用于事实、理论、无罪等的确认。</li><li>した：动词「する」的过去式，表示动作已经发生。</li><li>语序为主语-宾语-动词，这是日语典型顺序。</li><li>证明（証明）既可用于法律、科学等领域，也可用于日常生活的自证等。</li></ol>,[sound:jlpt_vocabulary_in_sentence_証明.mp3]
省略,省略,この部分は省略しても大丈夫です。,这部分即使省略也没关系。,<ruby>この<rt>この</rt></ruby><ruby>部分<rt>ぶぶん</rt></ruby>は<ruby>省略<rt>しょうりゃく</rt></ruby><ruby>しても<rt>しても</rt></ruby><ruby>大丈夫<rt>だいじょうぶ</rt></ruby><ruby>です<rt>です</rt></ruby>。,<ol><li>この：指示词，意思是“这个”。</li><li>部分（ぶぶん）：名词，意思是“部分”。</li><li>は：助词，提示主语。</li><li>省略（しょうりゃく）：动词，意思为“省略”。日语中经常在口语或书面语中省略明显的词语。</li><li>しても：动词“する”的て形加も，表示“即使…也…”的意思。</li><li>大丈夫（だいじょうぶ）：形容动词，表示“没问题、没关系”。</li><li>です：礼貌结尾助动词。</li><li>语法点：“しても大丈夫”结构意为“即使…也没关系”，表达允许或可接受的情况。</li><li>文化：在日本，讲话时适度省略内容是一种常见现象，但讲关键时通常要说清楚，不建议在正式场合随意省略重要部分。</li></ol>,[sound:jlpt_vocabulary_in_sentence_省略.mp3]
女王,女王,女王は国を治めています。,女王统治着国家。,<ruby>女王<rt>じょおう</rt></ruby>は<ruby>国<rt>くに</rt></ruby>を<ruby>治めています<rt>おさめています</rt></ruby>。,<ol><li>女王（じょおう）：指国家或地区的女性统治者，等同于“女皇”或“女王”。</li><li>は：主题助词，标识句子的主题。</li><li>国（くに）：国家、国土。</li><li>を：宾语助词，表示动作的对象。</li><li>治めています（おさめています）：动词“治める”表示统治、治理，ています形表持续状态。相当于中文的“正在治理”。</li></ol>,[sound:jlpt_vocabulary_in_sentence_女王.mp3]
職,职业,彼の職は教師です。,他的职业是教师。,<ruby>彼<rt>かれ</rt></ruby>の<ruby>職<rt>しょく</rt></ruby>は<ruby>教師<rt>きょうし</rt></ruby>です。,<ol><li>彼（かれ）：他、那个人，日语中常用作第三人称男性。</li><li>の：日语中的格助词，表示所属关系，类似于汉语的“的”。</li><li>職（しょく）：职业、工作岗位，也可以指职位。常用于正式或书面语。</li><li>は：提示助词，用于强调主题，读作“わ”。</li><li>教師（きょうし）：教师、老师。强调“教师”这个职业，不是“先生”，后者泛指老师也可用于尊称。</li><li>です：礼貌助动词，表示断定，相当于汉语的“是”。</li><li>句型“〜の職は〜です”：用于说明某人的职业身份。“職”多用于正式场合，日常口语中更常用“仕事（しごと）”。</li></ol>,[sound:jlpt_vocabulary_in_sentence_職.mp3]
職業,职业,あなたの職業は何ですか。,你的职业是什么？,<ruby>あなた<rt>あなた</rt></ruby>の<ruby>職業<rt>しょくぎょう</rt></ruby>は<ruby>何<rt>なん</rt></ruby>ですか。,<ol><li>あなた：第二人称代词，意为“你”。</li><li>の：助词，表示所属关系，连接前后名词，意思为“的”。</li><li>職業（しょくぎょう）：名词，“职业”。</li><li>は：主题助词，标示句子主语或话题。</li><li>何（なん）：疑问词，表示“什么”。</li><li>です：礼貌体判断词，相当于“是”。</li><li>か：疑问助词，放在句末，表示疑问语气。</li><li>整个句子结构为“XはYですか”，用于询问X是什么。日本人在正式场合较多用敬体表达，如“ですか”。</li></ol>,[sound:jlpt_vocabulary_in_sentence_職業.mp3]
食卓,餐桌,家族みんなで食卓を囲みます。,全家人围坐在餐桌旁。,<ruby>家族<rt>かぞく</rt></ruby><ruby>みんなで<rt>みんなで</rt></ruby><ruby>食卓<rt>しょくたく</rt></ruby>を<ruby>囲みます。<rt>かこみます。</rt></ruby>,<ol><li>家族（かぞく）：指家庭的所有成员，含父母、子女等。</li><li>みんなで：表示“大家一起”。</li><li>食卓（しょくたく）：餐桌、饭桌。</li><li>を：助词，标示动作的对象，这里指“围”餐桌。</li><li>囲みます（かこみます）：动词“囲む”的ます形，表示“围绕、围着”。</li><li>语法结构：“Aを囲む”表示“围着A”，可用于聚餐等场景。</li><li>在日本，家人共聚餐桌被视为家庭沟通的重要时刻，常见于日常生活。</li></ol>,[sound:jlpt_vocabulary_in_sentence_食卓.mp3]
食品,食品，食物,新鮮な食品を買いました。,我买了新鲜的食品。,<ruby>新鮮<rt>しんせん</rt></ruby>な<ruby>食品<rt>しょくひん</rt></ruby>を<ruby>買いました<rt>かいました</rt></ruby>。,<ol><li>新鮮（しんせん）：形容词，意思是新鲜的，常用于形容食材或空气等。</li><li>な：形容动词与名词连接时的助词。</li><li>食品（しょくひん）：名词，表示食物、食品，泛指人们直接或间接食用的物质。</li><li>を：助词，表示动作的对象，这里指“食品”。</li><li>買いました（かいました）：动词“买”的过去式敬体表达。用于正式场合或客气地表达。</li></ol>,[sound:jlpt_vocabulary_in_sentence_食品.mp3]
植物,植物,この部屋にはたくさんの植物があります。,这个房间里有很多植物。,この<ruby>部屋<rt>へや</rt></ruby>にはたくさんの<ruby>植物<rt>しょくぶつ</rt></ruby>があります。,<ol><li>この（此、这个）：指离说话人较近的事物或场所。</li><li>部屋（へや）：房间。</li><li>には：助词“に”表示存在的地点，“は”是主题助词表示强调。</li><li>たくさん：很多，数量多的意思。</li><li>の：连接名词，表示所属关系。</li><li>植物（しょくぶつ）：植物。</li><li>が：主语助词，表明“植物”是句子的主语。</li><li>あります：あります是“有、存在”之意，一般用于无生命物体或植物。</li><li>日语中表达“有……”时，植物属于无生命类别，所以用“あります”。有生命的动物、人要用“います”。</li></ol>,[sound:jlpt_vocabulary_in_sentence_植物.mp3]
食物,食物,おいしい食物が机の上にあります。,美味的食物在桌子上。,<ruby>おいしい<rt>おいしい</rt></ruby><ruby>食物<rt>しょくもつ</rt></ruby>が<ruby>机<rt>つくえ</rt></ruby>の<ruby>上<rt>うえ</rt></ruby>に<ruby>あります<rt>あります</rt></ruby>。,<ol><li>おいしい：形容词，表示“美味的”。</li><li>食物（しょくもつ）：名词，意为“食物”，属于正式词汇。</li><li>が：主格助词，标记主语。</li><li>机（つくえ）：名词，指“桌子”。</li><li>の：连接词，表示所属关系，相当于“的”。</li><li>上（うえ）：名词，代表“上面”，与“に”连用表地点。</li><li>に：助词，表示存在的场所。</li><li>あります：动词，表示“存在”，用于无生命物体。</li></ol>,[sound:jlpt_vocabulary_in_sentence_食物.mp3]
食欲,食欲,最近は食欲があまりありません。,最近没什么食欲。,<ruby>最近<rt>さいきん</rt></ruby>は<ruby>食欲<rt>しょくよく</rt></ruby>があまり<ruby>ありません<rt>ありません</rt></ruby>。,<ol><li>最近（さいきん）：副词，表示“最近”。</li><li>食欲（しょくよく）：名词，意为“食欲、胃口”。</li><li>が：主语助词，标记句子的主题“食欲”。</li><li>あまり～ありません：表示“不是很……”，用于否定，常和否定形式连用，表达“不太……”。注意“あまり”后面通常接否定句。</li></ol>,[sound:jlpt_vocabulary_in_sentence_食欲.mp3]
食料,食物,山で食料が足りなくなりました。,在山里食物不够了。,<ruby>山<rt>やま</rt></ruby>で<ruby>食料<rt>しょくりょう</rt></ruby>が<ruby>足りなく<rt>たりなく</rt></ruby><ruby>なりました<rt>なりました</rt></ruby>。,<ol><li>山（やま）：山，名词。</li><li>で：表示地点的助词，意为“在……”</li><li>食料（しょくりょう）：食物或粮食，多用于表示储备、物资。相比「食べ物」（吃的东西），「食料」偏正式。</li><li>が：主格助词，标示主题“食料”。</li><li>足りなくなりました：动词「足りる」（足够）变为否定形「足りなく」并接「なる」（变成），“变得不够”。表示从“足够”转变为“不足”。</li><li>文化补充：在登山等场景下，日本人经常会提前准备充足的「食料」，强调安全和自给自足。</li></ol>,[sound:jlpt_vocabulary_in_sentence_食料.mp3]
食糧,粮食,日本では食糧の自給率が低いです。,在日本，粮食自给率很低。,<ruby>日本<rt>にほん</rt></ruby>では<ruby>食糧<rt>しょくりょう</rt></ruby>の<ruby>自給率<rt>じきゅうりつ</rt></ruby>が<ruby>低い<rt>ひくい</rt></ruby>です。,<ol><li>日本（にほん）：日本国。</li><li>では：表示场所或领域的助词，意为“在……方面”。</li><li>食糧（しょくりょう）：粮食，主要指可作为主食的物资，如米、麦等，区别于食品（しょくひん）指一切食物。</li><li>の：表示所属或限定的助词，相当于“的”。</li><li>自給率（じきゅうりつ）：自给率，指本国自己生产的比例。</li><li>が：主语助词，标明主语。</li><li>低い（ひくい）：形容词，意为“低”。</li><li>です：判断句终止语气，用于礼貌表达。</li><li>语法说明：本句是“主语+では+宾语+が+形容词+です”的结构，用于描述某方面的情况或状态。其中“自給率が低いです”用以说明主语的特征。</li><li>文化背景：日本由于国土资源有限、人口密度大，粮食自给率长期较低，依赖进口，因此“食糧自給率”常作为社会讨论的话题出现。</li></ol>,[sound:jlpt_vocabulary_in_sentence_食糧.mp3]
書斎,书房,父の書斎には本がたくさんある。,父亲的书房里有很多书。,<ruby>父<rt>ちち</rt></ruby>の<ruby>書斎<rt>しょさい</rt></ruby>には<ruby>本<rt>ほん</rt></ruby>がたくさんある。,<ol><li>父（ちち）：父亲，一般用于称呼自己的父亲，不用于称呼他人的父亲（那用お父さん）。其发音为「ちち」。</li><li>書斎（しょさい）：书房，指用于看书、工作或静思的私人房间。</li><li>には：助词“に”表示地点，“は”作为主题助词强调“在书房这件事”，合起来可强化句意。</li><li>本（ほん）：书。</li><li>たくさん：很多，数量多。</li><li>ある：存在动词，表示无生命物体的存在。</li><li>日语的“书斋”多为男性长辈（如父亲、祖父）私人使用，传统日式住宅中很常见，现代家庭较少。</li></ol>,[sound:jlpt_vocabulary_in_sentence_書斎.mp3]
女子,女性,女子はサッカーが好きです。,女生喜欢足球。,<ruby>女子<rt>じょし</rt></ruby>はサッカーが<ruby>好き<rt>すき</rt></ruby>です。,<ol><li>女子（じょし）：意为女性、女生，常用于正式、书面语中。</li><li>は：主题助词，表明主语或话题。</li><li>サッカー：外来语，意为“足球”。</li><li>が：主格助词，这里表示喜欢的对象。</li><li>好き（すき）：形容动词，意为“喜欢”。</li><li>です：礼貌结尾词，使句子正式和有礼貌。</li></ol>,[sound:jlpt_vocabulary_in_sentence_女子.mp3]
助手,助手，帮手,彼は新しい助手として働き始めた。,他作为新的助手开始工作了。,<ruby>彼<rt>かれ</rt></ruby>は<ruby>新しい<rt>あたらしい</rt></ruby><ruby>助手<rt>じょしゅ</rt></ruby>として<ruby>働き始めた<rt>はたらきはじめた</rt></ruby>。,<ol><li>彼（かれ）：指男性，意为“他”。</li><li>新しい（あたらしい）：形容词，意思是“新的”。</li><li>助手（じょしゅ）：指辅助主要人员工作的人，通常用于职场和学术等场景。</li><li>として：表示“作为……的身份、立场”。</li><li>働き始めた（はたらきはじめた）：动词“働く”（工作）的连用形接“始める”，表示“开始工作”。此用法常见于描述新的行为刚刚开始。</li><li>日语中“助手”多用于学术、职场，也可泛指辅助者，有时比“アシスタント”更正式。</li></ol>,[sound:jlpt_vocabulary_in_sentence_助手.mp3]
徐々に,逐渐地,空が徐々に明るくなってきた。,天空逐渐变亮了。,<ruby>空<rt>そら</rt></ruby>が<ruby>徐々に<rt>じょじょに</rt></ruby><ruby>明るく<rt>あかるく</rt></ruby>なってきた,<ol><li>空（そら）：天空。</li><li>が：表示主语的助词。</li><li>徐々に（じょじょに）：副词，表示某事物缓慢、逐步地进行。常用于描述逐渐变化的状态。</li><li>明るく（あかるく）：形容词“明るい（あかるい）”的连用形，用于描述变得明亮的状态。</li><li>なってきた：动词“なる（变成）”的て形接“くる”，表示状态的变化正在发生，通常暗示变化有连续或逐步的过程。</li><li>语法知识：①“徐々に＋动词”，用于表达事物的变化是缓慢进行的。②“てくる”结构表示变化已经开始并持续到现在，强调动态过程。</li></ol>,[sound:jlpt_vocabulary_in_sentence_徐々に.mp3]
署名,署名，签名,書類には必ず署名をしてください。,请务必在文件上签名。,<ruby>書類<rt>しょるい</rt></ruby>には<ruby>必ず<rt>かならず</rt></ruby><ruby>署名<rt>しょめい</rt></ruby>をしてください。,<ol><li>書類（しょるい）：指“文件”“资料”，常用于正式场合，如政府、企业的文书。</li><li>には：助词“に”表示动作的目标，“は”强调，合起来强调“在文件上”。</li><li>必ず（かならず）：副词，意思是“务必”“一定要”，用来加强命令语气。</li><li>署名（しょめい）：名词，表示“签名、署名”，书写自己名字以示确认。</li><li>を：宾格助词，标示动词的宾语。</li><li>してください：动词“する”的て形 + ください，表示请求或命令，“请做某事”。这种表达在公务、正式场合很常见。</li><li>在日本，正式文件、合同等需要亲笔署名，通常用印章（はんこ）或者签名。</li></ol>,[sound:jlpt_vocabulary_in_sentence_署名.mp3]
書物,书籍,彼は新しい書物を買いました。,他买了新书。,<ruby>彼<rt>かれ</rt></ruby>は<ruby>新しい<rt>あたらしい</rt></ruby><ruby>書物<rt>しょもつ</rt></ruby>を<ruby>買いました<rt>かいました</rt></ruby>。,<ol><li>彼（かれ）：意思是“他”，常用于指男性第三人称。</li><li>新しい（あたらしい）：形容词，表示“新的”。</li><li>書物（しょもつ）：书籍，比「本」（ほん）更为正式或书面，有时用于文学、学术类书籍。</li><li>を：宾语助词，标记动作的对象。</li><li>買いました（かいました）：「買う」（かう，买）的ます形过去式，表示已经买了。</li><li>「書物」和「本」的区别：「書物」多用于正式和书面语，强调书的整体或内容，「本」则用于日常会话，指具体的书本。</li></ol>,[sound:jlpt_vocabulary_in_sentence_書物.mp3]
女優,女演员,彼女は有名な女優です。,她是有名的女演员。,<ruby>彼女<rt>かのじょ</rt></ruby>は<ruby>有名<rt>ゆうめい</rt></ruby>な<ruby>女優<rt>じょゆう</rt></ruby>です。,<ol><li>彼女（かのじょ）：指“她”或“女朋友”，根据语境确定。</li><li>は：主题助词，用于提示句子的主题。</li><li>有名（ゆうめい）：形容动词，表示“有名”。后接「な」修饰名词。</li><li>女優（じょゆう）：表示“女演员”，是由“女”（じょ，女性）和“優”（ゆう，演员）组合而成。</li><li>です：礼貌体的判断句末尾表达，相当于汉语的“是”。</li><li>语法结构：XはYです，用于判断或介绍人或事物。</li></ol>,[sound:jlpt_vocabulary_in_sentence_女優.mp3]
処理,处理,このデータを早く処理してください。,请尽快处理这些数据。,このデータを<ruby>早く<rt>はやく</rt></ruby><ruby>処理<rt>しょり</rt></ruby>してください。,<ol><li>この：指示代词，意为“这个”。</li><li>データ：外来语，意为“数据”。</li><li>を：助词，表示宾语。</li><li>早く（はやく）：副词，“快点、尽快”。</li><li>処理（しょり）：名词，“处理”。在句中用作名词+する的形式，表示“处理（某事物）”。</li><li>して：する的て形，用于表达请求、连接句子等。ここ是请他人做动作。</li><li>ください：礼貌的请求表达，用于请求对方做某事。</li><li>语法：名词+を+动词，表示“对某物做某动作”。本句结构为“这个数据+请+处理”。</li></ol>,[sound:jlpt_vocabulary_in_sentence_処理.mp3]
書類,文件,大切な書類を机に置きました。,我把重要的文件放在了桌子上。,<ruby>大切な<rt>たいせつな</rt></ruby><ruby>書類<rt>しょるい</rt></ruby><ruby>を<rt>を</rt></ruby><ruby>机<rt>つくえ</rt></ruby><ruby>に<rt>に</rt></ruby><ruby>置きました<rt>おきました</rt></ruby>。,<ol><li>大切（たいせつ）：形容动词，表示重要、珍贵。</li><li>書類（しょるい）：名词，指文件、资料、证件等书面材料。</li><li>〜を：助词，表示动作的对象。</li><li>机（つくえ）：名词，意为桌子。</li><li>〜に：表示动作的目标或位置，在这里表示“放在某处”。</li><li>置きました：动词“置く（おく）”的过去式，意为“放置”。</li><li>日语中书面材料经常用词「書類」，广泛用于办公、学校等正式场合。</li></ol>,[sound:jlpt_vocabulary_in_sentence_書類.mp3]
知らせ,通知,先生から大事な知らせが届きました。,收到了老师的重要通知。,<ruby>先生<rt>せんせい</rt></ruby>から<ruby>大事<rt>だいじ</rt></ruby>な<ruby>知らせ<rt>しらせ</rt></ruby>が<ruby>届きました<rt>とどきました</rt></ruby>。,<ol><li>先生（せんせい）：老师、教师。</li><li>から：表示动作的起点，相当于“从”。</li><li>大事（だいじ）：重要的事情、要紧。用于形容词性。</li><li>な：形容动词“だいじ”与名词“しらせ”之间的连接词。</li><li>知らせ（しらせ）：通知、消息，是动词“知らせる（知らせる）”的名词形。</li><li>が：主语标记，说明“通知”是句子的主语。</li><li>届きました（とどきました）：动词“届く（とどく）”的过去式，表示“送达、收到”。</li><li>日本在学校、工作等场合，会通过口头、书面方式“知らせ”重要事项。</li></ol>,[sound:jlpt_vocabulary_in_sentence_知らせ.mp3]
尻,屁股,彼は尻を打ちました。,他摔到了屁股。,<ruby>彼<rt>かれ</rt></ruby>は<ruby>尻<rt>しり</rt></ruby>を<ruby>打ちました<rt>うちました</rt></ruby>。,<ol><li>彼（かれ）：他、男的第三人称。</li><li>は：主题助词，标记句子的主语。</li><li>尻（しり）：指“屁股”。用于日常口语，偏随意用法。</li><li>を：宾格助词，标记动作的对象。</li><li>打ちました（うちました）：动词“打つ（うつ）”的敬体过去式，意为“打、碰、撞”。此句表示某人摔倒时屁股着地受到了撞击。</li><li>语法结构：主语+は+宾语+を+动词（敬体过去时），适合描述过去发生的动作。</li><li>文化补充：在日本日常生活中，“尻”多为口语，正式说法可用“臀部（でんぶ）”。“尻”偶尔也有玩笑、昵称语气。</li></ol>,[sound:jlpt_vocabulary_in_sentence_尻.mp3]
知合い,熟人,駅で知合いに会いました。,在车站遇到了熟人。,<ruby>駅<rt>えき</rt></ruby>で<ruby>知合い<rt>しりあい</rt></ruby>に<ruby>会いました<rt>あいました</rt></ruby>。,<ol><li>駅（えき）：名词，表示“车站”。</li><li>で：表示动作发生的场所。</li><li>知合い（しりあい）：名词，意为“熟人”，指互相认识但关系不是特别亲密的人。常用于日常寒暄、问候，正式场合较少用。</li><li>に：表示动作的对象。</li><li>会いました（あいました）：动词“会う”（见面）的过去式敬体，表示“见到了”。</li><li>语法结构：【场所】で【对象】に会う，表示在某地和某人见面。</li></ol>,[sound:jlpt_vocabulary_in_sentence_知合い.mp3]
印,印章,契約書には必ず印を押します。,合同书上一定要盖上印章。,<ruby>契約書<rt>けいやくしょ</rt></ruby>には<ruby>必ず<rt>かならず</rt></ruby><ruby>印<rt>いん</rt></ruby>を<ruby>押します<rt>おします</rt></ruby>。,<ol><li>契約書（けいやくしょ）：合同文件，契约书。契約（けいやく）：合同、约定；書（しょ）：书、文件。</li><li>必ず（かならず）：一定，务必，经常用于强调动作的必需性。</li><li>印（いん）：指印章，在日本社会中用于证明身份、合同确认等，十分常见。读音为いん，常用于书面语。日常生活中，“判子（はんこ）”也指印章，但更加口语化。</li><li>押します（おします）：按、压、盖（章），这里用于“盖章”之意，动词ます形。</li><li>语法结构：“～には必ず～を押します”：说明在某件事情上必须做某动作。本句表达在“合同书上必须盖上印章”。</li><li>日本文化：在日本，印章（印/判子）はんこ用途十分广泛，许多重要文件需印章才有效，有时甚至比签名更被重视。</li></ol>,[sound:jlpt_vocabulary_in_sentence_印.mp3]
城,城堡,昔、この町には大きな城がありました。,以前，这个镇上有一座大城堡。,<ruby>昔<rt>むかし</rt></ruby>、この<ruby>町<rt>まち</rt></ruby>には<ruby>大きな<rt>おおきな</rt></ruby><ruby>城<rt>しろ</rt></ruby>が<ruby>ありました<rt>ありました</rt></ruby>。,<ol><li>昔（むかし）：指很久以前，是日语常用的时间词。</li><li>この町（まち）：表示“这个镇”，其中この是指示词。</li><li>には：表示场所的助词“に”加上提示助词“は”，强调存在的位置。</li><li>大きな：形容很大，属于“な形”形容词修饰名词的用法。</li><li>城（しろ）：表示“城堡”，在日本历史和文化中有代表性的建筑。读音注意，这里日常多读作“しろ”，若作为地名或姓氏有可能读作“じょう”。</li><li>ありました：是存在动词“ある”的过去式，表示以前曾存在。</li><li>整个句子的意思是叙述过去某地曾有某物的存在，常用于历史或回忆等场合。</li></ol>,[sound:jlpt_vocabulary_in_sentence_城.mp3]
進学,升学,高校を卒業して進学する人が多いです。,高中毕业后升学的人很多。,<ruby>高校<rt>こうこう</rt></ruby>を<ruby>卒業<rt>そつぎょう</rt></ruby>して<ruby>進学<rt>しんがく</rt></ruby>する<ruby>人<rt>ひと</rt></ruby>が<ruby>多い<rt>おおい</rt></ruby>です。,<ol><li>高校（こうこう）：指高中。</li><li>卒業（そつぎょう）：毕业。</li><li>進学（しんがく）：升学，通常指从一个教育阶段升到更高阶段，如从高中升大学。</li><li>して：动词“する”的连用形，连接前后动作，此处为“毕业后（进行升学）”。</li><li>する：动词“做”。与“進学”连用，表示“升学（的动作）”。</li><li>人（ひと）：人。</li><li>が：主语助词，表示“……的人”。</li><li>多い（おおい）：数量多。</li><li>です：礼貌体结句。</li><li>语法：句型“～て、…する”表示先做前项动作再做后项动作。本句“卒業して進学する”，即先毕业再升学。</li><li>日本社会中高中毕业后直接升学率较高，反映重视高等教育的文化传统。</li></ol>,[sound:jlpt_vocabulary_in_sentence_進学.mp3]
神経,神经,彼は神経が細かい人です。,他是个神经细腻的人。,<ruby>彼<rt>かれ</rt></ruby>は<ruby>神経<rt>しんけい</rt></ruby>が<ruby>細かい<rt>こまかい</rt></ruby><ruby>人<rt>ひと</rt></ruby>です。,<ol><li>彼（かれ）：他，指男性第三人称。</li><li>神経（しんけい）：名词，意为“神经”。这里引申为“性格细腻、敏感”。</li><li>が：表示主语的格助词。</li><li>細かい（こまかい）：细致的、细腻的。</li><li>人（ひと）：人。</li><li>です：礼貌句尾，相当于“是”。</li><li>语法结构：“神経が細かい”是日语惯用表达，指“心思细腻、敏感”。与“神経質（しんけいしつ）”不同，“神経が細かい”更偏褒义，用于称赞细心、体贴。</li></ol>,[sound:jlpt_vocabulary_in_sentence_神経.mp3]
真剣,认真；严肃,彼は真剣な顔で話した。,他带着认真的表情说话。,<ruby>彼<rt>かれ</rt></ruby>は<ruby>真剣<rt>しんけん</rt></ruby>な<ruby>顔<rt>かお</rt></ruby>で<ruby>話した<rt>はなした</rt></ruby>。,<ol><li>彼（かれ）：第三人称男性代词，意为“他”。</li><li>は：主题助词，标记句子的主题。</li><li>真剣（しんけん）：形容动词，表示“认真，严肃”。可接な修饰名词，形如“真剣な～”。</li><li>顔（かお）：名词，意为“脸，表情”。</li><li>で：助词，表示手段、方法，“用……方式”。</li><li>話した（はなした）：动词“話す（说话）”的过去式。</li><li>句尾用「た」变表示过去发生的事情。</li></ol>,[sound:jlpt_vocabulary_in_sentence_真剣.mp3]
信仰,信念，信奉,彼は強い信仰を持っている。,他有着坚定的信仰。,<ruby>彼は<rt>かれは</rt></ruby><ruby>強い<rt>つよい</rt></ruby><ruby>信仰<rt>しんこう</rt></ruby><ruby>を<rt>を</rt></ruby><ruby>持っている<rt>もっている</rt></ruby>。,<ol><li>彼（かれ）：指“他”，指代男性。</li><li>強い（つよい）：形容词，意为“强烈的、坚定的”。</li><li>信仰（しんこう）：名词，意为‘信念、信奉’，既可表示宗教上的信仰，也可泛指对某种思想的坚定信念。读音为しんこう。</li><li>を：格助词，表示宾语。</li><li>持っている（もっている）：动词“持つ”（持つ）的ている形，表示“持有，拥有”。</li><li>语法点：“〜を持っている”结构表示“拥有某种状态或特征”，常见于“信仰を持っている（有信仰）”、“夢を持っている（有梦想）”等表达。</li></ol>,[sound:jlpt_vocabulary_in_sentence_信仰.mp3]
信号,信号，红绿灯,信号が青になったので渡りました。,因为信号灯变绿了，所以我过了马路。,<ruby>信号<rt>しんごう</rt></ruby>が<ruby>青<rt>あお</rt></ruby>に<ruby>なった<rt>なった</rt></ruby><ruby>ので<rt>ので</rt></ruby><ruby>渡りました<rt>わたりました</rt></ruby>。,<ol><li>信号（しんごう）：指交通信号灯，也可以泛指信号、讯号。在日常生活中常用于交通场景。例如：信号待ち（等信号灯）。</li><li>が：主语助词，表示主语「信号」。</li><li>青（あお）：绿色，日本习惯称交通信号灯的绿色为「青」，与中文的表述略有不同。</li><li>になった：なる 的过去式「なった」，表示状态的变化，即“变成……”。「に」是表示变化结果的助词。</li><li>ので：表因果关系，表示“因为……”的意思，前面可接动词、形容词等。</li><li>渡りました（わたりました）：动词「渡る」的过去式，意为“过、通过（马路等）”。</li><li>日本交通规则中，行人只能在信号灯变绿（青）时过马路，违反规则会受处罚。</li></ol>,[sound:jlpt_vocabulary_in_sentence_信号.mp3]
人工,人工,この仕事は人工が必要です。,这项工作需要人力。,<ruby>この<rt>この</rt></ruby><ruby>仕事<rt>しごと</rt></ruby>は<ruby>人工<rt>じんこう</rt></ruby>が<ruby>必要<rt>ひつよう</rt></ruby>です。,<ol><li>この：表示“这个”，指代前面说过或共同认识的事物。</li><li>仕事（しごと）：表示“工作、任务”。</li><li>は：主题助词，标记句子的主语或主题。</li><li>人工（じんこう）：意为“人力、人工”。注意，该词还有“じんこう”表示“人口”，但在这里指人力，语境中需结合后文区分。</li><li>が：表示主语或宾语的助词，这里提示需要什么。</li><li>必要（ひつよう）：表示“必要、需要”。</li><li>助词“です”表示礼貌语气，使句子礼貌、正式。</li><li>文化注释：在日本，人工（じんこう）一般不表示“人工智能”，而是指“人力”，用于日常表达时注意区分词义。</li></ol>,[sound:jlpt_vocabulary_in_sentence_人工.mp3]
深刻,深刻,彼の言葉はとても深刻だった。,他的话语非常深刻。,<ruby>彼<rt>かれ</rt></ruby>の<ruby>言葉<rt>ことば</rt></ruby>はとても<ruby>深刻<rt>しんこく</rt></ruby>だった。,<ol><li>彼（かれ）：他，第三人称代词。</li><li>の：表示所属或修饰。</li><li>言葉（ことば）：词语、话语。</li><li>は：主题助词，表明句子的主题。</li><li>とても：非常、很，副词修饰“深刻”。</li><li>深刻（しんこく）：形容动词，表示“深刻、严重”。</li><li>だった：是形容动词“深刻”的过去式，相当于“……是……”的过去时。</li><li>本句结构：“AはBだった”即A是B，表达过去情况。</li></ol>,[sound:jlpt_vocabulary_in_sentence_深刻.mp3]
診察,诊察,医者が患者を診察します。,医生为病人做诊察。,<ruby>医者<rt>いしゃ</rt></ruby>が<ruby>患者<rt>かんじゃ</rt></ruby>を<ruby>診察<rt>しんさつ</rt></ruby>します。,<ol><li>医者（いしゃ）：医生。</li><li>が：表示主语助词，连接主语和谓语动词。</li><li>患者（かんじゃ）：病人、患者。</li><li>を：宾语助词，表示动作的对象。</li><li>診察（しんさつ）：医生对患者进行检查与判断，中文一般译为“诊察”或“检查”。名词用作动词时通常接“します”。</li><li>します：动词“する”的敬体，意思为“做”。</li><li>句子结构为“主语が+宾语を+します”，常用于表达某人正在做某事。</li><li>在日本，患者去医院后一般会先接受“診察”过程，医生会询问症状并进行初步检查，属于正式就诊程序。</li></ol>,[sound:jlpt_vocabulary_in_sentence_診察.mp3]
人種,人种,この国には多くの人種が住んでいます。,这个国家居住着许多种族。,<ruby>この<rt>この</rt></ruby><ruby>国<rt>くに</rt></ruby><ruby>には<rt>には</rt></ruby><ruby>多くの<rt>おおくの</rt></ruby><ruby>人種<rt>じんしゅ</rt></ruby><ruby>が<rt>が</rt></ruby><ruby>住んで<rt>すんで</rt></ruby><ruby>います<rt>います</rt></ruby>。,<ol><li>この：指示词，意思为“这个”。</li><li>国（くに）：名词，指“国家”。</li><li>には：に表示动作发生地点，は为主题助词，合起来表示“在……中”。</li><li>多くの（おおくの）：形容动词加助词“の”，表示“许多的”。</li><li>人種（じんしゅ）：名词，意为“人种、种族”。</li><li>が：主语助词，标记主语。</li><li>住んでいます（すんでいます）：动词“住む”的ている（表持续状态）形式，表示正在居住的动作。</li><li>句子结构为“主体には + 许多的 + 种族 + が + 住んでいます”，用于描述某地存在多种人种的事实。</li></ol>,[sound:jlpt_vocabulary_in_sentence_人種.mp3]
信じる,相信,彼の言葉を信じることにした。,我决定相信他的话。,<ruby>彼<rt>かれ</rt></ruby>の<ruby>言葉<rt>ことば</rt></ruby>を<ruby>信じる<rt>しんじる</rt></ruby>ことにした,<ol><li>彼（かれ）：指“他”或“那个人”。</li><li>言葉（ことば）：词语、话语。</li><li>信じる（しんじる）：动词，意思是“相信”，用于心理活动，对别人或事物的可信任。</li><li>～ことにする：表示“决定去做……”，用于表达说话人的意志决定。</li><li>助词「を」连接宾语，「に」表示动作方向，「した」为「する」的过去式。“信じることにした”整体是“决定去相信”。</li></ol>,[sound:jlpt_vocabulary_in_sentence_信じる.mp3]
人生,人生,人生は一度きりだから大切にしたい。,人生只有一次，所以想要珍惜。,<ruby>人生<rt>じんせい</rt></ruby>は<ruby>一度<rt>いちど</rt></ruby>きりだから<ruby>大切<rt>たいせつ</rt></ruby>にしたい。,<ol><li>人生（じんせい）：指“人的一生”，从出生到死亡的整个过程。常用于表达一生经历或生命旅程。</li><li>一度きり：这里的“一度”是“一次”，“きり”有“只有、仅仅”的意思，合起来表示“只有一次”。</li><li>だから：表示原因或理由，意为“因此、所以”。</li><li>大切（たいせつ）：表示“珍贵、重要”。</li><li>にしたい：表示希望做某事。“にする”可以理解为“使……成为”，“たい”是“想要……”。合起来表示“想要珍惜”。</li><li>语法：“AはBだからCしたい”表示“因为A是B，所以想要C”。</li><li>“一度きり”是日本口语表达方式，也有类似“人生一度きり”的说法，强调人生的独特性与宝贵性。</li></ol>,[sound:jlpt_vocabulary_in_sentence_人生.mp3]
親戚,亲戚,親戚が集まって食事をしました。,亲戚们聚在一起吃了饭。,<ruby>親戚<rt>しんせき</rt></ruby>が<ruby>集まって<rt>あつまって</rt></ruby><ruby>食事<rt>しょくじ</rt></ruby>をしました,<ol><li>親戚（しんせき）：指有血缘或婚姻关系的家族成员，如叔叔、姨妈、表兄弟等。</li><li>集まって（あつまって）：动词「集まる」的て形，表示动作“聚集”，常用于多个主体聚在一起的场景。</li><li>食事（しょくじ）：名词，指吃饭或者用餐的行为。</li><li>を：宾格助词，表示动作的对象。</li><li>しました：动词「する」的过去式「しました」，表示动作已经完成。</li></ol>,[sound:jlpt_vocabulary_in_sentence_親戚.mp3]
新鮮,新鲜,新鮮な野菜を食べました。,我吃了新鲜的蔬菜。,<ruby>新鮮<rt>しんせん</rt></ruby>な<ruby>野菜<rt>やさい</rt></ruby>を<ruby>食べました<rt>たべました</rt></ruby>。,<ol><li>新鮮（しんせん）：形容动词，意思是“新鲜”。用于描述食物、空气等新、未经长时间存放的状态。</li><li>野菜（やさい）：名词，指“蔬菜”。</li><li>な：形容动词与名词连接时的助词，用于修饰名词。</li><li>を：助词，标记句子的宾语，这里宾语是“野菜”。</li><li>食べました（たべました）：“食べる（吃）”的礼貌过去式，表示“吃了”。</li><li>形容动词如“新鮮な”修饰名词时需与“な”连接，这与形容词不同，需特别注意。</li></ol>,[sound:jlpt_vocabulary_in_sentence_新鮮.mp3]
心臓,心脏,心臓がドキドキしています。,心脏正在怦怦跳。,<ruby>心臓<rt>しんぞう</rt></ruby>がドキドキしています。,<ol><li>心臓（しんぞう）：指人体或动物体内负责泵血的器官，即“心脏”。可用于医学、日常会话等多种场合。</li><li>が：表示主语的助词，指“心脏”是动作的主体。</li><li>ドキドキ：拟声词，形容心跳加速的声音或状态。可表示紧张、激动、害怕等情绪。</li><li>しています：动词“する”的ている形式，表示动作正在进行。这里表示心脏正在跳动。</li><li>整体表达“心臓がドキドキしています”多用于描述激动、紧张等情绪时的生理反应，是较为自然的口语表达。</li></ol>,[sound:jlpt_vocabulary_in_sentence_心臓.mp3]
身体,身体,毎日身体を鍛えています。,我每天锻炼身体。,<ruby>毎日<rt>まいにち</rt></ruby><ruby>身体<rt>からだ</rt></ruby>を<ruby>鍛えています<rt>きたえています</rt></ruby>。,<ol><li>毎日（まいにち）：每天。</li><li>身体（からだ）：身体。本词也可读作「しんたい」，但在日常会话中表达“人的身体”时一般读作「からだ」，「しんたい」多用于书面语或正式用法，如“身体検査”。</li><li>を：宾格助词，表示动作的对象。</li><li>鍛えています（きたえています）：「鍛える」的ている形，表示动作正在进行或习惯性的动作，“锻炼”。</li><li>语法说明：「〜ています」表示动作的持续或经常性，如“每天都在做某件事”。</li></ol>,[sound:jlpt_vocabulary_in_sentence_身体.mp3]
身長,身高,彼の身長はとても高いです。,他的身高很高。,<ruby>彼<rt>かれ</rt></ruby>の<ruby>身長<rt>しんちょう</rt></ruby>はとても<ruby>高い<rt>たかい</rt></ruby>です。,<ol><li>彼（かれ）：第三人称代词，意思是“他”，用于男性。</li><li>身長（しんちょう）：名词，表示“身高”。日语中常用于填写个人信息时。</li><li>は：主题助词，指出主语。</li><li>とても：副词，意思是“非常”。</li><li>高い（たかい）：形容词，意思是“高”。</li><li>です：礼貌形语尾，使语气更加正式。</li><li>日本在填写简历或健康检查表时常需要填写身長（しんちょう）这一项。</li></ol>,[sound:jlpt_vocabulary_in_sentence_身長.mp3]
慎重,谨慎,彼は慎重に行動した。,他做事很谨慎。,<ruby>彼<rt>かれ</rt></ruby>は<ruby>慎重<rt>しんちょう</rt></ruby>に<ruby>行動<rt>こうどう</rt></ruby>した。,<ol><li>彼（かれ）：他，第三人称指代男性。</li><li>は：提示助词，标明主语。</li><li>慎重（しんちょう）：形容动词，表示“谨慎”“小心”。形容说话、做事非常注意，不轻率。</li><li>に：表示方式或状态的助词，把“慎重”变为副词修饰动作。</li><li>行動（こうどう）：名词，意为“行动、做事”。</li><li>した：动词“する”的过去式，这里表示“做了某事”。</li><li>日语中形容动词+に+动词经常用于描述行为的状态，如“丁寧に話す（ていねいにはなす）”：认真地说。</li></ol>,[sound:jlpt_vocabulary_in_sentence_慎重.mp3]
審判,裁判、法官,審判が試合のルールを確認する。,裁判正在确认比赛规则。,<ruby>審判<rt>しんぱん</rt></ruby>が<ruby>試合<rt>しあい</rt></ruby>のルールを<ruby>確認する<rt>かくにんする</rt></ruby>。,<ol><li>審判（しんぱん）：意为裁判，也可指审判员，根据语境可用于体育（如球类比赛的裁判）或法律（法庭上的法官）等，读音一律为しんぱん。</li><li>試合（しあい）：指比赛，多用于体育项目。</li><li>確認する（かくにんする）：表示“确认、核实”的意思。</li><li>「が」为主语助词，表示主语。</li><li>日语体育比赛中，審判负责裁决比赛是否合规，其权力类似于中文中的“裁判”。在日本，体育赛事中对審判非常尊重，出现判罚时一般都服从裁定。</li></ol>,[sound:jlpt_vocabulary_in_sentence_審判.mp3]
人物,人物，角色,この小説には魅力的な人物が多い。,这本小说有很多有魅力的人物。,<ruby>この<rt>この</rt></ruby><ruby>小説<rt>しょうせつ</rt></ruby><ruby>には<rt>には</rt></ruby><ruby>魅力的<rt>みりょくてき</rt></ruby><ruby>な<rt>な</rt></ruby><ruby>人物<rt>じんぶつ</rt></ruby><ruby>が<rt>が</rt></ruby><ruby>多い<rt>おおい</rt></ruby>。,<ol><li>この：指示词“这个”，后面常接名词。</li><li>小説（しょうせつ）：名词，表示“小说”。</li><li>には：助词组合，表示在某范围或对象内。</li><li>魅力的（みりょくてき）：形容动词，意为“有魅力的”。</li><li>な：形容动词连接用法，修饰后面的名词。</li><li>人物（じんぶつ）：名词，指“人物”或“角色”。</li><li>が：主格助词，后接句子的主要信息。</li><li>多い（おおい）：形容词，意为“多”。多用于说明数量多。</li><li>日语中“人物”可泛指现实或虚构中的人或角色，常用于文学、戏剧等语境。</li><li>语法结构说明：“形容动词+な+名词”用法，形容动词要用「な」来修饰后面的名词，比如「有名な人」。</li></ol>,[sound:jlpt_vocabulary_in_sentence_人物.mp3]
進歩,进步,技術は日々進歩しています。,技术每天都在进步。,<ruby>技術<rt>ぎじゅつ</rt></ruby>は<ruby>日々<rt>ひび</rt></ruby><ruby>進歩<rt>しんぽ</rt></ruby>しています。,<ol><li>技術（ぎじゅつ）：意思为“技术”。</li><li>は：助词，标记主题（主语）。“技術は”意思为“技术的话”。</li><li>日々（ひび）：表示“每天，每日”，在此作时间状语。</li><li>進歩（しんぽ）：表示“进步”，为名词。这里用作自动词「進歩する」的连用形。</li><li>している：表示某种状态正在持续中。这里为「進歩する」的ている形，表示“正在进步”。</li><li>います：敬体表达，表示持续的状态。</li><li>句子结构：“〜は〜しています”表达主体正在进行某事或状态在持续。</li></ol>,[sound:jlpt_vocabulary_in_sentence_進歩.mp3]
親友,挚友,彼は私の親友です。,他是我的挚友。,<ruby>彼<rt>かれ</rt></ruby>は<ruby>私<rt>わたし</rt></ruby>の<ruby>親友<rt>しんゆう</rt></ruby>です。,<ol><li>彼（かれ）：他、男性代词，指称对方为男性。</li><li>私（わたし）：我，第一人称代词，男女通用。</li><li>の：助词，用于连接修饰语和被修饰语，这里表示“我的”。</li><li>親友（しんゆう）：挚友，极为亲近、信赖的朋友。</li><li>です：礼貌结句词，相当于“是”。</li><li>语法：句型“〜は〜です”，基础判断句型，其中〜は为主语，〜です为谓语。</li></ol>,[sound:jlpt_vocabulary_in_sentence_親友.mp3]
信用,信任,彼の言葉を信用しています。,我相信他的话。,<ruby>彼<rt>かれ</rt></ruby>の<ruby>言葉<rt>ことば</rt></ruby>を<ruby>信用しています<rt>しんようしています</rt></ruby>。,<ol><li>彼（かれ）：他，对男性的称呼。</li><li>言葉（ことば）：语言、话语。</li><li>を：助词，表示动作的对象。</li><li>信用（しんよう）：信任、相信。常用于人际关系或对事物的信赖。</li><li>しています：是「する」的「ている」形式，表示正在进行或者持续某种状态。此处意为“正在信任”。</li></ol>,[sound:jlpt_vocabulary_in_sentence_信用.mp3]
信頼,信任,彼は友人を信頼しています。,他信任朋友。,<ruby>彼<rt>かれ</rt></ruby>は<ruby>友人<rt>ゆうじん</rt></ruby>を<ruby>信頼<rt>しんらい</rt></ruby><ruby>しています<rt>しています</rt></ruby>。,<ol><li>彼（かれ）：他，指男性第三人称。</li><li>友人（ゆうじん）：朋友，常用于较正式场合，和同义的「友達（ともだち）」比较，后者更口语化。</li><li>信頼（しんらい）：信任、信赖。当名词用时表示“信任”这一行为或关系，当动词用时常用“信頼する”的形式表达动作。</li><li>「を」：助词，表示动作的对象。</li><li>「しています」：是「する」的ている形，表示动作正在进行或持续。</li><li>类似表达还有「信用（しんよう）」：侧重于对事物、信息的信任，日语母语者常区分“信赖（信頼）”和“信用（信用）”的语境。</li></ol>,[sound:jlpt_vocabulary_in_sentence_信頼.mp3]
心理,心理、心态,彼の心理は誰にも分からない。,他的心理谁也无法理解。,<ruby>彼<rt>かれ</rt></ruby>の<ruby>心理<rt>しんり</rt></ruby>は<ruby>誰<rt>だれ</rt></ruby>にも<ruby>分からない<rt>わからない</rt></ruby>。,<ol><li>彼（かれ）：指他、那个人，常用于谈论男性或第三者。</li><li>の：表示所属或关系的助词，相当于中文的“的”。</li><li>心理（しんり）：指人的心情、内心、想法等，心理学常用词。</li><li>は：提示主题的助词，后面对主题进行说明。</li><li>誰にも（だれにも）：“谁也（不）”，结合否定表达“任何人都不……”的意思。</li><li>分からない（わからない）：动词“わかる”（理解、明白）的否定形式。</li><li>“心理”在日语中可用于表示心情、心态，也用于专业领域（如心理学：心理学（しんりがく））。</li></ol>,[sound:jlpt_vocabulary_in_sentence_心理.mp3]
人類,人类,人類は地球上で最も進化した存在です。,人类是地球上进化得最好的存在。,<ruby>人類<rt>じんるい</rt></ruby><ruby>は<rt>は</rt></ruby><ruby>地球上<rt>ちきゅうじょう</rt></ruby><ruby>で<rt>で</rt></ruby><ruby>最も<rt>もっとも</rt></ruby><ruby>進化し<rt>しんかし</rt></ruby><ruby>た<rt>た</rt></ruby><ruby>存在<rt>そんざい</rt></ruby><ruby>です<rt>です</rt></ruby>。,<ol><li>人類（じんるい）：指所有的人类，通常用于科学、历史等语境。</li><li>～は：助词“は”表明主题。</li><li>地球上（ちきゅうじょう）：表示“在地球上”，“上”有表示场所的作用。</li><li>で：场所助词，表示动作发生的场所。</li><li>最も（もっとも）：副词，意思是“最……”，用于最高级比较。</li><li>進化した（しんかした）：动词“進化する”（进化）的过去式，表示“已经进化”。</li><li>存在（そんざい）：表示存在、事物。</li><li>です：表示礼貌语气。</li><li>语法点：该句为简单的主谓结构，主题后用「は」，述语为「最も進化した存在です」。</li></ol>,[sound:jlpt_vocabulary_in_sentence_人類.mp3]
巣,巢穴,鳥は木の上に巣を作ります。,鸟会在树上筑巢。,<ruby>鳥<rt>とり</rt></ruby>は<ruby>木<rt>き</rt></ruby>の<ruby>上<rt>うえ</rt></ruby>に<ruby>巣<rt>す</rt></ruby>を<ruby>作ります<rt>つくります</rt></ruby>。,<ol><li>鳥（とり）：鸟。</li><li>木（き）：树。</li><li>上（うえ）：上面、上方。</li><li>巣（す）：巢穴，多指鸟或小动物的家。</li><li>作ります（つくります）：制作、建造。</li><li>に：表示动作的目的地或场所。</li><li>は：主题助词，强调接下来的内容。</li><li>を：宾语助词，表示动作的对象。</li><li>语法说明：句子为“主体＋は＋场所＋に＋名词＋を＋动词”结构，表示“某物在某地建造了什么”。</li></ol>,[sound:jlpt_vocabulary_in_sentence_巣.mp3]
酢,醋,酢を少し加えてください。,请加一点醋。,<ruby>酢<rt>す</rt></ruby><ruby>を<rt>を</rt></ruby><ruby>少し<rt>すこし</rt></ruby><ruby>加えて<rt>くわえて</rt></ruby>ください。,<ol><li>酢（す）：醋，作为食材调味品，常用于日式料理如醋饭、泡菜。</li><li>を：助词，标记宾语。“酢”是被加的对象。</li><li>少し（すこし）：副词，表示“少量、一点”。</li><li>加えて（くわえて）：动词“加える”的て形，表示“添加、加入”。</li><li>ください：常用敬语表达，请求对方做某事，接在动词て形后面。</li></ol>,[sound:jlpt_vocabulary_in_sentence_酢.mp3]
図,图、图画,この図を見てください。,请看这个图。,<ruby>この<rt>この</rt></ruby><ruby>図<rt>ず</rt></ruby><ruby>を<rt>を</rt></ruby><ruby>見て<rt>みて</rt></ruby><ruby>ください<rt>ください</rt></ruby>。,<ol><li>この：连体词，意为“这个”，用于指代距离说话人较近的事物。</li><li>図（ず）：名词，表示图片、图表、图画等。有时也可用于地图、示意图等多种图形资料。</li><li>を：助词，标记动作的对象，即“看”的对象是“图”。</li><li>見てください：是“見る（看）”的て形＋ください，表示请求和礼貌的命令，相当于“请……”。</li><li>整体结构：「名词＋を＋动词て形＋ください」为常用的礼貌请求表达方式。</li></ol>,[sound:jlpt_vocabulary_in_sentence_図.mp3]
水準,水准,この本の水準はとても高いです。,这本书的水准非常高。,この<ruby>本<rt>ほん</rt></ruby>の<ruby>水準<rt>すいじゅん</rt></ruby>はとても<ruby>高い<rt>たかい</rt></ruby>です。,<ol><li>この：指示词，意思是“这个”。</li><li>本（ほん）：名词，表示“书”。</li><li>の：助词，表示所属关系，相当于“的”。</li><li>水準（すいじゅん）：名词，意为“水准、水平”，表示事物的标准或程度。</li><li>は：提示助词，表示主语或主题。</li><li>とても：副词，表示“非常”，用来加强后面形容词/形容动词程度。</li><li>高い（たかい）：形容词，意为“高”。</li><li>です：判断句尾助动词，使语气礼貌。</li></ol>,[sound:jlpt_vocabulary_in_sentence_水準.mp3]
推薦,推荐,先生に本を推薦されました。,老师向我推荐了书。,<ruby>先生<rt>せんせい</rt></ruby>に<ruby>本<rt>ほん</rt></ruby>を<ruby>推薦<rt>すいせん</rt></ruby><ruby>されました<rt>されました</rt></ruby>。,<ol><li>先生（せんせい）：老师。</li><li>に：表示动作的对象或方向，这里表示“被谁”。</li><li>本（ほん）：书。</li><li>を：宾语助词，表示动作的对象。</li><li>推薦（すいせん）：推荐。</li><li>されました：是“する”的被动态过去式，表示“被...了”。</li><li>语法结构：【～に～を推薦される】，表示“被某人推荐某物”。日语中被动表达常用来突出接收动作的人。</li></ol>,[sound:jlpt_vocabulary_in_sentence_推薦.mp3]
スイッチ,开关,部屋のスイッチを押してください。,请按一下房间的开关。,<ruby>部屋<rt>へや</rt></ruby>のスイッチを<ruby>押して<rt>おして</rt></ruby>ください。,<ol><li>部屋（へや）：房间，表示某个空间。</li><li>の：表示所属关系，相当于中文的“的”。</li><li>スイッチ：音译自英语 switch，表示“开关”，用于电灯、电器等的开闭器。</li><li>を：宾格助词，标记动作的对象。</li><li>押して：押す（おす）的て形，意为“按、推”。</li><li>ください：敬语用法，表示请求对方做某事，相当于“请……”。全句意思为“请按房间的开关”。</li><li>日语中日常生活中常说“スイッチを入れる/切る”，表示“打开/关闭电源”。</li></ol>,[sound:jlpt_vocabulary_in_sentence_スイッチ.mp3]
睡眠,睡觉,十分な睡眠が健康に大切です。,充足的睡眠对健康很重要。,<ruby>十分な<rt>じゅうぶんな</rt></ruby><ruby>睡眠<rt>すいみん</rt></ruby>が<ruby>健康<rt>けんこう</rt></ruby>に<ruby>大切です<rt>たいせつです</rt></ruby>。,<ol><li>十分な：形容动词“十分（じゅうぶん）”的连体形，表示“充足的”。</li><li>睡眠（すいみん）：名词，意思是“睡觉、睡眠”。与“眠り（ねむり）”都可以表示睡觉，但“睡眠”更偏向医学或正式用语。</li><li>健康（けんこう）：名词，表示“健康”。</li><li>大切です（たいせつです）：形容动词“たいせつ”的敬体形式，表示“重要”。</li><li>に：助词，表示动作影响的对象（健康）。</li><li>“～が大切です”：结构，表示“……很重要”。</li><li>日本文化中，人们普遍重视健康管理，“十分な睡眠”常在生活和教育中被强调。</li></ol>,[sound:jlpt_vocabulary_in_sentence_睡眠.mp3]
数,数字,彼は数をきちんと数えました。,他把数字数得很准确。,<ruby>彼<rt>かれ</rt></ruby>は<ruby>数<rt>かず</rt></ruby>をきちんと<ruby>数えました<rt>かぞえました</rt></ruby>。,<ol><li>彼（かれ）：意思是“他”，常用于第三人称男性。</li><li>は：主题助词，表示句子的主语。</li><li>数（かず）：名词，意思是“数字、数目”。注意和动词“数える（かぞえる，数数）”区分。</li><li>を：宾语助词，标记动作的对象。</li><li>きちんと：副词，表示“准确地、认真地”。</li><li>数えました（かぞえました）：动词“数える”的过去式，表示“已经数了”。</li><li>日语中的“数”有时读作“すう”，多用于复合词（如“数学（すうがく）”）；单独表“数量”或“数字”常读“かず”。遇到新词需注意发音区别。</li></ol>,[sound:jlpt_vocabulary_in_sentence_数.mp3]
数字,数字,この数字はとても大きいです。,这个数字非常大。,<ruby>この<rt>この</rt></ruby><ruby>数字<rt>すうじ</rt></ruby><ruby>は<rt>は</rt></ruby><ruby>とても<rt>とても</rt></ruby><ruby>大きい<rt>おおきい</rt></ruby><ruby>です<rt>です</rt></ruby>。,<ol><li>この：这个，指示代词，用于指近处事物。</li><li>数字（すうじ）：数字，指用来表示数量的符号，也可泛指具体的数值。</li><li>は：提示助词，标明主语或主题。</li><li>とても：非常，很，表示程度很高。</li><li>大きい（おおきい）：形容词，意思是大、巨大。</li><li>です：礼貌结句助动词，使表达更委婉。</li><li>日语中形容词后加「です」表示礼貌形，常用于正式场合。</li></ol>,[sound:jlpt_vocabulary_in_sentence_数字.mp3]
スープ,汤,このスープはとても美味しいです。,这碗汤非常美味。,<ruby>この<rt>この</rt></ruby><ruby>スープ<rt>すーぷ</rt></ruby><ruby>は<rt>は</rt></ruby><ruby>とても<rt>とても</rt></ruby><ruby>美味しい<rt>おいしい</rt></ruby><ruby>です<rt>です</rt></ruby>。,<ol><li>この：指示代词，表示“这、这个”。常用于离说话人较近的事物。</li><li>スープ（すーぷ）：外来语，表示“汤”。</li><li>は：助词，提示主语。</li><li>とても：副词，表示“非常”，修饰形容词。</li><li>美味しい（おいしい）：形容词，意思是“好吃的、美味的”。</li><li>です：礼貌助动词，使句子更正式客气。</li><li>句型“～は…です”：表达某东西的性质或状态，为最基础的日语句型之一。</li><li>外来语在日语中多用片假名书写，如“スープ”。</li></ol>,[sound:jlpt_vocabulary_in_sentence_スープ.mp3]
末,末尾，结尾,月の末に給料が支払われます。,月底发工资。,<ruby>月<rt>つき</rt></ruby>の<ruby>末<rt>すえ</rt></ruby>に<ruby>給料<rt>きゅうりょう</rt></ruby>が<ruby>支払われます<rt>しはらわれます</rt></ruby>。,<ol><li>月（つき）：表示月份，也可表示月亮。这里指“月份”。</li><li>の：连接两个名词，表示所属或修饰关系。</li><li>末（すえ）：指某一阶段、时间的结尾。常与“月”、“年”、“週”等连用，如“年末（ねんまつ）”“週末（しゅうまつ）”。</li><li>に：表示动作发生的具体时间点。</li><li>給料（きゅうりょう）：工资、薪水。</li><li>が：主语助词，标明主语。</li><li>支払われます（しはらわれます）：“支払う”（支付）的被动态，表示“被支付”。这里是给工资的惯用表达。</li><li>语法：“Aの末に”表示“在A的最后、末尾时”，如“年の末に（年底）”。和“終わり（おわり）”不同，“末”更侧重结尾的时段。</li><li>文化补充：在日本，许多公司习惯于每月月底发工资。</li></ol>,[sound:jlpt_vocabulary_in_sentence_末.mp3]
姿,姿态,彼女は美しい姿で歩いている。,她以美丽的姿态走着。,<ruby>彼女<rt>かのじょ</rt></ruby>は<ruby>美しい<rt>うつくしい</rt></ruby><ruby>姿<rt>すがた</rt></ruby>で<ruby>歩いている<rt>あるいている</rt></ruby>。,<ol><li>彼女（かのじょ）：女性，指“她”。</li><li>は：提示主题的助词，在句子中起强调作用。</li><li>美しい（うつくしい）：形容词，表示漂亮、美丽。</li><li>姿（すがた）：指人的外形、身影、姿态，也可以指样子。常用于描述外观和动作时的样子。</li><li>で：表示手段、状态，此处用于表示“以……（的姿态）”。</li><li>歩いている（あるいている）：动词“歩く（走）”的ている形，表示正在进行的动作。</li><li>语法补充：“姿”多用于描述外表、动作时的状态，有时也含有艺术或文学色彩。</li></ol>,[sound:jlpt_vocabulary_in_sentence_姿.mp3]
スキー,滑雪,冬休みに家族とスキーに行きました。,寒假我和家人去滑雪了。,<ruby>冬休み<rt>ふゆやすみ</rt></ruby>に<ruby>家族<rt>かぞく</rt></ruby>と<ruby>スキー<rt>すきー</rt></ruby>に<ruby>行きました<rt>いきました</rt></ruby>。,<ol><li>冬休み（ふゆやすみ）：指“寒假、冬季休假”。</li><li>家族（かぞく）：家庭成员、家人。</li><li>と：表示动作的对象，“和……一起”。</li><li>スキー（すきー）：外来语，意为“滑雪”，既指运动项目，也可指滑雪板。</li><li>に：表示动作的目的地或目标。</li><li>行きました（いきました）：动词“行く（いく）”的过去敬体，“去”的意思。</li><li>语法结构：“〜に 行きました”为表达“去做某事”的常用句型，如「遊びに行きます」「買い物に行きます」。</li><li>日本的冬休み一般指12月底到1月初，是许多家庭旅行或进行冬季运动（如スキー）的时期。</li></ol>,[sound:jlpt_vocabulary_in_sentence_スキー.mp3]
救う,拯救,医者は多くの命を救う。,医生拯救了许多生命。,<ruby>医者<rt>いしゃ</rt></ruby>は<ruby>多く<rt>おおく</rt></ruby>の<ruby>命<rt>いのち</rt></ruby>を<ruby>救う<rt>すくう</rt></ruby>。,<ol><li>医者（いしゃ）：医生。由“医（い）”+“者（しゃ）”构成，表示从事医疗工作的人。</li><li>多く（おおく）：许多。这里是“多い（おおい）”的名词形式。</li><li>命（いのち）：生命、性命。</li><li>を：助词，标记宾语。</li><li>救う（すくう）：拯救、救助，多指从危险或困难中把人救出来。也可用于比喻意义上，如“心を救う”。</li><li>日语中“救う”分为物理意义和心理意义两种情况，使用时根据上下文判断。</li></ol>,[sound:jlpt_vocabulary_in_sentence_救う.mp3]
すくなくとも,至少,すくなくとも三日は必要です。,至少需要三天。,<ruby>すくなくとも<rt>すくなくとも</rt></ruby><ruby>三日<rt>みっか</rt></ruby><ruby>は<rt>は</rt></ruby><ruby>必要<rt>ひつよう</rt></ruby><ruby>です<rt>です</rt></ruby>。,<ol><li>すくなくとも：副词，意思是“至少”，用于表示某个数量、程度的最低限度。</li><li>三日（みっか）：指三天，“日”的读音在日期中为“か”。</li><li>必要（ひつよう）：形容动词，表示“需要”或“必须”。</li><li>日语中表示天数时，1天用“一日(いちにち)”，2天用“二日(ふつか)”，3天用“三日(みっか)”等，日本日期读音特殊，需要记忆。</li></ol>,[sound:jlpt_vocabulary_in_sentence_すくなくとも.mp3]
優れる,优秀，出色,彼は数学に優れている。,他在数学方面很优秀。,<ruby>彼<rt>かれ</rt></ruby>は<ruby>数学<rt>すうがく</rt></ruby>に<ruby>優れている<rt>すぐれている</rt></ruby>。,<ol><li>彼（かれ）：第三人称代词，指“他”。</li><li>は：主题助词，表示句子的主题。</li><li>数学（すうがく）：名词，表示“数学”。</li><li>に：这里表示范围、领域，表示在某个方面。</li><li>優れている（すぐれている）：动词「優れる」的ている形式，表示持续的状态，意为“很优秀”或“出色”。</li><li>「優れる」是自他动词，两种读音「すぐれる」为常用，意为“出色、优秀”。</li></ol>,[sound:jlpt_vocabulary_in_sentence_優れる.mp3]
スケート,滑冰,冬になるとスケートをします。,到冬天就会滑冰。,<ruby>冬<rt>ふゆ</rt></ruby>になるとスケートをします。,<ol><li>冬（ふゆ）：名词，意为“冬天”。</li><li>になる：动词“なる”的固定搭配，前接名词，表示“变成……”。本句意为“到……的时候”。</li><li>と：表示条件，译为“就……”。</li><li>スケート：外来语，意为“滑冰”，也可指溜冰。</li><li>をします：动作“做滑冰”时，“スケート”作为宾语用を连接，します表示“做”。</li><li>日本冬季很多地方会设置临时滑冰场，是受欢迎的冬季运动。</li></ol>,[sound:jlpt_vocabulary_in_sentence_スケート.mp3]
スケジュール,日程表,今週のスケジュールを教えてください。,请告诉我这周的日程表。,<ruby>今週<rt>こんしゅう</rt></ruby>の<ruby>スケジュール<rt>すけじゅーる</rt></ruby>を<ruby>教えて<rt>おしえて</rt></ruby>ください。,<ol><li>今週（こんしゅう）：本周。这是由今（现在）和週（周）组成，表示“这一周”。</li><li>の：表示所属关系的助词，类似于汉语的“的”。</li><li>スケジュール（すけじゅーる）：来自英文“schedule”，意思是“日程表、时间安排”。在日本工作和生活场合中常用来指代计划表。</li><li>を：宾格助词，表示动作的对象，这里指“日程表”。</li><li>教えて（おしえて）：动词“教える”的て形，用于请求对方“告知、教导”。</li><li>ください：礼貌语气表达，请对方做某事，相当于汉语“请……”。</li><li>句子语法结构是“～を教えてください”，属于请求表达。适用于工作或日常场合表达委婉的请求。</li></ol>,[sound:jlpt_vocabulary_in_sentence_スケジュール.mp3]
少しも,一点也不,彼は少しも疲れていません。,他一点也不累。,<ruby>彼<rt>かれ</rt></ruby>は<ruby>少しも<rt>すこしも</rt></ruby><ruby>疲れて<rt>つかれて</rt></ruby><ruby>いません<rt>いません</rt></ruby>。,<ol><li>彼（かれ）：意思是“他”，用于指男性第三方。</li><li>は：助词，提示主语。</li><li>少しも（すこしも）：意思是“一点也不”，常与否定表达搭配使用，强调程度极低，完全没有。</li><li>疲れて（つかれて）：动词“疲れる（つかれる）”的て形，意思是“累”、“疲劳”。</li><li>いません：敬体否定形式，“いる（存在）”的否定，表示“不在、不……”。在这里用于否定状态，整体“疲れていません”意思为“不累”。</li><li>使用“少しも+否定”加强否定的语气，表达“丝毫没有……”。</li></ol>,[sound:jlpt_vocabulary_in_sentence_少しも.mp3]
過ごす,度过,休日は家でゆっくり過ごします。,假期我在家里悠闲地度过。,<ruby>休日<rt>きゅうじつ</rt></ruby>は<ruby>家<rt>いえ</rt></ruby>でゆっくり<ruby>過ごします<rt>すごします</rt></ruby>。,<ol><li>休日（きゅうじつ）：假日，意为休息的日子，即节假日。</li><li>家（いえ）：家、家里。</li><li>で：格助词，表示动作发生的地点。</li><li>ゆっくり：副词，表示慢慢地、悠闲地、舒服地。</li><li>過ごします（すごします）：「過ごす」的ます形，意为“度过、消磨（时间）”。常用于表示如何度过时间。</li><li>语法说明：「～で～を過ごす」结构，表示“在某地度过某段时间”。</li></ol>,[sound:jlpt_vocabulary_in_sentence_過ごす.mp3]
筋,肌肉，筋,毎日筋を伸ばしています。,我每天都在拉伸筋。,<ruby>毎日<rt>まいにち</rt></ruby><ruby>筋<rt>すじ</rt></ruby><ruby>を<rt>を</rt></ruby><ruby>伸ばしています<rt>のばしています</rt></ruby>。,<ol><li>毎日（まいにち）：表示“每天”。</li><li>筋（すじ）：意为“肌肉”“筋”“条状物”，在日语中也可表示逻辑、路线等。</li><li>を：宾语助词，表明前面的名词“筋”为动作的对象。</li><li>伸ばしています（のばしています）：为动词“伸ばす”（伸展、拉伸）的现在进行式，表示正在进行的动作。</li><li>“筋を伸ばす”是固定表达，意为“拉伸筋骨/做拉伸运动”，在日本很多人运动前后会做拉伸（ストレッチ），以防止受伤。</li></ol>,[sound:jlpt_vocabulary_in_sentence_筋.mp3]
進める,推进，推进,仕事を順調に進めるために計画を立てました。,为了顺利推进工作，我制定了计划。,<ruby>仕事<rt>しごと</rt></ruby>を<ruby>順調に<rt>じゅんちょうに</rt></ruby><ruby>進める<rt>すすめる</rt></ruby>ために<ruby>計画<rt>けいかく</rt></ruby>を<ruby>立てました<rt>たてました</rt></ruby>。,<ol><li>仕事（しごと）：工作、事情。</li><li>を：宾语助词，表明“仕事”为动作对象。</li><li>順調に（じゅんちょうに）：顺利地。“に”为副词化助词。</li><li>進める（すすめる）：他动词，表示使事情往前发展、推进。</li><li>ために：表示目的，“为了……”；多用于句中表示行为目的。</li><li>計画（けいかく）：计划。</li><li>立てました（たてました）：动词“立てる”的过去式敬体，意为“制定了、立了”。</li><li>语法重点：“ために”用于动作的目的表达，“進める”是他动词，与自动词“進む（すすむ）”区分开，后者通常指物体或事情自身进展。</li></ol>,[sound:jlpt_vocabulary_in_sentence_進める.mp3]
勧める,推荐,彼は本を勧めることが多い。,他经常推荐书籍。,<ruby>彼は<rt>かれは</rt></ruby><ruby>本を<rt>ほんを</rt></ruby><ruby>勧める<rt>すすめる</rt></ruby>ことが<ruby>多い。<rt>おおい。</rt></ruby>,<ol><li>彼（かれ）：指“他”，是第三人称代词。</li><li>本（ほん）：书、书籍。</li><li>を：助词，表示动作的对象。</li><li>勧める（すすめる）：他动词，意思是“推荐、劝说”。用于表达把某事物介绍给主人提供建议。</li><li>こと：用在动词后，表示事情、行为本身。</li><li>が：助词，表示主语、强调。</li><li>多い（おおい）：形容词，表示“多”。</li><li>此句型“動詞辞書形＋ことが多い”常用于描述经常性发生的动作或习惯。</li></ol>,[sound:jlpt_vocabulary_in_sentence_勧める.mp3]
スター,明星,彼は有名なスターになった。,他成了有名的明星。,<ruby>彼<rt>かれ</rt></ruby>は<ruby>有名<rt>ゆうめい</rt></ruby>なスターに<ruby>なった<rt>なった</rt></ruby>。,<ol><li>彼（かれ）：他、男性代词。</li><li>有名な：形容动词“有名”的连体形，修饰后面的名词。</li><li>スター：外来语，意为“明星”。在日本也常用来形容各界的顶尖人物，如运动员、演员。</li><li>に：表示方向或结果的助词，这里用于“成为某种状态”。</li><li>なった：动词“なる”（变成、成为）的过去式。</li><li>句型“〜になる”：表示变化、转变的结果，中文为“变成/成为”。</li></ol>,[sound:jlpt_vocabulary_in_sentence_スター.mp3]
スタイル,风格,彼女のスタイルはとても美しいです。,她的身材（风格）非常漂亮。,<ruby>彼女<rt>かのじょ</rt></ruby>のスタイルはとても<ruby>美しい<rt>うつくしい</rt></ruby>です。,<ol><li>彼女（かのじょ）：意为“她”。是表示女性的第三人称代词。</li><li>の：助词，表示所属、修饰关系，可翻译为“的”。</li><li>スタイル：外来语，来源于英文style，有“风格”“样式”“身材”等意思。句中多指女性身材，也可泛指某人的打扮或行事风格。</li><li>は：主题助词，指明句子的主题。</li><li>とても：副词，意为“非常”，用于加强后面的形容词。</li><li>美しい（うつくしい）：形容词，意为“美丽的、漂亮的”。</li><li>です：敬语结尾，表示礼貌。</li><li>语法说明：此句为标准的日语主谓宾结构，用「AのB」表示“某人的某物”。“スタイル”一词在日本常用来夸奖女性的身材，语境不同也可指行为风格。需要注意“スタイル”与中文的“style”基本同义，但在描述外表时更常用。</li></ol>,[sound:jlpt_vocabulary_in_sentence_スタイル.mp3]
スタンド,台座；支架,机の上にスタンドがあります。,桌子上有台灯。,<ruby>机<rt>つくえ</rt></ruby>の<ruby>上<rt>うえ</rt></ruby>にスタンドが<ruby>あります<rt>あります</rt></ruby>。,<ol><li>机（つくえ）：意为“桌子”。</li><li>の：表示前后名词的所属关系，相当于“的”。</li><li>上（うえ）：表示“上面”。</li><li>に：助词，表示存在的地点。</li><li>スタンド：来自英语“stand”，常用于台灯、支架等。</li><li>があります：表示某物存在于某地，“あります”用于无生命物体。</li><li>句子结构：AのBにCがあります，意为“在A的B上有C”。</li><li>文化背景：在日本，书桌上常见的“スタンド”通常指台灯，尤其在学生的书桌上。</li></ol>,[sound:jlpt_vocabulary_in_sentence_スタンド.mp3]
頭痛,头痛,昨日から頭痛が続いています。,从昨天开始一直头痛。,<ruby>昨日<rt>きのう</rt></ruby>から<ruby>頭痛<rt>ずつう</rt></ruby>が<ruby>続いて<rt>つづいて</rt></ruby><ruby>います<rt>います</rt></ruby>。,<ol><li>昨日（きのう）：昨天。</li><li>から：表示起点，译为“从……”。</li><li>頭痛（ずつう）：名词，意思是“头痛”。“頭（あたま）”是头，“痛（いた）み”是痛，这里合成词读作“ずつう”，注意不是每次都读“あたまいたみ”。</li><li>が：表示主语助词。</li><li>続いています：（つづいています），动词“続く（つづく）”的て形加「います」表示动作持续，译为“正在持续”。</li><li>「～ています」结构表示某状态或动作正在持续，比单用动词更强调持续性。</li></ol>,[sound:jlpt_vocabulary_in_sentence_頭痛.mp3]
ずっと,一直,私はずっとあなたを待っていました。,我一直在等你。,<ruby>私<rt>わたし</rt></ruby>はずっとあなたを<ruby>待っていました<rt>まっていました</rt></ruby>。,<ol><li>私（わたし）：第一人称代词，表示“我”，常用于口语和书面语，没有性别限定。如果需要强调女性说话者，有时用“わたくし（私）”。</li><li>は：主语助词，接在主语后，提示句子的主题。</li><li>ずっと：副词，表示动作或状态持续很长时间，多译为“一直”“始终”。也可表达强调与对比，如“ここがずっと好き”。</li><li>あなた：第二人称代词，表示“你”，但要注意，日语中直接称呼对方为“あなた”有时较为生硬或不礼貌，日常也常用对方名字代替。</li><li>を：宾格助词，表示动作的对象。</li><li>待っていました（まっていました）：动词“待つ”的て形加“いました”构成，表示从过去某一时间一直持续到现在的动作。这里用“待っていました”表达“等待”的状态持续到现在，体现“ずっと”的意义。</li></ol>,[sound:jlpt_vocabulary_in_sentence_ずっと.mp3]
すっぱい,酸的,このみかんはすっぱいですね。,这个橘子很酸啊。,<ruby>この<rt>この</rt></ruby><ruby>みかん<rt>みかん</rt></ruby>は<ruby>すっぱい<rt>すっぱい</rt></ruby><ruby>です<rt>です</rt></ruby>ね。,<ol><li>この：指示词，相当于“这个”。</li><li>みかん（みかん）：日语中指橘子。日本冬天常见水果。</li><li>は：主题助词，标明句子的主题。</li><li>すっぱい（すっぱい）：形容词，表达“酸的”味道。</li><li>です：礼貌形结尾，表示说话礼貌。</li><li>ね：语气助词，用以征求对方同意或表达感叹，相当于中文“啊”、“吧”。</li></ol>,[sound:jlpt_vocabulary_in_sentence_すっぱい.mp3]
すてき,很棒,あなたの服はすてきですね。,你的衣服真好看啊。,<ruby>あなた<rt>あなた</rt></ruby>の<ruby>服<rt>ふく</rt></ruby>は<ruby>すてき<rt>すてき</rt></ruby><ruby>です<rt>です</rt></ruby><ruby>ね<rt>ね</rt></ruby>。,<ol><li>あなた：第二人称代词“你”。</li><li>の：表示领属关系，相当于“的”。</li><li>服（ふく）：衣服。</li><li>は：主题助词，表示句子的主语或主题。</li><li>すてき：形容词，意思是“很棒、漂亮、极好”，用于夸赞人或物。</li><li>です：礼貌语尾，表陈述语气。</li><li>ね：语气助词，常用于征求对方同意或感叹。</li></ol>,[sound:jlpt_vocabulary_in_sentence_すてき.mp3]
既に,已经,既に電車は出発しました。,电车已经出发了。,<ruby>既に<rt>すでに</rt></ruby><ruby>電車<rt>でんしゃ</rt></ruby>は<ruby>出発しました<rt>しゅっぱつしました</rt></ruby>。,<ol><li>既に（すでに）：副词，意思是“已经”，表示某个动作或状态早已发生或完成，常用于与过去时态搭配。</li><li>電車（でんしゃ）：名词，指“电车”。</li><li>は：助词，表示主语或主题。</li><li>出発しました（しゅっぱつしました）：动词“出発する（しゅっぱつする）”的敬体过去式，表示“出发了”。</li><li>语法点：日语中副词“既に”用于强调动作已在说话时之前发生，后常接过去时动词。</li></ol>,[sound:jlpt_vocabulary_in_sentence_既に.mp3]
すなわち,即、也就是,彼は社長、すなわち会社のトップです。,他是社长，也就是公司的最高负责人。,<ruby>彼<rt>かれ</rt></ruby>は<ruby>社長<rt>しゃちょう</rt></ruby>、<ruby>すなわち<rt>すなわち</rt></ruby><ruby>会社<rt>かいしゃ</rt></ruby>の<ruby>トップ<rt>とっぷ</rt></ruby><ruby>です<rt>です</rt></ruby>。,"<ol><li>彼（かれ）：第三人称，""他""。</li><li>社長（しゃちょう）：公司、组织机构的社长。</li><li>すなわち：副词，意思是""即、也就是""，用于对前面的内容做解释或换句话说。正式语境中常用；与""つまり""意思相近，但更重视正式、书面表达。</li><li>会社（かいしゃ）：公司。</li><li>トップ（とっぷ）：外来语，意思是""最高负责人""，在日本公司结构中常指领导者。</li><li>です：敬体句末语气词。</li></ol>",[sound:jlpt_vocabulary_in_sentence_すなわち.mp3]
スピーチ,演讲,彼は学校でスピーチをしました。,他在学校进行了演讲。,<ruby>彼<rt>かれ</rt></ruby>は<ruby>学校<rt>がっこう</rt></ruby>で<ruby>スピーチ<rt>すぴーち</rt></ruby>を<ruby>しました<rt>しました</rt></ruby>。,<ol><li>彼（かれ）：他，指男性。</li><li>は：主题助词，表示句子的主题。</li><li>学校（がっこう）：学校。</li><li>で：表示动作发生的地点，相当于“在……”（场所助词）。</li><li>スピーチ（すぴーち）：外来语，意为“演讲、讲话”。日语中广泛用于学校、公司等正式场合。</li><li>を：宾语助词，表示动作涉及的对象。</li><li>しました：动词“する”的敬体过去式，表示“做了”。</li><li>「スピーチ」多用于正式或半正式的公开发表讲话，和中文“演讲”类似。注意其发音为「すぴーち」，首音较弱，易被TTS误读为偏日文本土发音，需保持浊音和辅音。</li></ol>,[sound:jlpt_vocabulary_in_sentence_スピーチ.mp3]
全て,全部、所有,全ての問題は簡単でした。,所有问题都很简单。,<ruby>全て<rt>すべて</rt></ruby>の<ruby>問題<rt>もんだい</rt></ruby>は<ruby>簡単<rt>かんたん</rt></ruby>でした。,<ol><li>全て（すべて）：副词、名词。意思是“全部，所有”。和「全部（ぜんぶ）」类似，但「全て」更书面和正式，用于表达“无一遗漏”。</li><li>問題（もんだい）：名词，意思是“问题”。</li><li>簡単（かんたん）：形容动词，意思是“简单”。</li><li>でした：是「です」的过去式礼貌形式，结构表达过去的状态。</li><li>助词「の」：连接名词，表示所属或修饰关系。「全ての問題」=“所有的问题”。</li></ol>,[sound:jlpt_vocabulary_in_sentence_全て.mp3]
済ませる,完成，办完,宿題を早く済ませるようにします。,我会尽量早点完成作业。,<ruby>宿題<rt>しゅくだい</rt></ruby>を<ruby>早く<rt>はやく</rt></ruby><ruby>済ませる<rt>すませる</rt></ruby><ruby>ように<rt>ように</rt></ruby><ruby>します<rt>します</rt></ruby>。,<ol><li>宿題（しゅくだい）：作业、课业。</li><li>を：助词，标示宾语，表示动作的对象。</li><li>早く（はやく）：副词，表示尽快、早点。</li><li>済ませる（すませる）：他动词，表示把某件事做完、解决。对应名词是「済み（すみ）」。</li><li>ように：这里用于表示目的或努力的方向，常与「する」一起用，表达“为了……”、“力求……”。</li><li>します：动词「する」的敬语形式，用作结尾，表述采取某种行动。</li><li>文化补充：日本学校布置课后作业时常强调“早く済ませる”，有管理好时间的文化习惯。</li></ol>,[sound:jlpt_vocabulary_in_sentence_済ませる.mp3]
角,角落、角,部屋の角に猫がいます。,房间的角落里有一只猫。,<ruby>部屋<rt>へや</rt></ruby>の<ruby>角<rt>かど</rt></ruby>に<ruby>猫<rt>ねこ</rt></ruby>が<ruby>います<rt>います</rt></ruby>。,<ol><li>部屋（へや）：房间。</li><li>の：表示所属关系的助词，连接前后名词，前者修饰后者。</li><li>角（かど）：指房间等的角落，常用于空间位置表达。注意「角」有读音（かど、つの），这里指地点时用“かど”，指动物的角时用“つの”。</li><li>に：表示动作发生的位置或方向的助词，这里是“在……里”之意。</li><li>猫（ねこ）：猫。</li><li>が：主语助词，突出主语“猫”。</li><li>います：表示有生命体存在，“有、在”。用于人或动物。</li><li>日本房屋通常有许多分明的角落，猫喜欢待在这些角落处，表达日常情景。</li></ol>,[sound:jlpt_vocabulary_in_sentence_角.mp3]
すみません (かん),对不起,すみません、遅れました。,对不起，我迟到了。,<ruby>すみません<rt>すみません</rt></ruby>、<ruby>遅れました<rt>おくれました</rt></ruby>。,"<ol><li>すみません（すみません）：表达道歉或引起别人注意。既可用于""对不起""，也可用于""劳驾/请问""。这里用作道歉。</li><li>遅れました（おくれました）：動詞“遅れる”（おくれる，迟到）的ます形过去式，表示已经发生的动作。</li><li>日语中，向对方道歉时，“すみません”比“ごめんなさい”更为正式和礼貌，可用在工作、学校等场合。</li></ol>",[sound:jlpt_vocabulary_in_sentence_すみません (かん).mp3]
澄む,清澈、透明,川の水が澄んでいて魚が見える。,河水很清澈，可以看到鱼。,<ruby>川<rt>かわ</rt></ruby>の<ruby>水<rt>みず</rt></ruby>が<ruby>澄んでいて<rt>すんでいて</rt></ruby><ruby>魚<rt>さかな</rt></ruby>が<ruby>見える<rt>みえる</rt></ruby>。,<ol><li>川（かわ）：河流、水流。</li><li>の：表示修饰关系，相当于“的”。</li><li>水（みず）：水。</li><li>が：主语助词，此处强调“水”。</li><li>澄んでいて（すんでいて）：动词「澄む（すむ）」的て形，描述水很清澈的状态。用于描述液体、空气等“透明、干净”。</li><li>魚（さかな）：鱼。</li><li>見える（みえる）：能看见，「見える」表示“看得到”、自发态。</li><li>语法点：「动词て形＋いて」表示动作或状态的持续；本句中“澄んでいて”指“保持清澈的状态”。</li><li>文化知识：“澄む”不仅用于描述水，还可指空气、声音等的清澈或纯净。</li></ol>,[sound:jlpt_vocabulary_in_sentence_澄む.mp3]
清む,清澈,川の水が清んでいます。,河水很清澈。,<ruby>川<rt>かわ</rt></ruby>の<ruby>水<rt>みず</rt></ruby>が<ruby>清んで<rt>すんで</rt></ruby><ruby>います<rt>います</rt></ruby>。,<ol><li>川（かわ）：河流。</li><li>の：表示所属、连接名词和名词。</li><li>水（みず）：水。</li><li>が：助词，表示主语。</li><li>清んで（すんで）：动词“清む”的て形，表示“变得清澈”。</li><li>います：动词“いる”的礼貌形，表示存在或正在进行，此处和动词的て形连用，表示正在发生的动作。</li><li>语法知识：“ている”形式主要表示正在进行中的动作或状态，此处用于描述水的状态“很清澈”。“清む”是日本常用于描写水或空气清澈透明的词，对应中文“清澈”。</li></ol>,[sound:jlpt_vocabulary_in_sentence_清む.mp3]
刷る,印刷,この本を百部刷ります。,这本书要印刷一百册。,<ruby>この<rt>この</rt></ruby><ruby>本<rt>ほん</rt></ruby><ruby>を<rt>を</rt></ruby><ruby>百部<rt>ひゃくぶ</rt></ruby><ruby>刷ります<rt>すります</rt></ruby>。,<ol><li>この：指示代词，表示“这个”。</li><li>本（ほん）：名词，书本。</li><li>を：助词，做宾语标记。</li><li>百部（ひゃくぶ）：数量词，表示一百册（本、杂志等印刷品才用“部”）。</li><li>刷ります（すります）：动词“刷る”的ます形，意思为“印刷”。此词也含有“印刷”的意思，不同于刷牙的“磨く（みがく）”。</li><li>助词用法：宾语后用「を」，动作后面用ます形结尾为礼貌表达。</li><li>文化提示：“部”是日语中统计书籍、杂志等印刷品常用的量词，汉语中常说“一本”，日语为“一部”。</li></ol>,[sound:jlpt_vocabulary_in_sentence_刷る.mp3]
為る,做，进行,明日も仕事を為る予定です。,明天也打算工作。,<ruby>明日<rt>あした</rt></ruby>も<ruby>仕事<rt>しごと</rt></ruby>を<ruby>為る<rt>する</rt></ruby><ruby>予定<rt>よてい</rt></ruby>です。,<ol><li>明日（あした）：明天。</li><li>も：副助词，表示“也”。</li><li>仕事（しごと）：工作、职业。</li><li>を：宾语助词，标记动作的对象。</li><li>為る（する）：做、实施。这里用汉字写法“為る”，但日常多写作假名“する”；书面语或正式文件较多见汉字写法。TTS易误读为「ためる」或「なる」，应读作「する」。</li><li>予定（よてい）：计划、安排。</li><li>です：礼貌句末词，相当于“是”。</li><li>日语中“為る”意思非常广泛，可以指进行某种行为、工作、活动等，经常作为动词使用。注意，不建议用于「健康を為る」这类搭配，常用在表示实际动作。</li></ol>,[sound:jlpt_vocabulary_in_sentence_為る.mp3]
鋭い,锋利，敏锐,彼の意見はとても鋭いと思います。,我觉得他的意见非常敏锐。,<ruby>彼<rt>かれ</rt></ruby>の<ruby>意見<rt>いけん</rt></ruby>はとても<ruby>鋭い<rt>するどい</rt></ruby>と<ruby>思います<rt>おもいます</rt></ruby>。,<ol><li>彼（かれ）：他，指代男性第三人称。</li><li>意見（いけん）：意见、看法。</li><li>鋭い（するどい）：可以形容事物的锋利，也可表示思维、观察等非常敏锐。用于人时多表示“敏锐、尖锐”。</li><li>とても：非常，很，用于强调后面的形容词或者形容动词。</li><li>思います（おもいます）：“觉得、认为”的意思，是动词「思う」的敬体形式。</li><li>语法结构：“〜と思います”意为“我觉得……”，用于表达个人的看法或主观判断。</li></ol>,[sound:jlpt_vocabulary_in_sentence_鋭い.mp3]
すれ違う,擦肩而过,彼と駅ですれ違うことが多い。,我经常在车站和他擦肩而过。,<ruby>彼<rt>かれ</rt></ruby>と<ruby>駅<rt>えき</rt></ruby>で<ruby>すれ違う<rt>すれちがう</rt></ruby>ことが<ruby>多い<rt>おおい</rt></ruby>。,<ol><li>彼（かれ）：他，指男性。</li><li>駅（えき）：车站。</li><li>すれ違う（すれちがう）：动词，表示人与人错身而过、遇不到或意见不合等场景。可指物理上擦肩，也可用比喻意义。</li><li>こと：名词化助词，使前面的动作成为一个事情。</li><li>が：主格助词，提示主题。</li><li>多い（おおい）：形容词，表示数量多。</li><li>语法说明：通常「Aとすれ違う」表示与A擦肩而过。可用于形容现实中的偶遇、错过或比喻意见不合。</li><li>文化背景：日本生活中，公共场合如车站、街道常常使用「すれ違う」来描述人与人之间的擦肩场景。</li></ol>,[sound:jlpt_vocabulary_in_sentence_すれ違う.mp3]
ずれる,偏离,予定が少しずれてしまいました。,计划稍微有些偏离了。,<ruby>予定<rt>よてい</rt></ruby>が<ruby>少し<rt>すこし</rt></ruby><ruby>ずれて<rt>ずれて</rt></ruby><ruby>しまいました<rt>しまいました</rt></ruby>。,<ol><li>予定（よてい）：计划、预定事项。</li><li>が：格助词，表示主语。</li><li>少し（すこし）：一点、稍微。</li><li>ずれる：动词，偏离，出现偏差，也可以表示错开或不重合，应用广泛。例如时间、位置、计划等都可以用ずれる表示有偏移。</li><li>〜てしまいました：表示遗憾或某事已经完成，带有“不幸已经发生”的语气，也可表达彻底完成。</li><li>整句话的意思是“计划有些偏离了”，日常生活中常用于表达进度、计划等没有按照原先安排进行。</li></ol>,[sound:jlpt_vocabulary_in_sentence_ずれる.mp3]
正,正、正好,正午に会いましょう。,我们中午见。,<ruby>正午<rt>しょうご</rt></ruby>に<ruby>会い<rt>あい</rt></ruby><ruby>ましょう<rt>ましょう</rt></ruby>。,<ol><li>正午（しょうご）：指的是正中午，12点钟。常用于表达时间，表示一天的中间时刻。“正”在这里读作しょう，跟“正しい（ただしい，正确的）”不同，注意区分读音和意义。</li><li>に：日语助词，表示动作发生的时间点。</li><li>会いましょう：动词“会う（あう，见面）”的意向形，表达“让我们见面吧”、“一起见面吧”。</li><li>日语中表示见面或约定时常用“〜ましょう”表示邀请和建议。</li></ol>,[sound:jlpt_vocabulary_in_sentence_正.mp3]
生,生的；生活,新鮮な生の魚を食べました。,我吃了新鲜的生鱼。,<ruby>新鮮<rt>しんせん</rt></ruby>な<ruby>生<rt>なま</rt></ruby>の<ruby>魚<rt>さかな</rt></ruby>を<ruby>食べました<rt>たべました</rt></ruby>。,<ol><li>新鮮（しんせん）：形容词，指事物很新，很新鲜。</li><li>生（なま）：这里指“生的”、“未加工的”，如生鱼、生肉，在日本料理中常见。例如“生ビール”（なまビール，生啤酒）。注意“生”有多个读音，常用于“なま”表示“未加工”，用“せい”多表示“生活”、“学生”等，如“生活（せいかつ）”、“学生（がくせい）”。机器朗读时“生”请根据上下文选择正确读音。</li><li>魚（さかな）：鱼。</li><li>を：助词，标记宾语。</li><li>食べました（たべました）：“食べる”的过去式敬体，表示吃了。</li><li>文化背景：日本料理中常吃生鱼，如“刺身（さしみ）”等。</li></ol>,[sound:jlpt_vocabulary_in_sentence_生.mp3]
性,性格、性质,彼女は明るい性の持ち主です。,她是个性格开朗的人。,<ruby>彼女<rt>かのじょ</rt></ruby>は<ruby>明るい<rt>あかるい</rt></ruby><ruby>性<rt>せい</rt></ruby>の<ruby>持ち主<rt>もちぬし</rt></ruby>です。,<ol><li>彼女（かのじょ）：指“她”。</li><li>明るい（あかるい）：形容词，表示“开朗的、明亮的”。</li><li>性（せい）：名词，常用来表示“性格、性质”，在描述人的个性特点时使用。</li><li>～の持ち主（もちぬし）：表达“拥有～的人”，这里指拥有某种性格的人。</li><li>日语中“性（せい）”常与“明るい”、“真面目な”这类形容词搭配，表示某种性格。</li><li>“性”这个词汉语也有“性格、性质”之意，但在日语中不同场合下也指“生理上的性别”，需根据语境辨别。</li></ol>,[sound:jlpt_vocabulary_in_sentence_性.mp3]
姓,姓氏,私は田中という姓です。,我姓田中。,<ruby>私<rt>わたし</rt></ruby>は<ruby>田中<rt>たなか</rt></ruby><ruby>という<rt>という</rt></ruby><ruby>姓<rt>せい</rt></ruby><ruby>です<rt>です</rt></ruby>。,<ol><li>私（わたし）：第一人称，表示“我”。</li><li>は：主题助词，提示主语“私”。</li><li>田中（たなか）：常见日本姓氏，这里是姓氏的具体内容。</li><li>という：解释说明性用法，表示“叫做……的”或“名为……”。</li><li>姓（せい）：表示“姓氏”，多用于正式或书面语，口语通常直接说姓氏本身（如“田中です”）。</li><li>です：敬体句尾，表示礼貌。</li><li>“姓”在日本多用于正式场合，比如履历表、身份证明等，平时自我介绍时可直接称呼姓氏。</li></ol>,[sound:jlpt_vocabulary_in_sentence_姓.mp3]
所為,原因，作为,彼の失敗は自分の所為だ。,他的失败是自己的原因。,<ruby>彼<rt>かれ</rt></ruby>の<ruby>失敗<rt>しっぱい</rt></ruby>は<ruby>自分<rt>じぶん</rt></ruby>の<ruby>所為<rt>せい</rt></ruby>だ。,<ol><li>彼（かれ）：他，指代男性。</li><li>失敗（しっぱい）：失败，做事没有成功。</li><li>は：提示助词，表示主题。</li><li>自分（じぶん）：自己，本人。</li><li>所為（せい）：原因，通常表示导致结果的消极或负面原因。发音为せい，不读作しょい或しょい。TTS容易错误发音。</li><li>だ：判断句结尾，断定句语气。</li><li>「〜の所為だ」：表示“归咎于……”，“都是……导致的”。所為可以用于表示他人的责任，也可以加自分，强调“都是自己的缘故”。</li><li>文化补充：所為多用于负面影响或消极后果，积极影响一般不用「所為」而用「おかげ」。两者要区分。</li></ol>,[sound:jlpt_vocabulary_in_sentence_所為.mp3]
税,税收,日本では税が生活に欠かせません。,在日本，税收对生活来说不可或缺。,<ruby>日本<rt>にほん</rt></ruby>では<ruby>税<rt>ぜい</rt></ruby>が<ruby>生活<rt>せいかつ</rt></ruby>に<ruby>欠かせません<rt>かかせません</rt></ruby>。,<ol><li>日本（にほん）：指日本国家。</li><li>では：助词“で”表示地点，“は”作提示。合起来表示在某处（主题）。</li><li>税（ぜい）：表示“税收”。</li><li>生活（せいかつ）：表示日常生活、生活。</li><li>欠かせません（かかせません）：动词“欠かす”的否定敬体形式，意为“不可缺少”。</li><li>语法说明：“税が生活に欠かせません”中“が”标明主语，“に”表示作用对象（对生活），“欠かせません”为否定形式的敬体语，整个意思是“对生活来说税收不可或缺”。</li></ol>,[sound:jlpt_vocabulary_in_sentence_税.mp3]
性格,性格,彼の性格は明るいです。,他的性格很开朗。,<ruby>彼<rt>かれ</rt></ruby>の<ruby>性格<rt>せいかく</rt></ruby>は<ruby>明るい<rt>あかるい</rt></ruby>です。,<ol><li>彼（かれ）：第三人称男性，指“他”。</li><li>の：表示所属关系，相当于汉语的“的”。</li><li>性格（せいかく）：意为“性格”，指人的个性、脾气。此词多用于描述人格特质，无论积极还是消极都能用。</li><li>は：主题助词，强调前面的部分是句子的主题。</li><li>明るい（あかるい）：意为“开朗、明亮”，常用来形容性格外向开朗的人，也可以指颜色、环境明亮。</li><li>です：礼貌结句表达，相当于“是”的敬语形式。</li><li>本句语法结构为“主语+の+性格+は+形容词+です”，为日语描述人物性格的常见表达方式。</li></ol>,[sound:jlpt_vocabulary_in_sentence_性格.mp3]
正確,正确,この答えが正確か確認してください。,请确认这个答案是否正确。,この<ruby>答え<rt>こたえ</rt></ruby>が<ruby>正確<rt>せいかく</rt></ruby>か<ruby>確認<rt>かくにん</rt></ruby><ruby>してください<rt>してください</rt></ruby>。,<ol><li>この：指示词，意思是“这个”。</li><li>答え（こたえ）：名词，意思是“答案”，常用于问答场景。</li><li>が：主格助词，标记主语“答案”。</li><li>正確（せいかく）：形容动词，意思是“正确”。</li><li>か：疑问助词，表示疑问语气。</li><li>確認（かくにん）：名词+动词“する”连用，意思是“确认”。</li><li>してください：“する”的て-形+ください，表示“请～”，是较有礼貌的请求表达。</li><li>语法知识：“形容动词+か”表示对性质的疑问。</li></ol>,[sound:jlpt_vocabulary_in_sentence_正確.mp3]
世紀,世纪,二十一世紀は情報の時代です。,21世纪是信息的时代。,<ruby>二十一<rt>にじゅういち</rt></ruby><ruby>世紀<rt>せいき</rt></ruby>は<ruby>情報<rt>じょうほう</rt></ruby>の<ruby>時代<rt>じだい</rt></ruby>です。,<ol><li>二十一世紀（にじゅういちせいき）：指21世纪。日本数字表达和中文一致，顺序是“二十一”。</li><li>は：主题助词，提示句子的主题，即“二十一世纪”。</li><li>情報（じょうほう）：信息。指现代社会广泛流通的资讯。</li><li>の：连接名词，表所属或性质，相当于“的”。</li><li>時代（じだい）：时代、时期。</li><li>です：礼貌体句末助动词，相当于“是”。</li><li>语法说明：日语中，句中名词以“は”作主题，谓语常用“です”作礼貌结束。常见表达“○○は△△です”意为“○○是△△”。</li><li>文化提示：“情報の時代”在日本也常用于描述现代社会数字化和信息技术发达的现象。</li></ol>,[sound:jlpt_vocabulary_in_sentence_世紀.mp3]
請求,请求，要求,彼は私に助けを請求しました。,他向我请求了帮助。,<ruby>彼<rt>かれ</rt></ruby>は<ruby>私<rt>わたし</rt></ruby>に<ruby>助け<rt>たすけ</rt></ruby>を<ruby>請求<rt>せいきゅう</rt></ruby><ruby>しました<rt>しました</rt></ruby>。,<ol><li>彼（かれ）：表示“他”，用于指代第三人称的男性。</li><li>助け（たすけ）：名词，表示“帮助、援助”。</li><li>請求（せいきゅう）：名词/动词，表示“请求”、“要求”。在日常场合多用于正式或书面请求（如费用、帮助等），TTS有时会错误读成“しょうきゅう”，正确应为“せいきゅう”。</li><li>〜を請求する：日语惯用表达，表示“请求……”。</li><li>しました：是“する（做）”的过去式礼貌形“しました”。</li></ol>,[sound:jlpt_vocabulary_in_sentence_請求.mp3]
税金,税款,市役所で税金を払いました。,我在市政府交了税金。,<ruby>市役所<rt>しやくしょ</rt></ruby>で<ruby>税金<rt>ぜいきん</rt></ruby>を<ruby>払いました<rt>はらいました</rt></ruby>。,<ol><li>市役所（しやくしょ）：市政府办公室。负责本市行政事务的机关。</li><li>で：表示动作发生的场所。这里指“在市政府”。</li><li>税金（ぜいきん）：指必须向国家或地方政府缴纳的钱，即税款。常用发音为“ぜいきん”。</li><li>を：宾格助词，标明“税金”为动作对象。</li><li>払いました（はらいました）：“払う”（はらう）的过去式，意为“支付、缴纳”。</li><li>语法说明：句子结构为“场所+で+宾语+を+动词ました”。表示在什么地方做了某事。</li><li>备注：在日本，市役所往往设有专门办理税金事务的窗口。外国人到日本生活时，办理住民税（じゅうみんぜい）等缴纳手续需到市役所。</li></ol>,[sound:jlpt_vocabulary_in_sentence_税金.mp3]
清潔,清洁,部屋はいつも清潔にしています。,房间一直保持干净整洁。,<ruby>部屋<rt>へや</rt></ruby>はいつも<ruby>清潔<rt>せいけつ</rt></ruby>にしています。,<ol><li>部屋（へや）：房间。</li><li>は：主题助词，提示主语。</li><li>いつも：总是、一直。</li><li>清潔（せいけつ）：清洁、干净，常用于环境、身体卫生等正式场合的表达。</li><li>〜にしています：表示使某事物处于某种状态，这里“清潔にしています”意为“保持清洁”。“〜にする”是使役用法，“〜ています”表示持续状态。</li><li>います：表示动作的持续。“しています”即“している”的礼貌形，说明行为反复或习惯。</li></ol>,[sound:jlpt_vocabulary_in_sentence_清潔.mp3]
制限,限制,この部屋には人数の制限があります。,这个房间有人数限制。,この<ruby>部屋<rt>へや</rt></ruby>には<ruby>人数<rt>にんずう</rt></ruby>の<ruby>制限<rt>せいげん</rt></ruby>があります。,<ol><li>この：表示“这个”，为指示代词“これ”的连体形，后接名词。</li><li>部屋（へや）：房间。</li><li>には：助词“に”表示存在场所，“は”是提示主题助词，合起来强调“在这个房间中”。</li><li>人数（にんずう）：人数。</li><li>の：表所属、限定。</li><li>制限（せいげん）：限制、限定。</li><li>があります：表达某物“有、存在”，“が”作主语标记，“あります”用于非生命体存在。</li><li>语法点：“～に～があります”结构用于表示在某处存在某物/情况，如“箱の中に猫がいます”。</li><li>文化补充：在日本，许多场所如电梯、房间、餐厅等会明确规定人数限制（制限），以确保安全和舒适，遵守此类规定非常重要。</li></ol>,[sound:jlpt_vocabulary_in_sentence_制限.mp3]
成功,成功,彼は苦労の末に成功した。,他经过努力最终成功了。,<ruby>彼<rt>かれ</rt></ruby>は<ruby>苦労<rt>くろう</rt></ruby>の<ruby>末<rt>すえ</rt></ruby>に<ruby>成功<rt>せいこう</rt></ruby>した。,<ol><li>彼（かれ）：表示“他”。指男性。</li><li>苦労（くろう）：表示“辛苦”“努力”。</li><li>末に（すえに）：接在表示过程的名词后，表示“经过……之后最终”。相当于“在……之后”。</li><li>成功（せいこう）：表示“成功”。可做名词和动词，根据搭配动词变化。这里用过去式成功した（成功了）。“成（せい）”有多种发音，但作为“成功”时统一读せいこう。</li><li>日语表达“努力后最终成功”时，常用“～の末に”结构，语气较为书面。</li></ol>,[sound:jlpt_vocabulary_in_sentence_成功.mp3]
正式,正式,正式な発表がありました。,有了正式的发表。,<ruby>正式な<rt>せいしきな</rt></ruby><ruby>発表<rt>はっぴょう</rt></ruby>が<ruby>ありました<rt>ありました</rt></ruby>。,<ol><li>正式（せいしき）：日语形容动词，意指“正式、正规的”。常用作正式な，表示形容词性质。</li><li>な：形容动词与名词连用时的连接词，如“正式な発表”。</li><li>発表（はっぴょう）：名词，表示“发表、发布”。</li><li>ありました：动词“ある”的过去式，表示“有、发生过”。</li><li>句子结构为“（名词/形容动词）な＋名词＋がありました”，常表示“有某种/某类事情发生”。</li></ol>,[sound:jlpt_vocabulary_in_sentence_正式.mp3]
性質,性质,水は無色透明な性質を持っています。,水有无色透明的性质。,<ruby>水<rt>みず</rt></ruby>は<ruby>無色透明<rt>むしょくとうめい</rt></ruby>な<ruby>性質<rt>せいしつ</rt></ruby>を<ruby>持っています<rt>もっています</rt></ruby>。,<ol><li>水（みず）：意为“水”。</li><li>は：主题标记助词，表示主语。</li><li>無色透明（むしょくとうめい）：意为“无色透明”，复合词，用于描述物质的外观。</li><li>な：连体词“な”，这里将“无色透明”与名词“性質”连接，形成“无色透明的性质”。</li><li>性質（せいしつ）：意为“性质、特性”，指物体或事物本身固有的特点。</li><li>を：宾语助词，表示动作的对象。</li><li>持っています（もっています）：动词“持つ”的ている形式，意为“拥有、具有”。“持っている”常用于表示现在状态或特点的持续。</li><li>语法要点：“Aな性質”表示“带有A这种性质”，是描述物体特性的常用表达。</li></ol>,[sound:jlpt_vocabulary_in_sentence_性質.mp3]
精神,精神、精力,彼はいつも精神が強い人です。,他一直是个精神很坚强的人。,<ruby>彼<rt>かれ</rt></ruby>はいつも<ruby>精神<rt>せいしん</rt></ruby>が<ruby>強い<rt>つよい</rt></ruby><ruby>人<rt>ひと</rt></ruby>です。,<ol><li>彼（かれ）：第三人称“他”。女性可用“彼女（かのじょ）”。</li><li>いつも：意思为“总是、一直”。</li><li>精神（せいしん）：表示人的精神、精力、意志等抽象概念。</li><li>が：主语标记，强调主语。</li><li>強い（つよい）：形容词，意思是“强、坚强”。</li><li>人（ひと）：人。</li><li>です：正式结句助动词，表示礼貌。</li><li>日语“精神（せいしん）”与中文的“精神”意义接近，常指心理、意志、内在力量等，不用于“精神状态好”时的“元気”。</li></ol>,[sound:jlpt_vocabulary_in_sentence_精神.mp3]
成人,成年人,彼は最近成人になりました。,他最近成为了成年人。,<ruby>彼<rt>かれ</rt></ruby>は<ruby>最近<rt>さいきん</rt></ruby><ruby>成人<rt>せいじん</rt></ruby>に<ruby>なりました<rt>なりました</rt></ruby>。,<ol><li>彼（かれ）：他，用于第三人称男性。</li><li>最近（さいきん）：最近，指时间靠近现在。</li><li>成人（せいじん）：成年人，法律上通常指已满18或20岁（日本2022年起为18岁）。</li><li>〜になりました：表示状态的变化，变成了什么。</li><li>在日本，成人（せいじん）指拥有法律上的权利与义务，如可以签订合同等。</li></ol>,[sound:jlpt_vocabulary_in_sentence_成人.mp3]
精々,最多、充其量,彼は精々三日しか休めませんでした。,他最多只能休息三天。,<ruby>彼は<rt>かれは</rt></ruby><ruby>精々<rt>せいぜい</rt></ruby><ruby>三日<rt>みっか</rt></ruby>しか<ruby>休めませんでした<rt>やすめませんでした</rt></ruby>。,<ol><li>彼(かれ)：指“他”，是日语中第三人称单数男性称呼。</li><li>精々(せいぜい)：表示“最多、充其量”，说明数量或程度的极限。多用于强调不超过某一程度。</li><li>三日(みっか)：表示“三天”，是特殊读法。</li><li>しか～ません：表示“只有……”、“仅仅……”，带有否定，强调数量少。 </li><li>休めませんでした(やすめませんでした)：“休める”是“能休息”，否定过去年态表示“没能休息”。</li><li>“精々”有时也写作“せいぜい”纯假名，多用于口语。</li></ol>,[sound:jlpt_vocabulary_in_sentence_精々.mp3]
覚める,醒来,朝早く目が覚めることがあります。,有时候早上很早就会醒来。,<ruby>朝早く<rt>あさはやく</rt></ruby><ruby>目<rt>め</rt></ruby>が<ruby>覚める<rt>さめる</rt></ruby>ことが<ruby>あります<rt>あります</rt></ruby>。,<ol><li>朝早く（あさはやく）：意思是“清晨、很早的时候”。</li><li>目（め）：意为“眼睛”，在这里用在惯用表达“目が覚める”，指的是“醒来”。</li><li>覚める（さめる）：自动词，表示“（睡意、酒意等）消醒、醒来”。</li><li>ことがある：固定表达，表示“有时会……，有……的情况”。用于描述偶尔发生的事情。</li><li>外国人注意：“目が覚める”常见于“自然醒”时使用，而非被吵醒。</li></ol>,[sound:jlpt_vocabulary_in_sentence_覚める.mp3]
墨,墨汁,書道の授業で墨を使いました。,在书法课上用到了墨汁。,<ruby>書道<rt>しょどう</rt></ruby>の<ruby>授業<rt>じゅぎょう</rt></ruby>で<ruby>墨<rt>すみ</rt></ruby>を<ruby>使いました<rt>つかいました</rt></ruby>。,<ol><li>書道（しょどう）：指的是日本的书法，是传统文化活动之一。</li><li>授業（じゅぎょう）：课堂、课程。表示上课时间。</li><li>で：格助词，表示动作发生的场所。</li><li>墨（すみ）：专指写书法用的墨汁，汉字和日语读音相近。</li><li>使いました（つかいました）：动词“使う”的过去式，意思是“使用了”。</li><li>本句语法结构为「场所で＋名词を＋动词」，表示在某地使用某物。</li><li>书法（書道）在日本是从小学生就开始学习的常见课程。</li></ol>,[sound:jlpt_vocabulary_in_sentence_墨.mp3]
成績,成绩,彼は成績がとても良いです。,他的成绩非常好。,<ruby>彼は<rt>かれは</rt></ruby><ruby>成績<rt>せいせき</rt></ruby>がとても<ruby>良い<rt>よい</rt></ruby>です。,<ol><li>彼（かれ）：指“他”。日语的第三人称单数男性代词。</li><li>成績（せいせき）：表示“成绩”，常用于学习、考试、工作的评价结果。如果说“成績が良い”表示成绩优秀，“成績が悪い”表示成绩差。</li><li>が：助词，标记主语或描述对象，此句中标记“成績”作为描述对象。</li><li>とても：副词，“非常、很”，加强形容词或副词的程度。</li><li>良い（よい）：形容词，意为“好”。和“いい”同义，书面语常用“良い”。注意“良い”标准发音是“よい”，但口语中常读作“いい”。</li><li>です：礼貌助动词，句末表达礼貌。</li></ol>,[sound:jlpt_vocabulary_in_sentence_成績.mp3]
製造,制造、生产,この工場で車を製造しています。,这个工厂在生产汽车。,この<ruby>工場<rt>こうじょう</rt></ruby>で<ruby>車<rt>くるま</rt></ruby>を<ruby>製造<rt>せいぞう</rt></ruby><ruby>しています<rt>しています</rt></ruby>。,<ol><li>この：指示词，意为“这个”。</li><li>工場（こうじょう）：名词，工厂。</li><li>で：表示动作发生的地点，相当于中文“在……（地方）”。</li><li>車（くるま）：名词，汽车。</li><li>を：宾格助词，标记动作的对象。</li><li>製造（せいぞう）：名词、他动词，指“制造”或“生产”。</li><li>しています：动词“する”的ている形，表示正在进行，该用法可理解为“正在做……”。</li><li>句子语法：“〜で〜を〜しています”为常用表达，表示“在某地正在做某事”。</li></ol>,[sound:jlpt_vocabulary_in_sentence_製造.mp3]
贅沢,奢侈,週末は少し贅沢な食事をした。,周末吃了有点奢侈的饭菜。,<ruby>週末<rt>しゅうまつ</rt></ruby>は<ruby>少し<rt>すこし</rt></ruby><ruby>贅沢<rt>ぜいたく</rt></ruby>な<ruby>食事<rt>しょくじ</rt></ruby>をした。,<ol><li>週末（しゅうまつ）：表示一周的最后两天，即“周末”。</li><li>少し（すこし）：意思是“稍微、有点”。</li><li>贅沢（ぜいたく）：名词和形容动词，表示奢侈、讲究。用作形容动词时接「な」，如本句的「贅沢な」。</li><li>食事（しょくじ）：意思是“饭菜、吃饭”。</li><li>「〜をした」：表示做了某件事。「食事をした」就是“吃了饭”。</li><li>语法：“贅沢な”在句中作定语，修饰“食事”，结构为“形容动词词干＋な＋名词”。</li><li>文化补充：“贅沢”在日本可以指价格高的东西，也可以强调比平常更讲究、有仪式感的生活内容，并不限于财富显示。</li></ol>,[sound:jlpt_vocabulary_in_sentence_贅沢.mp3]
成長,成长,子供は毎日成長しています。,孩子每天都在成长。,<ruby>子供<rt>こども</rt></ruby>は<ruby>毎日<rt>まいにち</rt></ruby><ruby>成長<rt>せいちょう</rt></ruby>しています。,<ol><li>子供（こども）：指儿童、孩子。</li><li>は：助词，表示主题。</li><li>毎日（まいにち）：每天。</li><li>成長（せいちょう）：成长、成长过程。用于描述人、动植物逐渐发育、长大的状态。在这里做名词使用，后面加して变为「成長する」（动词：成长）。</li><li>して：する的て形，用于连接后续表达。</li><li>います：いる（表示存在、进行）敬体，和动词て形一起表进行时，表示动作正在发生，即“正在成长”。</li><li>语法：日语中“动词て形＋います”表示某动作正在进行或反复进行，这里强调孩子成长是一个持续状态。</li></ol>,[sound:jlpt_vocabulary_in_sentence_成長.mp3]
生長,生长,植物は太陽の光で生長します。,植物通过太阳的光线生长。,<ruby>植物<rt>しょくぶつ</rt></ruby>は<ruby>太陽<rt>たいよう</rt></ruby>の<ruby>光<rt>ひかり</rt></ruby>で<ruby>生長<rt>せいちょう</rt></ruby><ruby>します<rt>します</rt></ruby>。,<ol><li>植物（しょくぶつ）：意为“植物”，常用于描述所有绿色的自然产生的植物。</li><li>は：主题助词，表示主语，是日语句子的常用结构。</li><li>太陽（たいよう）：意为“太阳”。</li><li>の：连接词，表示所属关系。“AのB”结构多用于所有或修饰关系。</li><li>光（ひかり）：表示“光”，常指日常自然界的光线。</li><li>で：表示手段、方式，相当于中文“用、通过”。</li><li>生長（せいちょう）：意为“生长”，多用于生物成长或事物发展。注意「生長」和常用汉字词「成長（せいちょう）」发音相同但意思有区别，「生長」更偏向生物成长过程，而「成長」也有“成长、进步”之义。</li><li>します：动词“する（做）”的敬体形式，用于表示动作或状态。</li><li>加“ます”表达礼貌。整个句子结构为主语+は+手段+で+动作，体现日语标准句型。</li></ol>,[sound:jlpt_vocabulary_in_sentence_生長.mp3]
制度,制度、体制,日本には独特な制度があります。,日本有独特的制度。,<ruby>日本<rt>にほん</rt></ruby>には<ruby>独特<rt>どくとく</rt></ruby>な<ruby>制度<rt>せいど</rt></ruby>が<ruby>あります<rt>あります</rt></ruby>。,<ol><li>日本（にほん）：指日本国家。</li><li>には：表示强调主语，に是方向助词，は是主题助词。</li><li>独特（どくとく）：形容动词，表示与众不同的、特别的。</li><li>な：独特的活用连接助词，将形容动词与名词（制度）连接。</li><li>制度（せいど）：名词，指制度、体制。</li><li>が：主语助词，表示“有”的对象。</li><li>あります：表示“有”，用于无生命物体和抽象事物的存在表达。</li><li>语法点：「名词があります」用来表示无生命的物品、制度等客观存在。「独特な」为形容动词接续，后接名词。</li></ol>,[sound:jlpt_vocabulary_in_sentence_制度.mp3]
青年,青年,青年は未来への希望を持っています。,青年怀有对未来的希望。,<ruby>青年<rt>せいねん</rt></ruby>は<ruby>未来<rt>みらい</rt></ruby>への<ruby>希望<rt>きぼう</rt></ruby>を<ruby>持っています<rt>もっています</rt></ruby>。,"<ol><li>青年（せいねん）：指15岁至30多岁左右的年轻人，表示精力旺盛、思想活跃的成年人。</li><li>は：主题助词，表示主语，常用来提示句子的主题。</li><li>未来（みらい）：将来、今后。</li><li>への：助词""へ""表示方向，""の""为所属性助词，合起来表示“向……的”。</li><li>希望（きぼう）：希望、愿望。</li><li>を：宾格助词，表示动作的对象。</li><li>持っています（もっています）：动词""持つ""的「～ている」形，表示现在的状态，即“持有、拥有”。</li></ol>",[sound:jlpt_vocabulary_in_sentence_青年.mp3]
生年月日,出生日期,生年月日を教えてください。,请告诉我您的出生日期。,<ruby>生年月日<rt>せいねんがっぴ</rt></ruby>を<ruby>教えて<rt>おしえて</rt></ruby>ください。,<ol><li>生年月日（せいねんがっぴ）：指的是“出生的年、月、日”，在各种表格、证件登记时常用。</li><li>教えてください：是动词「教える」（おしえる，“告诉、教导”）的连用形加「ください」，表达“请告诉我……”的礼貌请求。</li><li>在日本，填写个人信息时经常需要提供生年月日，包括在医院、学校、银行等场合，是基本的个人信息之一。</li></ol>,[sound:jlpt_vocabulary_in_sentence_生年月日.mp3]
製品,产品,新しい製品が発売されました。,新产品已经上市了。,<ruby>新しい<rt>あたらしい</rt></ruby><ruby>製品<rt>せいひん</rt></ruby>が<ruby>発売<rt>はつばい</rt></ruby><ruby>されました<rt>されました</rt></ruby>。,<ol><li>新しい（あたらしい）：形容词，意思是“新的”。</li><li>製品（せいひん）：名词，意思是“产品”，指工厂等制造出来的物品。</li><li>が：表示主语的助词。</li><li>発売（はつばい）：名词，意思是“发售、上市”。</li><li>されました：する（做）的被动态和敬语形式，结合“発売”使用，意思是“被上市”或“已经发售”。</li><li>这个句子结构比较常见，“名词が発売されました”用于表达新产品上市的情况，日本商业新闻或广告中很常见。</li></ol>,[sound:jlpt_vocabulary_in_sentence_製品.mp3]
政府,政府,日本の政府は新しい法律を決めた。,日本政府制定了新法律。,<ruby>日本<rt>にほん</rt></ruby>の<ruby>政府<rt>せいふ</rt></ruby>は<ruby>新しい<rt>あたらしい</rt></ruby><ruby>法律<rt>ほうりつ</rt></ruby>を<ruby>決めた<rt>きめた</rt></ruby>。,<ol><li>日本（にほん）：日本国的意思。</li><li>政府（せいふ）：代表国家行使行政权力的机构。</li><li>は：主题助词，标示前面的名词为句子的主语。</li><li>新しい（あたらしい）：形容词，表示“新的”。</li><li>法律（ほうりつ）：名词，指“法律”。</li><li>を：宾语助词，用于标记动作的对象。</li><li>決めた（きめた）：动词“決める”的过去形，意思是“决定/制定”。</li><li>语法结构：主语+は+宾语+を+动词。表示“谁对什么做了什么”。</li><li>日本的政府体系为议会制内阁制，首相和内阁成员属于政府。</li></ol>,[sound:jlpt_vocabulary_in_sentence_政府.mp3]
生物,生物,生物の観察は楽しいです。,观察生物很有趣。,<ruby>生物<rt>せいぶつ</rt></ruby>の<ruby>観察<rt>かんさつ</rt></ruby>は<ruby>楽しい<rt>たのしい</rt></ruby>です。,<ol><li>生物（せいぶつ）：指有生命的物体，包括动植物等。用于日常、科学等多个语境。例如：人間も生物の一種です（にんげんも せいぶつの いっしゅ です）。</li><li>観察（かんさつ）：表示“观察、观测”的意思，经常用于自然、科学领域。</li><li>助词「の」：表所属或限定，这里连接“生物（せいぶつ）”和“観察（かんさつ）”，表示“对生物的观察”。</li><li>助词「は」：提示主题，说明“生物的观察”是本句讨论的话题。</li><li>楽しい（たのしい）：形容词，意思是“有趣、愉快”。</li><li>です：表达礼貌语气句尾。</li><li>本句为典型的「AはBです」结构，表示评价或说明。</li></ol>,[sound:jlpt_vocabulary_in_sentence_生物.mp3]
生命,生命,生命は一度しかありません。,生命只有一次。,<ruby>生命<rt>せいめい</rt></ruby>は<ruby>一度<rt>いちど</rt></ruby>しか<ruby>ありません<rt>ありません</rt></ruby>。,<ol><li>生命（せいめい）：指生物体具有的活力与生存状态，中文为“生命”。</li><li>は：主语助词，表示主题，即“生命”。</li><li>一度（いちど）：一次，一回。</li><li>しか：与后面的否定呼应，表示“只有……”。</li><li>ありません：是ある的否定形式，表示“没有，存在不了”。<br>本句句型“一度しかありません”意为“只有一次”，用于强调数量有限。<br>有的TTS会把“生命（せいめい）”误读为“いのち”，但两者不同：<br>“せいめい”较客观、书面，指生物体的生命体征；<br>“いのち”更强调感情色彩，常用于诗歌、日常口语。</li></ol>,[sound:jlpt_vocabulary_in_sentence_生命.mp3]
整理,整理、收拾,部屋を整理してきれいにしました。,把房间整理干净了。,<ruby>部屋<rt>へや</rt></ruby>を<ruby>整理<rt>せいり</rt></ruby>してきれいにしました,<ol><li>部屋（へや）：房间。</li><li>を：表示动作的对象（日语宾格助词）。</li><li>整理（せいり）：整理、收拾。</li><li>して：「する」的て形，表示连接或并列动作。</li><li>きれいに：きれい（干净、美丽）的に形，作副词修饰动词，表示“弄得很干净”。</li><li>しました：「する」的过去式，表示过去发生的动作。</li><li>本句型为“～を整理する”，表示“整理～”。这里通过して形和きれいに一起，表示整理后变得干净。</li><li>语法点：动词て形＋结果，常用于描述做某事后产生的状态变化。</li></ol>,[sound:jlpt_vocabulary_in_sentence_整理.mp3]
咳,咳嗽,彼は風邪で咳が出ています。,他因为感冒正在咳嗽。,<ruby>彼は<rt>かれは</rt></ruby><ruby>風邪で<rt>かぜで</rt></ruby><ruby>咳が<rt>せきが</rt></ruby><ruby>出ています<rt>でています</rt></ruby>。,<ol><li>彼（かれ）：指“他”，第三人称代词。</li><li>は：主题助词，表示主语。</li><li>風邪（かぜ）：感冒。</li><li>で：表示原因、理由。</li><li>咳（せき）：咳嗽，名词。</li><li>が：主格助词，标明主语或新信息。</li><li>出ています：出る（出现、发生）的ている形式，表示动作的持续，结合咳が出ています表示“正在咳嗽”。</li><li>「咳」有两个读音，常用读音为「せき」，念作「せきがでる」（咳が出る，咳嗽）最为日常。作为医学术语或药品名称时，也可能用音读「かい」，不过日常会话几乎不用。TTS有时会误读为「かい」，实际上应读作「せき」。</li></ol>,[sound:jlpt_vocabulary_in_sentence_咳.mp3]
石炭,煤炭,昔は石炭が重要な燃料でした。,以前煤炭是重要的燃料。,<ruby>昔<rt>むかし</rt></ruby>は<ruby>石炭<rt>せきたん</rt></ruby>が<ruby>重要<rt>じゅうよう</rt></ruby>な<ruby>燃料<rt>ねんりょう</rt></ruby>でした。,<ol><li>昔（むかし）：曾经/以前。</li><li>石炭（せきたん）：煤炭，主要指工业革命时期等大规模作为燃料的矿物燃料。</li><li>重要な：表示“重要的”的意思，「な」是形容动词的连接形式。</li><li>燃料（ねんりょう）：燃料，供燃烧用以产生能量。</li><li>でした：是「です」的过去式，表示过去状态。</li><li>文化背景：日本在明治时代到昭和中期，石炭曾经是极为重要的工业能源，许多老一辈人至今对“石炭”十分熟悉。</li></ol>,[sound:jlpt_vocabulary_in_sentence_石炭.mp3]
責任,责任,彼は責任を持って仕事をします。,他负责任地工作。,<ruby>彼は<rt>かれは</rt></ruby><ruby>責任<rt>せきにん</rt></ruby><ruby>を<rt>を</rt></ruby><ruby>持って<rt>もって</rt></ruby><ruby>仕事<rt>しごと</rt></ruby><ruby>を<rt>を</rt></ruby><ruby>します。<rt>します。</rt></ruby>,<ol><li>彼（かれ）：意思是“他”，用于指代男性。</li><li>責任（せきにん）：意思是“责任”，常用表达方式有「責任を持つ」（承担责任）、「責任を取る」（负责）等。</li><li>を：助词，标记动作的对象。</li><li>持って（もって）：持つ（もつ，拿、带、持有）的て形，这里与「責任」搭配，表示“承担、负有”。</li><li>仕事（しごと）：意思是“工作”。</li><li>します：する（做）的敬体，相当于“做”。</li><li>语法说明：句型「Aを持ってBをする」表示“怀着A来做B”或“带着A进行B（的行为）”，如「責任を持って〜」。</li><li>文化补充：「責任を持つ」在日本社会特别强调，对工作和承诺认真负责。</li></ol>,[sound:jlpt_vocabulary_in_sentence_責任.mp3]
石油,石油,日本は石油の多くを輸入しています。,日本进口了大量石油。,<ruby>日本<rt>にほん</rt></ruby>は<ruby>石油<rt>せきゆ</rt></ruby>の<ruby>多く<rt>おおく</rt></ruby>を<ruby>輸入<rt>ゆにゅう</rt></ruby><ruby>しています<rt>しています</rt></ruby>。,<ol><li>日本（にほん）：指日本国家。</li><li>は：主题助词，标记句子的主题。</li><li>石油（せきゆ）：指石油，本句的主题词。</li><li>の：连接名词，表示“的”关系。</li><li>多く（おおく）：数量多，作为名词用在这里，表示大量。</li><li>を：宾语助词，标记动作对象。</li><li>輸入（ゆにゅう）する：意思是“进口”，する动词，表示进行该动作。</li><li>しています：是“する”的ている形，表示动作的持续，即“正在做”或“经常做”。</li><li>日本由于资源有限，需要大量进口能源如石油，这是日常生活和国际贸易中常见表达。</li></ol>,[sound:jlpt_vocabulary_in_sentence_石油.mp3]
世間,世间、社会,世間は広いと言われています。,人们常说世间很广阔。,<ruby>世間<rt>せけん</rt></ruby>は<ruby>広い<rt>ひろい</rt></ruby>と<ruby>言われています<rt>いわれています</rt></ruby>。,<ol><li>世間（せけん）：指社会、社会上的人们或外部世界。常用于表达一般性或人们普遍的看法。</li><li>は：主题助词，标记句子的主题，这里指“世间”。</li><li>広い（ひろい）：形容词，意思是“宽广、广阔”。</li><li>と言われています：と是引用助词，连同言われています（被说、常说），表示“据说”、“常被认为”。本句是表达一种普遍见解的形式。</li></ol>,[sound:jlpt_vocabulary_in_sentence_世間.mp3]
説,说法、主张,その説は多くの人に支持されています。,那个说法被许多人支持。,<ruby>その<rt>その</rt></ruby><ruby>説<rt>せつ</rt></ruby>は<ruby>多く<rt>おおく</rt></ruby>の<ruby>人<rt>ひと</rt></ruby>に<ruby>支持<rt>しじ</rt></ruby><ruby>されています<rt>されています</rt></ruby>。,<ol><li>説（せつ）：表示“说法、学说、主张”。常用于表达某种意见或观点，例如「進化論（しんかろん）という説」是“进化论这个学说”。</li><li>支持（しじ）：指“支持、赞同”。「支持されています」是其被动态，即“被支持”。</li><li>は：主题助词，提示主题。</li><li>多く（おおく）：许多，后接「の」表示修饰范围。</li><li>される：是「する」的被动形，表被动意义。</li></ol>,[sound:jlpt_vocabulary_in_sentence_説.mp3]
積極的,积极的,彼は積極的な態度で仕事に取り組んでいる。,他以积极的态度投入工作。,<ruby>彼は<rt>かれは</rt></ruby><ruby>積極的な<rt>せっきょくてきな</rt></ruby><ruby>態度で<rt>たいどで</rt></ruby><ruby>仕事に<rt>しごとに</rt></ruby><ruby>取り組んでいる<rt>とりくんでいる</rt></ruby>。,<ol><li>彼（かれ）：他。人称代词。</li><li>は：主题助词，表示句子的主题。</li><li>積極的（せっきょくてき）：形容动词，意思是“积极的”。结尾常接「な」修饰名词。</li><li>な：形容动词与名词连用时的连接词。</li><li>態度（たいど）：名词，态度。</li><li>で：格助词，表示行动发生的状态、手段或场所，这里说明用“积极的态度”。</li><li>仕事（しごと）：名词，工作。</li><li>に：格助词，表示目标，这里指向“工作”。</li><li>取り組んでいる（とりくんでいる）：动词「取り組む」的ている形式，表示正在进行，意思为“致力于”，“努力做”。</li><li>语法说明：「積極的」结尾用「な」连接名词，是形容动词用法。「〜ている」表示动作正在持续进行。</li></ol>,[sound:jlpt_vocabulary_in_sentence_積極的.mp3]
設計,设计,新しいビルを設計しています。,我正在设计一栋新大楼。,<ruby>新しい<rt>あたらしい</rt></ruby>ビルを<ruby>設計<rt>せっけい</rt></ruby><ruby>しています<rt>しています</rt></ruby>。,<ol><li>新しい（あたらしい）：形容词，意思是“新的”。</li><li>ビル：外来语，指“建筑、大楼”，来源于英文“building”。</li><li>を：助词，标示宾语。</li><li>設計（せっけい）：名词及动词，意为“设计”，设计建筑、产品等时都用此词。</li><li>しています：动词“する”的ている形，表示正在进行的动作。</li><li>整句语法：“～を設計しています”表示正在设计某物，常用于专业或工作场合。</li></ol>,[sound:jlpt_vocabulary_in_sentence_設計.mp3]
絶対,绝对,絶対にあきらめません。,绝对不会放弃。,<ruby>絶対<rt>ぜったい</rt></ruby>に<ruby>あきらめません<rt>あきらめません</rt></ruby>。,<ol><li>絶対（ぜったい）：表示“绝对、一定”，强调不容质疑的程度。常与否定或肯定句搭配。</li><li>に：日语助词，这里连接副词“絶対”与动词，形成“絶対に”，起副词修饰作用。</li><li>あきらめません：动词“あきらめる（放弃）”的否定形式“ません（不）”，表示“不放弃”。</li><li>整个句子强调“绝不放弃”，在日本表达坚定决心时常用该句型。</li></ol>,[sound:jlpt_vocabulary_in_sentence_絶対.mp3]
セット,套、组、套餐,朝ごはんセットを注文しました。,我点了早餐套餐。,<ruby>朝ごはん<rt>あさごはん</rt></ruby><ruby>セット<rt>せっと</rt></ruby><ruby>を<rt>を</rt></ruby><ruby>注文しました<rt>ちゅうもんしました</rt></ruby>。,<ol><li>朝ごはん（あさごはん）：早餐。「朝」意为“早晨”，“ごはん”是“饭”的意思，两者合起来即“早餐”。</li><li>セット（せっと）：指套餐、成套的东西，常用于餐饮业，表示一起搭配的餐食。另外还可表示“套装”或“一组”。</li><li>を：日语助词，用于标记动作的对象，即“点（什么）”。</li><li>注文しました（ちゅうもんしました）：动词“注文する”（ちゅうもんする，点单、订购）的过去式，表示已经下单的意思。</li><li>日语当中常见的汉字和外来语组合，如“朝ごはんセット”，实际生活中也会看到用片假名直接转写为“モーニングセット”。</li></ol>,[sound:jlpt_vocabulary_in_sentence_セット.mp3]
愛,爱,彼女は家族への愛が深いです。,她对家人的爱很深。,<ruby>彼女<rt>かのじょ</rt></ruby>は<ruby>家族<rt>かぞく</rt></ruby>への<ruby>愛<rt>あい</rt></ruby>が<ruby>深い<rt>ふかい</rt></ruby>です。,<ol><li>彼女（かのじょ）：她，指代女性。</li><li>家族（かぞく）：家庭成员、家人。</li><li>への：表示朝向、针对。这里用“家族への”表示“对家人”的。</li><li>愛（あい）：爱，核心单词。指强烈的情感、亲情等。注意不要误读为“まな”。</li><li>が：主语助词，标记“爱”为主语。</li><li>深い（ふかい）：深的、深厚的，用来形容情感等程度很大。</li><li>です：礼貌形终结词。</li><li>句型“〜への愛が深い”：常用于形容对于某人或某事物的感情很深。在日语中，家庭成员之间的亲情常用“愛”表达，但日本文化中也会用“思いやり”（关怀）等词。</li></ol>,[sound:jlpt_vocabulary_in_sentence_愛.mp3]
相変わらず,依然，照旧,彼は相変わらず元気です。,他依然很有精神。,<ruby>彼<rt>かれ</rt></ruby>は<ruby>相変わらず<rt>あいかわらず</rt></ruby><ruby>元気<rt>げんき</rt></ruby>です。,<ol><li>彼（かれ）：指“他”。</li><li>は：主题助词，提醒句子主语。</li><li>相変わらず（あいかわらず）：副词，表示“依然，照旧”，描述事物状态没有变化。常用于表达某种状态一直持续不变，既可用于积极，也可用于消极状态。</li><li>元気（げんき）：名词，表示活力、精神状态好。</li><li>です：礼貌结句，相当于“是”。</li><li>语序：日语中状态副词通常放在动词、形容词、名词前修饰状态。</li></ol>,[sound:jlpt_vocabulary_in_sentence_相変わらず.mp3]
愛情,爱情,彼の小説には愛情があふれている。,他的小说充满了爱情。,<ruby>彼<rt>かれ</rt></ruby>の<ruby>小説<rt>しょうせつ</rt></ruby>には<ruby>愛情<rt>あいじょう</rt></ruby>が<ruby>あふれている<rt>あふれている</rt></ruby>。,<ol><li>彼（かれ）：他，指男性第三人称。</li><li>小説（しょうせつ）：小说，指文学作品。</li><li>には：に+は，表强调，表示在某方面或某处具有某种特征。</li><li>愛情（あいじょう）：爱情、爱意，可泛指亲情、友情中的爱，不过常用于描述浪漫爱情。</li><li>あふれている：动词“あふれる”（溢出）的ている形式，表示持续状态，译为“充满”。</li><li>日语中，“愛情”可以用于广义的爱，比如亲子、朋友，也可专指男女间的感情，具体要看语境。</li></ol>,[sound:jlpt_vocabulary_in_sentence_愛情.mp3]
合図,信号，暗号,先生が合図をして授業が始まった。,老师打了个信号，课程开始了。,<ruby>先生<rt>せんせい</rt></ruby>が<ruby>合図<rt>あいず</rt></ruby>をして<ruby>授業<rt>じゅぎょう</rt></ruby>が<ruby>始まった<rt>はじまった</rt></ruby>。,<ol><li>先生（せんせい）：老师的意思。</li><li>合図（あいず）：信号、暗号、提示等。用于通过某种动作、表情等传递特定意思或信息。</li><li>〜をして：表示做某个动作，这里是“打信号”，“して”为动词“する”的て形，接在名词后面表示“做～”的意思。</li><li>授業（じゅぎょう）：上课、课程。</li><li>始まった（はじまった）：动词“始まる（はじまる）”的过去式，表示“开始了”。</li><li>句式说明：日语中常用“〜が始まった”表示某事开始了，注意“始まる”为自动词，强调“课程自己开始了”。</li></ol>,[sound:jlpt_vocabulary_in_sentence_合図.mp3]
アイスクリーム,冰淇淋,子供たちはアイスクリームが大好きです。,孩子们非常喜欢冰淇淋。,<ruby>子供たち<rt>こどもたち</rt></ruby>はアイスクリームが<ruby>大好き<rt>だいすき</rt></ruby>です。,"<ol><li>子供たち（こどもたち）：""孩子们""。""子供""指孩子，""たち""表示复数（们）。</li><li>は: 主题助词，标明句子的主题。</li><li>アイスクリーム：""冰淇淋""，外来语，常因外来语而片假名写。</li><li>が：主格助词，标明喜欢的对象。</li><li>大好き（だいすき）：非常喜欢，形容动词，常见表达情感的词语。</li><li>です：敬语结尾，表示礼貌。</li><li>语法：句型“〜は〜が好き/大好きです”常用来表达某人喜欢某物。</li></ol>",[sound:jlpt_vocabulary_in_sentence_アイスクリーム.mp3]
愛する,爱，深爱,彼は家族を愛している。,他爱着家人。,<ruby>彼<rt>かれ</rt></ruby>は<ruby>家族<rt>かぞく</rt></ruby>を<ruby>愛して<rt>あいして</rt></ruby>いる。,<ol><li>彼（かれ）：表示“他”，是第三人称代名词。</li><li>家族（かぞく）：表示“家庭、家人”。</li><li>を：宾格助词，标记动作的对象。</li><li>愛している：是动词「愛する」的「ている」形式，表示正在进行或持续的状态，所以“愛している”可理解为“正在爱”或“一直爱着”。</li><li>本句语序是：主语（彼は）+ 宾语（家族を）+ 谓语（愛している），符合日语常规语序。</li><li>“愛する”适用于深层次的爱，如对家人、恋人、国家等，区别于“好き（すき）”仅表示喜欢或一般的爱好。</li></ol>,[sound:jlpt_vocabulary_in_sentence_愛する.mp3]
相手,对方,相手の意見を聞きます。,我听取对方的意见。,<ruby>相手<rt>あいて</rt></ruby>の<ruby>意見<rt>いけん</rt></ruby>を<ruby>聞きます<rt>ききます</rt></ruby>。,<ol><li>相手（あいて）：指交谈、活动或比赛中的对方，也可泛指对手、伙伴等。其发音为“あいて”，注意“相”字读作“あい”；常见误读为“そうて”，需注意区分。</li><li>意見（いけん）：意见、看法。</li><li>を：表示宾语的助词。</li><li>聞きます（ききます）：动词“聞く”的敬体形式，意思是倾听、询问。</li><li>这个句型为「N1 の N2 を Vます」，表示对某人的某事进行某动作。整体表达尊重对方意见的语境，这是一种日语交流中较为礼貌的表达方式。</li></ol>,[sound:jlpt_vocabulary_in_sentence_相手.mp3]
あいにく,不巧，遗憾,あいにく田中さんは外出しています。,很遗憾，田中先生出去了。,<ruby>あいにく<rt>あいにく</rt></ruby><ruby>田中さん<rt>たなかさん</rt></ruby>は<ruby>外出<rt>がいしゅつ</rt></ruby><ruby>して<rt>して</rt></ruby><ruby>います<rt>います</rt></ruby>。,<ol><li>あいにく：副词，表示“遗憾地、不巧地”。常用于礼貌表达拒绝、歉意，经常出现在商务、日常会话中，含有一点无奈的语气。</li><li>田中さん：一般姓氏+さん，用于礼貌地称呼别人，无论男女皆可。</li><li>外出しています：动词“外出（がいしゅつ）する”的现在进行时，表示“正在外出”。“しています”是“する”的ている形，表示动作状态持续。</li><li>句型讲解：“AはBしています”表示“某人正在做某事”。</li></ol>,[sound:jlpt_vocabulary_in_sentence_あいにく.mp3]
遭う,遇到（不幸）,昨夜大きな事故に遭いました。,昨晚遇到了大的事故。,<ruby>昨夜<rt>さくや</rt></ruby><ruby>大きな<rt>おおきな</rt></ruby><ruby>事故<rt>じこ</rt></ruby>に<ruby>遭いました<rt>あいました</rt></ruby>。,<ol><li>昨夜（さくや）：意为“昨晚”，用于指前一晚。</li><li>大きな：形容词，意为“大”，修饰后面的名词“事故”。</li><li>事故（じこ）：名词，意为“事故、意外”。</li><li>に：助词，表示动作的对象或发生的场合。这里用于表明“遭遇”的对象是“事故”。</li><li>遭いました（あいました）：动词「遭う」的过去式，表示“遭遇了（不好的事情）”。注意「遭う」多用于遇到不幸、灾难等负面事件，不同于「会う」（あう，见面、遇到人）。</li><li>日本人使用「遭う」主要指遇到预想之外的不幸或意外，文化中常见搭配为“事故に遭う”“災難に遭う”。</li></ol>,[sound:jlpt_vocabulary_in_sentence_遭う.mp3]
アウト,出界,野球でボールがアウトになった。,棒球中球出界了。,<ruby>野球<rt>やきゅう</rt></ruby>でボールがアウト<ruby>になった<rt>になった</rt></ruby>。,<ol><li>野球（やきゅう）：棒球，日本盛行的运动之一，规则与欧美基本相同。</li><li>ボール：球（ball），外来语。</li><li>アウト：外来语，意为“出局”或“出界”，在体育、游戏等场合常用。</li><li>になった：动词“なる”（变为）的过去形，表示状态的变化。</li><li>で：表示原因、手段或场所，在这里表示“在……中”。和助词“に”区别：で更偏向动作过程或状态发生的背景。</li></ol>,[sound:jlpt_vocabulary_in_sentence_アウト.mp3]
明かり,灯光,部屋に明かりがついています。,房间里灯亮着。,<ruby>部屋<rt>へや</rt></ruby>に<ruby>明かり<rt>あかり</rt></ruby>がついています。,<ol><li>部屋（へや）：房间。</li><li>に：表示动作发生的场所助词，相当于中文“在”。</li><li>明かり（あかり）：灯光、光亮，也可以指希望、秘诀等抽象含义。主要指灯火或灯泡的光。注意与「灯り」意义近似，日常生活中「明かり」更为常用。</li><li>が：助词，标示主语。此处指“明かり”是主语。</li><li>ついています：「つく」是“亮着、点着”的意思，这里是「つく」的て形加「います」表示状态持续，即“亮着”。</li><li>整体语法：「〜ています」表示某状态正在进行或持续。</li></ol>,[sound:jlpt_vocabulary_in_sentence_明かり.mp3]
空き,空闲、空位,この電車に空き席はありますか。,这辆电车有空位吗？,<ruby>この<rt>この</rt></ruby><ruby>電車<rt>でんしゃ</rt></ruby>に<ruby>空き席<rt>あきせき</rt></ruby>は<ruby>あります<rt>あります</rt></ruby>か。,<ol><li>この：指示词，表示“这个”。</li><li>電車（でんしゃ）：名词，意思是“电车”。</li><li>に：助词，表示存在或方向，这里表示“在（电车）里”。</li><li>空き席（あきせき）：名词，“空き”意为“空闲”，与“席”合成，指“空位”。</li><li>は：提示助词，引出主语或主题。</li><li>あります：动词“ある”的礼貌形，表示物体的存在，用于无生命物体。</li><li>か：疑问助词，表示提问。</li><li>日语中询问座位空闲时常用“空き席”。</li></ol>,[sound:jlpt_vocabulary_in_sentence_空き.mp3]
明らか,明显，清楚,彼のミスは明らかになった。,他的失误变得明显了。,<ruby>彼<rt>かれ</rt></ruby>のミスは<ruby>明らか<rt>あきらか</rt></ruby>になった。,"<ol><li>彼（かれ）：他，指人称代词“他”。</li><li>ミス：英语""miss""或""mistake""的外来语，表示失误、错误。</li><li>は：提示助词，表示主语。</li><li>明らか（あきらか）：形容动词，意思是“明显，清楚”。接续时需用「に」变副词。</li><li>になった：是「なる」的过去形，「～になる」表示变成、成为某种状态。此处「明らかになる」表示“变得明显”。</li><li>日本句子主语常用助词「は」提示，外来语如“ミス”常见于生活/工作场景。</li></ol>",[sound:jlpt_vocabulary_in_sentence_明らか.mp3]
諦める,放弃,彼は夢を諦めることはなかった。,他从未放弃梦想。,<ruby>彼<rt>かれ</rt></ruby>は<ruby>夢<rt>ゆめ</rt></ruby>を<ruby>諦める<rt>あきらめる</rt></ruby>ことはなかった,<ol><li>彼（かれ）：他，对男性的第三人称代词。</li><li>夢（ゆめ）：梦想。</li><li>諦める（あきらめる）：放弃，死心。用来表示因无可奈何等原因不再追求某事。常见搭配“夢を諦める”。</li><li>こと（こと）：这里把动词“諦める”名词化，作为“放弃这件事”。</li><li>は：主题助词。</li><li>なかった：动词“ある”的否定过去式，表达“没有做……”。在这里表示“并未放弃”。</li><li>语法说明：“諦める”是Ⅱ类动词，活用时词尾变化如“諦めます/諦めません”。“ことは～ない”结构常用于表达某事没有发生。</li></ol>,[sound:jlpt_vocabulary_in_sentence_諦める.mp3]
飽きる,厌烦,毎日同じ食事に飽きることがあります。,每天相同的饭菜有时会让人厌烦。,<ruby>毎日<rt>まいにち</rt></ruby><ruby>同じ<rt>おなじ</rt></ruby><ruby>食事<rt>しょくじ</rt></ruby>に<ruby>飽きる<rt>あきる</rt></ruby>ことが<ruby>あります<rt>あります</rt></ruby>。,<ol><li>毎日（まいにち）：表示“每天”。</li><li>同じ（おなじ）：形容词，意思是“相同的”。</li><li>食事（しょくじ）：名词，意为“饭菜”、“餐食”。</li><li>に：格助词，表示动作的对象，这里指“对于相同的饭菜”。</li><li>飽きる（あきる）：动词，表示“厌倦、厌烦、腻”。经常接在某种事物后，表示对其产生厌烦感。常见搭配为「〜に飽きる」。</li><li>こと：把前面动词转成名词，表示“……的事”。</li><li>が：主语助词，标记主语。</li><li>あります：动词“ある”的敬体，表示“有、发生”。这里表达“有会发生XX的时候”。<br>【语法说明】「〜に飽きる」是固定搭配，表示对某事物感到厌烦，不局限于食物，也可用于工作、游戏等，如「仕事に飽きる」。<br>【文化背景】日本饮食虽讲究但家庭餐食重复也常见，因此这个句型生活中使用率高。</li></ol>,[sound:jlpt_vocabulary_in_sentence_飽きる.mp3]
握手,握手,初めて会った人と握手をしました。,和第一次见面的人握了手。,<ruby>初めて<rt>はじめて</rt></ruby><ruby>会った<rt>あった</rt></ruby><ruby>人<rt>ひと</rt></ruby>と<ruby>握手<rt>あくしゅ</rt></ruby>を<ruby>しました<rt>しました</rt></ruby>。,<ol><li>初めて（はじめて）：副词，意思是“第一次”，用于强调之前没有经历过。</li><li>会った（あった）：动词“会う（あう）”的过去式，表示“见过面”。</li><li>人（ひと）：名词“人”。</li><li>と：格助词，这里表示与谁一起，常用法。</li><li>握手（あくしゅ）：名词，指“握手”，源于英语“handshake”。在日本，见面寒暄“握手”较为正式，日常中更多用鞠躬（おじぎ），而“握手”多出现在商业或国际场合。</li><li>を：助词，标记宾语。</li><li>しました：动词“する”的过去式“しました”，礼貌形，表示完成某动作。</li><li>句子结构为“〜と〜をしました”：表示和某人做了某事。</li></ol>,[sound:jlpt_vocabulary_in_sentence_握手.mp3]
悪魔,恶魔,彼は悪魔のように冷たい人です。,他像恶魔一样冷酷无情。,<ruby>彼<rt>かれ</rt></ruby>は<ruby>悪魔<rt>あくま</rt></ruby>のように<ruby>冷たい<rt>つめたい</rt></ruby><ruby>人<rt>ひと</rt></ruby>です。,<ol><li>彼（かれ）：他，通常指男性。用于第三人称。</li><li>は：主语助词，标记主题。</li><li>悪魔（あくま）：恶魔，指传说或宗教中的邪恶存在，有时用来比喻残酷的人。</li><li>のように：表示比喻，意为“像...一样”。其中“よう”是“样子、样”，后加“に”变成副词形式。</li><li>冷たい（つめたい）：冷、冷淡，形容词，用于描述性格或物体的温度，这里指“冷酷无情”。</li><li>人（ひと）：人。</li><li>です：敬体句末，用于表达礼貌。</li><li>“恶魔（あくま）”在日语中涵盖宗教神话含义，也常作为比喻用语，形容残忍或无情的人。</li></ol>,[sound:jlpt_vocabulary_in_sentence_悪魔.mp3]
明ける,天亮、结束,夜が明けるのを待っています。,我正在等待天亮。,<ruby>夜<rt>よる</rt></ruby>が<ruby>明ける<rt>あける</rt></ruby>のを<ruby>待っています<rt>まっています</rt></ruby>。,<ol><li>夜（よる）：夜晚。</li><li>が：主语助词，表示前面的夜是主语。</li><li>明ける（あける）：动词，表示天亮、结束（如年明け、梅雨明け等场景下也可指时间段结束）。自动词，主语用“が”。</li><li>のを：用法为动词普通形+のを，将动词短语名词化，作为宾语。</li><li>待っています（まっています）：动词待つ（等待）的ている形式，表达动作正在进行。</li><li>“夜が明ける”是固定搭配，常用于描述天亮、黎明到来。</li></ol>,[sound:jlpt_vocabulary_in_sentence_明ける.mp3]
揚げる,油炸,母は天ぷらを揚げるのが上手です。,我妈妈很擅长炸天妇罗。,<ruby>母<rt>はは</rt></ruby>は<ruby>天ぷら<rt>てんぷら</rt></ruby>を<ruby>揚げる<rt>あげる</rt></ruby>のが<ruby>上手<rt>じょうず</rt></ruby>です。,<ol><li>母（はは）：意为“母亲、妈妈”，是家里母亲的称呼，本句用作主语。</li><li>天ぷら（てんぷら）：一种日式油炸料理，裹粉后高温油炸，常见食材有海鲜和蔬菜。</li><li>を：宾格助词，表示动作的对象，这里“天ぷらを”表示炸天妇罗。</li><li>揚げる（あげる）：动词，意思是“油炸”，也有举起、升起之意。本句里指料理手法。注意与“上げる（あげる）”等同音异义词区分：常见 TTS 错误是将“揚”读作“よう”。</li><li>のが：动词“揚げる”后加“の”变成名词化，“のが”连接“上手”表示“擅长做……”。</li><li>上手（じょうず）：形容动词，表示“擅长、拿手”。</li><li>です：敬语终助词，礼貌陈述句的句尾。</li><li>日本家庭主妇通常擅长料理天妇罗，是日本常见家常菜。</li></ol>,[sound:jlpt_vocabulary_in_sentence_揚げる.mp3]
挙げる,举起，举例,先生が例を挙げる。,老师举例。,<ruby>先生<rt>せんせい</rt></ruby>が<ruby>例<rt>れい</rt></ruby>を<ruby>挙げる<rt>あげる</rt></ruby>。,<ol><li>先生（せんせい）：老师。</li><li>が：表示主语的助词。</li><li>例（れい）：例子。</li><li>を：宾语助词，表示动作的对象。</li><li>挙げる（あげる）：他动词，意思是“举、举起、列举”。用于“例を挙げる”时指“举例”。该词还有“举手”、“举办”等意思，需结合语境判断。</li><li>句子结构为主语+宾语+动词，是最常见的日语句型。</li><li>日本在课堂教学时老师经常会说“例を挙げます”，表示“举个例子”。</li></ol>,[sound:jlpt_vocabulary_in_sentence_挙げる.mp3]
預かる,保管、照看,私はあなたの荷物を預かります。,我来保管你的行李。,<ruby>私<rt>わたし</rt></ruby>はあなたの<ruby>荷物<rt>にもつ</rt></ruby>を<ruby>預かります<rt>あずかります</rt></ruby>。,<ol><li>私（わたし）：第一人称，表示“我”。</li><li>あなた：第二人称，表示“你”。</li><li>の：连接名词，表示前者（你）是后者（行李）的所属者。</li><li>荷物（にもつ）：名词，意思是“行李、包裹”。</li><li>を：宾格助词，表示动作的对象。</li><li>預かります（あずかります）：「預かる」的敬体形式。动词，意思是替别人保管、看管物品，往往有“暂时为他人看护”的含义，而并非自己占有。</li><li>句型：“～を預かります”意为“代为保管～”，在日语生活中常用于寄存、临时照看的场景，如行李寄存处（荷物預かり所）。</li></ol>,[sound:jlpt_vocabulary_in_sentence_預かる.mp3]
預ける,寄存，托付,荷物を駅に預けることができます。,可以把行李寄存在车站。,<ruby>荷物<rt>にもつ</rt></ruby>を<ruby>駅<rt>えき</rt></ruby>に<ruby>預ける<rt>あずける</rt></ruby>ことができます。,<ol><li>荷物（にもつ）：行李、包裹。</li><li>駅（えき）：车站。</li><li>預ける（あずける）：寄存、托付，把自己的物品暂时交给别人保管。</li><li>〜を〜に預ける：把某物寄存在某处。「を」为宾格助词，指代被托付的东西；「に」为方向助词，表示托付给某处或某人。</li><li>ことができます：表示“可以、能够”，常用于说明能力或许可。</li><li>文化补充：在日本很多车站都设有行李寄存处（コインロッカー等），给旅行者带来很多便利。</li></ol>,[sound:jlpt_vocabulary_in_sentence_預ける.mp3]
汗,汗水,運動後に汗がたくさん出ました。,运动后出了很多汗。,<ruby>運動後<rt>うんどうご</rt></ruby>に<ruby>汗<rt>あせ</rt></ruby>がたくさん<ruby>出ました<rt>でました</rt></ruby>。,<ol><li>運動後（うんどうご）：意思是“运动后”，由“運動（うんどう，运动）”加上“後（ご，……之后）”组成。</li><li>汗（あせ）：意思是“汗水”，这里指人体因运动、热等产生的生理现象。</li><li>が：助词，表示前项（汗）是主语或主体。</li><li>たくさん：副词，意思是“很多”。</li><li>出ました（でました）：动词“出る（でる，出来、流出）”的礼貌过去式，表示动作已经完成。</li><li>语法点：“に”表时间点，“が”作主语助词。整个句子的结构为“时间点+に+主语+が+副词+动词”。</li><li>补充：日语“汗”常作“あせ”读音，注意不要误读为“かん”。本句用过去式描述已发生的事实，表达更自然。</li></ol>,[sound:jlpt_vocabulary_in_sentence_汗.mp3]
与える,给予,先生は学生に賞を与えた。,老师把奖品给了学生。,<ruby>先生<rt>せんせい</rt></ruby>は<ruby>学生<rt>がくせい</rt></ruby>に<ruby>賞<rt>しょう</rt></ruby>を<ruby>与えた<rt>あたえた</rt></ruby>。,<ol><li>先生（せんせい）：老师。</li><li>は：提示主题的助词。</li><li>学生（がくせい）：学生。</li><li>に：表示动作的接受对象，这里表示奖品的接受者是学生。</li><li>賞（しょう）：奖、奖品。</li><li>を：宾语助词，承接“与える”的动作对象“賞”。</li><li>与える（あたえる）：给予、授予，常用来表示权利、奖品、影响等比较正式的“给予”。</li><li>た形（たけい）：“与える”变为过去式“与えた”（あたえた），表示动作已经完成。</li><li>语法知识补充：“AはBにCを与える”结构，意为“A把C给予B”。在正式场合和书面语中常用“与える”，生活口语中常用“あげる”。</li></ol>,[sound:jlpt_vocabulary_in_sentence_与える.mp3]
温かい,温暖的,温かいスープを飲みました。,我喝了热乎乎的汤。,<ruby>温かい<rt>あたたかい</rt></ruby><ruby>スープ<rt>すーぷ</rt></ruby><ruby>を<rt>を</rt></ruby><ruby>飲みました<rt>のみました</rt></ruby>。,<ol><li>温かい：形容词，指“温暖的、热乎的”，多用于描述令人感到舒适的温度（如食物、饮料、人情等）。与“暖かい”（主用于气候、空气等）相区分。</li><li>スープ：外来语，意为“汤”。</li><li>を：助词，表示动作对象。</li><li>飲みました：动词“饮む（のむ，喝）”的敬体过去式，用于表达礼貌。</li><li>语序结构为：主语（省略）+ 温かい（修饰语）+ スープ（宾语）+ を（宾格助词）+ 飲みました（谓语）。</li><li>日本饮食文化中，喝温热的汤表示对身体的关爱，冬季尤为常见。</li><li>注意：有些TTS把「あたたかい」错误发音为“あたたけい”，标准发音应为“あたたかい”。</li></ol>,[sound:jlpt_vocabulary_in_sentence_温かい.mp3]
暖まる,变暖,ストーブで部屋が暖まる。,房间因为火炉变暖了。,ストーブで<ruby>部屋<rt>へや</rt></ruby>が<ruby>暖まる<rt>あたたまる</rt></ruby>。,<ol><li>ストーブ：炉子、火炉（日语外来语，来自英语 stove）。在日本冬季取暖普遍使用各种取暖器具。</li><li>で：表示原因、手段或场所，此处表示“通过XX手段”。</li><li>部屋（へや）：房间。</li><li>が：主语标记。</li><li>暖まる（あたたまる）：自动词，表示“变暖”；和他动词“暖める（あたためる）”区分，后者是“使…变暖”。常见TTS错误是将“暖まる”读成“ぬくまる”，这是误读，标准读音为“あたたまる”。</li><li>句型：“～が暖まる”表示某物自己变暖，常用于气候、环境、物体等场合。</li></ol>,[sound:jlpt_vocabulary_in_sentence_暖まる.mp3]
温まる,变暖,スープが温まるのを待っています。,我正在等汤变热。,<ruby>スープ<rt>すーぷ</rt></ruby>が<ruby>温まる<rt>あたたまる</rt></ruby>のを<ruby>待っています<rt>まっています</rt></ruby>。,<ol><li>スープ（すーぷ）：西式浓汤，音译自英语 soup。</li><li>が：表示主语。</li><li>温まる（あたたまる）：自动词，意为“变暖、变热”，常用于描述物体或身体温度升高。</li><li>のを：名词化用法，动词变成名词，表示“……的事”。</li><li>待っています（まっています）：“待つ（等）”的进行时/持续体，表示正在等待的状态。</li><li>语法知识：动词连体形 + のを待つ，表示“等……的事发生”。</li><li>文化补充：日本人用汤（スープ）或味噌汤（みそしる）常佐餐，等汤变热是一种常见日常场景。</li></ol>,[sound:jlpt_vocabulary_in_sentence_温まる.mp3]
暖める,加热,スープを暖めるために火を使います。,为了加热汤，用火。,<ruby>スープ<rt>すーぷ</rt></ruby>を<ruby>暖める<rt>あたためる</rt></ruby><ruby>ために<rt>ために</rt></ruby><ruby>火<rt>ひ</rt></ruby>を<ruby>使います<rt>つかいます</rt></ruby>。,<ol><li>スープ（すーぷ）：汤，来自英语soup的外来语。</li><li>を：宾语助词，表示前面的“スープ”是动作的对象。</li><li>暖める（あたためる）：加热、使变暖，物理和感情均可用。注意“温める”也读作“あたためる”，但更常用于温度适中的加温，例如饭团、手心等，不同于高温加热。</li><li>ために：表示目的，意为“为了……”。</li><li>火（ひ）：火焰，这里指用明火、炉火等加热。</li><li>使います（つかいます）：动词“使う”的礼貌形，意思是“使用”。</li><li>日语中的加热有多个表达，如“温める”“暖める”。“暖める”一般用于较大范围、空间或液体的加热，如房间、汤水；而“温める”多指贴身物品、食物等的轻度加热。实际语境需分辨使用。</li></ol>,[sound:jlpt_vocabulary_in_sentence_暖める.mp3]
温める,加热,ご飯を電子レンジで温める。,用微波炉加热米饭。,<ruby>ご飯<rt>ごはん</rt></ruby>を<ruby>電子レンジ<rt>でんしれんじ</rt></ruby>で<ruby>温める<rt>あたためる</rt></ruby>。,<ol><li>ご飯（ごはん）：米饭。日语中经常作为主食出现。</li><li>を：助词，表示动作的对象。</li><li>電子レンジ（でんしれんじ）：电磁炉、微波炉。在日本家庭厨房极为常见。</li><li>で：助词，表示动作发生的场所，或使用的工具。</li><li>温める（あたためる）：动词，意思为“加热、使温暖”。通常用于物品（如饭菜、饮料等）的加热。</li><li>日语表达中，“温める”多用于具体物体加热。“暖める（あたためる）”用于抽象意义或身体感受（如心・房间）。本句中是对可食用物的加热，需用“温める”。</li><li>语法结构：AをBで+动词，表示“用B对A做某事”。</li></ol>,[sound:jlpt_vocabulary_in_sentence_温める.mp3]
辺り,附近，周围,駅の辺りはとても静かです。,车站附近非常安静。,<ruby>駅<rt>えき</rt></ruby>の<ruby>辺り<rt>あたり</rt></ruby>はとても<ruby>静か<rt>しずか</rt></ruby>です。,<ol><li>駅（えき）：名词，意为“车站”。</li><li>の：格助词，连接体词，表示所属或相关。</li><li>辺り（あたり）：名词，本句中表示某地的“周边、附近”的意思。</li><li>は：提示助词，表示主题/主语。</li><li>とても：副词，意为“非常”。</li><li>静か（しずか）：形容动词，意思是“安静”，表示环境没有噪音。</li><li>です：句末敬体助动词，表示礼貌的陈述。</li><li>语法说明：“～の辺り”常用于表示某个地点附近或周围，汉字写作“辺り”或“辺”，假名读作“あたり”。注意不要与“当たり（中奖/命中）”混淆。</li></ol>,[sound:jlpt_vocabulary_in_sentence_辺り.mp3]
当たり前,理所当然,助け合うのは当たり前だと思います。,互相帮助是理所当然的。,<ruby>助け合う<rt>たすけあう</rt></ruby>のは<ruby>当たり前<rt>あたりまえ</rt></ruby>だと<ruby>思います<rt>おもいます</rt></ruby>。,<ol><li>助け合う（たすけあう）：动词，互相帮助。由助ける（帮助）和合う（互相…）的复合动词形式。</li><li>当たり前（あたりまえ）：形容动词，表示理所应当、稀松平常。用于表达某事很自然、毫不奇怪。</li><li>だ：判断词，用于句末表示断定，相当于“是”。</li><li>と思います（とおもいます）：表示主观想法，“我认为……”。「と思う」是动词思う的礼貌形，和助词と组成固定句型，前边接所认为的内容。</li></ol>,[sound:jlpt_vocabulary_in_sentence_当たり前.mp3]
当たる,命中，碰上,くじに当たることはめったにない。,中彩票的事情很少有。,<ruby>くじ<rt>くじ</rt></ruby><ruby>に<rt>に</rt></ruby><ruby>当たる<rt>あたる</rt></ruby><ruby>こと<rt>こと</rt></ruby><ruby>は<rt>は</rt></ruby><ruby>めったに<rt>めったに</rt></ruby><ruby>ない<rt>ない</rt></ruby>。,<ol><li>くじ：抽签、彩票（指幸运抽奖或购买的彩票）。</li><li>に：表示动作的对象，这里连接“くじ”与后面的动词“当たる”。</li><li>当たる（あたる）：有“命中、中标、中选”等意思，此处指“中奖”。根据语境，“当たる”还可以有“碰撞”“适合”“照射”等其他意思。</li><li>こと：事情、情况，此处作为形式名词，将前面动词名词化。</li><li>は：主题助词，提出主语“くじに当たること”。</li><li>めったに～ない：惯用表达，表示“很少、不常”，后续否定形时使用。</li><li>ない：表示否定，即“没有，不存在”。</li><li>整体语法讲解：句子整体结构为“くじに当たることはめったにない”，意为“很少有中彩票的事”，形容发生概率极低的事情，在日常会话和作文中常用“めったに～ない”表达稀有性。</li><li>关于“当たる”发音为“あたる”，切勿与“あだる”弄混，部分TTS会误读。</li></ol>,[sound:jlpt_vocabulary_in_sentence_当たる.mp3]
あちこち,各处,休日にあちこちへ出かけました。,假日里去了各处。,<ruby>休日<rt>きゅうじつ</rt></ruby>に<ruby>あちこち<rt>あちこち</rt></ruby>へ<ruby>出かけました<rt>でかけました</rt></ruby>。,<ol><li>休日（きゅうじつ）：假日、休息日。</li><li>あちこち：表示“到处”“各个地方”，常用于表达去过许多地方或者事物分散在多个地方。</li><li>～へ：助词，表示移动的方向或目的地。</li><li>出かけました（でかけました）：动词“出かける”过去式，表示“出门了”“去了”。</li><li>“あちこち”也可以写作“彼方此方”，多用于口语，读音始终为あちこち，不受汉字影响。</li></ol>,[sound:jlpt_vocabulary_in_sentence_あちこち.mp3]
扱う,处理；对待,この店では外国の商品も扱う。,这家店也经营外国的商品。,<ruby>この<rt>この</rt></ruby><ruby>店<rt>みせ</rt></ruby><ruby>では<rt>では</rt></ruby><ruby>外国<rt>がいこく</rt></ruby><ruby>の<rt>の</rt></ruby><ruby>商品<rt>しょうひん</rt></ruby><ruby>も<rt>も</rt></ruby><ruby>扱う<rt>あつかう</rt></ruby>。,<ol><li>この：指示词，意思是“这个”。</li><li>店（みせ）：名词，商店、店铺。</li><li>では：助词“で”加助词“は”。“で”表示场所，“は”做主语提示。</li><li>外国（がいこく）：名词，意思是“国外、外国”。</li><li>の：连接词，表示前面的名词修饰后面的名词，这里指“外国的商品”。</li><li>商品（しょうひん）：名词，商品、货物。</li><li>も：表示“也”，暗示不仅有本国商品也有外国商品。</li><li>扱う（あつかう）：他动词，意思为“处理、经营、操作”。在店铺用法里经常指“经营货物”。</li><li>语法结构：主语+では（在…）+对象+を+扱う（处理/经营…），句末简体。</li></ol>,[sound:jlpt_vocabulary_in_sentence_扱う.mp3]
集まり,集会，聚会,クラスの集まりは明日あります。,班级的聚会在明天举行。,クラスの<ruby>集まり<rt>あつまり</rt></ruby>は<ruby>明日<rt>あした</rt></ruby><ruby>あります<rt>あります</rt></ruby>。,<ol><li>クラス（くらす）：英文“class”外来语，指班级。</li><li>の：表示所属或修饰关系，相当于中文的“的”。</li><li>集まり（あつまり）：名词，“集会、聚会”，动词“集まる（あつまる）”的名词形态，口语和书面语都常用。</li><li>は：主题助词，提出句子主语，相当于“是”。</li><li>明日（あした）：副词，“明天”，常读作“あした”，书面时可读“みょうにち”；两种发音常用，语感上“あした”较口语。“あした”不是“明石（あかし）”的读音，TTS出错时要注意。</li><li>あります：动词“ある”的礼貌形，“有、存在、发生”。用于无生命物、事件等。</li><li>整句语法：“AのB”结构说明后接名词B为前面A所修饰，本句“クラスの集まり”意为“班级的聚会”，采用了标准日语表达聚会的习惯。日本学生或社会成员定期有各种“集まり（聚会）”，如班会、同学会等。</li></ol>,[sound:jlpt_vocabulary_in_sentence_集まり.mp3]
当てる,"碰上,命中",彼はクイズの答えを当てることができた。,他能猜中问答的答案。,<ruby>彼は<rt>かれは</rt></ruby>クイズの<ruby>答え<rt>こたえ</rt></ruby>を<ruby>当てる<rt>あてる</rt></ruby>ことができた。,<ol><li>彼（かれ）：他，第三人称男性代词。</li><li>クイズ：quiz，问答、猜谜。</li><li>の：表所属、限定。</li><li>答え（こたえ）：答案。</li><li>を：宾语助词，表示动作的对象。</li><li>当てる（あてる）：动词，表示“命中、猜中、碰上”，这里意思是正确回答问题。</li><li>ことができた：表达“能够做某事”。ことができる的过去式，表示能力或可能性。</li><li>日常会用于猜谜、抽奖、射击等场合。</li></ol>,[sound:jlpt_vocabulary_in_sentence_当てる.mp3]
跡,痕迹,砂浜には足跡が残っていた。,沙滩上留下了脚印。,<ruby>砂浜<rt>すなはま</rt></ruby>には<ruby>足跡<rt>あしあと</rt></ruby>が<ruby>残っていた<rt>のこっていた</rt></ruby>。,<ol><li>砂浜（すなはま）：意为沙滩，合成词，属于地理环境词汇。</li><li>足跡（あしあと）：由“足”（あし，脚、足）和“跡”（あと，痕迹）组成，意思为脚印、足迹。跡的常用读音有「あ と」，遇到组合词如“足跡”时，大部分情况下读为“あしあと”。</li><li>残っていた（のこっていた）：动词“残る”（のこる，留下、残留）的ていた形，表示动作或状态在过去一直持续。</li><li>语法说明：主语用助词“が”指明，动作持续用ていた形表示。“には”为复合助词，表示存在或状态的场所。常见用法有「場所＋には」表达“在（某地）”。</li><li>文化知识：日本的沙滩在早晨或潮退时很容易留下清晰脚印，被用作观察自然、推理活动和文学表达常见意象。</li></ol>,[sound:jlpt_vocabulary_in_sentence_跡.mp3]
穴,洞、孔,壁に小さな穴が空いています。,墙上有一个小洞。,<ruby>壁<rt>かべ</rt></ruby>に<ruby>小さな<rt>ちいさな</rt></ruby><ruby>穴<rt>あな</rt></ruby>が<ruby>空いています<rt>あいています</rt></ruby>。,<ol><li>壁（かべ）：墙壁。</li><li>に：表示存在或动作的地点助词。</li><li>小さな（ちいさな）：形容词“小さい”的连体形，用于修饰名词。</li><li>穴（あな）：洞、孔、缺口等意思。</li><li>が：主语助词，提示主语。</li><li>空いています（あいています）：动词“空く（あく）”的ている形式，表示已经有了洞，侧重于状态的持续。</li><li>语法点：“～ています”表示动作或状态的持续。</li><li>文化说明：在日常生活中，如果看到墙上有“穴”，可能表示不小心撞出来的，或因为钉钉子等原因。</li></ol>,[sound:jlpt_vocabulary_in_sentence_穴.mp3]
油,油,フライパンに油を入れてください。,请在平底锅里倒入油。,フライパンに<ruby>油<rt>あぶら</rt></ruby>を<ruby>入れて<rt>いれて</rt></ruby>ください。,<ol><li>フライパン：英文“frying pan”的日语外来语，指平底锅。</li><li>に：助词，表示动作的方向或场所。</li><li>油（あぶら）：意思是“油”，可指食用油、机油等，根据语境一般为食用油。注意“あぶら”有时会写作“脂”，表示动物脂肪。</li><li>を：宾语助词，标记动作的对象。</li><li>入れて（いれて）：动词“入れる”（いれる，放入、加入）的て形，用于连接后续表达。</li><li>ください：表示请求或命令，译为“请……”。接在动词て形之后，构成礼貌请求。</li><li>例句用于烹饪场景，是日本家庭常见表达方式。</li></ol>,[sound:jlpt_vocabulary_in_sentence_油.mp3]
脂,脂肪,魚の脂は体に良いです。,鱼的脂肪对身体有益。,<ruby>魚<rt>さかな</rt></ruby>の<ruby>脂<rt>あぶら</rt></ruby>は<ruby>体<rt>からだ</rt></ruby>に<ruby>良い<rt>よい</rt></ruby>です。,<ol><li>魚（さかな）：鱼。</li><li>の：助词，表示前后名词之间的所属关系，相当于“的”。</li><li>脂（あぶら）：脂肪、油脂。在和语中表示动物性或植物性的油脂，区分于“油”（あぶら，通常指食用油）。“脂”和“油”发音相同，但书写和用法不同，注意区分。</li><li>は：主题助词，提示句子的主语。</li><li>体（からだ）：身体。</li><li>に：表示作用的对象，译为“对……”。</li><li>良い（よい）：好的，有益的。</li><li>です：礼貌结句。</li><li>【语法说明】“AはBに良い”表示“A对B有好处”，是常见健康相关表达。</li><li>【文化补充】在日本，常强调鱼类脂肪（尤其是鲑鱼和秋刀鱼等含有丰富的EPA、DHA）对健康有益，与西方饮食观念中“脂肪不健康”的传统看法略有不同。</li></ol>,[sound:jlpt_vocabulary_in_sentence_脂.mp3]
誤り,错误,この誤りをすぐに直します。,我会马上改正这个错误。,<ruby>この<rt>この</rt></ruby><ruby>誤り<rt>あやまり</rt></ruby><ruby>を<rt>を</rt></ruby><ruby>すぐに<rt>すぐに</rt></ruby><ruby>直します<rt>なおします</rt></ruby>。,<ol><li>この：指示词，意思为“这个”。用于紧接名词，表示离说话人较近的事物。</li><li>誤り（あやまり）：名词，意为“错误、失误”。该词汉字“誤り”在日常生活或书面语都较常用，对应于中文的“错误”。</li><li>を：助词，标记宾语。表示前面的“誤り”是被后面动作“直します”所作用的对象。</li><li>すぐに：副词，意思为“立刻、马上”。表示动作的急迫性。</li><li>直します（なおします）：动词“直す”的敬体形式，意为“修改、改正”。这里表示主动去解决上文提到的“错误”。</li><li>语法点：日语句子的基本语序为“主语-宾语-谓语（动词在句末）”。本句省略了主语（“我”），这是日语常见现象，根据上下文可理解为说话人自己。</li><li>文化补充：日语中“誤り”多在书面或正式交流中使用，口语中可用“間違い（まちがい）”。两者意思相近但用法上稍有差别。</li></ol>,[sound:jlpt_vocabulary_in_sentence_誤り.mp3]
粗,粗,このペンは線が粗いです。,这支笔画的线很粗。,<ruby>この<rt>この</rt></ruby><ruby>ペン<rt>ぺん</rt></ruby>は<ruby>線<rt>せん</rt></ruby>が<ruby>粗い<rt>あらい</rt></ruby>です。,<ol><li>この：连体词，意思是“这个”。</li><li>ペン：名词，外来语，意为“笔”。</li><li>は：助词，提示主语或主题。</li><li>線（せん）：名词，意思是“线”。</li><li>が：助词，标记主语或客体。</li><li>粗い（あらい）：形容词，表示“粗”，用来形容线、颗粒等不细致。</li><li>です：礼貌句末表达。</li><li>语法说明：“粗い（あらい）”为い形容词，修饰名词时用其基本形。例如：粗い線、粗い肌理。与“太い（ふとい）”的区别：后者多形容“物体粗”，前者也可形容颗粒、材质等的粗糙感。</li></ol>,[sound:jlpt_vocabulary_in_sentence_粗.mp3]
嵐,暴风雨,昨夜は嵐がとても激しかった。,昨晚暴风雨非常猛烈。,<ruby>昨夜<rt>さくや</rt></ruby>は<ruby>嵐<rt>あらし</rt></ruby>がとても<ruby>激しかった<rt>はげしかった</rt></ruby>。,<ol><li>昨夜（さくや）：表示“昨晚”，常用于书面语，也可说「ゆうべ」口语。</li><li>嵐（あらし）：意思是“暴风雨”或“风暴”，指猛烈的风和雨，天气现象。</li><li>が：主格助词，表示主语，这里连接「嵐」和谓语。</li><li>とても：副词，表示“非常”，用来修饰后面的形容词「激しかった」。</li><li>激しかった（はげしかった）：动词「激しい」（猛烈的）的过去时表达，意思是“猛烈(过)”。</li></ol>,[sound:jlpt_vocabulary_in_sentence_嵐.mp3]
争う,争夺、竞争,二人は優勝を争う。,两个人争夺冠军。,<ruby>二人<rt>ふたり</rt></ruby>は<ruby>優勝<rt>ゆうしょう</rt></ruby>を<ruby>争う<rt>あらそう</rt></ruby>。,<ol><li>二人（ふたり）：表示“两个人”。是“二（ふた）”加“人（り）”，特有的合成读音。</li><li>は：助词，表示主题。</li><li>優勝（ゆうしょう）：表示“冠军”或“获胜”。</li><li>を：助词，标记动作的对象。</li><li>争う（あらそう）：动词，意思是“争夺、竞争、争吵”。常用于比赛或具有竞争性质的场合。</li><li>本句语法结构为“AはBを争う”，表示A为B而竞争。</li></ol>,[sound:jlpt_vocabulary_in_sentence_争う.mp3]
新た,新的,新たな計画が始まった。,新的计划开始了。,<ruby>新たな<rt>あらたな</rt></ruby><ruby>計画<rt>けいかく</rt></ruby>が<ruby>始まった<rt>はじまった</rt></ruby>。,<ol><li>新た（あらた）：形容动词，意为“新的”“重新的”，多用于书面语，表示从某一状态或阶段开始的新的事物。</li><li>計画（けいかく）：名词，意思是“计划”。</li><li>始まった（はじまった）：动词“始まる（はじまる）”的过去时，表示“开始了”。</li><li>助词“が”表明主语“新たな計画”。</li><li>语法说明：日语中“新しい（あたらしい）”和“新た（あらた）”都有“新的”意思，但“新た”更偏书面、正式，常修饰抽象名词，如“新たな挑戦”。</li></ol>,[sound:jlpt_vocabulary_in_sentence_新た.mp3]
あらゆる,所有的,あらゆる方法を試してみました。,尝试了所有的方法。,<ruby>あらゆる<rt>あらゆる</rt></ruby><ruby>方法<rt>ほうほう</rt></ruby><ruby>を<rt>を</rt></ruby><ruby>試して<rt>ためして</rt></ruby><ruby>みました<rt>みました</rt></ruby>。,<ol><li>あらゆる：连体词，意思是“所有的”“各种各样的”。只能修饰名词，常用于强调涵盖的范围极广，类似“全部的……”。</li><li>方法（ほうほう）：名词，表示“方法、办法”。</li><li>試してみました：动词「試す」（尝试）+ 「みる」（尝试做某事，表示试试看某动作带来的结果）+ 过去式「ました」，合起来为“试试看了”。</li><li>语法结构：“あらゆる＋名词”，用于修饰后面的名词，表达包含所有种类的意思。注意与「色々な」（各种各样的）区分，「色々な」可以部分列举，「あらゆる」是全部无遗漏。</li></ol>,[sound:jlpt_vocabulary_in_sentence_あらゆる.mp3]
表す,表达,彼の気持ちを言葉で表すのは難しい。,用语言表达他的心情很难。,<ruby>彼<rt>かれ</rt></ruby>の<ruby>気持ち<rt>きもち</rt></ruby>を<ruby>言葉<rt>ことば</rt></ruby>で<ruby>表す<rt>あらわす</rt></ruby>のは<ruby>難しい<rt>むずかしい</rt></ruby>。,<ol><li>彼（かれ）：指“他”，用于第三人称男性。</li><li>気持ち（きもち）：心情、情感。</li><li>を：宾格助词，表示动作的对象。</li><li>言葉（ことば）：语言、词语。</li><li>で：表示手段、方式，译为“用……”。</li><li>表す（あらわす）：动词，意思是“表达”、“表示”，常用于表达思想、情感、意思等。</li><li>のは：将前面的动词短语名词化，作为句子的主语。</li><li>難しい（むずかしい）：形容词，意思是“难、困难”。</li><li>语法解析：“〜を〜で表す”结构表示“用……表达……”；“Vのは難しい”表示“做某事很难”。</li></ol>,[sound:jlpt_vocabulary_in_sentence_表す.mp3]
現す,表现，显现,彼の態度は本音を現している。,他的态度表现出了真实想法。,<ruby>彼<rt>かれ</rt></ruby>の<ruby>態度<rt>たいど</rt></ruby>は<ruby>本音<rt>ほんね</rt></ruby>を<ruby>現している<rt>あらわしている</rt></ruby>。,<ol><li>彼（かれ）：他、指男性第三人称。</li><li>態度（たいど）：态度，言行举止表露出的气度或立场。</li><li>は：主题助词，标明句子的主题。</li><li>本音（ほんね）：真实想法、心里话，区别于“建前”（たてまえ，表面说法）。日本文化中常常有“本音と建前”的区分。</li><li>を：宾格助词，标明动作的对象。</li><li>現す（あらわす）：表示、表现、表达的意思。这里为动词「現す」的て形“現して”接在いる（进行时），表示正在表现、展现某事。</li><li>ている：表示某种状态正在进行或者已经产生并持续。</li></ol>,[sound:jlpt_vocabulary_in_sentence_現す.mp3]
著す,著作、写作,彼は多くの本を著しています。,他著有许多书。,<ruby>彼は<rt>かれは</rt></ruby><ruby>多くの<rt>おおくの</rt></ruby><ruby>本を<rt>ほんを</rt></ruby><ruby>著しています<rt>あらわしています</rt></ruby>。,<ol><li>彼（かれ）：指“他”，用于第三人称男性。</li><li>多くの（おおくの）：表示“许多”的意思。</li><li>本（ほん）：书的意思，作宾语。</li><li>著す（あらわす）：动词，表示“著作”或“写作”。这里用的是ている（て形+いる）形式，表示正在进行或习惯性动作。</li><li>「著す（あらわす）」有时因为发音与「表す」相同，TTS可能误读为“ひょうす”，正确应为“あらわす”。二者意义不同：「著す」指著作，「表す」指表示。</li><li>「多くの」用法要注意，“の”起到连接体言的作用，表示“许多的……”。</li></ol>,[sound:jlpt_vocabulary_in_sentence_著す.mp3]
現れ,出现,公園に犬が現れた。,公园里出现了一只狗。,<ruby>公園<rt>こうえん</rt></ruby>に<ruby>犬<rt>いぬ</rt></ruby>が<ruby>現れた<rt>あらわれた</rt></ruby>。,<ol><li>公園（こうえん）：日语中意思为“公园”。与中文用法类似。</li><li>に：表示动作发生的场所，读作“に”。</li><li>犬（いぬ）：意为“狗”。</li><li>が：主格助词，标记主语。</li><li>現れた（あらわれた）：动词“現れる（あらわれる）”的过去式，表示“出现”。一般描述人、动物、物体突然或显著地出现在某处。</li></ol>,[sound:jlpt_vocabulary_in_sentence_現れ.mp3]
現れる,出现,湖に白鳥が現れることがあります。,湖里有时候会出现天鹅。,<ruby>湖<rt>みずうみ</rt></ruby>に<ruby>白鳥<rt>はくちょう</rt></ruby>が<ruby>現れる<rt>あらわれる</rt></ruby>ことが<ruby>あります<rt>あります</rt></ruby>。,<ol><li>湖（みずうみ）：指面积较大的天然或人工水体，即“湖”。</li><li>白鳥（はくちょう）：天鹅，常用汉字读音是‘はくちょう’。日本湖区有大量冬季迁徙天鹅。</li><li>現れる（あらわれる）：自动词，意为“出现”或“显现”。与“現す（あらわす，表示、表露）”区分，注意用法。</li><li>ことがある：用于动词简体后，表示“有时会…”、“有…的情况”。例如：“雨が降ることがある”。</li><li>が：主语助词，提示主语“白鸟”。</li><li>あります：存在动词“ある”的礼貌形。和“ことがある”连用表现在发生的经验或可能性。</li></ol>,[sound:jlpt_vocabulary_in_sentence_現れる.mp3]
ありがとう,谢谢,あなたにありがとうと言いました。,我对你说了谢谢。,<ruby>あなたに<rt>あなたに</rt></ruby><ruby>ありがとう<rt>ありがとう</rt></ruby><ruby>と<rt>と</rt></ruby><ruby>言いました<rt>いいました</rt></ruby>。,<ol><li>あなたに：「あなた」意为“你”，“に”为助词，表示动作的对象。</li><li>ありがとう：常用寒暄语，表示“谢谢”。通常用于口语，不分男女老少均可。</li><li>と：格助词，表示引用或话语内容。</li><li>言いました：「言う」（いう）的过去式，“说了”。</li><li>本句为典型的日语寒暄表达，外国人要注意“ありがとう”本身就能表达谢意，“言う”让语言更书面化或有强调感。</li></ol>,[sound:jlpt_vocabulary_in_sentence_ありがとう.mp3]
在る; 有る,存在，有,机の上に本がある。,桌子上有一本书。,<ruby>机<rt>つくえ</rt></ruby>の<ruby>上<rt>うえ</rt></ruby>に<ruby>本<rt>ほん</rt></ruby>が<ruby>ある<rt>ある</rt></ruby>。,<ol><li>机（つくえ）：桌子。</li><li>の：表示所属或关系的助词。</li><li>上（うえ）：上面，表示方位。</li><li>に：表示存在的具体场所助词。</li><li>本（ほん）：书。</li><li>が：主语助词，明确说明“本”是存在的对象。</li><li>ある：动词，表示物体、事物的存在或拥有（用于无生命、植物等，动物和人用「いる」）。本句表达某处有某物。</li></ol>,[sound:jlpt_vocabulary_in_sentence_在る; 有る.mp3]
或,或者、还是,コーヒー、または紅茶にします。,我要咖啡，还是红茶。,コーヒー、<ruby>または<rt>または</rt></ruby><ruby>紅茶<rt>こうちゃ</rt></ruby><ruby>に<rt>に</rt></ruby><ruby>します<rt>します</rt></ruby>。,<ol><li>コーヒー：咖啡（外来语，发音为「こーひー」）。</li><li>または：连词，表示“或者、还是”，用于列举两个及以上的选项，一般只用于书面语或比较郑重的场合，口语常用「それとも」。</li><li>紅茶（こうちゃ）：红茶。</li><li>にします：表达“选择……”的意思，即“打算要……”；と同じような使い方。</li><li>语法点：“A、またはB”表示在A、B中任选其一。</li></ol>,[sound:jlpt_vocabulary_in_sentence_或.mp3]
あるいは,或者,電車 あるいは バスで行きます。,我乘电车或者公交车去。,<ruby>電車<rt>でんしゃ</rt></ruby> あるいは <ruby>バス<rt>ばす</rt></ruby>で<ruby>行きます<rt>いきます</rt></ruby>。,<ol><li>電車（でんしゃ）：电车。</li><li>あるいは：接续词，表示“或者”“亦或”，常用于并列两个或以上的选择项。</li><li>バス（ばす）：公交车，外来语。</li><li>で：表示动作的手段、方法（电车或者巴士这两种方式）。</li><li>行きます（いきます）：动词“行く（去）”的敬体。</li><li>语法补充：“A あるいは B”用于A和B之间做选择，常用于书面语。口语中可以用“それとも”“または”。</li></ol>,[sound:jlpt_vocabulary_in_sentence_あるいは.mp3]
アルバム,相册,新しいアルバムを買いました。,我买了新专辑。,<ruby>新しい<rt>あたらしい</rt></ruby><ruby>アルバム<rt>あるばむ</rt></ruby><ruby>を<rt>を</rt></ruby><ruby>買いました<rt>かいました</rt></ruby>。,<ol><li>新しい（あたらしい）：形容词，意思是“新的”。</li><li>アルバム：外来语“album”，常指“相册”、“专辑”（音乐）。</li><li>を：助词，表宾语的格助词，表示动作的对象。</li><li>買いました（かいました）：买（買う かう）的敬体过去式，表示已经买了。</li><li>日语中“アルバム”可指相册，也可指音乐专辑。根据上下文判断，此句可能指音乐专辑。</li><li>注意“アルバム”通常用片假名表示。</li></ol>,[sound:jlpt_vocabulary_in_sentence_アルバム.mp3]
泡,泡沫,ビールの泡が多いですね。,啤酒的泡沫很多呢。,<ruby>ビール<rt>びーる</rt></ruby>の<ruby>泡<rt>あわ</rt></ruby>が<ruby>多い<rt>おおい</rt></ruby>ですね。,<ol><li>ビール（びーる）：外来语，意为“啤酒”。</li><li>の：连接体，表示所属关系，中文可译为“的”。</li><li>泡（あわ）：意思是“泡沫”，也可以指水面或液体上升起的小气泡。</li><li>が：格助词，标明主语。</li><li>多い（おおい）：形容词，表示数量多。“多い”用于描述事物的数量丰富或程度很高。</li><li>ですね：句末表达，表示同意、确认、感叹等语气。“です”表示礼貌，“ね”用来寻求对方认同。</li><li>文化补充：日本人喝生啤时常会注意啤酒泡沫的多少，泡沫被认为可以锁住啤酒的香气。</li></ol>,[sound:jlpt_vocabulary_in_sentence_泡.mp3]
合わせる,合并、配合,皆の意見を合わせることが大切です。,把大家的意见汇总起来很重要。,<ruby>皆<rt>みんな</rt></ruby>の<ruby>意見<rt>いけん</rt></ruby>を<ruby>合わせる<rt>あわせる</rt></ruby>ことが<ruby>大切<rt>たいせつ</rt></ruby>です。,<ol><li>皆（みんな）：表示“大家、所有人”。</li><li>意見（いけん）：表示“意见、看法”。</li><li>を：助词，表示宾语（这里指意见）。</li><li>合わせる（あわせる）：动词，意思是“合并、汇总、配合”。常用于把两个以上的事物合在一起。</li><li>こと：将动词名词化，表示“做某事这件事”。</li><li>が：助词，表示主语。</li><li>大切（たいせつ）：形容动词，意思是“重要”。</li><li>です：礼貌用语结尾。</li><li>「合わせる」的常用用法有“手を合わせる（合掌）”、“声を合わせる（齐声）”等。</li></ol>,[sound:jlpt_vocabulary_in_sentence_合わせる.mp3]
慌てる,慌张，急忙,彼は慌てて財布を探した。,他慌张地找钱包。,<ruby>彼<rt>かれ</rt></ruby>は<ruby>慌てて<rt>あわてて</rt></ruby><ruby>財布<rt>さいふ</rt></ruby>を<ruby>探した<rt>さがした</rt></ruby>。,<ol><li>彼（かれ）：第三人称男性，意为“他”。</li><li>は：主题助词，提示句子主语。</li><li>慌てて（あわてて）：动词「慌てる」的て形，表示动作的先后或伴随，含有“急忙、慌张地”的意思。</li><li>財布（さいふ）：钱包。</li><li>を：宾格助词，表示动作的对象。</li><li>探した（さがした）：动词「探す」（寻找）的过去式，意为“找了”。</li><li>动词て形：表示动作的连接、因果、伴随等，此处表现为“急忙地做某事”。</li></ol>,[sound:jlpt_vocabulary_in_sentence_慌てる.mp3]
哀れ,可怜,彼の話は哀れに感じました。,我觉得他的话很可怜。,<ruby>彼<rt>かれ</rt></ruby>の<ruby>話<rt>はなし</rt></ruby>は<ruby>哀れ<rt>あわれ</rt></ruby>に<ruby>感じました<rt>かんじました</rt></ruby>。,<ol><li>彼（かれ）：指“他”或“那个人”。</li><li>の：表示所属关系，相当于“的”。</li><li>話（はなし）：指“话”或“事情”。</li><li>は：主题助词，表示主题。</li><li>哀れ（あわれ）：名词和形容动词，表示“可怜、悲哀”。</li><li>に：将形容动词“哀れ”变为副词用法，修饰后面的动词。</li><li>感じました（かんじました）：“感觉到、觉得”的过去式敬语。“感じる”是基本形，ます形用于敬语表达。</li><li>语法说明：形容动词要变“に”后加动词，表示以某种状态进行动作。</li><li>文化背景：表达“哀れ”时包含同情、悲伤的情感色彩，有时带有优雅或文学氛围，在日常交流与文学作品中使用频率较高。</li></ol>,[sound:jlpt_vocabulary_in_sentence_哀れ.mp3]
案,方案,新しい案をみんなで考えました。,大家一起想出了新方案。,<ruby>新しい<rt>あたらしい</rt></ruby><ruby>案<rt>あん</rt></ruby>をみんなで<ruby>考えました<rt>かんがえました</rt></ruby>。,<ol><li>新しい（あたらしい）：形容词，意思是“新的”。</li><li>案（あん）：名词，表示“方案、计划、提案”。也常用于“提案（ていあん）”等词语中，发音为“あん”。</li><li>を：助词，标明宾语。</li><li>みんなで：副词短语，意思为“大家一起”，这里“で”表手段、方式。</li><li>考えました（かんがえました）：动词“考える”的敬体过去形，意思是“想出了”或“思考了”。</li><li>本句结构为：“〜を みんなで 考えました”，表示“大家一起进行了某种思考”。</li></ol>,[sound:jlpt_vocabulary_in_sentence_案.mp3]
案外,意外地,案外この問題は簡単だった。,这个问题意外地很简单。,<ruby>案外<rt>あんがい</rt></ruby><ruby>この<rt>この</rt></ruby><ruby>問題<rt>もんだい</rt></ruby>は<ruby>簡単<rt>かんたん</rt></ruby><ruby>だった<rt>だった</rt></ruby>。,<ol><li>案外（あんがい）：副词，表示“出乎意料地”、“没想到”；多用来表达事情与预想不同的感受。</li><li>簡単（かんたん）：形容动词，意思是“简单”。</li><li>「だった」是「です」的过去式，表示过去状态。</li><li>语序为：案外（副词）+对象+は+形容词+だった，说明主语的性质出人意料。</li></ol>,[sound:jlpt_vocabulary_in_sentence_案外.mp3]
暗記,记忆,単語を暗記するのは大変です。,记住单词很困难。,<ruby>単語<rt>たんご</rt></ruby>を<ruby>暗記<rt>あんき</rt></ruby>するのは<ruby>大変<rt>たいへん</rt></ruby>です。,<ol><li>単語（たんご）：单词、词语，日常学习类常用词汇。</li><li>を：表示宾语的助词，连接动词“暗記する”。</li><li>暗記（あんき）：名词，意思为“记忆、背诵”，常和“する”搭配构成动词“暗記する”。</li><li>する：动词“做”，和名词连用使其动词化，此句中“暗記する”为“记、背”的意思。</li><li>のは：连接，前面的行为作为整体，作为句子的主语。“のは”是将动词等转化成名词用法。</li><li>大変（たいへん）：形容动词，意思为“很辛苦、很困难”，多用于表达主观感受。</li><li>です：礼貌形结尾，表述郑重。</li><li>“暗記”有两种常见发音：あんき（标准）和あんじ（较少见，多用于姓氏），本句用“あんき”。日语学习中“暗記”—“背诵记忆”常用于考试、单词记忆等场景。</li></ol>,[sound:jlpt_vocabulary_in_sentence_暗記.mp3]
安定,安定，安稳,ここでは安定した生活が送れます。,在这里可以过上安稳的生活。,ここでは<ruby>安定<rt>あんてい</rt></ruby>した<ruby>生活<rt>せいかつ</rt></ruby>が<ruby>送れます<rt>おくれます</rt></ruby>。,<ol><li>ここ：表示地点，意为“这里”。</li><li>では：表示在某个场合、状态下。</li><li>安定（あんてい）：名词，表示“安定、安稳”，此处后接“した”使其变为表示状态的形容。</li><li>生活（せいかつ）：名词，意为“生活”。</li><li>送れます（おくれます）：动词“送る（おくる）”的可能形，表示“能送、能过（生活）”。在日语中“生活が送れます”常用来表示能够过上某种类型的生活。</li><li>语法补充：日语“安定”常常用来形容状态稳定、无风险，既可描述心理状况，也可描述社会、工作等各类情境。</li></ol>,[sound:jlpt_vocabulary_in_sentence_安定.mp3]
あんなに,那么、那样,あんなに暑い日は珍しいです。,那么热的日子很少见。,<ruby>あんなに<rt>あんなに</rt></ruby><ruby>暑い<rt>あつい</rt></ruby><ruby>日<rt>ひ</rt></ruby>は<ruby>珍しい<rt>めずらしい</rt></ruby><ruby>です<rt>です</rt></ruby>。,<ol><li>あんなに：表示“那么、那样地”程度，强调距离说话人较远的某事或某种状态，多用于对远离自己且与自己无关的事物做评价。</li><li>暑い（あつい）：形容词，意为“热”。用于气温等。</li><li>日（ひ）：名词，“日子”。</li><li>は：主题助词，标记句子主语。</li><li>珍しい（めずらしい）：形容词，“少见的、稀罕的”。</li><li>です：敬体判断句结尾词，增加礼貌。</li><li>语法点：本句为主谓结构，使用“あんなに”修饰“暑い日”，表强调。表示“像那样热的日子非常少见”。可与“こんなに（像这样）”“そんなに（像那样）”对比，注意用法区别。</li></ol>,[sound:jlpt_vocabulary_in_sentence_あんなに.mp3]
あんまり,不太,今日はあんまり寒くないですね。,今天不是很冷呢。,<ruby>今日<rt>きょう</rt></ruby>はあんまり<ruby>寒く<rt>さむく</rt></ruby>ないですね,<ol><li>今日（きょう）：今天。</li><li>は：主题助词，表示“今天”是句子的主题。</li><li>あんまり：副词，意思是“不太、不是很”，通常与否定表达连用。类似词有「あまり」，这是「あんまり」的正规写法，口语中常用「あんまり」。</li><li>寒くない（さむくない）：寒い（さむい，冷）的否定形，意思是“不冷”。</li><li>です：礼貌助动词，用于句末使语气更礼貌。</li><li>ね：表示说话人征求对方同意，语气柔和。</li></ol>,[sound:jlpt_vocabulary_in_sentence_あんまり.mp3]
胃,胃,昨夜は胃が痛くて眠れなかった。,昨天晚上因为胃痛没能睡着。,<ruby>昨夜<rt>さくや</rt></ruby>は<ruby>胃<rt>い</rt></ruby>が<ruby>痛くて<rt>いたくて</rt></ruby><ruby>眠れなかった<rt>ねむれなかった</rt></ruby>。,<ol><li>昨夜（さくや）：意思是“昨天晚上”，日常用语，常用于描写前一晚发生的事情。</li><li>は：主题助词，标记句子的主题。</li><li>胃（い）：指“胃”，发音为「い」，是身体器官的名称。</li><li>が：主语助词，表示句子主语，这里强调“胃”。</li><li>痛くて：形容词“痛い（いたい，痛）”的て形，表示原因或伴随状况，相当于“因为疼”。</li><li>眠れなかった：动词“眠れる（ねむれる，能睡觉）”的否定过去式，表示“没能睡着”。</li><li>语法说明：日语中形容词（如痛い）的て形后面可接原因结果表达（如睡不着），类似于“因为……所以……”。</li></ol>,[sound:jlpt_vocabulary_in_sentence_胃.mp3]
委員,委员,彼は委員として活動しています。,他作为委员在活动。,<ruby>彼<rt>かれ</rt></ruby>は<ruby>委員<rt>いいん</rt></ruby>として<ruby>活動<rt>かつどう</rt></ruby><ruby>しています<rt>しています</rt></ruby>。,<ol><li>彼（かれ）：指代“他”，用于第三人称男性。女性用“彼女（かのじょ）”。</li><li>は：主语助词，用于标记句子的主题。</li><li>委員（いいん）：表示委员会成员、委员，是汉字词，在学校、团体等有责任的角色。</li><li>として：表示以某种身份、资格，相当于汉语“作为……”。</li><li>活動（かつどう）：“活动”，指参与某些社会、组织等的动作。</li><li>しています：动词“する”的ている形，表示持续或正在进行中的状态。</li><li>“委員”不同于“一般成员”，通常承担管理或组织责任。日语中“委員会（いいんかい）”是委员会的意思。</li></ol>,[sound:jlpt_vocabulary_in_sentence_委員.mp3]
意外,意外、没想到,彼の答えは意外だった。,他的回答出乎意料。,<ruby>彼<rt>かれ</rt></ruby>の<ruby>答え<rt>こたえ</rt></ruby>は<ruby>意外<rt>いがい</rt></ruby>だった。,<ol><li>彼（かれ）：第三人称“他”，可用于男性或泛指。</li><li>答え（こたえ）：名词，表示“回答、答复”。</li><li>意外（いがい）：名词，意为“意外、没想到”；常用于表达与预想不符的事情。</li><li>だった：为“だ”表示断定的过去式，接在名词、な形容词后，表示过去状态。</li><li>语法：本句的主语用「は」提示主题，「意外だった」表示主语让说话人感到意外。</li></ol>,[sound:jlpt_vocabulary_in_sentence_意外.mp3]
行き,去；前往,明日は京都へ行きます。,明天去京都。,<ruby>明日<rt>あした</rt></ruby>は<ruby>京都<rt>きょうと</rt></ruby>へ<ruby>行きます<rt>いきます</rt></ruby>。,<ol><li>明日（あした）：表示“明天”，是时间副词。</li><li>京都（きょうと）：地名，“京都”是日本著名城市。</li><li>へ：助词，表示动作的方向，“去某地”时常用。</li><li>行きます（いきます）：「行く（いく）」的敬体形式，表示“去”。</li><li>日语中，“行きます”是表示目的地的标准表达方式。注意区别「行き」用于名词、连用形场合时，如「帰り（かえり）」的用法类似。</li></ol>,[sound:jlpt_vocabulary_in_sentence_行き.mp3]
行き,去，前往,明日は友達と映画に行きます。,明天和朋友去看电影。,<ruby>明日<rt>あした</rt></ruby>は<ruby>友達<rt>ともだち</rt></ruby>と<ruby>映画<rt>えいが</rt></ruby>に<ruby>行きます<rt>いきます</rt></ruby>。,<ol><li>明日（あした）：意为“明天”，日常较口语的说法，书面语也可用「翌日（よくじつ）」。</li><li>友達（ともだち）：意思是“朋友”。</li><li>と：格助词，表示动作的对象，此处翻译为“和（朋友）”。</li><li>映画（えいが）：电影。</li><li>に：表示方向、目的地，此处指“去（电影）”。</li><li>行きます（いきます）：「行く（いく）」的礼貌形，为五段动词。表示“去、前往”。</li><li>「行き（いき）」是动词连用形，后接「ます」构成敬语。“ます”用于表达礼貌口吻。</li><li>语法结构：『名词（目的地）+に+行きます』，表示去某地。</li></ol>,[sound:jlpt_vocabulary_in_sentence_行き.mp3]
息,呼吸、气息,彼は大きく息を吸った。,他深深地吸了一口气。,<ruby>彼は<rt>かれは</rt></ruby><ruby>大きく<rt>おおきく</rt></ruby><ruby>息<rt>いき</rt></ruby>を<ruby>吸った<rt>すった</rt></ruby>。,<ol><li>彼（かれ）：表示“他”。</li><li>大きく（おおきく）：副词，修饰下文动词，表示“大大地、深深地”。实际由形容词“大きい”变为副词。</li><li>息（いき）：名词，“呼吸、气息”。与“息子（むすこ）”等词区别，不同汉字意思不同。</li><li>を：助词，表示动作的对象。</li><li>吸った（すった）：动词“吸う（すう）”的过去式，表示已经完成的吸入动作。</li><li>本句型“息を吸う（いきをすう）”意思是“吸气、呼吸”，是生活中常用搭配。</li></ol>,[sound:jlpt_vocabulary_in_sentence_息.mp3]
勢い,气势,彼は勢いよく部屋に入ってきた。,他气势汹汹地走进了房间。,<ruby>彼<rt>かれ</rt></ruby>は<ruby>勢い<rt>いきおい</rt></ruby>よく<ruby>部屋<rt>へや</rt></ruby>に<ruby>入ってきた<rt>はいってきた</rt></ruby>。,<ol><li>彼（かれ）：第三人称单数，表示“他”。</li><li>勢い（いきおい）：名词，意为“气势、势头”，常用于描述事物发展的力量或气氛，也可形容人的气势或动作的迅猛。</li><li>よく：副词“良く”的口语形态，这里与“勢い”搭配，构成“勢いよく”，表示“充满气势地、很有劲地”。</li><li>部屋（へや）：名词，“房间”。</li><li>に：助词，表目的地，“到…”。</li><li>入ってきた（はいってきた）：动词“入る（进入）”的て形加“くる（来）”，表示“进来”，已然形，表示动作已经发生。</li><li>语法点：“勢いよく”是名词加副词的常用搭配，形容动作的状态，常用于表达动作猛烈、充满气势。类似的搭配还有“元気よく(げんきよく)”等。</li><li>文化补充：日常生活中，“勢い”可以用来描述人的气场、说话的气势，也可指形势发展的趋势。</li></ol>,[sound:jlpt_vocabulary_in_sentence_勢い.mp3]
生き物,生物，动物,動物園には珍しい生き物がいます。,动物园里有珍稀的生物。,<ruby>動物園<rt>どうぶつえん</rt></ruby>には<ruby>珍しい<rt>めずらしい</rt></ruby><ruby>生き物<rt>いきもの</rt></ruby>が<ruby>います<rt>います</rt></ruby>。,<ol><li>動物園（どうぶつえん）：动物园。由「動物」（动物）和「園」（园、场所）组成。</li><li>には：表示方向、场所的助词组合，强调存在的地点。</li><li>珍しい（めずらしい）：罕见、稀有。形容词，用于描述难得见到的事物。</li><li>生き物（いきもの）：生物、动物等有生命的东西，既可以指动物，也可以泛指一切有生命的事物。注意读音「いきもの」不能简化为「いきもん」。</li><li>が：主格助词，标记主语。</li><li>います：动词「いる」的礼貌形，表示有生命体的存在。</li><li>句子的语法结构：主语（動物園には）+ 形容词修饰（珍しい）+ 名词（生き物）が + 动词（います）。表示在动物园里有稀有的生物。</li></ol>,[sound:jlpt_vocabulary_in_sentence_生き物.mp3]
いけない,不行，不能,ここでタバコを吸ってはいけない。,这里不能抽烟。,<ruby>ここで<rt>ここで</rt></ruby><ruby>タバコ<rt>たばこ</rt></ruby>を<ruby>吸って<rt>すって</rt></ruby>は<ruby>いけない<rt>いけない</rt></ruby>。,<ol><li>ここで：表示“在这里”，是地点助词「で」与指示词「ここ」（这里）的组合。</li><li>タバコ：意为“烟草、香烟”。日语中常用片假名表示外来语。</li><li>を：宾格助词，表明“香烟”为动作“吸う（すう）”的对象。</li><li>吸って（すって）：动词“吸う”（吸），て形接续，常用于连接表达。</li><li>～てはいけない：表示“禁止、不能做某事”，接在动词て形后面。「いけない」原意为“不可以，不好，危险”，但作为语法结构时表达“不能做…”的意思。</li><li>文化补充：在日本很多场合（比如公共场所、餐馆、火车站）都明确禁止吸烟，遵守场所规定是很重要的日常礼仪。</li></ol>,[sound:jlpt_vocabulary_in_sentence_いけない.mp3]
医師,医生,その医師は毎日患者を診ています。,那位医生每天为病人看病。,<ruby>その<rt>その</rt></ruby><ruby>医師<rt>いし</rt></ruby>は<ruby>毎日<rt>まいにち</rt></ruby><ruby>患者<rt>かんじゃ</rt></ruby>を<ruby>診ています<rt>みています</rt></ruby>。,<ol><li>その：指代前面提到的人或物，相当于“那位”。</li><li>医師（いし）：表示医生的正式说法，多用于职业介绍等正式场合；与 医者（いしゃ）近义，但医者较为口语。</li><li>は：提示主语的助词，标明主题。</li><li>毎日（まいにち）：表示“每天”。</li><li>患者（かんじゃ）：指病人或患者。</li><li>を：宾语助词，指明动作作用的对象。</li><li>診ています（みています）：「診る」是“诊察、看病”的意思，与「見る」“看”不同，「診る」多用于医疗语境。「〜ています」表示动作的持续，译为“正在……”。</li><li>日本医疗场合，称呼医生多用「先生」，但书面或正式场合常用「医師」。</li></ol>,[sound:jlpt_vocabulary_in_sentence_医師.mp3]
意思,意思,この言葉の意味がわかりません。,我不明白这个词的意思。,<ruby>この<rt>この</rt></ruby><ruby>言葉<rt>ことば</rt></ruby>の<ruby>意味<rt>いみ</rt></ruby>が<ruby>わかりません<rt>わかりません</rt></ruby>。,<ol><li>言葉（ことば）：单词、话语。</li><li>意味（いみ）：意思、含义，是本句的目标单词。</li><li>「〜の」表示所属关系，这里相当于“……的”。</li><li>わかりません：是动词「わかる」（明白、懂）的否定形式「わかりません」，用于礼貌表达“不懂”。</li><li>句型“〜の意味がわかりません”是常用于表达不理解意思的礼貌用语。</li></ol>,[sound:jlpt_vocabulary_in_sentence_意思.mp3]
意志,意志、决心,彼は強い意志を持っています。,他有坚定的意志。,<ruby>彼<rt>かれ</rt></ruby>は<ruby>強い<rt>つよい</rt></ruby><ruby>意志<rt>いし</rt></ruby>を<ruby>持っています<rt>もっています</rt></ruby>。,<ol><li>彼（かれ）：指“他”。常用于男性，但也可以泛指第三者。</li><li>強い（つよい）：形容词，意为“强的、坚强的”。</li><li>意志（いし）：名词，表示“意志、决心”。</li><li>を：宾格助词，标示动作对象。</li><li>持っています（もっています）：动词“持つ（もつ）”的て形+います，用于表示现在持续拥有或具备某种事物。</li><li>语序上日语为「主语は+宾语を+动词」结构，和中文顺序相似。表达“有~”时常用“持っています”。</li></ol>,[sound:jlpt_vocabulary_in_sentence_意志.mp3]
維持,维持、保持,健康を維持することは大切です。,保持健康是很重要的。,<ruby>健康<rt>けんこう</rt></ruby>を<ruby>維持<rt>いじ</rt></ruby>することは<ruby>大切<rt>たいせつ</rt></ruby>です。,<ol><li>健康（けんこう）：名词，意为“健康”。</li><li>を：助词，标记动作的对象。</li><li>維持（いじ）：名词，意为“维持、保持”。与动词「する」搭配成「維持する」，表示“保持、维持”。</li><li>こと：名词化助词，把动词短语名词化，表示“保持健康这件事”。</li><li>は：提示助词，强调主语或话题。</li><li>大切（たいせつ）：形容动词，意为“重要的、珍贵的”。</li><li>です：礼貌形语尾，适用于正式场合的陈述句。</li><li>语法说明：「名词+を+动词する」表示对名词所代表的对象进行动作。「〜ことは〜です」结构用于评价某一行为或事实。「維持」一般接动词する，组成「維持する」（保持、维持）。搭配广泛使用，比如「秩序を維持する」（维持秩序）。</li></ol>,[sound:jlpt_vocabulary_in_sentence_維持.mp3]
意識,意识,彼は健康を意識して運動しています。,他有意识地锻炼身体以保持健康。,<ruby>彼は<rt>かれは</rt></ruby><ruby>健康を<rt>けんこうを</rt></ruby><ruby>意識して<rt>いしきして</rt></ruby><ruby>運動しています。<rt>うんどうしています。</rt></ruby>,<ol><li>彼（かれ）：他，男性代词。</li><li>健康（けんこう）：健康，形容身体状态良好。</li><li>意識する（いしきする）：有意识、注意、在意。这里用て形「意識して」表示“有意识地”做某事。</li><li>運動する（うんどうする）：运动。ています 表示持续进行状态，译为“正在锻炼/经常锻炼”。</li><li>语法：“〜を意識して〜する”表示有某种意识或目的去做某事。</li></ol>,[sound:jlpt_vocabulary_in_sentence_意識.mp3]
異常,异常，异常情况,機械に異常が発生しました。,机器发生了异常情况。,<ruby>機械<rt>きかい</rt></ruby>に<ruby>異常<rt>いじょう</rt></ruby>が<ruby>発生しました<rt>はっせいしました</rt></ruby>。,<ol><li>機械（きかい）：指机器、机械设备。</li><li>に：表示动作的对象，这里表明“发生异常”的对象是机器。</li><li>異常（いじょう）：指反常、异常的状况，经常用于描述设备、身体等出现的不正常状态。</li><li>が：主语助词，标记“異常”为主语。</li><li>発生しました（はっせいしました）：动词“発生する”（发生）的过去敬体形，表达“发生了某事”。<br>用法说明：在机械、技术或医疗领域，“異常”常用来描述检测到的问题。此句整体为格式化故障报告用语。</li></ol>,[sound:jlpt_vocabulary_in_sentence_異常.mp3]
意地悪,刁难，坏心眼,彼は時々意地悪をします。,他有时候会故意刁难人。,<ruby>彼<rt>かれ</rt></ruby>は<ruby>時々<rt>ときどき</rt></ruby><ruby>意地悪<rt>いじわる</rt></ruby>を<ruby>します<rt>します</rt></ruby>。,<ol><li>彼（かれ）：指“他”，常用于口语和书面语，泛指男性。</li><li>時々（ときどき）：副词，表示“有时”、“偶尔”。</li><li>意地悪（いじわる）：名词，表示“刁难、坏心眼”，也可指对人的恶意行为。可以做名词用，也可和「する」搭配做动词「意地悪する」（刁难别人）。</li><li>を：助词，标记宾语，连接动作（する）和宾语（意地悪）。</li><li>します：动词「する」（做）的礼貌型。意思是“做”。</li><li>整个句子结构：主体＋は＋时间副词＋宾语＋を＋动词，可以表达某人有时会做某事。</li><li>补充：意地悪有时用于描述孩子间恶作剧，也可用于形容对人的不善意。</li></ol>,[sound:jlpt_vocabulary_in_sentence_意地悪.mp3]
泉,泉水,山の中に清らかな泉がある。,山里有一股清澈的泉水。,<ruby>山<rt>やま</rt></ruby>の<ruby>中<rt>なか</rt></ruby>に<ruby>清らかな<rt>きよらかな</rt></ruby><ruby>泉<rt>いずみ</rt></ruby>がある。,<ol><li>山（やま）：山，指地形上的山峰；常用于描述自然环境。</li><li>中（なか）：表示内部、里面，此处指“山里”。</li><li>に：表示存在或方向的助词，这里用于表示“在……里面”。</li><li>清らかな（きよらかな）：形容动词“清澈的、纯净的”，修饰下文的泉（いずみ）。</li><li>泉（いずみ）：泉水、泉眼。用于描述自然界自地面喷涌而出的水源。注意“泉”在地名中有时音读为“せん”，在日常语境、人名里一般读“いずみ”。</li><li>が：主格助词，标记主语“泉”。</li><li>ある：存在动词，用于无生命物体，表示“有、存在”。</li></ol>,[sound:jlpt_vocabulary_in_sentence_泉.mp3]
いずれ,迟早、总有一天,いずれ彼も理解してくれるでしょう。,迟早他也会理解的吧。,<ruby>いずれ<rt>いずれ</rt></ruby><ruby>彼<rt>かれ</rt></ruby>も<ruby>理解<rt>りかい</rt></ruby><ruby>して<rt>して</rt></ruby><ruby>くれる<rt>くれる</rt></ruby><ruby>でしょう<rt>でしょう</rt></ruby>。,<ol><li>いずれ：副词，表示“迟早、总有一天”的意思，多用来表达将来某个不确定时间内必然发生的事情。常见搭配有“いずれ〜だろう”、“いずれ〜する”。</li><li>彼（かれ）：指“他”，用来表示说话人以外的男性。</li><li>理解（りかい）：名词或动词“理解”。可作“理解する”表示“理解”。</li><li>してくれる：动词“する”的て形加“くれる”，表别人为说话人或其内的人做某事。例句中为“理解する”的て形加“くれる”，意思是“对方会为我/我们理解”。</li><li>でしょう：表示说话人的推测、推量，语气较为委婉，含有“……吧”“大概……”的语感。</li><li>本句型整体结构是：いずれ + 主语 + も + 动词て形 + くれる + でしょう，用于表达“迟早……也会……吧”的意思。</li></ol>,[sound:jlpt_vocabulary_in_sentence_いずれ.mp3]
以前,以前、从前,ここに住むのは以前からです。,我从以前就住在这里。,ここに<ruby>住む<rt>すむ</rt></ruby>のは<ruby>以前<rt>いぜん</rt></ruby>からです。,<ol><li>ここ（这里）：表示说话人所在的场所或指代前文提到的地方。</li><li>住む（すむ）：动词，意思是“居住、住”。这里是动词原形。</li><li>のは：结构助词，表示主题或说明原因。</li><li>以前（いぜん）：名词，意思为“以前、过去”，在句中作时间状语。</li><li>から：助词，表示起点，译为“从……”。</li><li>です：礼貌形终助动词，表示断定。</li><li>语法知识：这句结构为“……のは～からです”，用来说明某事的起因或起始时间，是日语常用表达。</li></ol>,[sound:jlpt_vocabulary_in_sentence_以前.mp3]
板,木板,新しい板を買いました。,我买了新的木板。,<ruby>新しい<rt>あたらしい</rt></ruby><ruby>板<rt>いた</rt></ruby>を<ruby>買いました<rt>かいました</rt></ruby>。,<ol><li>新しい（あたらしい）：形容词，表示“新的”。</li><li>板（いた）：名词，指“木板”或“板材”，可用于地板、墙面等。读音为いた，在TTS朗读时注意不是ばん。</li><li>を：助词，表宾语，连接动作的对象。</li><li>買いました（かいました）：动词“買う”（买）的过去式，“买了”。</li></ol>,[sound:jlpt_vocabulary_in_sentence_板.mp3]
偉大,伟大,彼は偉大な科学者だった。,他是一位伟大的科学家。,<ruby>彼<rt>かれ</rt></ruby>は<ruby>偉大<rt>いだい</rt></ruby>な<ruby>科学者<rt>かがくしゃ</rt></ruby>だった。,<ol><li>彼（かれ）：指“他”，是第三人称代词。</li><li>偉大（いだい）：形容动词，意为“伟大”，常用来称赞人或事物非凡的成就。</li><li>な：连体助词，偉大な+名词结构，用于将形容动词“偉大”修饰后面的名词“科学者”。</li><li>科学者（かがくしゃ）：意思是“科学家”。</li><li>だった：是“だ”的过去式，表明事情已经发生。</li><li>日语形容动词连用时须加“な”连接名词，这是和形容词不同的语法点。</li></ol>,[sound:jlpt_vocabulary_in_sentence_偉大.mp3]
抱く,抱，怀抱,彼は赤ちゃんを優しく抱く。,他温柔地抱着婴儿。,<ruby>彼<rt>かれ</rt></ruby>は<ruby>赤ちゃん<rt>あかちゃん</rt></ruby>を<ruby>優しく<rt>やさしく</rt></ruby><ruby>抱く<rt>だく</rt></ruby>。,<ol><li>彼（かれ）：他，指代男性。</li><li>赤ちゃん（あかちゃん）：婴儿，小孩的可爱说法。</li><li>を：宾语助词，表示动作的对象，这里指婴儿。</li><li>優しく（やさしく）：副词，表示温柔地、柔和地，对应地修饰动词「抱く」。</li><li>抱く（だく）：动词，表示“抱、搂、怀抱”。用于用手臂环抱某物（如孩子、小动物等）时用法。该词也有「いだく」发音，多用于抽象意义，如“怀有梦想”。这里表示具体的搂抱动作，TTS一般应读作「だく」。</li><li>句末用「。」表示句子的结束。</li></ol>,[sound:jlpt_vocabulary_in_sentence_抱く.mp3]
いたずら,恶作剧,子供たちはいたずらが好きです。,孩子们喜欢恶作剧。,<ruby>子供たち<rt>こどもたち</rt></ruby>はいたずらが<ruby>好き<rt>すき</rt></ruby>です。,"<ol><li>子供たち（こどもたち）：孩子们，""子供""原意是孩子，后接""たち""表示复数。</li><li>は：主题助词，表示句子的主题。</li><li>いたずら：恶作剧、调皮捣蛋的行为。在日语中可以指小孩的淘气或无害的捣蛋。</li><li>が：主语助词，这里强调""恶作剧""这一行为。</li><li>好き（すき）：喜欢，表示喜欢某物或某事，用于名词后面。</li><li>です：句尾礼貌形式，使句子更正式。</li><li>语法点：Aが好き（すき）です，表示喜欢A。</li><li>文化：在日本，小孩子的小恶作剧一般被认为是成长过程中的一部分，但不鼓励恶意的捣蛋行为。""いたずら""既可以是中性用语，也可以带点调侃。</li></ol>",[sound:jlpt_vocabulary_in_sentence_いたずら.mp3]
いただきます,我开动了,ごちそうを前にしていただきますと言いました。,在美食面前说了“我开动了”。,<ruby>ごちそう<rt>ごちそう</rt></ruby><ruby>を<rt>を</rt></ruby><ruby>前<rt>まえ</rt></ruby><ruby>に<rt>に</rt></ruby><ruby>して<rt>して</rt></ruby><ruby>いただきます<rt>いただきます</rt></ruby><ruby>と<rt>と</rt></ruby><ruby>言いました<rt>いいました</rt></ruby>。,<ol><li>ごちそう：美食、盛宴。常用于特别美味或丰盛的食物。</li><li>〜を前(まえ)にして：表示“在……面前”，表达某种场合或情况。</li><li>いただきます：用餐前的祝词，表示“我要开动了”。日本文化中，表达对食物和准备者的感谢，含有尊重自然和劳动者的意义。</li><li>と言いました：“说了……”。言いました是动词「言う」（说）的过去式。</li><li>文化说明：日本人在吃饭前一般都会说“いただきます”，这是一种礼貌和感谢的表达，不只是对厨师，也是对自然和食材的感激。</li></ol>,[sound:jlpt_vocabulary_in_sentence_いただきます.mp3]
痛み,疼痛,頭に痛みを感じます。,头部感到疼痛。,<ruby>頭<rt>あたま</rt></ruby>に<ruby>痛み<rt>いたみ</rt></ruby>を<ruby>感じます<rt>かんじます</rt></ruby>。,<ol><li>頭（あたま）：意为“头部”。</li><li>に：助词，表示地点或对象，此处指“在头部”。</li><li>痛み（いたみ）：名词，表示“疼痛”，是动词“痛む（いたむ，疼痛）”的名词形。</li><li>を：宾语助词，表示宾语“痛み”。</li><li>感じます（かんじます）：动词“感じる（かんじる，感觉）”的敬体形，表达“感到”。</li><li>语法结构：AにBを感じます，表达“在A处感到B”。</li></ol>,[sound:jlpt_vocabulary_in_sentence_痛み.mp3]
至る,到达、达到,彼は長い努力の末、成功に至った。,他经过长时间的努力，终于获得了成功。,<ruby>彼は<rt>かれは</rt></ruby><ruby>長い<rt>ながい</rt></ruby><ruby>努力<rt>どりょく</rt></ruby>の<ruby>末<rt>すえ</rt></ruby>、<ruby>成功<rt>せいこう</rt></ruby>に<ruby>至った<rt>いたった</rt></ruby>。,<ol><li>彼（かれ）：他，指代男性。</li><li>長い（ながい）：形容词，长的。</li><li>努力（どりょく）：名词，努力；勤奋。</li><li>末（すえ）：名词，结尾、最后。</li><li>成功（せいこう）：名词，成功。</li><li>に：格助词，指目标或结果。</li><li>至る（いたる）：动词，表示到达某种状态或地点，常用于抽象含义，如“至る所”或“成功に至る”。本句为过去时（至った）。</li><li>日语中“至る”多见于书面语，与“到着する（とうちゃくする）”不同，“至る”更常用于抽象意义的“达到”。</li><li>句型“〜の末（すえ）、〜に至る”：表示经历种种后终于到达某一结果，是日语书面表达中高频用法。</li></ol>,[sound:jlpt_vocabulary_in_sentence_至る.mp3]
市,城市,この市には有名な公園があります。,这个城市有一个著名的公园。,この<ruby>市<rt>し</rt></ruby>には<ruby>有名<rt>ゆうめい</rt></ruby>な<ruby>公園<rt>こうえん</rt></ruby>が<ruby>あります<rt>あります</rt></ruby>。,<ol><li>市（し）：意思为“城市、都市”，常用于行政区划名称，如大阪市（おおさかし）。在句中表示具体的城市。</li><li>この：指示代词，意思为“这个”。</li><li>有名な：形容动词“有名（ゆうめい）”的连体形，修饰后面的名词，表示“著名的”。</li><li>公園（こうえん）：意为“公园”。</li><li>があります：动词“ある”的敬体，表示事物的存在，用于无生命的东西或抽象概念。</li><li>语法：には=“に”表示场所，“は”为主题助词，强调“市”这个场所。</li></ol>,[sound:jlpt_vocabulary_in_sentence_市.mp3]
位置,位置，方位,彼の位置が分からない。,不知道他的位置。,<ruby>彼<rt>かれ</rt></ruby>の<ruby>位置<rt>いち</rt></ruby>が<ruby>分からない<rt>わからない</rt></ruby>。,<ol><li>彼（かれ）：意思是“他”，常用于指代男性。女性则常用彼女（かのじょ）。</li><li>の：日语中的格助词，表示所属关系，即“的”。</li><li>位置（いち）：表示“位置”或“方位”。</li><li>が：主语助词，用于提示主语，这里表示“分からない”的主语是“位置”。</li><li>分からない（わからない）：“分かる”的否定形式，“不知道、不明白”。</li><li>语序：在日语中，所有修饰前置，最终动词结尾。</li></ol>,[sound:jlpt_vocabulary_in_sentence_位置.mp3]
一時,一时，临时,一時外に出かけました。,我临时出去了外面。,<ruby>一時<rt>いちじ</rt></ruby><ruby>外<rt>そと</rt></ruby>に<ruby>出かけました<rt>でかけました</rt></ruby>。,<ol><li>一時（いちじ）：可以表示“某个时刻”（如一点钟），但在部分场合也有“一时，临时”的含义。搭配上下文判断。</li><li>外に出かけました：出かける（でかける）是“出门，外出”。“〜に出かける”表示“去某地”。</li><li>发音注意：“一時”若读作“いちじ”多指具体时间点，若读作“いっとき”则偏向“一时、短时间”，此处为前者。</li></ol>,[sound:jlpt_vocabulary_in_sentence_一時.mp3]
一度に,一次性地,彼は一度に三つの仕事を終えた。,他一次性完成了三项工作。,<ruby>彼は<rt>かれは</rt></ruby><ruby>一度に<rt>いちどに</rt></ruby><ruby>三つの<rt>みっつの</rt></ruby><ruby>仕事を<rt>しごとを</rt></ruby><ruby>終えた。<rt>おえた。</rt></ruby>,<ol><li>彼（かれ）：他，指男性第三人称单数。</li><li>一度に（いちどに）：一次性地，一下子。表示在同一个时刻或一口气完成多件事。</li><li>三つ（みっつ）：三（事物的数量，三，常用于口语）。</li><li>仕事（しごと）：工作、任务。</li><li>終える（おえる）：结束、完成。这里用过去式“終えた”。</li><li>语法点：“一度に+数量/动作”表示“在同一次”“一次性地”完成很多东西，强调效率和集中完成的动作。</li><li>文化背景：日本职场有时强调分阶段逐步完成工作，因此“一度に”暗含效率极高、超出常规的赞扬或惊讶。</li></ol>,[sound:jlpt_vocabulary_in_sentence_一度に.mp3]
市場,市场,朝早く市場で新鮮な魚を買いました。,一大早我在市场买了新鲜的鱼。,<ruby>朝早く<rt>あさはやく</rt></ruby><ruby>市場<rt>いちば</rt></ruby>で<ruby>新鮮な<rt>しんせんな</rt></ruby><ruby>魚<rt>さかな</rt></ruby>を<ruby>買いました<rt>かいました</rt></ruby>。,<ol><li>朝早く（あさはやく）：表示早上很早的时间，常用于描写一天的开始或需要早起的场合。</li><li>市場（いちば）：表示可以买卖生鲜食品、日用品等的市场。日常也可以指大型批发市场。注意与「マーケット」的区别，后者较偏向超市或西式市场。</li><li>で：表示动作发生的场所。</li><li>新鮮な（しんせんな）：表示新鲜的，常用于食品。</li><li>魚（さかな）：鱼。日本市场通常以新鲜海产闻名，清晨去市场买鱼是日本一大特色。</li><li>を：宾语助词，表示买的对象。</li><li>買いました（かいました）：动词「買う」（买）的敬体过去式，表示买过了。发音注意不是「かうました」。</li></ol>,[sound:jlpt_vocabulary_in_sentence_市場.mp3]
いつか,某时、将来,彼はいつか海外に行きたいと言いました。,他说过将来想去国外。,<ruby>彼<rt>かれ</rt></ruby>はいつか<ruby>海外<rt>かいがい</rt></ruby>に<ruby>行きたい<rt>いきたい</rt></ruby>と<ruby>言いました<rt>いいました</rt></ruby>。,<ol><li>彼（かれ）：他、男的。用于指称第三人称男性。</li><li>は：主题助词，提示主语。</li><li>いつか：将来、某时，将来的某个时候，有不确定的时间含义。一般用于表达愿望或期待未来事件。</li><li>海外（かいがい）：国外、海外。</li><li>に：表示动作的目的地、方向。</li><li>行きたい（いきたい）：动词「行く」（去）的「たい形」，表示愿望。句中“行きたい”说明想去的意思。</li><li>と言いました（いいました）：动词「言う」的过去式「言いました」，表示“曾说过什么”。と用于引用。</li><li>整句为「~と言いました」，结构常用于转述他人的话。</li></ol>,[sound:jlpt_vocabulary_in_sentence_いつか.mp3]
一家,一家人,私たちは一家で旅行に行きます。,我们全家一起去旅行。,<ruby>私たち<rt>わたしたち</rt></ruby>は<ruby>一家<rt>いっか</rt></ruby>で<ruby>旅行<rt>りょこう</rt></ruby>に<ruby>行きます<rt>いきます</rt></ruby>。,<ol><li>私たち（わたしたち）：表示“我们”，代词，复数形式。</li><li>一家（いっか）：指“全家、一个家庭所有成员”。使用时大多修饰人的集合，不可用于公司商店等。</li><li>で：这里是表示动作的“范围、整体性”助词，用于表明“以…为单位”。</li><li>旅行（りょこう）：名词“旅行”。</li><li>に行きます（いきます）：“去…”，固定搭配，表示去某地或去做某事。</li><li>本句语法结构为“[主语]は[一家]で[动作]”，强调全家人一起做某事。</li></ol>,[sound:jlpt_vocabulary_in_sentence_一家.mp3]
一種,一种,それは一種の文化です。,那是一种文化。,<ruby>それは<rt>それは</rt></ruby><ruby>一種<rt>いっしゅ</rt></ruby><ruby>の<rt>の</rt></ruby><ruby>文化<rt>ぶんか</rt></ruby><ruby>です<rt>です</rt></ruby>。,<ol><li>一種（いっしゅ）：表示“种类中的一种”，常和“の”连接，后面接名词。注意“種”单独读作“しゅ”，“一種”联合变音为“いっしゅ”。</li><li>それは：指代前文或语境中提到的事物。“の”表示所属或同类关系。</li><li>日语表达“……的……”多用“の”连接。</li><li>文化（ぶんか）：意思为“文化”，常作为抽象名词使用。</li><li>です：礼貌句尾。整句为说明语气，“是……”的意思。</li></ol>,[sound:jlpt_vocabulary_in_sentence_一種.mp3]
一瞬,一瞬间,彼の姿は一瞬で消えた。,他的身影一瞬间就消失了。,<ruby>彼<rt>かれ</rt></ruby>の<ruby>姿<rt>すがた</rt></ruby>は<ruby>一瞬<rt>いっしゅん</rt></ruby>で<ruby>消えた<rt>きえた</rt></ruby>。,<ol><li>彼（かれ）：第三人称代词，意思是“他”，常用于口语和书面语中。</li><li>姿（すがた）：表示“身影、姿态”的意思。</li><li>一瞬（いっしゅん）：指“极短的瞬间、一刹那”，常用来强调时间非常短暂。</li><li>で：表示动作发生的手段、方式或时间，此处表示在“一瞬间”这个时间段内。</li><li>消えた（きえた）：是动词“消える”（消失）的过去式，表示“消失了”。</li><li>日语中描述极短时间常用“一瞬（いっしゅん）”，和中文“一瞬间”意义一致。</li></ol>,[sound:jlpt_vocabulary_in_sentence_一瞬.mp3]
一生,一辈子,彼は一生懸命に働いた。,他一辈子都很努力地工作。,<ruby>彼<rt>かれ</rt></ruby>は<ruby>一生懸命<rt>いっしょうけんめい</rt></ruby>に<ruby>働いた<rt>はたらいた</rt></ruby>。,<ol><li>彼（かれ）：第三人称“他”。</li><li>一生懸命（いっしょうけんめい）：拼尽全力，努力地；常见的固定表达，意思为非常努力地做某事，其中“一生”本为“整个一生”，但在“一生懸命”中是强调全力。</li><li>に：接在副词性词后，表示方式或状态，相当于汉语“地”。</li><li>働いた（はたらいた）：动词“働く”（工作）的过去式，表示已经做过。</li><li>词语解释：“一生”字面意义为“一辈子、终身”，常用于表示人的一生。从“TTS 合成”角度看，注意“いっしょう”需连读，不要断开；有时易误读成“いちしょう”，正确的发音为いっしょう。</li></ol>,[sound:jlpt_vocabulary_in_sentence_一生.mp3]
一層,更加,寒さが一層厳しくなりました。,寒冷更加严重了。,<ruby>寒さ<rt>さむさ</rt></ruby>が<ruby>一層<rt>いっそう</rt></ruby><ruby>厳しく<rt>きびしく</rt></ruby><ruby>なりました<rt>なりました</rt></ruby>。,<ol><li>寒さ：名词，「寒冷」。由形容词「寒い」（さむい）转为名词形，表示“寒冷的程度”。</li><li>一層（いっそう）：副词，意思是“更加、更进一步”，用来加强后续形容词或动词的程度。常和表示变化或比较的表达一起使用。</li><li>厳しく：形容词「厳しい」（きびしい）的副词形式，表示“更加严厉/严重”。</li><li>なりました：动词「なる」（なる）过去式「なりました」，表示“变得……”。</li><li>语法结构“～が一層～なる”，表示某种状态进一步加深。例如：状況が一層悪化した（情况进一步恶化了）。</li></ol>,[sound:jlpt_vocabulary_in_sentence_一層.mp3]
一体,整体、合为一体,彼らは一体となって問題を解決した。,他们团结一致解决了问题。,<ruby>彼ら<rt>かれら</rt></ruby>は<ruby>一体<rt>いったい</rt></ruby>となって<ruby>問題<rt>もんだい</rt></ruby>を<ruby>解決<rt>かいけつ</rt></ruby>した。,<ol><li>彼ら（かれら）：他们。“彼”指“他”，“彼ら”是复数，表复数时多用于男性，也可泛指一组人。</li><li>一体（いったい）：整体、合为一体，这里作副词短语“一体となって”，意为“成为一体”。“一体”在口语中也可作感叹语，意思为“到底”、“究竟”，但在本句中作名词用，表示团结。</li><li>となって：是「と」（格助词，表示状态或伴随）加「なる」（变成、成为）的て形（连续形）。“一体となって”表示“成为一体”的状态。</li><li>問題（もんだい）：问题。</li><li>を：宾格助词，标明动词的宾语。</li><li>解決（かいけつ）：解决。</li><li>した：动词「する」（做）的过去形，表示动作已经完成。</li></ol>,[sound:jlpt_vocabulary_in_sentence_一体.mp3]
一致,一致、统一,みんなの意見が一致しました。,大家的意见达成了一致。,<ruby>みんな<rt>みんな</rt></ruby>の<ruby>意見<rt>いけん</rt></ruby>が<ruby>一致<rt>いっち</rt></ruby><ruby>しました<rt>しました</rt></ruby>。,<ol><li>みんな：指“大家、所有人”。</li><li>の：表示所属关系，相当于“的”。</li><li>意見（いけん）：意思为“意见”。</li><li>が：主格助词，标明主语。</li><li>一致（いっち）：名词，意思为“一致、统一”。可以作动词「一致する」。这里用「一致しました」是其敬体过去式。</li><li>～しました：表示动作的完成，敬体形式。</li><li>本句型“名词が一致する”常用于表示意见、看法完全相同。</li></ol>,[sound:jlpt_vocabulary_in_sentence_一致.mp3]
いつでも,任何时候,私はいつでも手伝えます。,我随时都能帮忙。,<ruby>私<rt>わたし</rt></ruby>はいつでも<ruby>手伝え<rt>てつだえ</rt></ruby>ます。,"<ol><li>私（わたし）：第一人称""我""，常用表达自称，男女皆可使用，但女性使用更自然，男性更随意场合可用「僕（ぼく）」或「俺（おれ）」。</li><li>いつでも：副词，表示""任何时候、随时""，常与可以接受请求或开放的动作搭配，表达便利性或善意。</li><li>手伝えます（てつだえます）：动词“手伝う”（帮助）的可能态""手伝える""的敬语形式。这里“ます”体现客气表达。整个结构表示""能够帮忙""。</li><li>语法结构：助词「は」为主题提示，“いつでも”在句中作时间状语。“手伝えます”描述说话人能力。</li></ol>",[sound:jlpt_vocabulary_in_sentence_いつでも.mp3]
いつのまにか,不知不觉,いつのまにか雨がやんでいました。,不知不觉雨已经停了。,<ruby>いつのまにか<rt>いつのまにか</rt></ruby><ruby>雨<rt>あめ</rt></ruby>が<ruby>やんでいました<rt>やんでいました</rt></ruby>。,<ol><li>いつのまにか：副词，表示事情发生时本人没有察觉，相当于中文“不知不觉”。</li><li>雨(あめ)：名词，表示“雨”。</li><li>やんでいました：动词やむ（止む，停止）的ている形过去时，表示雨已经停下来了。やむ多指自然现象结束，如雨、风等。</li><li>“が”是助词，标示主语，连接主语“雨”。</li><li>日语表达某事“不知不觉”多用いつのまにか，体现对经过的感知不同于中文。</li></ol>,[sound:jlpt_vocabulary_in_sentence_いつのまにか.mp3]
一般,一般、普通,彼は一般の会社で働いています。,他在普通公司工作。,<ruby>彼<rt>かれ</rt></ruby>は<ruby>一般<rt>いっぱん</rt></ruby>の<ruby>会社<rt>かいしゃ</rt></ruby>で<ruby>働いて<rt>はたらいて</rt></ruby><ruby>います<rt>います</rt></ruby>。,<ol><li>彼(かれ)：指“他”。日语人称代词，常用。</li><li>は：表示主语的助词。</li><li>一般(いっぱん)：意思为“一般、普通”，可做名词或形容动词。</li><li>の：连接名词与名词，表示所属、种类。</li><li>会社(かいしゃ)：公司。</li><li>で：表示动作发生的场所。</li><li>働いています：动词“働く(はたらく)：工作”て形+います，表示动作正在进行或习惯。</li><li>「一般」在口语、书面语中都常用，发音注意「いっぱん」不是「いっぺん」。</li></ol>,[sound:jlpt_vocabulary_in_sentence_一般.mp3]
一方,一方面,彼は一方で優しいが、時々厳しい。,他一方面很温柔，但有时也很严厉。,<ruby>彼<rt>かれ</rt></ruby>は<ruby>一方<rt>いっぽう</rt></ruby>で<ruby>優しい<rt>やさしい</rt></ruby>が、<ruby>時々<rt>ときどき</rt></ruby><ruby>厳しい<rt>きびしい</rt></ruby>。,<ol><li>彼（かれ）：指“他”。</li><li>一方（いっぽう）：表示两种情况的对照，意为“一方面”。</li><li>で：助词，连接理由、条件或情景，这里是接续词，表对立的两面。</li><li>優しい（やさしい）：温柔的，友善的。</li><li>が：转折助词，表“但是”。</li><li>時々（ときどき）：有时。</li><li>厳しい（きびしい）：严厉的、严格的。</li><li>语法点：“一方で〜が／けど〜”结构，常用与表达两种互相对立或并列的状态。</li></ol>,[sound:jlpt_vocabulary_in_sentence_一方.mp3]
いつまでも,永远、一直,彼女の笑顔はいつまでも忘れません。,她的笑容我永远不会忘记。,<ruby>彼女<rt>かのじょ</rt></ruby>の<ruby>笑顔<rt>えがお</rt></ruby>は<ruby>いつまでも<rt>いつまでも</rt></ruby><ruby>忘れません<rt>わすれません</rt></ruby>。,<ol><li>彼女（かのじょ）：指“她”或“女朋友”。</li><li>笑顔（えがお）：微笑的表情，“笑”的汉字表示笑容，日常表达较常用。</li><li>いつまでも：副词，意为“永远、始终”，表示状态持续不变。</li><li>忘れません（わすれません）：动词“忘れる（わすれる）”的否定敬体，表示“不忘记”。</li><li>语法说明：日语句子中“は”用于提示主题。“いつまでも”强调动作或状态永久持续，多用于表达情感如“永不忘记”、“永远爱你”等语境。</li><li>文化补充：日本人表达“记忆常驻”时常用“忘れません”，“いつまでも”加强情感色彩，显得更真挚。</li></ol>,[sound:jlpt_vocabulary_in_sentence_いつまでも.mp3]
移動,移动，转移,彼は明日東京に移動します。,他明天要调往东京。,<ruby>彼は<rt>かれは</rt></ruby><ruby>明日<rt>あした</rt></ruby><ruby>東京に<rt>とうきょうに</rt></ruby><ruby>移動します<rt>いどうします</rt></ruby>。,<ol><li>彼（かれ）：意为“他”，指男生。女孩子的话用「彼女（かのじょ）」。</li><li>は：主题助词，标记主语。</li><li>明日（あした）：明天。惯用发音为“あした”，较正式场合或书面语也说“みょうにち”。</li><li>東京（とうきょう）：日本首都东京。</li><li>に：表示方向、目的地。</li><li>移動します（いどうします）：「移動（いどう）」是“移动、调动”之意，加上「します」用作动词。用在公司人事调动、场所转移等多种场合。</li><li>【语法】「〜に移動します」表达“移动到……”的含义，常用于人或物的位置变动。</li><li>文化：日企常会有人员异动（人事異動），「移動」不仅指物理移动，也可指职位转移。</li></ol>,[sound:jlpt_vocabulary_in_sentence_移動.mp3]
従兄弟,堂兄弟,私は従兄弟と夏休みに遊びました。,我和堂兄弟在暑假玩耍了。,<ruby>私<rt>わたし</rt></ruby>は<ruby>従兄弟<rt>いとこ</rt></ruby>と<ruby>夏休み<rt>なつやすみ</rt></ruby>に<ruby>遊びました<rt>あそびました</rt></ruby>。,<ol><li>私（わたし）：第一人称代词，表示“我”。</li><li>従兄弟（いとこ）：指同辈的男性堂兄弟或表兄弟。女性则写作“従姉妹（いとこ）”，但发音一样。家庭中有区分“兄弟”、“姐妹”的传统，不熟悉日语的中国学习者注意“いとこ”指父母兄弟姐妹的孩子，不仅仅是父亲一方。</li><li>と：助词，表示和某人一起。</li><li>夏休み（なつやすみ）：暑假。</li><li>に：表示时间点，“在……时”。</li><li>遊びました（あそびました）：动词“遊ぶ”的过去式，意为“玩、游玩”。ます形礼貌表达。</li><li>语法点：AとB（A和B），表示与某人一起（做某事）。过去式“ました”表示已经发生的动作。</li></ol>,[sound:jlpt_vocabulary_in_sentence_従兄弟.mp3]
従姉妹,表姐妹,私は従姉妹と一緒に映画を見ました。,我和表姐妹一起看了电影。,<ruby>私<rt>わたし</rt></ruby>は<ruby>従姉妹<rt>いとこ</rt></ruby>と<ruby>一緒に<rt>いっしょに</rt></ruby><ruby>映画<rt>えいが</rt></ruby>を<ruby>見ました<rt>みました</rt></ruby>。,<ol><li>私（わたし）：第一人称，表示“我”。</li><li>は：助词，主题标记，表明主语。</li><li>従姉妹（いとこ）：意为“表姐妹”或“堂姐妹”，泛指亲戚中同辈女性的姐妹。注：此词的平假名是「いとこ」，无论是堂姐妹还是表姐妹，日本通常都用同一个词，不细分。</li><li>と：格助词，表示和谁一起。</li><li>一緒に（いっしょに）：副词，意思是“一起”。</li><li>映画（えいが）：电影。</li><li>を：宾格助词，接在宾语后。</li><li>見ました（みました）：动词「見る」的敬体过去式，意为“看了”。</li></ol>,[sound:jlpt_vocabulary_in_sentence_従姉妹.mp3]
稲,稻子,田んぼには稲が青々と育っています。,稻子在稻田里茁壮成长。,<ruby>田んぼ<rt>たんぼ</rt></ruby>には<ruby>稲<rt>いね</rt></ruby>が<ruby>青々と<rt>あおあおと</rt></ruby><ruby>育っています<rt>そだっています</rt></ruby>。,<ol><li>田んぼ（たんぼ）：稻田，专指种植稻子的水田。</li><li>稲（いね）：稻子，泛指水稻植物，注意日语中“稲”是生长期的稻，收获后的称为“米（こめ）”。</li><li>が：助词，表示前面的名词是句子的主语。</li><li>青々と（あおあおと）：副词，形容很绿油油、生机勃勃的样子。</li><li>育っています（そだっています）：动词“育つ”{そだつ}的ている形，表示正在成长中。</li><li>语法“〜ています”表示动作或状态正在持续。</li><li>日本许多地方的农村都是种植水稻，“稲”相关词汇在日本文化和文学中非常常见。</li></ol>,[sound:jlpt_vocabulary_in_sentence_稲.mp3]
居眠り,打瞌睡,授業中に居眠りしてしまった。,上课时不小心打起了瞌睡。,<ruby>授業中<rt>じゅぎょうちゅう</rt></ruby>に<ruby>居眠り<rt>いねむり</rt></ruby>してしまった。,"<ol><li>授業中（じゅぎょうちゅう）：表示""在上课时""，中（ちゅう）用于表示动作正在进行的期间。</li><li>居眠り（いねむり）：指""打瞌睡、小睡""，通常描述在坐着等状态下不由自主地睡着。</li><li>してしまった：表示某事已经发生且具有遗憾、无奈的语气，通常用于说话人无法控制的结果。</li></ol>",[sound:jlpt_vocabulary_in_sentence_居眠り.mp3]
命,生命,命は一度きりです。,生命只有一次。,<ruby>命<rt>いのち</rt></ruby>は<ruby>一度<rt>いちど</rt></ruby>きりです。,<ol><li>命（いのち）：意为“生命”；常用于生命、人生等严肃话题。</li><li>は：表示主题助词，强调“命”。</li><li>一度きり：固定表达，意为“只有一次”，“仅此一次”。有强调唯一性的语感。</li><li>です：礼貌结句。</li><li>本句语序为典型日语主语—补语—谓语结构。</li><li>日本文化中，关于“いのち”的表达多见于劝诫珍惜人生或环保等语境。</li></ol>,[sound:jlpt_vocabulary_in_sentence_命.mp3]
違反,违反,彼は規則に違反しました。,他违反了规定。,<ruby>彼<rt>かれ</rt></ruby>は<ruby>規則<rt>きそく</rt></ruby>に<ruby>違反<rt>いはん</rt></ruby><ruby>しました<rt>しました</rt></ruby>。,<ol><li>彼（かれ）：指“他”。日语中用于第三人称男性。</li><li>規則（きそく）：意思是“规则”或“规章”。</li><li>に：表示动作的对象或方向，这里连接“規則”和“違反”。</li><li>違反（いはん）：意思是“违反”。常用于法律、规则等场合。</li><li>しました：动词“する（做）”的过去式礼貌形，表示已经完成的动作。</li><li>语法点：“～に違反する”为常见固定用法，表示“违反……”。“違反”本身为名词+する型动词。</li></ol>,[sound:jlpt_vocabulary_in_sentence_違反.mp3]
衣服,衣服,私は新しい衣服を買いました。,我买了新衣服。,<ruby>私<rt>わたし</rt></ruby>は<ruby>新しい<rt>あたらしい</rt></ruby><ruby>衣服<rt>いふく</rt></ruby>を<ruby>買いました<rt>かいました</rt></ruby>。,<ol><li>私（わたし）：第一人称代词，意为“我”。</li><li>は：主题助词，标记句子的主题。</li><li>新しい（あたらしい）：形容词，意思是“新的”。</li><li>衣服（いふく）：名词，意思是“衣服”，常用于书面语，口语多用「服（ふく）」。</li><li>を：宾语助词，用于标记动作的对象，即“衣服”。</li><li>買いました（かいました）：动词「買う」（かう）的过去时敬体，意思是“买了”。</li></ol>,[sound:jlpt_vocabulary_in_sentence_衣服.mp3]
居間,客厅,家族は毎晩居間で集まります。,家人每晚都会在客厅聚在一起。,<ruby>家族<rt>かぞく</rt></ruby>は<ruby>毎晩<rt>まいばん</rt></ruby><ruby>居間<rt>いま</rt></ruby>で<ruby>集まります<rt>あつまります</rt></ruby>。,<ol><li>家族（かぞく）：家庭成员，家人。</li><li>は：主题助词，表示主语，念作「わ」。</li><li>毎晩（まいばん）：每晚。</li><li>居間（いま）：客厅，通常是家庭成员共同活动或休息的房间。日本家中的主要起居空间，亦称「リビング」（りびんぐ）。</li><li>で：表示动作发生的场所助词。</li><li>集まります（あつまります）：动词「あつまる」（集まる）的ます形，表示“聚集、集合”。</li><li>本句型为“主语は～で動作”，在某处进行某活动。</li><li>日本传统居間常为铺有榻榻米的空间，现代家庭多称客厅为リビング。</li></ol>,[sound:jlpt_vocabulary_in_sentence_居間.mp3]
今に,不久，早晚,彼は今に成功するだろう。,他早晚会成功。,<ruby>彼<rt>かれ</rt></ruby>は<ruby>今に<rt>いまに</rt></ruby><ruby>成功<rt>せいこう</rt></ruby>するだろう。,<ol><li>彼（かれ）：他，作为第三人称指代男性。</li><li>今に（いまに）：副词，表示“早晚，不久，将来某个时候”，常用于表达某事未来肯定会发生的情况。</li><li>成功する（せいこうする）：动词“成功”，表示达到预期的结果。</li><li>だろう：表达推量，相当于中文“会……吧”“应该会”，常用于预测、推测。</li><li>整句含义：主语“他”将会在不久的将来获得成功，表示说话人对结果抱有信心。</li><li>“今に”与“やがて”意思有些接近，但“今に”更强调必定在将来某时发生，口语和书面语都常用。</li></ol>,[sound:jlpt_vocabulary_in_sentence_今に.mp3]
今にも,马上、眼看,今にも雨が降りそうです。,马上就要下雨了。,<ruby>今にも<rt>いまにも</rt></ruby><ruby>雨<rt>あめ</rt></ruby>が<ruby>降りそう<rt>ふりそう</rt></ruby>です。,<ol><li>今にも（いまにも）：副词，表示某种情况即将发生，常与可能性、变化相关的表达搭配。汉语译为“马上、眼看就要”。</li><li>雨（あめ）：名词，雨水。</li><li>が：助词，表示主语（主题）。</li><li>降りそう（ふりそう）：接续“动词ます形+そう”，表示“好像要（发生某事）”，这里“降りそう”即“要下（雨）了”。</li><li>です：敬体终助词，用于使句子礼貌。</li><li>句子的整体结构体现了日语表达即将发生变化的常见用法。例如“今にも泣きそうだ”（眼看就要哭了）。“今にも”常用于描述某种紧急或即将到来的变化，和“もうすぐ”有细微差别，“今にも”更强调马上、十分逼近的感觉。</li></ol>,[sound:jlpt_vocabulary_in_sentence_今にも.mp3]
イメージ,形象；印象,彼のイメージはとても明るいです。,他的形象非常开朗。,<ruby>彼<rt>かれ</rt></ruby>の<ruby>イメージ<rt>いめーじ</rt></ruby>はとても<ruby>明るい<rt>あかるい</rt></ruby>です。,<ol><li>彼（かれ）：第三人称单数“他”。</li><li>の：表所属或修饰，相当于汉语“的”。</li><li>イメージ：外来语，意为形象、印象。常用于描述人或事物给人的整体感受。发音为「いめーじ」。</li><li>は：主题助词，提示主题。</li><li>とても：副词，非常、很。</li><li>明るい（あかるい）：形容词，明亮、开朗。这里用于描述性格。</li><li>です：敬体结尾，表示礼貌。</li><li>语法结构为“ＡのイメージはＢです”，常用来表达对某人的感受、外表或性格给人的印象。</li></ol>,[sound:jlpt_vocabulary_in_sentence_イメージ.mp3]
否,否定,彼はその話を否とした。,他否定了那个说法。,<ruby>彼<rt>かれ</rt></ruby>はその<ruby>話<rt>はなし</rt></ruby>を<ruby>否<rt>ひ</rt></ruby>とした。,<ol><li>彼（かれ）：第三人称单数男性，意为“他”。</li><li>は：主题助词，表示主语。</li><li>その：指示词，意为“那个”。</li><li>話（はなし）：名词，意为“说法、故事”。</li><li>を：宾语助词，表示动作对象。</li><li>否（ひ）：名词，表示否定、否认。此处作为“否”的单独用法，属于书面语或正式表达，口语中通常会用「違う」、「否定する」等词。注意“否”日语还有「いな」的发音，主要用于古语或特殊表达。</li><li>とした：动词「する」的过去式，即“做了～”的意思，本句结构为「～とする」，表示判断或态度。</li><li>整体语法：「Aを否とする」=“将A否定、否认A”的意思，多出现在文章、正式对话中。</li></ol>,[sound:jlpt_vocabulary_in_sentence_否.mp3]
依頼,委托,先生に仕事を依頼しました。,我把工作委托给了老师。,<ruby>先生<rt>せんせい</rt></ruby>に<ruby>仕事<rt>しごと</rt></ruby>を<ruby>依頼<rt>いらい</rt></ruby><ruby>しました<rt>しました</rt></ruby>。,<ol><li>先生（せんせい）：老师，尊称教职人员或具有专门知识的人。</li><li>に：表示动作的对象，相当于“给……”。</li><li>仕事（しごと）：工作、任务。</li><li>を：宾格助词，标记动作的对象。</li><li>依頼（いらい）：名词，委托、请求，也可作动词“依頼する”。</li><li>しました：动词“する”的过去式，表示已完成。</li><li>语法点：动词“依頼する”常用于正式、商务场合，指向他人提出请求或委托。和“頼む（たのむ）”比，依頼更正式客观。</li></ol>,[sound:jlpt_vocabulary_in_sentence_依頼.mp3]
いらいら,烦躁,電車が遅れていらいらします。,电车晚点让我感到烦躁。,<ruby>電車<rt>でんしゃ</rt></ruby>が<ruby>遅れて<rt>おくれて</rt></ruby>いらいらします。,<ol><li>電車（でんしゃ）：电车。</li><li>が：主语助词，标明主语。</li><li>遅れて（おくれて）：动词「遅れる（おくれる）」的て形，表示“迟到”。</li><li>いらいら：拟态词，表示“焦急、烦躁”，常用于形容人因等待或不顺而产生的急躁情绪。</li><li>します：する的礼貌形，作为补助动词时，表示“感到、产生……的状态”。</li><li>语法说明：「～ていらいらする」结构，表示因为前面的行为或状态感到焦躁或不耐烦。</li></ol>,[sound:jlpt_vocabulary_in_sentence_いらいら.mp3]
いらっしゃい,欢迎光临,いらっしゃい、お待ちしていました。,欢迎光临，我们一直在等您。,いらっしゃい、<ruby>お待ちしていました<rt>おまちしていました</rt></ruby>。,<ol><li>いらっしゃい：是“いらっしゃる”的口语表达，用于招呼人进门，常见于店铺或家庭，含有欢迎的意思。</li><li>お待ちしていました：敬语表达，表示“我们一直在等您”，其中“お～していました”是尊他语的结构，用于对客人等表示尊敬。</li><li>日本文化中，无论是商店还是家中，都习惯用“いらっしゃい”或“いらっしゃいませ”欢迎客人，是基础礼仪用语。</li></ol>,[sound:jlpt_vocabulary_in_sentence_いらっしゃい.mp3]
医療,医疗,先進的な医療が必要です。,需要先进的医疗。,<ruby>先進的な<rt>せんしんてきな</rt></ruby><ruby>医療<rt>いりょう</rt></ruby>が<ruby>必要<rt>ひつよう</rt></ruby>です。,<ol><li>先進的な（せんしんてきな）：形容动词，意思是“先进的”。“的な”表达具有某种性质的状态。</li><li>医療（いりょう）：名词，指“医疗、医治”，在日本包括医疗服务体系与医疗行为。</li><li>必要（ひつよう）：名词兼形容动词，表示“必要、需要”。</li><li>“です”为礼貌助动词，用于句末，表达礼貌语气。</li><li>在日本，医療通常指医院及相关服务，医療系统以全民医保为特征。</li></ol>,[sound:jlpt_vocabulary_in_sentence_医療.mp3]
岩,岩石,大きな岩が川の中にある。,大块的岩石在河中。,<ruby>大きな<rt>おおきな</rt></ruby><ruby>岩<rt>いわ</rt></ruby>が<ruby>川<rt>かわ</rt></ruby>の<ruby>中<rt>なか</rt></ruby>に<ruby>ある<rt>ある</rt></ruby>。,<ol><li>大きな（おおきな）：形容动词“大的”连体形，修饰名词，表达“巨大的”。</li><li>岩（いわ）：名词，意为“岩石”。与“石（いし）”相比，岩通常指更大的一整块岩体，而石则是小的石头。</li><li>が：主格助词，标明主语“岩”。</li><li>川（かわ）：名词，表示“河流”。</li><li>の：连接名词“川”和“中”，表所属关系。</li><li>中（なか）：表示“……里/中间”。</li><li>に：方向性助词，表示“在……里面”。</li><li>ある：动词“有”，用于无生命的物体存在表达。</li><li>句子结构：名词が+场所+に+ある，表示某物存在于某地。</li></ol>,[sound:jlpt_vocabulary_in_sentence_岩.mp3]
祝い,庆祝、祝贺,友達の結婚祝いを買いました。,我买了朋友的结婚礼物。,<ruby>友達<rt>ともだち</rt></ruby>の<ruby>結婚祝い<rt>けっこんいわい</rt></ruby>を<ruby>買いました<rt>かいました</rt></ruby>。,<ol><li>友達（ともだち）：朋友。</li><li>の：表示所属、连体助词，相当于中文“的”。</li><li>結婚（けっこん）：结婚。</li><li>祝い（いわい）：祝贺、庆祝，也表示礼物。这里作名词用。另外，“祝い”也可以指活动或宴会本身。</li><li>を：宾语助词，表明动作的对象。</li><li>買いました（かいました）：动词“買う（かう）”的敬体过去时，表示已经购买。</li><li>语法说明：在日语中，名词修饰结构为“所属于の对象”。如“友達の結婚祝い”=朋友的结婚庆贺（礼物）。另外，“祝い”既可表示庆祝行为，又可指庆祝时送的贺礼或礼物，需根据语境理解。</li><li>文化说明：在日本，结婚、升学等重要人生节点通常需要送“お祝い（おいわい）”表示祝贺，贺礼多为现金或实用物品，并要配上专用的祝贺包装。</li></ol>,[sound:jlpt_vocabulary_in_sentence_祝い.mp3]
祝う,祝贺,友達の誕生日を祝う。,为朋友的生日祝贺。,<ruby>友達<rt>ともだち</rt></ruby>の<ruby>誕生日<rt>たんじょうび</rt></ruby>を<ruby>祝う<rt>いわう</rt></ruby>。,<ol><li>友達（ともだち）：朋友。</li><li>の：表示所属关系的助词，相当于汉语的“的”。</li><li>誕生日（たんじょうび）：生日。</li><li>を：宾格助词，表示动作的对象。</li><li>祝う（いわう）：动词，表示“祝贺、庆祝”。“祝う”有两个常见读音，但在表示“庆祝”时通常读作“いわう”。</li><li>句子的语法结构为“名词+を+动词”，即“为某事做某事”。本句意为“为朋友的生日庆祝（祝贺）”。</li><li>在日本，朋友之间生日通常会有小型庆祝聚会，表达祝贺时使用“祝う”很常见。</li></ol>,[sound:jlpt_vocabulary_in_sentence_祝う.mp3]
言わば,可以说,彼は言わば先生のような存在です。,他可以说是老师一样的存在。,<ruby>彼<rt>かれ</rt></ruby>は<ruby>言わば<rt>いわば</rt></ruby><ruby>先生<rt>せんせい</rt></ruby>のような<ruby>存在<rt>そんざい</rt></ruby>です。,<ol><li>彼（かれ）：第三人称代词，表示“他”。</li><li>は：主题助词，标明主语。</li><li>言わば（いわば）：副词，意思是“可以说”，“说起来”。常用于对事物进行比喻、解释或下定义时。</li><li>先生（せんせい）：名词，意思为“老师”（在日语中尊称导师、医生等均可称先生）。</li><li>のような：表示比喻，相当于“像……一样的”，用来举例说明某物类似于什么。</li><li>存在（そんざい）：名词，表示“存在”，“人物”。</li><li>です：礼貌体句末助动词。</li><li>语法说明：本句借助「言わば」结构，起到引出解释、概括的功能。常用于将前述的人事物与熟知的概念进行类比，帮助听众理解。</li><li>文化注解：日本社会注重谦逊，常用「言わば」为自己的说法加上一层委婉色彩，避免表达过于绝对。</li></ol>,[sound:jlpt_vocabulary_in_sentence_言わば.mp3]
いわゆる,所谓的,彼はいわゆる天才です。,他是所谓的天才。,<ruby>彼<rt>かれ</rt></ruby>はいわゆる<ruby>天才<rt>てんさい</rt></ruby>です。,<ol><li>彼（かれ）：指“他”，是第三人称单数男性的代词。</li><li>は：主语助词，标记主语。</li><li>いわゆる：意思是“所谓的”，一般用于对某个词语进行解释或界定，经常置于被解释名词前面。</li><li>天才（てんさい）：意思是“天才”。</li><li>です：判断句结尾，表示礼貌。</li><li>语法知识：“いわゆる”后面常接名词，用于对名词的概念进行说明，在书面语和口语中都可以使用。</li></ol>,[sound:jlpt_vocabulary_in_sentence_いわゆる.mp3]
インク,墨水,このペンのインクが切れました。,这支笔的墨水用完了。,<ruby>この<rt>この</rt></ruby><ruby>ペン<rt>ぺん</rt></ruby><ruby>の<rt>の</rt></ruby><ruby>インク<rt>いんく</rt></ruby><ruby>が<rt>が</rt></ruby><ruby>切れました<rt>きれました</rt></ruby>。,<ol><li>この：意思是“这个”，用来指代离说话人较近的事物。</li><li>ペン：外来语，意思是“笔”。</li><li>の：表示所属关系，即“的”。</li><li>インク：外来语，意为“墨水”。</li><li>が：表示主语或主题。</li><li>切れました：“切れる”的过去式，意思是“用尽、用完、断了”。这里表示“墨水用完了”。</li><li>外来语说明：インク（いんく）来自英语“ink”。在日本多指钢笔、签字笔等的墨水，而毛笔墨汁日语常用“墨（すみ）”。</li></ol>,[sound:jlpt_vocabulary_in_sentence_インク.mp3]
印刷,印刷、打印,この本は最新技術で印刷されました。,这本书用最新技术印刷了。,<ruby>この<rt>この</rt></ruby><ruby>本<rt>ほん</rt></ruby>は<ruby>最新技術<rt>さいしんぎじゅつ</rt></ruby>で<ruby>印刷<rt>いんさつ</rt></ruby><ruby>されました<rt>されました</rt></ruby>。,<ol><li>この：指示词，意思为“这个”。</li><li>本（ほん）：名词，书。</li><li>は：主题助词，表示主语。</li><li>最新技術（さいしんぎじゅつ）：“最新的技术”。“最新”为最新（さいしん），“技術”为技术（ぎじゅつ）。</li><li>で：手段助词，表示用……方法/工具。“用最新技术”。</li><li>印刷（いんさつ）：动词，意思为“印刷、打印”。本句为被动形式“印刷されました”。</li><li>されました：する的被动态“される”+敬体过去式。表示“被……了”。</li><li>语法点：“印刷されました”为被动语态，强调“书”作为被动接受印刷的动作。</li></ol>,[sound:jlpt_vocabulary_in_sentence_印刷.mp3]
印象,印象,彼は初対面の印象が良かった。,他给人的第一印象很好。,<ruby>彼は<rt>かれは</rt></ruby><ruby>初対面<rt>しょたいめん</rt></ruby>の<ruby>印象<rt>いんしょう</rt></ruby>が<ruby>良かった<rt>よかった</rt></ruby>。,<ol><li>彼（かれ）：他。人称代词，指代男性。</li><li>初対面（しょたいめん）：初次见面。常用于描述人际相处的首次印象和氛围。</li><li>印象（いんしょう）：印象。多指心理、感觉上对某事或某人的认知。常与「良い（よい，好）」等形容词搭配。</li><li>の：连接体言，表修饰关系。</li><li>が：主格助词，标记主语或重点。</li><li>良かった（よかった）：是「良い」的过去时，表示“好的、不错的”。</li><li>本句结构是“……は～の印象が良い”用来表达某人或某物给人的感觉很好。用于初次见面、面试等场合。</li></ol>,[sound:jlpt_vocabulary_in_sentence_印象.mp3]
引退,退休；隐退,彼は今年引退を決めた。,他今年决定退休了。,<ruby>彼<rt>かれ</rt></ruby>は<ruby>今年<rt>ことし</rt></ruby><ruby>引退<rt>いんたい</rt></ruby>を<ruby>決めた<rt>きめた</rt></ruby>。,<ol><li>彼（かれ）：意为“他”，是第三人称代词。</li><li>は：主题提示助词。</li><li>今年（ことし）：今年。</li><li>引退（いんたい）：指退休、隐退，常用在运动员、艺人等不再活跃于原有领域。</li><li>を：宾格助词，表示动作对象。</li><li>決めた（きめた）：动词“決める（决定）”的过去式，意思为“决定了”。</li><li>本句结构是“名词+を+決める”，表示做出某项决定。</li></ol>,[sound:jlpt_vocabulary_in_sentence_引退.mp3]
インタビュー,采访,彼は有名人にインタビューをした。,他采访了名人。,<ruby>彼は<rt>かれは</rt></ruby><ruby>有名人に<rt>ゆうめいじんに</rt></ruby>インタビューを<ruby>した。<rt>した。</rt></ruby>,<ol><li>彼（かれ）：代词，意思是“他”。</li><li>は：主题助词，提示句子的主题。</li><li>有名人（ゆうめいじん）：名词，“名人、著名人物”。</li><li>に：表示动作的对象或目的地的助词，在本句中表示采访的对象。</li><li>インタビュー：名词/动词“采访”，外来语，源自英语“interview”。实际使用时常用于新闻、媒体领域中。片假名表示外来词。</li><li>を：宾语助词，标明动作的对象。</li><li>した：动词“する”的过去式，表示已经完成的动作。</li></ol>,[sound:jlpt_vocabulary_in_sentence_インタビュー.mp3]
引用,引用、引用内容,先生の言葉を引用して話しました。,我引用了老师的话来说。,<ruby>先生<rt>せんせい</rt></ruby>の<ruby>言葉<rt>ことば</rt></ruby>を<ruby>引用<rt>いんよう</rt></ruby>して<ruby>話しました<rt>はなしました</rt></ruby>。,<ol><li>先生（せんせい）：老师。</li><li>言葉（ことば）：话、语言。</li><li>を：宾格助词，表示动作的对象。</li><li>引用（いんよう）：名词、他动词“引用、引述”。可以用于文本、发言，引入他人的话或资料。</li><li>して：て形，用于连接动词“引用”与“話しました”，表达并列或先后发生的动作。</li><li>話しました（はなしました）：动词“話す”过去式，表示说了、讲了。</li><li>语法说明：“引用して話しました”结构，表示“引用了……说”。在正式场合或需要说明资料来源时常用，和“引用する”原形相比，“して話す”更强调引用作为说话内容的一部分。</li></ol>,[sound:jlpt_vocabulary_in_sentence_引用.mp3]
ウイスキー,威士忌,彼はウイスキーをよく飲みます。,他经常喝威士忌。,<ruby>彼<rt>かれ</rt></ruby>はウイスキーをよく<ruby>飲みます<rt>のみます</rt></ruby>。,<ol><li>彼（かれ）：第三人称代词，表示“他”。用于日常口语或书面语，与中文“他”用法相近。</li><li>ウイスキー：外来语，来源于英语whisky，意指“威士忌”。在日本属于广受欢迎的酒类饮品之一。</li><li>を：助词，标志动作的宾语，对应中文的“把……”。</li><li>よく：副词，表示频率，意为“经常，经常地”。</li><li>飲みます（のみます）：动词“饮む（のむ）”的敬体形式，意为“喝”。ます体用于礼貌表达。</li><li>日本有独特的饮酒文化，威士忌（ウイスキー）在居酒屋（いざかや）等场所十分常见。与西方相比，日本的威士忌酿造也十分有名（如“山崎”“白州”等品牌）。</li></ol>,[sound:jlpt_vocabulary_in_sentence_ウイスキー.mp3]
魚,鱼,私は魚が好きです。,我喜欢鱼。,<ruby>私<rt>わたし</rt></ruby>は<ruby>魚<rt>さかな</rt></ruby>が<ruby>好き<rt>すき</rt></ruby>です。,<ol><li>私（わたし）：第一人称代词，表示“我”。</li><li>は：提示助词，用于提示主题。</li><li>魚（さかな）：表示“鱼”。常用读音仅有「さかな」，没有常见的多音读或TTS误读。</li><li>が：主语标记助词，此处用于强调“鱼”是喜欢的对象。</li><li>好き（すき）：形容动词，表示“喜欢”。</li><li>です：断定助动词，常用于礼貌表达结尾。</li><li>句子结构“〜は〜が好きです”表示对某事物的好恶，是日本人日常表达喜欢某物的常用格式。</li></ol>,[sound:jlpt_vocabulary_in_sentence_魚.mp3]
うがい,漱口,毎日 うがい をすることが大切です。,每天漱口是很重要的。,<ruby>毎日<rt>まいにち</rt></ruby>うがいをすることが<ruby>大切<rt>たいせつ</rt></ruby>です。,<ol><li>毎日（まいにち）：表示每天，副词，常用在动作频率较高的场景。</li><li>うがい：指“漱口”，多用于口腔清洁与预防感冒，发音为“うがい”。</li><li>を：助词，表示动作的对象。</li><li>する：动词“做”，接在描写具体动作的名词后，构成“进行某动作”。</li><li>こと：表示行为、动作的内容，是“……的事情/行为”之意。</li><li>が：主语标记助词，突出前面的内容（“うがいをすること”）作为句子的主语。</li><li>大切（たいせつ）：形容动词，意思为“重要”。</li><li>です：礼貌形结尾，常用于口语及正式场合。</li><li>语序为“每天 漱口 这件事 很重要”，与中文表达相反。</li><li>日本学校和家庭日常普及漱口习惯，尤其在感冒季节，帮助预防病毒感染。</li></ol>,[sound:jlpt_vocabulary_in_sentence_うがい.mp3]
受け取る,接收，领取,荷物を受け取るために家にいます。,我在家是为了接收包裹。,<ruby>荷物<rt>にもつ</rt></ruby>を<ruby>受け取る<rt>うけとる</rt></ruby>ために<ruby>家<rt>いえ</rt></ruby>にいます,<ol><li>荷物（にもつ）：表示行李、包裹等，常用于网络购物和搬家场景。</li><li>を：宾语助词，表示动作的对象。</li><li>受け取る（うけとる）：意为“接收、领取”，常用于收包裹、收钱、收传真等场合。</li><li>ために：表示目的，“为了……”，接在动词基本形后。</li><li>家（いえ）：家，指居住的地点。</li><li>に：表示目的地或动作发生的场所。</li><li>います：表示人的存在，用于有生命体，敬体形式。</li><li>语法点：句型“V（基本形）ために”，说明目的。</li></ol>,[sound:jlpt_vocabulary_in_sentence_受け取る.mp3]
動かす,使移动,彼は机を動かすのが得意です。,他擅长移动桌子。,<ruby>彼は<rt>かれは</rt></ruby><ruby>机<rt>つくえ</rt></ruby>を<ruby>動かす<rt>うごかす</rt></ruby>のが<ruby>得意です<rt>とくいです</rt></ruby>。,<ol><li>彼（かれ）：指“他”，用于男性或泛指第三人称。</li><li>机（つくえ）：桌子。</li><li>を：表示宾语，即动作的承受者。</li><li>動かす（うごかす）：他动词，表示“使～移动”。和自动词「動く（うごく）」不同，「動かす」需要施加外力。「机を動かす」表示“移动桌子”。</li><li>のが：名词化助词，接在动词连体形后，将动词动作当作事情来描述。</li><li>得意です（とくいです）：擅长、拿手，常用于表达人对某事能力较强。注意不同于「上手（じょうず）」通常指技术层面，「得意」还可以表达自信、自己擅长的领域。</li></ol>,[sound:jlpt_vocabulary_in_sentence_動かす.mp3]
兎,兔子,兎は野原で跳ねています。,兔子在原野上跳跃。,<ruby>兎<rt>うさぎ</rt></ruby>は<ruby>野原<rt>のはら</rt></ruby>で<ruby>跳ねています<rt>はねています</rt></ruby>。,<ol><li>兎（うさぎ）：意为“兔子”，这是日语中兔子的常用表达，汉字读音为“うさぎ”。</li><li>は：主题助词，表示句子的主题，发音为“わ”。</li><li>野原（のはら）：意为“原野、草地”，用于指开阔的自然区域。</li><li>で：表示动作进行的场所，这里的意思是“在……（地方）”。</li><li>跳ねています（はねています）：“跳ねる”是“跳跃”的意思。这里用“ています”表示动作正在进行，类似汉语“正在跳跃”。</li><li>语法点：“は”作为主题助词，外国学习者需注意其读音为“わ”，不要发成“は”。</li></ol>,[sound:jlpt_vocabulary_in_sentence_兎.mp3]
牛,牛,牛は草を食べます。,牛吃草。,<ruby>牛<rt>うし</rt></ruby>は<ruby>草<rt>くさ</rt></ruby>を<ruby>食べます<rt>たべます</rt></ruby>。,<ol><li>牛（うし）：名词，指“牛”。家畜的一种，通常指奶牛或黄牛。日本农田过去常用牛耕作。</li><li>は：主题助词，表示“牛”为句子主题。</li><li>草（くさ）：名词，意为“草”。</li><li>を：宾语助词，表示草是被吃的对象。</li><li>食べます（たべます）：动词“食べる（たべる）”的ます形，意为“吃”。用于正式、礼貌场合。</li><li>日语主谓宾顺序为“主语＋宾语＋谓语”，和中文不同。</li></ol>,[sound:jlpt_vocabulary_in_sentence_牛.mp3]
失う,失去,彼は大切な友人を失いました。,他失去了重要的朋友。,<ruby>彼は<rt>かれは</rt></ruby><ruby>大切な<rt>たいせつな</rt></ruby><ruby>友人を<rt>ゆうじんを</rt></ruby><ruby>失いました<rt>うしないました</rt></ruby>。,<ol><li>彼（かれ）：表示“他”，指代男性。</li><li>は：主题助词，标明主语。</li><li>大切な（たいせつな）：形容动词，意思是“重要的”。</li><li>友人（ゆうじん）：名词，意思为“朋友”（比友達更正式，常用于书面语）。</li><li>を：宾语助词，表示动作的对象。</li><li>失いました（うしないました）：动词「失う」的敬体过去式，表示“失去了”。这里「うしなう」用于物理或抽象意义上的丧失，常用于失去朋友、机会等。</li><li>本句结构为「主语 は 宾语 を 动词」，是日语最常见的句型之一。</li></ol>,[sound:jlpt_vocabulary_in_sentence_失う.mp3]
疑う,怀疑,彼の話を疑う人が多い。,有很多人怀疑他的话。,<ruby>彼<rt>かれ</rt></ruby>の<ruby>話<rt>はなし</rt></ruby>を<ruby>疑う<rt>うたがう</rt></ruby><ruby>人<rt>ひと</rt></ruby>が<ruby>多い<rt>おおい</rt></ruby>。,<ol><li>彼（かれ）：指代“他”，习惯用语，不分性别但日常多指男性。</li><li>話（はなし）：指“说的话”或“故事”。</li><li>を：表示宾语，标明动词“疑う”（怀疑）的对象。</li><li>疑う（うたがう）：动词，意思为“怀疑”。常用于人、事、物是否真实、可信等场景。</li><li>人（ひと）：指“人”，本句指多个人。</li><li>が：主语助词，标明“人”是后面形容词“多い”的主语。</li><li>多い（おおい）：形容词“多”的意思，指数量多。</li><li>语法：句子主干结构为“……を疑う”，表示对前面提到的内容产生怀疑。</li></ol>,[sound:jlpt_vocabulary_in_sentence_疑う.mp3]
宇宙,宇宙,宇宙はとても広いです。,宇宙非常广阔。,<ruby>宇宙<rt>うちゅう</rt></ruby>はとても<ruby>広い<rt>ひろい</rt></ruby>です。,<ol><li>宇宙（うちゅう）：指包括所有星球、空间等的大空间，即“宇宙”。</li><li>は：主题提示助词，后面要说明的内容为主语。</li><li>とても：副词，表示“非常、很”。</li><li>広い（ひろい）：形容词，表示“宽广、广阔”。</li><li>です：终结句子的礼貌表达。</li><li>日本人在日常生活中常用「宇宙」（うちゅう）来谈论太空、天文等领域，这个词的发音为“うちゅう”，注意“う”和“ちゅう”都要发全，不要简化为“うちゅ”。</li></ol>,[sound:jlpt_vocabulary_in_sentence_宇宙.mp3]
討つ,讨伐,武士たちは敵を討つために集まった。,武士们为了讨伐敌人集合了。,<ruby>武士たち<rt>ぶしたち</rt></ruby>は<ruby>敵<rt>てき</rt></ruby>を<ruby>討つ<rt>うつ</rt></ruby>ために<ruby>集まった<rt>あつまった</rt></ruby>。,<ol><li>武士（ぶし）：古代日本的武士阶层，即持武器的士兵。</li><li>たち：表示复数，通常用于人。</li><li>は：主题助词，表示句子的主题。</li><li>敵（てき）：敌人，对立一方。</li><li>を：宾语助词，表示动作的对象。</li><li>討つ（うつ）：动词，表示为了正义或执行命令而进攻、讨伐。与同音的「打つ」（打、击）不同，「討つ」专指军事或武力上的讨伐。</li><li>ために：用于表示目的，“为了……”。</li><li>集まった（あつまった）：动词「集まる」的过去式，表示集合了、聚集了。</li><li>日语里，「討つ」常用于历史或武侠、游戏等语境，现代会话较少使用。</li></ol>,[sound:jlpt_vocabulary_in_sentence_討つ.mp3]
撃つ,射击,彼は的を撃つのが得意です。,他很擅长射击靶子。,<ruby>彼<rt>かれ</rt></ruby>は<ruby>的<rt>まと</rt></ruby>を<ruby>撃つ<rt>うつ</rt></ruby>のが<ruby>得意<rt>とくい</rt></ruby>です。,<ol><li>彼（かれ）：第三人称男性代词，表示“他”。</li><li>的（まと）：表示“靶子”，射击用语。</li><li>撃つ（うつ）：动词，表示“射击”“打击”等意思，与发射类动词不同，通常用于实际射击行为。</li><li>のが得意（のがとくい）：惯用表达，“擅长某事”，这里“～のが”连接动词普通形，整体表达“做某事很拿手”。</li><li>文化小知识：日本射击类运动曾在奥运会获得奖牌，射击类表达在运动和军事等场合常见。</li></ol>,[sound:jlpt_vocabulary_in_sentence_撃つ.mp3]
うっかり,不小心,彼はうっかり約束を忘れた。,他一不小心忘记了约定。,<ruby>彼<rt>かれ</rt></ruby>はうっかり<ruby>約束<rt>やくそく</rt></ruby>を<ruby>忘れた<rt>わすれた</rt></ruby>。,<ol><li>うっかり：副词，用来表示“不由自主地”、“不小心地”，常和忘れる（忘记）、言う（说出）等动词搭配表达无意间发生的事情。</li><li>約束（やくそく）：名词，意思是“约定、承诺”。</li><li>忘れる（わすれる）：动词，表示“忘记”。在这里的「忘れた」是其过去式。</li><li>助词「は」表示主题。「を」是宾语助词，用于连接动词和前面的名词宾语。</li><li>日本人平常注重守时与信用，忘记约定可能被认为不礼貌，需要用适当词语如「うっかり」来表示不是故意疏忽，显示道歉和诚意。</li></ol>,[sound:jlpt_vocabulary_in_sentence_うっかり.mp3]
映す,映照、反映,湖は山の姿を美しく映す。,湖把山的景色美丽地映照出来。,<ruby>湖<rt>みずうみ</rt></ruby>は<ruby>山<rt>やま</rt></ruby>の<ruby>姿<rt>すがた</rt></ruby>を<ruby>美しく<rt>うつくしく</rt></ruby><ruby>映す<rt>うつす</rt></ruby>。,"<ol><li>湖（みずうみ）：湖泊。</li><li>は：提示主语的助词。</li><li>山（やま）：山。</li><li>の：表所属或修饰关系的助词。</li><li>姿（すがた）：身影、身形、景象。</li><li>を：宾语助词。</li><li>美しく（うつくしく）：形容词美しい（うつくしい）的副词形式，表示""美丽地""。</li><li>映す（うつす）：动词，意思为""映照、反映""，如水面映出物体景色。也可用于比喻映射心情等。</li><li>语法结构是SはOをV（主語は目的語を動詞），常见在描述自然现象时。</li><li>日本自然风景中常描述湖面倒映山川，是日语描写中常见情景，富有画面感。</li></ol>",[sound:jlpt_vocabulary_in_sentence_映す.mp3]
訴える,控诉，诉说,彼は教師に悩みを訴えた。,他向老师诉说了烦恼。,<ruby>彼は<rt>かれは</rt></ruby><ruby>教師に<rt>きょうしに</rt></ruby><ruby>悩みを<rt>なやみを</rt></ruby><ruby>訴えた。<rt>うったえた。</rt></ruby>,<ol><li>彼（かれ）：指“他”，日语中用于第三人称男性。</li><li>教師（きょうし）：指老师或教师，一般用于正式场合。</li><li>悩み（なやみ）：表示“烦恼，苦恼”。</li><li>訴える（うったえる）：这里意为“诉说、控诉”，还可表示“起诉”。“訴える”若用于法律场景则多指控告或上诉。句中用过去形“訴えた”表示已经诉说。</li><li>语法：“〜に〜を訴える”结构表示向某人诉说（某事）。日常生活中，可向亲友、老师等诉说烦恼；在法律中则可用来表达起诉。</li></ol>,[sound:jlpt_vocabulary_in_sentence_訴える.mp3]
写る,拍出，映出,この写真には山がきれいに写っています。,这张照片里山很清晰地拍摄出来了。,<ruby>この<rt>この</rt></ruby><ruby>写真<rt>しゃしん</rt></ruby><ruby>には<rt>には</rt></ruby><ruby>山<rt>やま</rt></ruby><ruby>が<rt>が</rt></ruby><ruby>きれいに<rt>きれいに</rt></ruby><ruby>写っています<rt>うつっています</rt></ruby>。,<ol><li>この：指代事物，中文中的“这”。</li><li>写真（しゃしん）：照片、相片。</li><li>には：表示动作或状态的场所，“在……中”。</li><li>山（やま）：山。</li><li>が：主格助词，强调主语“山”。</li><li>きれいに：副词化，表示“漂亮地、清晰地”。</li><li>写っています（うつっています）：动词「写る」的「ている」形式，表示正在或已经被拍摄出来的状态。常用于摄影、照片等语境，意思是“被拍下来、被拍摄出来、映出”。</li><li>日语句子“〜が写っています”在照片、屏幕、镜子等场景下常常使用，表达“……被显示出来/被拍下来”。</li></ol>,[sound:jlpt_vocabulary_in_sentence_写る.mp3]
映る,映出,湖に山が美しく映る。,山倒映在湖面上，非常美丽。,<ruby>湖<rt>みずうみ</rt></ruby>に<ruby>山<rt>やま</rt></ruby>が<ruby>美しく<rt>うつくしく</rt></ruby><ruby>映る<rt>うつる</rt></ruby>。,<ol><li>湖（みずうみ）：湖泊。</li><li>に：表示动作的场所、方向，常用于“在……上/里”。</li><li>山（やま）：山。</li><li>が：主语助词，提示主语“山”。</li><li>美しく（うつくしく）：い形容词“美しい”的连用形（副词用法），修饰后续动词。</li><li>映る（うつる）：自動词，表示影像、景色等“映出、反映出来”。与他动词“映す（うつす，映出、投射）”区分，这里是自己反映出来。</li><li>“湖に山が映る”是常见的自然描写表达，日语里“映る”常用于反射、倒影的情况，句子结构多为“○○に△△が映る”。</li></ol>,[sound:jlpt_vocabulary_in_sentence_映る.mp3]
うなる,呻吟、吼叫,犬が夜中にうなり始めた。,狗在半夜开始低吼了。,<ruby>犬<rt>いぬ</rt></ruby>が<ruby>夜中<rt>よなか</rt></ruby>に<ruby>うなり<rt>うなり</rt></ruby><ruby>始めた<rt>はじめた</rt></ruby>。,<ol><li>犬（いぬ）：狗。</li><li>が：主格助词，表示主语。</li><li>夜中（よなか）：夜里、半夜。</li><li>に：时间助词，表示动作发生的时间。</li><li>うなり：「うなる」的连用形，表示犬的动作，这里指发出低吼、呻吟声。既可用于动物发出声音，也可指人由于痛苦或愤怒发出声音。</li><li>始めた（はじめた）：动词“始める”的过去式，表示动作已经开始。「～し始める」结构用于表示某个动作刚开始。</li></ol>,[sound:jlpt_vocabulary_in_sentence_うなる.mp3]
奪う,夺取,彼はライバルから優勝を奪った。,他从对手那里夺得了冠军。,<ruby>彼は<rt>かれは</rt></ruby>ライバルから<ruby>優勝<rt>ゆうしょう</rt></ruby>を<ruby>奪った<rt>うばった</rt></ruby>。,<ol><li>彼（かれ）：他、那个男性。</li><li>ライバル：来自英语rival，指竞争对手。</li><li>から：表示动作的出发点，这里用来说明“从对手那里”。</li><li>優勝（ゆうしょう）：获胜、冠军。</li><li>を：宾格助词，表示动作的对象。</li><li>奪った（うばった）：动词「奪う」（うばう）的过去式，表示“夺取了”。</li><li>语法：在动词原形后加「た」变为过去式，表示动作已经发生。</li><li>文化背景：日本在比赛（如体育、学术等）中，“奪う优勝”常用来形容激烈竞争后取得最终胜利。</li></ol>,[sound:jlpt_vocabulary_in_sentence_奪う.mp3]
馬,马,牧場で馬が走っています。,马正在牧场上奔跑。,<ruby>牧場<rt>ぼくじょう</rt></ruby>で<ruby>馬<rt>うま</rt></ruby>が<ruby>走っています<rt>はしっています</rt></ruby>。,<ol><li>牧場（ぼくじょう）：意为“牧场”，养牛、养马等动物的场所。中国也有类似牧场，但日本的牧场多为宽阔的天然草地。</li><li>で：地点助词，表示动作发生的场所。</li><li>馬（うま）：汉字“马”，日语发音为“うま”。</li><li>が：主格助词，标记主语“马”。</li><li>走っています（はしっています）：动词“走る（はしる）”的ている形，表示动作正在进行，译为“正在奔跑”。</li><li>日语中“馬”有时也用作姓氏，此处特指动物。</li></ol>,[sound:jlpt_vocabulary_in_sentence_馬.mp3]
生まれ,出生,私は東京生まれです。,我是东京出生的。,<ruby>私<rt>わたし</rt></ruby>は<ruby>東京<rt>とうきょう</rt></ruby><ruby>生まれ<rt>うまれ</rt></ruby>です。,<ol><li>私（わたし）：第一人称，意为“我”。</li><li>は：主题助词，用于提示主语。</li><li>東京（とうきょう）：地名，东京。</li><li>生まれ（うまれ）：名词，表示出生、诞生。“生まれる”是动词“出生”，这里用“生まれ”作名词形表示出生的地方。</li><li>です：礼貌体结句助动词。</li><li>句型“～生まれです”：常用表达，表示某人的出生地。例如：“大阪生まれです”意为“出生在大阪”。</li></ol>,[sound:jlpt_vocabulary_in_sentence_生まれ.mp3]
有無,有无,参加する有無を早く教えてください。,请尽快告知是否参加。,<ruby>参加する<rt>さんかする</rt></ruby><ruby>有無<rt>うむ</rt></ruby>を<ruby>早く<rt>はやく</rt></ruby><ruby>教えて<rt>おしえて</rt></ruby>ください。,<ol><li>参加する（さんかする）：动词，表示“参加”。</li><li>有無（うむ）：名词，意为“有无、是否存在”，常用于确认某事是否发生或存在。</li><li>を：助词，宾格标记，标明“有無”为动词“教える”的宾语。</li><li>早く（はやく）：副词，意为“尽快、早点”。</li><li>教えてください（おしえてください）：惯用表达，表示“请告诉我”，是动词“教える（告诉、通知）”的て形加上礼貌请求。</li><li>这个句子的结构是“请告诉我是否××”，在商业、学校等正式场合常用，表达清楚、礼貌。</li><li>有無（うむ）在行政文书、问卷等正式场合常见，用于“确认有还是没有”。</li></ol>,[sound:jlpt_vocabulary_in_sentence_有無.mp3]
梅,梅花,庭に梅の花が咲いています。,院子里盛开着梅花。,<ruby>庭<rt>にわ</rt></ruby><ruby>に<rt>に</rt></ruby><ruby>梅<rt>うめ</rt></ruby><ruby>の<rt>の</rt></ruby><ruby>花<rt>はな</rt></ruby><ruby>が<rt>が</rt></ruby><ruby>咲いています<rt>さいています</rt></ruby>。,<ol><li>庭（にわ）：院子、庭院。</li><li>梅（うめ）：梅花，在日本也指梅树，花期为冬末春初，是春天到来的标志。</li><li>の：表示所有格，连接“梅”和“花”，这里“梅の花”意思是“梅花”。</li><li>花（はな）：花朵。</li><li>が：主语助词，标记主语“梅の花”。</li><li>咲いています（さいています）：动词“咲く（さく）”的て形加「います」，表示“正在盛开”的持续状态。</li><li>句型「〜ています」说明动作或状态的持续。</li><li>文化补充：梅花在日本象征坚韧和新生，常见于初春的诗歌和绘画中。</li></ol>,[sound:jlpt_vocabulary_in_sentence_梅.mp3]
埋める,填埋、填补,穴を埋めるために土を入れました。,为了填补洞穴，我放进了土。,<ruby>穴<rt>あな</rt></ruby>を<ruby>埋める<rt>うめる</rt></ruby><ruby>ため<rt>ため</rt></ruby>に<ruby>土<rt>つち</rt></ruby>を<ruby>入れました<rt>いれました</rt></ruby>。,<ol><li>穴（あな）：洞、孔。指空的地方或洞口。</li><li>埋める（うめる）：动词，意思是“填埋、填补”。表达把某物放进去填实对象的空缺。</li><li>ために：表示目的，翻译为“为了……”。</li><li>土（つち）：泥土。</li><li>入れる（いれる）：动词，意思是“放入、加入”。这里用ます形“入れました（いれました）”，表示过去的动作。</li><li>日语语序通常为“对象+を+动作”，如“穴を埋める”，在实际表达中能清楚指出动作的受事对象。</li><li>“埋める”有两个常用发音（うめる是标准读音）；不要混淆与“埋まる”（うまる，被动、自动词），“埋める”为使动、他动词。</li></ol>,[sound:jlpt_vocabulary_in_sentence_埋める.mp3]
裏切る,背叛,彼は友達を裏切った。,他背叛了朋友。,<ruby>彼<rt>かれ</rt></ruby>は<ruby>友達<rt>ともだち</rt></ruby>を<ruby>裏切った<rt>うらぎった</rt></ruby>。,"<ol><li>彼（かれ）：表示""他""，常用来指代男性第三人称。</li><li>友達（ともだち）：意为""朋友""，可用于指同性或异性朋友。</li><li>裏切った（うらぎった）：为动词裏切る（うらぎる，背叛）的过去式，表示已经背叛了某人。通常用助词「を」表示背叛的对象。</li><li>句型结构：AはBを裏切る，表示""A背叛了B""。这里动词变化为た形表示过去发生过的动作。</li></ol>",[sound:jlpt_vocabulary_in_sentence_裏切る.mp3]
羨ましい,羡慕,彼の新しい車が羨ましいです。,我很羡慕他的新车。,<ruby>彼<rt>かれ</rt></ruby>の<ruby>新しい<rt>あたらしい</rt></ruby><ruby>車<rt>くるま</rt></ruby>が<ruby>羨ましい<rt>うらやましい</rt></ruby>です。,<ol><li>彼（かれ）：表示“他”，用于第三人称男性，也可以指关系比较近的男性朋友。</li><li>新しい（あたらしい）：形容词，意思是“新的”。</li><li>車（くるま）：名词，意思是“汽车”。</li><li>羨ましい（うらやましい）：形容词，表示“羡慕”，用于表达看到他人拥有好事、成就等时的感受，可以搭配“が”まで使用。注意假名拼写，不要发成“うらましい”。</li><li>です：语尾礼貌形，表示礼貌。</li><li>语法结构：“Aが羨ましい”表示“羡慕A”。其中“が”标记被羡慕的对象。</li><li>日语中表达情感时，常用形容词连用，表达自己的心理状态。</li></ol>,[sound:jlpt_vocabulary_in_sentence_羨ましい.mp3]
売れる,畅销,その小説はよく売れるそうです。,那本小说好像很畅销。,<ruby>その<rt>その</rt></ruby><ruby>小説<rt>しょうせつ</rt></ruby>は<ruby>よく<rt>よく</rt></ruby><ruby>売れる<rt>うれる</rt></ruby><ruby>そう<rt>そう</rt></ruby><ruby>です<rt>です</rt></ruby>。,<ol><li>その：指示词，意思是“那、那个”。</li><li>小説（しょうせつ）：小说。</li><li>は：助词，主题标记。</li><li>よく：副词，意思是“经常、很好、很”。</li><li>売れる（うれる）：动词“卖、畅销”，是“売る（うる）”的自动词形式，表示商品自身能被卖出，含有畅销、受欢迎的意思。</li><li>そうです：表示传闻或已有听说，用于表达“听说……”。</li><li>「売れる」是自动词，与“卖（卖る/うる）”的他动词相对，表示东西本身容易被买走，常用于商品等受欢迎时。外国学习者容易混淆自他动词的用法。</li><li>日本文化里，对于畅销（売れる）产品，会特别关注其销售排行（ランキング）和“话题性（話題性）”，常用于书籍、CD、商品等描述中。</li></ol>,[sound:jlpt_vocabulary_in_sentence_売れる.mp3]
噂,传闻,その噂はすぐに広まりました。,那个传闻很快就传开了。,<ruby>その<rt>その</rt></ruby><ruby>噂<rt>うわさ</rt></ruby><ruby>は<rt>は</rt></ruby><ruby>すぐに<rt>すぐに</rt></ruby><ruby>広まりました<rt>ひろまりました</rt></ruby>。,<ol><li>その：表示“那个”，是指前文出现或双方已知的信息。</li><li>噂（うわさ）：意思是“传闻、流言”，指未经证实的消息。这里为名词。</li><li>は：表示主语助词，强调主语“噂”。</li><li>すぐに：副词，意思是“立刻、马上”，表示时间上的迅速。</li><li>広まりました（ひろまりました）：动词“広まる（ひろまる）”的礼貌形过去式，意思是“传播开了”。这里表示动作已经完成。</li><li>关于日本社会：在日本，重视人际关系和群体和谐，流言（噂）传播非常迅速，常见于职场、学校等场合。</li></ol>,[sound:jlpt_vocabulary_in_sentence_噂.mp3]
運,运气,今日は運が良かったです。,今天运气很好。,<ruby>今日<rt>きょう</rt></ruby>は<ruby>運<rt>うん</rt></ruby>が<ruby>良かった<rt>よかった</rt></ruby>です。,<ol><li>今日（きょう）：意思是“今天”。</li><li>運（うん）：指运气、命运、幸运。</li><li>良かった（よかった）：是形容词“良い”（いい）的过去式，表示“好”的过去状态。</li><li>です：是敬体语尾，用于句末以表示礼貌。</li><li>「Aが良い」用法：用于评价主语的性质情况，如“運が良い”就是“运气好”。</li></ol>,[sound:jlpt_vocabulary_in_sentence_運.mp3]
運転,驾驶,父は毎日車を運転します。,父亲每天开车。,<ruby>父<rt>ちち</rt></ruby>は<ruby>毎日<rt>まいにち</rt></ruby><ruby>車<rt>くるま</rt></ruby>を<ruby>運転<rt>うんてん</rt></ruby>します。,<ol><li>父（ちち）：父亲，尊称他人父亲可用「お父さん（おとうさん）」。</li><li>毎日（まいにち）：每天。</li><li>車（くるま）：汽车、车辆。</li><li>を：宾语助词，表明动作的对象是车。</li><li>運転（うんてん）：名词，表示驾驶、操作车辆等。</li><li>します：する的敬体形式，表示做某事，和前面的名词合用构成动词短语。</li><li>日语里名词+します表示“做某事”，如「掃除します（打扫）」。</li></ol>,[sound:jlpt_vocabulary_in_sentence_運転.mp3]
柄,把手,このかさの柄は黒いです。,这把伞的把手是黑色的。,<ruby>この<rt>この</rt></ruby><ruby>かさ<rt>かさ</rt></ruby>の<ruby>柄<rt>え</rt></ruby>は<ruby>黒い<rt>くろい</rt></ruby>です。,<ol><li>この：连体词，表示“这……”用于距离说话人较近的事物。</li><li>かさ（傘）：名词，“伞”。日语里“伞”的汉字为“傘”。</li><li>の：助词，表示前后名词的所属、修饰关系，相当于汉语的“的”。</li><li>柄（え）：名词，表示“把手、柄”。此字还有读音「がら」（意为花纹、图案），但本句中作“把手”时读为「え」。易混淆需区分。</li><li>は：助词，主题标记，提示主语。</li><li>黒い（くろい）：形容词，“黑色的”。</li><li>です：礼貌句末表达，相当于“是”。</li><li>在日本，传统的伞（如和伞）柄常用木头制成，现代雨伞多为塑料或金属柄，“柄（え）”常指握持部分。</li></ol>,[sound:jlpt_vocabulary_in_sentence_柄.mp3]
永遠,永远,彼女は永遠に私の友達です。,她将永远是我的朋友。,<ruby>彼女<rt>かのじょ</rt></ruby>は<ruby>永遠<rt>えいえん</rt></ruby>に<ruby>私<rt>わたし</rt></ruby>の<ruby>友達<rt>ともだち</rt></ruby>です。,<ol><li>彼女（かのじょ）：她、女朋友，日常对女性的第三人称指代。</li><li>は：主题助词，表示主语（这里指彼女）。</li><li>永遠（えいえん）：永远，永久，副词形用に连接，表示状态的持续时间没有尽头。</li><li>に：表示时间或动作的方向，这里连用永遠に，相当于中文“永远地”。</li><li>私（わたし）：我，用于自称，多为普遍场合和较为正式的表达。</li><li>の：属性助词，连接名词，表示前面的事物属于后面的名词。</li><li>友達（ともだち）：朋友。</li><li>です：判断句用词，表达礼貌语气。</li><li>整个句子的意思是：『她将永远是我的朋友。』日语当中用「永遠に」表达时间或状态的持续，语感上十分郑重和真挚，常用于誓言、回忆等场景。</li></ol>,[sound:jlpt_vocabulary_in_sentence_永遠.mp3]
永久,永久，永远,この友情は永久に続くと信じています。,我相信这份友情会永久持续下去。,この<ruby>友情<rt>ゆうじょう</rt></ruby>は<ruby>永久<rt>えいきゅう</rt></ruby>に<ruby>続く<rt>つづく</rt></ruby>と<ruby>信じています<rt>しんじています</rt></ruby>。,<ol><li>この：指示代词，表示“这个”。</li><li>友情（ゆうじょう）：名词，意思是“友情、友谊”。</li><li>は：主题助词，提示主语。</li><li>永久（えいきゅう）：名词，意思是“永久、永远”，音读读作えいきゅう。也有人读作「とわ」用于诗歌、文学或庄重场合，日常一般写作和读作えいきゅう。</li><li>に：接续助词，使“永久”作为副词修饰谓语“続く”。</li><li>続く（つづく）：动词，意思是“持续、继续”。</li><li>と：引用助词，表示所信之事。</li><li>信じています（しんじています）：动词“信じる（相信）”的ている（正在做的状态）形式，表示 “一直相信”。</li><li>文化补充：日语中“永久”可用于情感、时间等抽象概念，加强语气时常与“に”连用构成“永久に”，表示动作状态永久持续。</li></ol>,[sound:jlpt_vocabulary_in_sentence_永久.mp3]
影響,影响,その決定は多くの人に影響を与えた。,那个决定对很多人产生了影响。,その<ruby>決定<rt>けってい</rt></ruby>は<ruby>多くの<rt>おおくの</rt></ruby><ruby>人<rt>ひと</rt></ruby>に<ruby>影響<rt>えいきょう</rt></ruby>を<ruby>与えた<rt>あたえた</rt></ruby>。,<ol><li>その：表示之前提到的事物，相当于中文的“那个”。</li><li>決定（けってい）：名词，意思是“决定”。</li><li>は：主题助词，标记句子的话题。</li><li>多くの（おおくの）：形容词+の，意思是“许多的”。</li><li>人（ひと）：名词，意思是“人”。</li><li>に：助词，表示对谁产生影响，此处为影响的对象。</li><li>影響（えいきょう）：名词，意思是“影响”。注意不可读作“えいせい”或“えいきょ”，标准发音为“えいきょう”。</li><li>を：宾语助词，表示“影响”是动作的对象。</li><li>与えた（あたえた）：动词“与える（あたえる）”的过去式，意思是“给予、带来”。</li><li>句型“〜に影響を与える”：固定表达，表示“对……产生影响”。</li></ol>,[sound:jlpt_vocabulary_in_sentence_影響.mp3]
営業,营业、销售,彼は毎日営業の仕事をしています。,他每天从事销售工作。,<ruby>彼<rt>かれ</rt></ruby>は<ruby>毎日<rt>まいにち</rt></ruby><ruby>営業<rt>えいぎょう</rt></ruby>の<ruby>仕事<rt>しごと</rt></ruby>を<ruby>しています<rt>しています</rt></ruby>。,<ol><li>彼（かれ）：他，指男性第三人称。</li><li>毎日（まいにち）：每天。</li><li>営業（えいぎょう）：经营、销售、营业。在日企常用指销售、客户关系维护等工作。</li><li>仕事（しごと）：工作、职业。</li><li>を（助词）：宾格助词，表示动作对象。</li><li>しています：是「する」的ている形，表示正在进行的动作或状态，常用来表达习惯性的动作。</li><li>句型说明：「〜の仕事をしています」表示“从事……的工作”，适用于各行业职业介绍。</li></ol>,[sound:jlpt_vocabulary_in_sentence_営業.mp3]
衛星,卫星,地球には多くの衛星が存在します。,地球上存在着许多卫星。,<ruby>地球<rt>ちきゅう</rt></ruby>には<ruby>多くの<rt>おおくの</rt></ruby><ruby>衛星<rt>えいせい</rt></ruby>が<ruby>存在します<rt>そんざいします</rt></ruby>。,<ol><li>地球（ちきゅう）：地球，作为名词。</li><li>には：に是表示地点、存在的助词，は是主题助词，组合用法强调「在地球上」。</li><li>多くの：多く（おおく），意为“许多”，の为连体助词，用于修饰后面的名词。</li><li>衛星（えいせい）：意思是“卫星”，既可指天体上的卫星，也常用于人造卫星。</li><li>が：主格助词，标记主语。</li><li>存在します（そんざいします）：动词「存在する」的敬体形式，意为“存在”。</li><li>语法说明：「には」结构中，助词「に」后可接「は」加强强调，经常用于表达场所上的存在。</li></ol>,[sound:jlpt_vocabulary_in_sentence_衛星.mp3]
栄養,营养,野菜には栄養がたくさんあります。,蔬菜中有很多营养。,<ruby>野菜<rt>やさい</rt></ruby>には<ruby>栄養<rt>えいよう</rt></ruby>がたくさんあります。,<ol><li>「野菜」（やさい）：蔬菜。</li><li>「には」：表示对象/范围的助词组合。「に」为方向、对象，「は」为提示主题。</li><li>「栄養」（えいよう）：营养。这里用が表示“有营养”。</li><li>「たくさん」：许多、很多。</li><li>「あります」：有、存在（用于无生命物品）。</li><li>语法说明：「○○には△△があります」表示“在○○中有△△”。</li></ol>,[sound:jlpt_vocabulary_in_sentence_栄養.mp3]
笑顔,笑脸,彼女の笑顔がとても素敵です。,她的笑脸非常美丽。,<ruby>彼女<rt>かのじょ</rt></ruby>の<ruby>笑顔<rt>えがお</rt></ruby>がとても<ruby>素敵<rt>すてき</rt></ruby>です。,<ol><li>彼女（かのじょ）：指“她”，是常见的人称代词。日语中可用于恋人、朋友、陌生女性等。</li><li>の：表所属关系，连接名词“彼女”与“笑顔”。</li><li>笑顔（えがお）：意为“笑脸”“微笑的表情”，用来描述开心、友好时的面部表情。</li><li>が：主格助词，标明主语。“笑顔”是这句话的主语。</li><li>とても：副词，意思是“非常”，用来加强后面的形容词。</li><li>素敵（すてき）：形容动词，意为“美丽”“棒”“出色”。</li><li>です：礼貌形结句，相当于“是”。</li><li>语法知识：“AのB”句型表示“A的B”，如“彼女の笑顔”=“她的笑脸”。</li></ol>,[sound:jlpt_vocabulary_in_sentence_笑顔.mp3]
描く,描绘,彼は美しい風景を描くのが好きだ。,他喜欢描绘美丽的风景。,<ruby>彼は<rt>かれは</rt></ruby><ruby>美しい<rt>うつくしい</rt></ruby><ruby>風景を<rt>ふうけいを</rt></ruby><ruby>描く<rt>えがく</rt></ruby><ruby>のが<rt>のが</rt></ruby><ruby>好きだ。<rt>すきだ。</rt></ruby>,<ol><li>彼（かれ）：指“他”，用于第三人称男性。</li><li>美しい（うつくしい）：形容词，意为“美丽的”。</li><li>風景（ふうけい）：名词，“风景”。“景色”也可用作“けしき”。</li><li>を：助词，表示动作的对象。</li><li>描く（えがく）：动词，意为“描绘、描写、画”。常用作艺术、绘画、比喻等场合。注意：同音词还有「画く（えがく）」用于具体作画，但日常多写作「描く」。</li><li>のが：由“の”+“が”组成，“の”将前面的动词变成名词化，“が”表示主语，这里表示“……的事情”。</li><li>好きだ（すきだ）：形容动词，表示“喜欢”。在句末常用です或だ结尾。</li></ol>,[sound:jlpt_vocabulary_in_sentence_描く.mp3]
餌,饲料,魚に餌をあげました。,我给鱼喂了饲料。,<ruby>魚<rt>さかな</rt></ruby>に<ruby>餌<rt>えさ</rt></ruby>を<ruby>あげました<rt>あげました</rt></ruby>。,<ol><li>魚（さかな）：意思是“鱼”，日常生活中常用的名词。</li><li>餌（えさ）：表示给动物吃的饲料、食物。用于鱼、鸟、宠物等动物。发音为「えさ」。</li><li>〜に：表示动作的对象，这里是“给鱼”。</li><li>〜を：宾格助词，标记动作的对象，这里指“餌”。</li><li>あげました：动词“あげる”（给，给予）的敬体过去式，用于表示“我给（别人或动物某物）”。</li><li>日本人一般用“餌”来指专供动物吃的食物，“給食”（きゅうしょく）则指人类的团体餐食，不要混淆。</li></ol>,[sound:jlpt_vocabulary_in_sentence_餌.mp3]
エネルギー,能源、能量,朝ごはんを食べてエネルギーを補給します。,吃了早餐补充能量。,<ruby>朝ごはん<rt>あさごはん</rt></ruby>を<ruby>食べて<rt>たべて</rt></ruby><ruby>エネルギー<rt>えねるぎー</rt></ruby>を<ruby>補給します<rt>ほきゅうします</rt></ruby>。,<ol><li>朝ごはん（あさごはん）：早餐。由「朝」（早晨）和「ごはん」（米饭、饭食）组成。</li><li>を：宾格助词，表示动作的对象。</li><li>食べて（たべて）：动词「食べる」（吃）的て形，用于连接后续动作。</li><li>エネルギー（えねるぎー）：从英语“energy”借用的外来语，指能量、精力、能源等。</li><li>補給します（ほきゅうします）：动词「補給する」（补给、补充）的礼貌形。「補」（补充）＋「給」（给与）。</li><li>语法点：「〜て〜」结构，表示先后发生的动作，此句中表示“吃了早饭，接着补充能量”的意思。实际上「朝ごはんを食べてエネルギーを補給します」可以理解为“通过吃早饭来补充能量”。</li></ol>,[sound:jlpt_vocabulary_in_sentence_エネルギー.mp3]
得る,获得、得到,彼は新しい知識を得るために本を読む。,他为了获得新知识而读书。,<ruby>彼は<rt>かれは</rt></ruby><ruby>新しい<rt>あたらしい</rt></ruby><ruby>知識を<rt>ちしきを</rt></ruby><ruby>得る<rt>える</rt></ruby>ために<ruby>本を<rt>ほんを</rt></ruby><ruby>読む。<rt>よむ。</rt></ruby>,<ol><li>彼（かれ）：他，第三人称男性代词。</li><li>新しい（あたらしい）：新的。</li><li>知識（ちしき）：知识，信息。</li><li>得る（える）：表示“获得、得到”。接在名词或者动词连体形后，表示“获得某事物”或“能够做到某事”。</li><li>〜ために：表示目的、为了……。</li><li>本（ほん）：书。</li><li>読む（よむ）：读。</li><li>本句语法结构常常用于表达“通过某种行动来获取成果、知识、经验”等，‘得る（える）’还可以读作‘うる’，但在实际口语和日常用法中，多用于‘える’。TTS 有时会错读成うる，应注意区分。</li></ol>,[sound:jlpt_vocabulary_in_sentence_得る.mp3]
得る,得到、获得,彼は大きな賞を得ることができた。,他成功获得了大奖。,<ruby>彼<rt>かれ</rt></ruby>は<ruby>大きな<rt>おおきな</rt></ruby><ruby>賞<rt>しょう</rt></ruby>を<ruby>得る<rt>える</rt></ruby>ことができた。,<ol><li>彼（かれ）：他，指男性（第三人称单数）。</li><li>は：主题助词，表示句子的主题。</li><li>大きな：形容词，意思是“大”，一般修饰名词时用“な”形。</li><li>賞（しょう）：名词，奖、奖品。</li><li>を：宾语助词，接在宾语后面，表示动作的对象。</li><li>得る（える）：动词，意思是“得到、获得”。可以形容得到奖品、认可、机会等。</li><li>ことができた：固定表达，表示“能够做到～”。“こと”使动词名词化，“できた”表示过去能够实现。</li><li>本句常用于表示通过努力或机会获得了某个成就。“得る”还可以读作“うる”，但作“可能形”或者正式用法时多用“える”。语音合成时请注意，“える”不是“うる”的说法。</li></ol>,[sound:jlpt_vocabulary_in_sentence_得る.mp3]
円,日元,財布に百円しかありません。,钱包里只剩下100日元。,<ruby>財布<rt>さいふ</rt></ruby>に<ruby>百円<rt>ひゃくえん</rt></ruby>しか<ruby>ありません<rt>ありません</rt></ruby>。,<ol><li>財布（さいふ）：意思是“钱包”。</li><li>に：表示地点或存在的对象，这里指“在钱包里”。</li><li>百円（ひゃくえん）：金额数，表示“100日元”。日元（円）是日本的货币单位。</li><li>しか～ない：表示限定，意思是“只…有…”，常与否定连用。</li><li>ありません：动词“ある”的否定形，表无生命物的存在，这里表示“没有”。</li><li>语法点：<ul><li>“しか”后面一定要用否定形式，与“だけ”不同，“だけ”可以接肯定或否定。</li></ul></li><li>文化背景：在实际使用中，“円”为日本的法定货币单位，日语发音为“えん”。在口语和书写时经常会与数字连用，如“百円”、“五千円”等。</li></ol>,[sound:jlpt_vocabulary_in_sentence_円.mp3]
延期,推迟,会議は延期されました。,会议被推迟了。,<ruby>会議<rt>かいぎ</rt></ruby>は<ruby>延期<rt>えんき</rt></ruby><ruby>されました<rt>されました</rt></ruby>。,<ol><li>会議（かいぎ）：会议，相当于汉语的“会议”。</li><li>は：主题助词，提示句子主题，发音为“わ”。</li><li>延期（えんき）：指推迟、延后做某事，常用于正式场合。</li><li>されました：是動詞「する」的被动态过去式，表示“被…了”的意思，这里表示“被推迟了”。</li><li>日语中正式通知事件变更时常用「延期されました」表达，语气客观且委婉。</li></ol>,[sound:jlpt_vocabulary_in_sentence_延期.mp3]
演技,表演技巧,彼の演技はとても自然でした。,他的表演非常自然。,<ruby>彼<rt>かれ</rt></ruby>の<ruby>演技<rt>えんぎ</rt></ruby>はとても<ruby>自然<rt>しぜん</rt></ruby>でした。,<ol><li>彼（かれ）：第三人称男性代词，表示“他”。</li><li>演技（えんぎ）：表示演员的表演技巧或演出。</li><li>は：提示助词，标明主题。</li><li>とても：副词，意思是“非常”。</li><li>自然（しぜん）：名词或形容动词，这里形容表演“自然、不做作”。</li><li>でした：是「です」的过去时，表示过去的状态，语气正式有礼貌。</li><li>本句为AはBです的基本判断句，常用来表达某一事物的性质或状态。</li></ol>,[sound:jlpt_vocabulary_in_sentence_演技.mp3]
援助,支援,国際機関が援助を提供した。,国际机构提供了援助。,<ruby>国際機関<rt>こくさいきかん</rt></ruby>が<ruby>援助<rt>えんじょ</rt></ruby>を<ruby>提供した<rt>ていきょうした</rt></ruby>。,<ol><li>国際機関（こくさいきかん）：指“国际机构”，如联合国等组织。</li><li>が：主语助词，表示主语“国際機関”。</li><li>援助（えんじょ）：意为“支援、援助”，在正式或书面语中常用。</li><li>を：宾语助词，标记宾语“援助”。</li><li>提供した（ていきょうした）：动词“提供”的过去式，表示已经提供。</li><li>语法说明：本句是基本的主谓宾结构，表达“某方提供援助”。</li></ol>,[sound:jlpt_vocabulary_in_sentence_援助.mp3]
エンジン,引擎,新しいエンジンはとても静かです。,新发动机非常安静。,<ruby>新しい<rt>あたらしい</rt></ruby>エンジンはとても<ruby>静か<rt>しずか</rt></ruby>です。,<ol><li>新しい（あたらしい）：形容词，表示“新的”。常用于描述事物的新旧。</li><li>エンジン：外来词，指“引擎、发动机”。来源于英文engine。</li><li>は：助词，表示主题，一般用于强调主题。</li><li>とても：副词，表示“非常、很”。</li><li>静か（しずか）：形容动词，表示“安静”。</li><li>です：敬体句末助动词，使句子表达礼貌。</li><li>外来语エンジン在日语多用于机械、汽车等语境。</li></ol>,[sound:jlpt_vocabulary_in_sentence_エンジン.mp3]
演説,演讲,彼は堂々と演説をした。,他堂堂正正地进行了演讲。,<ruby>彼は<rt>かれは</rt></ruby><ruby>堂々と<rt>どうどうと</rt></ruby><ruby>演説<rt>えんぜつ</rt></ruby>をした。,<ol><li>彼（かれ）：第三人称代词，意为“他”。</li><li>は：主题助词，标示主语。</li><li>堂々と（どうどうと）：副词，指“堂堂正正地、理直气壮地”。</li><li>演説（えんぜつ）：名词，意为“演讲、演说”。</li><li>を：宾语助词，连接动词和前面的宾语。</li><li>した：动词“する”的过去式，表示“做了...”。</li><li>语法说明：1）“〜をする”结构，表示进行某项活动，“演説をする”=“演讲”。2）“堂々と”作为副词修饰动词，表达动作气势磅礴、充满自信。</li></ol>,[sound:jlpt_vocabulary_in_sentence_演説.mp3]
演奏,演奏,彼はピアノを演奏します。,他演奏钢琴。,<ruby>彼<rt>かれ</rt></ruby>はピアノを<ruby>演奏<rt>えんそう</rt></ruby>します。,<ol><li>彼（かれ）：第二人称代词，指“他”。</li><li>は：主题助词，表明主语。</li><li>ピアノ：外来词，意为“钢琴”。</li><li>を：宾语助词，标记动作对象。</li><li>演奏（えんそう）：表示用乐器演出或表演音乐。</li><li>します：する（做）的敬体形式，表动作发生。</li><li>日语中动词“演奏する”通常用于音乐或器乐表演，汉语也叫“演奏”，不可用于表演戏剧。</li></ol>,[sound:jlpt_vocabulary_in_sentence_演奏.mp3]
老い,衰老,老いは誰にも訪れるものです。,衰老会降临到每个人身上。,<ruby>老い<rt>おい</rt></ruby>は<ruby>誰<rt>だれ</rt></ruby>にも<ruby>訪れる<rt>おとずれる</rt></ruby>ものです。,<ol><li>老い（おい）：名词，意为“衰老”或“年老”。常用于描述人或生物随着年龄增长逐渐变老的状态。</li><li>誰にも（だれにも）：意为“对任何人也……”，这里的“も”起加强语气的作用。</li><li>訪れる（おとずれる）：动词，表示“来临”、“到来”。这是自动词，写法“訪ねる（たずねる）”与其不同，后者指“访问”某地。</li><li>ものです：表示一种道理，意思为“……是常有的”或者“……很正常”。</li></ol>,[sound:jlpt_vocabulary_in_sentence_老い.mp3]
追い付く,赶上,電車に追い付くために走りました。,为了赶上电车跑了过去。,<ruby>電車<rt>でんしゃ</rt></ruby>に<ruby>追い付く<rt>おいつく</rt></ruby>ために<ruby>走りました<rt>はしりました</rt></ruby>。,<ol><li>電車（でんしゃ）：指电车或火车，日常交通工具。</li><li>に：表示动作的目的、方向，译为“向、为了”。</li><li>追い付く（おいつく）：动词，意思是“赶上”，多指速度或进展与前方的人或物达到同一水平。</li><li>ために：表示目的，相当于“为了”。</li><li>走りました（はしりました）：“走る”的过去式，意为“跑了”。<br>语法点：动词基本形＋ために，表示目的；“追い付く”是五段动词，注意音读为“おいつく”，不是“おいづく”。</li></ol>,[sound:jlpt_vocabulary_in_sentence_追い付く.mp3]
王,国王,王は国を治めています。,国王治理着国家。,<ruby>王<rt>おう</rt></ruby>は<ruby>国<rt>くに</rt></ruby>を<ruby>治めています<rt>おさめています</rt></ruby>。,<ol><li>王（おう）：意为“国王”，指一国之君。注意日语读音为“おう”，有别于汉语普通话发音。</li><li>は：主题助词，表示句子的主题，相当于“是”。</li><li>国（くに）：意思是“国家、国土”。</li><li>を：宾语助词，标记动作的对象。</li><li>治めています（おさめています）：动词“治める（おさめる）”的ている形，表示动作正在持续，意为“正在治理”。常用于描述正在进行的状态。</li></ol>,[sound:jlpt_vocabulary_in_sentence_王.mp3]
追う,追赶,彼は夢を追うことを諦めなかった。,他没有放弃追逐梦想。,<ruby>彼<rt>かれ</rt></ruby>は<ruby>夢<rt>ゆめ</rt></ruby>を<ruby>追う<rt>おう</rt></ruby>ことを<ruby>諦めなかった<rt>あきらめなかった</rt></ruby>。,<ol><li>彼（かれ）：指“他”，用来代指说话人以外的男性。</li><li>夢（ゆめ）：梦想、梦。</li><li>追う（おう）：动词，意思是“追、追赶、追逐”，可以用于具体动作（追赶某物、某人）或抽象意义（追求梦想）。这里用的是抽象意义。</li><li>ことを：结构“动词原形+こと”将动词名词化，表示“做某事”这件事，后面的“を”为宾语助词。</li><li>諦めなかった（あきらめなかった）：动词“諦める（あきらめる）”的否定过去式，意思是“没有放弃”，表示否定过去发生的行为。</li><li>本句的文法结构为「〜を諦めなかった」，表示“没有放弃〜”。全句表达了坚持追梦，不放弃的意志。</li></ol>,[sound:jlpt_vocabulary_in_sentence_追う.mp3]
応援,支持、加油,彼は友達を応援しています。,他正在支持朋友。,<ruby>彼<rt>かれ</rt></ruby>は<ruby>友達<rt>ともだち</rt></ruby>を<ruby>応援<rt>おうえん</rt></ruby>しています。,<ol><li>彼（かれ）：他，指男性。</li><li>は：主题助词，标记主语“彼”。</li><li>友達（ともだち）：朋友。</li><li>を：宾语助词，标记“友達”为动作的对象。</li><li>応援（おうえん）：名词，意思是“加油、支持、声援”。日常也用作动词，如“応援する”。</li><li>しています：用「ている」形式表示正在进行的动作，「応援する」的て形是「応援して」，加上「います」构成现在进行时“正在……”。</li><li>日本文化中“応援”常用于体育比赛、考试等场合，为他人加油时常说“頑張って（がんばって）”或“応援しています”。</li></ol>,[sound:jlpt_vocabulary_in_sentence_応援.mp3]
王様,国王,昔、ある国に王様がいました。,很久以前，有一个国家有国王。,<ruby>昔<rt>むかし</rt></ruby>、ある<ruby>国<rt>くに</rt></ruby>に<ruby>王様<rt>おうさま</rt></ruby>が<ruby>いました<rt>いました</rt></ruby>。,<ol><li>昔（むかし）：表示很久以前、从前。</li><li>ある：有、存在，用于非特指、某个的意思。</li><li>国（くに）：国家。</li><li>に：助词，表示动作发生的地点。</li><li>王様（おうさま）：国王、王。王（おう）的尊称形式「様」表示尊敬，有时也用在童话或历史故事中描述国王，带有明显的尊重和故事感。</li><li>が：提示主语的助词。</li><li>いました：「いる」的过去式敬体，用于有生命物体的存在。</li><li>日语中「いました」强调主语一度存在于过去，常用于故事的开头。</li></ol>,[sound:jlpt_vocabulary_in_sentence_王様.mp3]
王子,王子,王子は城に住んでいます。,王子住在城堡里。,<ruby>王子<rt>おうじ</rt></ruby>は<ruby>城<rt>しろ</rt></ruby>に<ruby>住んで<rt>すんで</rt></ruby><ruby>います<rt>います</rt></ruby>。,<ol><li>王子（おうじ）：指国王的儿子，即“王子”。</li><li>城（しろ）：意为“城堡”或“城”。</li><li>住んでいます：动词“住む（すむ）”的て形“住んで”加上“います”，表示动作的持续，意思是“现在正居住”。</li><li>助词“に”：表示动作发生的场所。</li><li>“は”：主题助词，“王子”为本句的主题。</li></ol>,[sound:jlpt_vocabulary_in_sentence_王子.mp3]
応じる,回应,先生は学生の質問に応じる。,老师回应学生的问题。,<ruby>先生<rt>せんせい</rt></ruby>は<ruby>学生<rt>がくせい</rt></ruby>の<ruby>質問<rt>しつもん</rt></ruby>に<ruby>応じる<rt>おうじる</rt></ruby>。,<ol><li>先生（せんせい）：老师。</li><li>は：主题助词，表明主语。</li><li>学生（がくせい）：学生。</li><li>の：连接词，表所属关系，相当于“的”。</li><li>質問（しつもん）：问题，疑问。</li><li>に：表示动作的对象，用于受格助词，这里表示“对……”。</li><li>応じる（おうじる）：自下一动词，意思是“回应、回答、应对”。可以用于人物、需求、变化等多种对象。其常见用法还有「要求（ようきゅう）に応じる」（响应要求）。发音为「おうじる」，注意不是「おんじる」。</li><li>。表示句末。</li><li>语法结构：“〜に応じる”表示根据或回应某个事物进行相应的动作，常用于正式用法。</li></ol>,[sound:jlpt_vocabulary_in_sentence_応じる.mp3]
横断,横穿,彼は道路を横断しました。,他横穿了马路。,<ruby>彼<rt>かれ</rt></ruby>は<ruby>道路<rt>どうろ</rt></ruby>を<ruby>横断<rt>おうだん</rt></ruby><ruby>しました<rt>しました</rt></ruby>。,<ol><li>彼（かれ）：指“他”，日语中常用于表示第三人称，男性。</li><li>道路（どうろ）：意思为“马路、道路”。</li><li>を：宾格助词，表示动作的对象。</li><li>横断（おうだん）：名词及动词，表示“横穿、横越”，常用来描述横向通过道路、河流等。</li><li>しました：是「する」的过去式，表示已经完成的动作。</li><li>语法说明：动词ます形的过去式「ました」表示动作已经发生。</li><li>在日本，“横断歩道（おうだんほどう）”指的是斑马线，行人应通过横断歩道安全横穿道路。</li></ol>,[sound:jlpt_vocabulary_in_sentence_横断.mp3]
終える,结束,仕事を終えて家に帰りました。,我做完了工作回家了。,<ruby>仕事<rt>しごと</rt></ruby>を<ruby>終えて<rt>おえて</rt></ruby><ruby>家<rt>いえ</rt></ruby>に<ruby>帰りました<rt>かえりました</rt></ruby>。,<ol><li>仕事（しごと）：工作、职业。</li><li>を：宾语助词，表示动作的对象。</li><li>終えて（おえて）：动词「終える」的て形，表示动作“结束”或“完成”后的状态，可接后续动作。</li><li>家（いえ）：家、住宅。</li><li>に：地点助词，表示动作的目的地（回到哪里）。</li><li>帰りました（かえりました）：动词「帰る」的敬体过去式，表示“回去了”。</li><li>语法点：“〜て、…”结构，表顺序，意思为“……之后，……”；“終える”多指自己主观地把事情做完，区别于“終わる”（自动词，事情自然结束）。</li></ol>,[sound:jlpt_vocabulary_in_sentence_終える.mp3]
大いに,非常、十分,彼の成功は大いに喜ばれた。,他的成功让人非常高兴。,<ruby>彼<rt>かれ</rt></ruby>の<ruby>成功<rt>せいこう</rt></ruby>は<ruby>大いに<rt>おおいに</rt></ruby><ruby>喜ばれた<rt>よろこばれた</rt></ruby>。,<ol><li>彼（かれ）：他，第三人称代词。</li><li>成功（せいこう）：成功，名词。</li><li>大いに（おおいに）：副词，表示“非常、十分”，用于修饰动词，表示程度高。</li><li>喜ばれた（よろこばれた）：是动词“喜ぶ（よろこぶ）”的被动形“喜ばれる”的过去式，意思是“被（大家）高兴地对待/感到高兴”。</li><li>本句句型为“〜は大いに〜された”，用于表达某事受到了极高的正面反应。</li></ol>,[sound:jlpt_vocabulary_in_sentence_大いに.mp3]
覆う,覆盖,雪が街全体を覆った。,雪覆盖了整个城市。,<ruby>雪<rt>ゆき</rt></ruby>が<ruby>街<rt>まち</rt></ruby><ruby>全体<rt>ぜんたい</rt></ruby>を<ruby>覆った<rt>おおった</rt></ruby>。,<ol><li>雪（ゆき）：名词，意思是“雪”。</li><li>が：格助词，表示主语，这里指“雪”。</li><li>街（まち）：名词，城市、街道。</li><li>全体（ぜんたい）：名词，整体、全部。与“街”组成固定搭配，意指“整个城市”。</li><li>を：宾格助词，表示动作的对象，这里是“街全体”。</li><li>覆った（おおった）：动词“覆う”（おおう）的过去式，表示“覆盖了”。“覆う”可用于具体覆盖（如布、雪），也可指抽象意义的覆盖。注意读音“おおう”，相关TTS偶有误读为“ふくう”或“くつがえる”，但正确用法应为“おおう”。</li><li>语法：日语中动词“た形”表示过去发生的动作或状态，这里用了“覆う”的た形“覆った”（おおった），表示“覆盖了”。</li></ol>,[sound:jlpt_vocabulary_in_sentence_覆う.mp3]
大家,大家，所有人,みんなで公園に行きました。,大家一起去了公园。,みんなで<ruby>公園<rt>こうえん</rt></ruby>に<ruby>行きました<rt>いきました</rt></ruby>。,<ol><li>みんな：意为“大家、所有人”，用于口语表达，包含自己和听话者在内的所有人。比「皆（みな）」更为口语化而亲切。</li><li>で：表示动作的主体为“大家”，用作共同行为时的助词。</li><li>公園（こうえん）：名词，意为“公园”。</li><li>に：表示动作的目的地。</li><li>行きました（いきました）：动词“行く（いく）”的过去敬体形式，意思是“去了”。</li></ol>,[sound:jlpt_vocabulary_in_sentence_大家.mp3]
丘,小山丘,公園の近くに小さな丘があります。,公园附近有一座小山丘。,<ruby>公園<rt>こうえん</rt></ruby>の<ruby>近く<rt>ちかく</rt></ruby>に<ruby>小さな<rt>ちいさな</rt></ruby><ruby>丘<rt>おか</rt></ruby>が<ruby>あります<rt>あります</rt></ruby>。,<ol><li>公園（こうえん）：意思是“公园”。</li><li>近く（ちかく）：表示“附近、近处”。后接助词“に”表示在某地附近。</li><li>小さな（ちいさな）：表示“小的”。修饰名词时要用“な”接续。</li><li>丘（おか）：意思是“小山丘”，指地势稍高的地方。</li><li>が：主语助词，表示主语。</li><li>あります：表示“有、存在”（无生命物品）。</li><li>「〇〇の近くに〇〇があります」：常用表达“在某地附近有某物”。</li><li>文化注释：日本很多地方都会有名字叫“〇〇丘”的小山，通常用于休闲或观景。</li></ol>,[sound:jlpt_vocabulary_in_sentence_丘.mp3]
沖,海上远处,船が沖に見えます。,可以看到船在海上远处。,<ruby>船<rt>ふね</rt></ruby>が<ruby>沖<rt>おき</rt></ruby>に<ruby>見えます<rt>みえます</rt></ruby>。,<ol><li>船（ふね）：船只。</li><li>が：表示主语，是助词。</li><li>沖（おき）：指海岸线以外、距离岸边较远的海面。常用于描述渔船、远景等。</li><li>に：表示动作发生的地点，是格助词。</li><li>見えます（みえます）：动词「見える」（看得见）的敬体形式，表示“能看到”，不是主动“去看”，而是指物体在视野内出现。外国人容易混淆「見る」（看）和「見える」。</li><li>文化补充：日本四面环海，常有「沖」这个概念，对应“离岸的海面”，如渔港常见指示牌「沖へ出るな」（不要驶向远海）。</li></ol>,[sound:jlpt_vocabulary_in_sentence_沖.mp3]
奥,深处，里头,部屋の奥に古い本があります。,房间深处有一本旧书。,<ruby>部屋<rt>へや</rt></ruby>の<ruby>奥<rt>おく</rt></ruby>に<ruby>古い<rt>ふるい</rt></ruby><ruby>本<rt>ほん</rt></ruby>が<ruby>あります<rt>あります</rt></ruby>。,<ol><li>部屋（へや）：房间。</li><li>奥（おく）：表示某处的深处、里头。常用于指物品或空间的最深位置。例如：押し入れの奥（壁橱深处）。</li><li>〜に：表示动作进行的地点，这里指“在……里”。</li><li>古い（ふるい）：旧的、老的。</li><li>本（ほん）：书。</li><li>〜があります：表示存在，被用于非生物。</li><li>本句语法结构为“场所+に+物+があります”，用于描述某物在某个地方。</li></ol>,[sound:jlpt_vocabulary_in_sentence_奥.mp3]
贈る,赠送,先生に花を贈る。,把花送给老师。,<ruby>先生<rt>せんせい</rt></ruby>に<ruby>花<rt>はな</rt></ruby>を<ruby>贈る<rt>おくる</rt></ruby>。,<ol><li>先生（せんせい）：老师。对学校教师或医生、律师等的尊称。</li><li>に：助词，表示动作的对象，相当于“给”。</li><li>花（はな）：花。</li><li>を：助词，表示动作的直接宾语，相当于“把……”。</li><li>贈る（おくる）：动词，意思是“赠送、送给”。与「送る（おくる）」不同，「贈る」多用于表达心意的赠送、礼物等无形或重要的物品；「送る」可指寄送、传送等物理意义。</li><li>この文型：“AにBを贈る”结构，表示“把B送给A”。</li></ol>,[sound:jlpt_vocabulary_in_sentence_贈る.mp3]
起こる,发生,昨日、大きな事故が起こりました。,昨天发生了一起重大事故。,<ruby>昨日<rt>きのう</rt></ruby>、<ruby>大きな<rt>おおきな</rt></ruby><ruby>事故<rt>じこ</rt></ruby><ruby>が<rt>が</rt></ruby><ruby>起こりました<rt>おこりました</rt></ruby>。,<ol><li>昨日（きのう）：表示“昨天”。</li><li>大きな：形容词，表示“大的”，修饰名词时用“大きな”。</li><li>事故（じこ）：名词，意为“事故、意外事件”。</li><li>が：主格助词，标记主语“事故”。</li><li>起こりました：动词“起こる”（发生）的敬体过去式，表示“发生了”。</li><li>「起こる」是自动词，表示事情、事件等自然而然地发生。“起きる”也有“发生”之意，但多指日常小事（如“早起きする”），而“起こる”用于较大的、突发的事情。</li></ol>,[sound:jlpt_vocabulary_in_sentence_起こる.mp3]
押える,按住，压住,彼はドアを押えて出て行った。,他按住门走了出去。,<ruby>彼<rt>かれ</rt></ruby>はドアを<ruby>押えて<rt>おさえて</rt></ruby><ruby>出て行った<rt>でていった</rt></ruby>。,<ol><li>彼（かれ）：指“他”。</li><li>は：助词，主语提示。</li><li>ドア：外来语，意为“门”。</li><li>を：宾格助词，标记宾语。</li><li>押えて（おさえて）：动词“押える”（压住、按住）的て形，表示动作的并列或前后顺序。</li><li>出て行った（でていった）：动词“出て行く”（出去）的过去式。“出る”为“出去”，“行く”为“去”，合起来为“出去”。</li><li>本句型：动词て形+他动，表达“做了某事再继续下一个动作”。</li><li>「押える」常用于描述用手按住物体以防移动或打开场合。例如按住门、按住伤口等。</li></ol>,[sound:jlpt_vocabulary_in_sentence_押える.mp3]
幼い,年幼、幼小,彼はまだ幼い子供です。,他还是个年幼的孩子。,<ruby>彼は<rt>かれは</rt></ruby>まだ<ruby>幼い<rt>おさない</rt></ruby><ruby>子供<rt>こども</rt></ruby>です。,<ol><li>彼（かれ）：他，指男性。</li><li>まだ：表示“仍然、还”，用于强调状态的持续。</li><li>幼い（おさない）：年幼、年纪小，多用于形容孩子，语气带有怜爱、关怀。</li><li>子供（こども）：孩子、小孩。复数形式和单数形式相同，实际意义靠语境判断。</li><li>です：礼貌句末助动词，使句子显得客气。</li><li>日语常以“です”结尾表达礼貌，与中文不同。</li></ol>,[sound:jlpt_vocabulary_in_sentence_幼い.mp3]
収める,收纳，获得,彼は賞品を見事に収めた。,他成功地获得了奖品。,<ruby>彼<rt>かれ</rt></ruby>は<ruby>賞品<rt>しょうひん</rt></ruby>を<ruby>見事に<rt>みごとに</rt></ruby><ruby>収めた<rt>おさめた</rt></ruby>。,<ol><li>彼（かれ）：他。人称代词，指男性。</li><li>賞品（しょうひん）：奖品。</li><li>見事に（みごとに）：出色地、漂亮地，表示做某事非常成功或美好。</li><li>収めた（おさめた）：「収める」的过去式，意思有收纳、取得、获得等。本句中表示“获得”。</li><li>语法点：「を」是助词，表示动作对象。「に」表示方式或程度。</li><li>相关文化：在日本，比赛获奖经常用「収める」来表达获得成果。</li></ol>,[sound:jlpt_vocabulary_in_sentence_収める.mp3]
納める,缴纳、收纳,税金を納めることは国民の義務です。,缴纳税金是国民的义务。,<ruby>税金<rt>ぜいきん</rt></ruby>を<ruby>納める<rt>おさめる</rt></ruby>ことは<ruby>国民<rt>こくみん</rt></ruby>の<ruby>義務<rt>ぎむ</rt></ruby>です。,<ol><li>税金（ぜいきん）：指“税收”，是日本日常生活与社会制度中常用词。</li><li>納める（おさめる）：常指“缴纳、上交”与“收纳、容纳”，此处含“缴纳（税金）”之意。也用于“収める”“治める”等汉字，含义不同，此处为“納”。</li><li>こと：表示内容、事情。</li><li>は：主题助词，提示主语。</li><li>国民（こくみん）：意为“国民、公民”。</li><li>義務（ぎむ）：指“义务、必须要做的事”。</li><li>です：礼貌句末表达。</li><li>语法：Aを納める，意为“缴纳A（如税金、会费等）”；为日常用语中的重要搭配。</li><li>文化背景：日本国民需依法按时纳税，这是社会管理的重要体制之一。</li></ol>,[sound:jlpt_vocabulary_in_sentence_納める.mp3]
治める,治理，统治,王は国を治める責任がある。,国王有治理国家的责任。,<ruby>王<rt>おう</rt></ruby>は<ruby>国<rt>くに</rt></ruby>を<ruby>治める<rt>おさめる</rt></ruby><ruby>責任<rt>せきにん</rt></ruby>がある。,<ol><li>王（おう）：意为国王、君主。</li><li>国（くに）：表示国家、国土。</li><li>治める（おさめる）：含有治理、统治或管理国家、组织等含义，是该句的核心动词。用于具体表示对国家或集团的统治管理，也可以引申为安抚、平息等。</li><li>責任（せきにん）：责任，表示应承担或履行的任务或义务。</li><li>は：主题助词，表示句子的主语部分。</li><li>を：宾语助词，这里标明“国”为动作“治める”的对象。</li><li>が：主格助词，常用于强调存在或拥有。</li><li>ある：表示存在（有、在），多用于无生命物体或抽象事物。</li><li>语法知识点：“〜を治める”结构是常用固定搭配，意思是“治理某物（多指国家、组织等）”。句中“責任がある”表示拥有某种责任或义务。</li><li>文化拓展：在日本历史和文学中，“治める”多指统治者对国家或地区的管理、维护治安，是对君主职责的重要表述。</li></ol>,[sound:jlpt_vocabulary_in_sentence_治める.mp3]
お辞儀,鞠躬,先生にお辞儀をしました。,向老师鞠躬了。,<ruby>先生<rt>せんせい</rt></ruby>に<ruby>お辞儀<rt>おじぎ</rt></ruby>を<ruby>しました<rt>しました</rt></ruby>。,<ol><li>先生（せんせい）：老师。</li><li>に：表示动作的对象，即“对……”。</li><li>お辞儀（おじぎ）：鞠躬。是日本社会常见的礼节动作，表达尊敬或感谢。</li><li>を：表示动作的对象，是宾语助词。</li><li>しました：动词“する”的过去形式，表示“做了……”。</li><li>语法点：“〜に〜をする”结构用于表示对某人做某事。</li><li>背景文化：在日本，鞠躬是见面、道谢、道歉时常用的礼仪，对外国人来说是了解日本文化的重要部分。</li></ol>,[sound:jlpt_vocabulary_in_sentence_お辞儀.mp3]
お洒落,时尚,彼女はとてもお洒落ですね。,她很时尚呢。,<ruby>彼女<rt>かのじょ</rt></ruby>はとても<ruby>お洒落<rt>おしゃれ</rt></ruby>ですね。,<ol><li>彼女（かのじょ）：名词，意思是“她”。</li><li>は：主题助词，提示主语。</li><li>とても：副词，意思是“非常”。</li><li>お洒落（おしゃれ）：名词或形容动词，表示“时尚、讲究打扮”。也可作“おしゃれな”，做连体修饰语。注意发音为“おしゃれ”，不是“おさら”。</li><li>です：礼貌形终结助动词。</li><li>ね：语气助词，用于征求对方认同或表达感叹。</li></ol>,[sound:jlpt_vocabulary_in_sentence_お洒落.mp3]
お喋り,聊天,彼女はお喋りが大好きです。,她非常喜欢聊天。,<ruby>彼女<rt>かのじょ</rt></ruby>は<ruby>お喋り<rt>おしゃべり</rt></ruby>が<ruby>大好き<rt>だいすき</rt></ruby><ruby>です<rt>です</rt></ruby>。,<ol><li>彼女（かのじょ）：她。日语中指称女性。</li><li>お喋り（おしゃべり）：聊天，谈话。加「お」前缀，使词语更加礼貌亲切。既可作名词（聊天），也可作形容动词（爱聊天的）。</li><li>が：主语助词，突出主语。</li><li>大好き（だいすき）：非常喜欢。常指对某事或某物非常喜爱。</li><li>です：用于句子结尾的礼貌表达。</li><li>本句结构为「XはYが大好きです」，表示主语“X”非常喜欢“Y”。</li></ol>,[sound:jlpt_vocabulary_in_sentence_お喋り.mp3]
汚染,污染,工場の排水が川を汚染しました。,工厂的废水污染了河流。,<ruby>工場<rt>こうじょう</rt></ruby>の<ruby>排水<rt>はいすい</rt></ruby>が<ruby>川<rt>かわ</rt></ruby>を<ruby>汚染しました<rt>おせんしました</rt></ruby>。,<ol><li>工場（こうじょう）：工厂。</li><li>排水（はいすい）：废水、排出的水。</li><li>が：主格助词，表示句子的主语。</li><li>川（かわ）：河流。</li><li>を：宾格助词，标示动作对象。</li><li>汚染（おせん）：名词兼动词“污染”。可作“汚染する”表示“污染”；这里用“汚染しました”表示过去时（已经污染了）。</li><li>ました：动词“ます”体的过去式，表示尊敬、正式的语气。<br>日语的动词过去式“ました”适用于已经发生的动作。</li><li>背景知识：日本对环境污染控制很严格，类似的句子常见于环保相关话题中。</li></ol>,[sound:jlpt_vocabulary_in_sentence_汚染.mp3]
恐らく,大概、也许,恐らく彼は今日来ないと思います。,我觉得他今天大概不会来。,<ruby>恐らく<rt>おそらく</rt></ruby><ruby>彼<rt>かれ</rt></ruby>は<ruby>今日<rt>きょう</rt></ruby><ruby>来ない<rt>こない</rt></ruby>と<ruby>思います<rt>おもいます</rt></ruby>。,<ol><li>恐らく（おそらく）：副词，表示说话人对某事不确定，但认为其发生的可能性较大，意思是“大概、也许”。用于表达推测性质的内容。</li><li>彼（かれ）：代词，表示“他”。</li><li>今日（きょう）：名词，意为“今天”。</li><li>来ない（こない）：动词“来る（くる）”的否定形，表示“不来”。</li><li>～と思います：用于表达自己的想法或推测，接在句末，敬语形式。</li><li>副词“恐らく”多用于书面语或正式场合，口语中也可用，但气氛较委婉。</li></ol>,[sound:jlpt_vocabulary_in_sentence_恐らく.mp3]
恐れる,害怕,彼は失敗を恐れている。,他害怕失败。,<ruby>彼<rt>かれ</rt></ruby>は<ruby>失敗<rt>しっぱい</rt></ruby>を<ruby>恐れて<rt>おそれて</rt></ruby>いる。,<ol><li>彼（かれ）：指“他”。代词。</li><li>は：主语助词，标记句子的主题。</li><li>失敗（しっぱい）：名词，意思是“失败”。</li><li>を：宾语助词，标记动作的对象。</li><li>恐れる（おそれる）：动词，表达害怕、担忧、恐惧某事，本句用「恐れている」表示持续的害怕状态。</li><li>いる：表示动作的持续状态，和动词连用通常变成「ている」形式，表示“正在…”、“一直…”的状态。</li><li>日语中「恐れる」通常用于书面语或较正式场合，口语中也常说「怖がる（こわがる）」表达害怕的情感差别。</li></ol>,[sound:jlpt_vocabulary_in_sentence_恐れる.mp3]
恐ろしい,可怕的,その映画はとても恐ろしいです。,那部电影非常可怕。,<ruby>その<rt>その</rt></ruby><ruby>映画<rt>えいが</rt></ruby><ruby>は<rt>は</rt></ruby><ruby>とても<rt>とても</rt></ruby><ruby>恐ろしい<rt>おそろしい</rt></ruby><ruby>です<rt>です</rt></ruby>。,<ol><li>その：指示词，表示“那、那个”。</li><li>映画（えいが）：名词，电影。</li><li>は：助词，标记主语。读作“わ”，不是“は”。</li><li>とても：副词，非常，很。</li><li>恐ろしい（おそろしい）：形容词，表示“可怕的、让人害怕的”。一般可修饰事情、事件、状态，不能用于自己的感受。</li><li>です：礼貌结句词，使句子礼貌。</li><li>【语法】形容词（い形容词）在句中做谓语时直接用词干+です表示礼貌语气。</li><li>文化提示：日本恐怖电影较为有名，所以“恐ろしい”常用于形容此类作品。</li></ol>,[sound:jlpt_vocabulary_in_sentence_恐ろしい.mp3]
教わる,受教、学习,先生に日本語を教わりました。,我向老师学习了日语。,<ruby>先生<rt>せんせい</rt></ruby>に<ruby>日本語<rt>にほんご</rt></ruby>を<ruby>教わりました<rt>おそわりました</rt></ruby>。,<ol><li>先生（せんせい）：指老师。</li><li>に：表示动作的接受对象，即“向…”或“从…”的意思。</li><li>日本語（にほんご）：日语。</li><li>を：宾语助词，表示动作的对象。</li><li>教わる（おそわる）：意思是“受教、向某人学习”。这里用过去形教わりました，表示“学习了、受教了”。与教える（おしえる，教授）方向相反。</li><li>日语的被动态动词教わる表达主动向别人学，与中文习惯略有不同。不只是被动，也表示积极“讨教”。</li></ol>,[sound:jlpt_vocabulary_in_sentence_教わる.mp3]
お互い,彼此、互相,お互いに助け合うことが大切です。,互相帮助是很重要的。,<ruby>お互いに<rt>おたがいに</rt></ruby><ruby>助け合う<rt>たすけあう</rt></ruby><ruby>こと<rt>こと</rt></ruby>が<ruby>大切<rt>たいせつ</rt></ruby>です。,<ol><li>お互い（おたがい）：表示“彼此、互相”，用于双方之间有互动、对等关系的场合。日常对话和正式场合均可使用。</li><li>助け合う（たすけあう）：动词“助ける（帮助）”与“合う（相互）”组合，表示“互相帮助”。类似结构还有「支え合う」等。</li><li>〜ことが大切です：表达“……是重要的”，结构为[动词普通形]＋ことが大切です，表达一般性事实或建议。</li><li>日本文化中，强调“お互い様”（意思是“我们彼此彼此”）来表示人与人之间的体谅与理解。</li></ol>,[sound:jlpt_vocabulary_in_sentence_お互い.mp3]
穏やか,平稳、安静,湖の水面は穏やかです。,湖面的水很平静。,<ruby>湖<rt>みずうみ</rt></ruby>の<ruby>水面<rt>すいめん</rt></ruby>は<ruby>穏やか<rt>おだやか</rt></ruby>です。,"<ol><li>湖（みずうみ）：指""湖泊""，常用于自然景观描述。</li><li>水面（すいめん）：指""水面、表面""。</li><li>の：表示前后名词的所属关系，相当于中文""的""。</li><li>は：主题助词，提示主语。</li><li>穏やか（おだやか）：形容动词，意为""平稳、安静""，可形容自然、氛围或人的性格。与激しい（はげしい，激烈）意义相对。</li><li>です：礼貌型结句，语气温和。</li><li>语法知识：形容动词词干后直接加「です」构成礼貌肯定句。例如：静かです（安静）、簡単です（简单）。</li></ol>",[sound:jlpt_vocabulary_in_sentence_穏やか.mp3]
男の人,男人,あそこに男の人がいます。,那里有一位男人。,<ruby>あそこに<rt>あそこに</rt></ruby><ruby>男の人<rt>おとこのひと</rt></ruby><ruby>が<rt>が</rt></ruby><ruby>います。<rt>います。</rt></ruby>,<ol><li>あそこに：表示地点，意思是“那里”。</li><li>男の人（おとこのひと）：意思是“男人”或“男士”。常用于指不太熟悉的成年男性，表达较为礼貌。如果是“男（おとこ）”，更强调性别，语气更直接，多用于书面或科普场景。“人（ひと）”读作“ひと”，常见容易TTS读错为“じん”，请注意。</li><li>がいます：这里“が”是主格助词，强调主语。“います”是“いる（有，在，存在）”的礼貌形，一般用于人或动物的存在表达。</li></ol>,[sound:jlpt_vocabulary_in_sentence_男の人.mp3]
大人しい,安静、乖巧,妹はとても大人しい子です。,妹妹是很安静的孩子。,<ruby>妹<rt>いもうと</rt></ruby>はとても<ruby>大人しい<rt>おとなしい</rt></ruby><ruby>子<rt>こ</rt></ruby>です。,<ol><li>妹（いもうと）：指自己的妹妹（比自己年龄小的女性家人）。</li><li>は：主题助词，标记句子的主语。</li><li>とても：副词，表示“非常、很”。</li><li>大人しい（おとなしい）：形容词，形容人安静、稳重、乖巧、温顺，多用于形容性格温和、不轻举妄动的人。</li><li>子（こ）：指孩子，这里泛指小孩、儿童。</li><li>です：礼貌用法，用于句尾表达断定。</li><li>语法：“大人しい”是い形容词，修饰名词时直接放在名词前。例如：“大人しい犬”。</li><li>文化：在日本社会，“大人しい”常作为褒义词，特别用于描述小孩安静听话，符合社会期待。</li></ol>,[sound:jlpt_vocabulary_in_sentence_大人しい.mp3]
劣る,逊色,彼の能力は私より劣る。,他的能力不如我。,<ruby>彼<rt>かれ</rt></ruby>の<ruby>能力<rt>のうりょく</rt></ruby>は<ruby>私<rt>わたし</rt></ruby>より<ruby>劣る<rt>おとる</rt></ruby>。,<ol><li>彼（かれ）：他、男性第三人称代词。</li><li>能力（のうりょく）：能力。</li><li>は：提示主题的助词。</li><li>私（わたし）：我。</li><li>より：表示比较，意为“比……”。</li><li>劣る（おとる）：动词，意思是“逊色、不如”。这里接在比较对象之后（私より）表示“比我逊色”。</li><li>日语表达比较时，常用“ＡはＢより……”结构，表示“A比B……”。“劣る”一般不用敬语，多用于表评价时的否定或谦逊表达。</li></ol>,[sound:jlpt_vocabulary_in_sentence_劣る.mp3]
鬼,鬼怪,夜になると鬼が現れることがある。,到了晚上，有时会出现鬼怪。,<ruby>夜<rt>よる</rt></ruby>になると<ruby>鬼<rt>おに</rt></ruby>が<ruby>現れる<rt>あらわれる</rt></ruby>ことがある。,"<ol><li>夜（よる）：指夜晚，有时也泛指天黑以后。</li><li>になると：""なる""是“变成”，""〜になると""表示“到了……的时候”。</li><li>鬼（おに）：日语中的鬼，是日本民俗、故事中的妖怪形象，通常有角、红脸或蓝脸，是恐怖或灾祸的象征。</li><li>現れる（あらわれる）：出现、显现。</li><li>ことがある：用来表示某种事情有时会发生。“有时……”</li><li>日本文化中，鬼常出现于节分（せつぶん）等传统节日，民众会象征性地驱鬼驱邪。</li></ol>",[sound:jlpt_vocabulary_in_sentence_鬼.mp3]
帯,带子,着物の帯をきれいに結びました。,把和服的腰带漂亮地系好了。,<ruby>着物<rt>きもの</rt></ruby>の<ruby>帯<rt>おび</rt></ruby>をきれいに<ruby>結びました<rt>むすびました</rt></ruby>。,<ol><li>着物（きもの）：日本的传统服装，通常为女性正式场合穿着。</li><li>の：助词，表示前后名词的所属关系，比如“着物的”。</li><li>帯（おび）：和服用来系在腰部的布带。常见于和服、浴衣等传统服饰中。</li><li>を：宾格助词，表明动作对象。</li><li>きれいに：副词形式，表示“漂亮地”。きれい=漂亮、整洁。</li><li>結びました（むすびました）：动词“結ぶ（むすぶ）”的过去式，意思为“系好了、打好了”。</li><li>日语里“帯”一般读作“おび”，指专门用于和服的织带。和“带子”的中文意思类似，但一般不用于西式裤带。注意发音不是“たい”。</li><li>日本和服的带子比较宽大、装饰性强，外国人如果首次体验和服，需要向日方请教如何正确打结。</li></ol>,[sound:jlpt_vocabulary_in_sentence_帯.mp3]
お昼,中午,お昼を食べに行きませんか。,一起去吃午饭吗？,<ruby>お昼<rt>おひる</rt></ruby><ruby>を<rt>を</rt></ruby><ruby>食べ<rt>たべ</rt></ruby><ruby>に<rt>に</rt></ruby><ruby>行き<rt>いき</rt></ruby><ruby>ませんか。<rt>ませんか。</rt></ruby>,<ol><li>お昼（おひる）：意思为“中午、午饭”。既可指时间上的正午，也可以指午餐，具体含义需结合语境。</li><li>を：助词，表示动作的对象。</li><li>食べに行く：表示“去吃”，是“动词ます形＋に行く”的句型，表达去做某事的目的。</li><li>ませんか：用于提出邀请或建议，表示“要不要……？”是一种委婉的说法，日常对话中十分常见。</li></ol>,[sound:jlpt_vocabulary_in_sentence_お昼.mp3]
オフィス,办公室,彼は新しいオフィスに引っ越しました。,他搬到了新的办公室。,<ruby>彼<rt>かれ</rt></ruby>は<ruby>新しい<rt>あたらしい</rt></ruby>オフィスに<ruby>引っ越しました<rt>ひっこしました</rt></ruby>。,<ol><li>彼（かれ）：指“他”。用于代指男性或不特指对象。</li><li>新しい（あたらしい）：形容词，意为“新的”。</li><li>オフィス：外来语，表示“办公室”。日语罗马字为 ofisu，来源于英语 office。发音注意“フィ”读作 [fi] 音，容易被误读为“ヒ”。</li><li>〜に：日语格助词，表示动作的目的地或方向。这里是“搬到某处”。</li><li>引っ越しました（ひっこしました）：动词“引っ越す（ひっこす）”的过去式，意为“搬家”或“搬到（某地）”。</li><li>语法：整个句子结构为“主语＋は＋地点＋に＋动作”，表示人搬到新的地点。“引っ越す”一般接“に”表示迁移目标。</li></ol>,[sound:jlpt_vocabulary_in_sentence_オフィス.mp3]
溺れる,溺水，沉溺,彼は川で溺れてしまった。,他在河里淹没了。,<ruby>彼<rt>かれ</rt></ruby>は<ruby>川<rt>かわ</rt></ruby>で<ruby>溺れて<rt>おぼれて</rt></ruby><ruby>しまった<rt>しまった</rt></ruby>。,<ol><li>彼（かれ）：意思为“他”，是第三人称单数男性代词。</li><li>川（かわ）：意思为“河”或者“河流”。</li><li>で：表示动作发生的场所，译为“在…”。</li><li>溺れて（おぼれて）：动词“溺れる”的て形，意思为“溺水”，“淹没”。</li><li>しまった：动词“しまう”的过去式，和て形连用时表示“遗憾或发生了不可挽回的事情”。整体“溺れてしまった”可译为“淹没了”或“淹死了”。</li><li>语法点：谓语用てしまう/てしまった表示动作已经做完且带有遗憾或不可逆的意味。</li><li>文化释义：日本多河流湖泊，夏季游泳安全宣传中常用“溺れる”“溺れてしまった”等表述。</li></ol>,[sound:jlpt_vocabulary_in_sentence_溺れる.mp3]
お前,你,お前は本当に優しいね。,你真的很温柔啊。,<ruby>お前<rt>おまえ</rt></ruby>は<ruby>本当に<rt>ほんとうに</rt></ruby><ruby>優しい<rt>やさしい</rt></ruby>ね。,<ol><li>お前（おまえ）：口语中常用的“你”，带有一定的亲密或粗鲁语气，男性用得较多。用法需视关系亲疏，慎用于正式或对上场合，否则会被认为不礼貌。</li><li>は：助词，提示主题，表示“是……”。</li><li>本当に（ほんとうに）：副词，意思是“真的、确实”。</li><li>優しい（やさしい）：形容词，意思是“温柔的、体贴的”。</li><li>ね：句末助词，用于表达感叹、加强语气，相当于“啊”、“呢”。</li></ol>,[sound:jlpt_vocabulary_in_sentence_お前.mp3]
おめでとう,祝贺,合格おめでとうございます。,恭喜你合格了。,<ruby>合格<rt>ごうかく</rt></ruby><ruby>おめでとう<rt>おめでとう</rt></ruby><ruby>ございます<rt>ございます</rt></ruby>。,<ol><li>合格（ごうかく）：意思是“合格、及格、通过考试等”，多用于入学、考试等场合。</li><li>おめでとう：表达祝贺、恭喜，“お”是敬语前缀，使表达更加礼貌。“ございます”加入后，使表达更郑重、敬意更强。“おめでとう”也可单独使用，日常口语常见。在正式场合常全句使用。</li><li>「おめでとう」没有变化形式，搭配「ございます」是更有礼貌的表达方式。需要注意「おめでとう」中没有送假名（应为“おめでとう”而不是“おめでとお”）。</li></ol>,[sound:jlpt_vocabulary_in_sentence_おめでとう.mp3]
お目に掛かる,拜见,明日お目に掛かる予定です。,预定明天拜见您。,<ruby>明日<rt>あした</rt></ruby><ruby>お目に掛かる<rt>おめにかかる</rt></ruby><ruby>予定<rt>よてい</rt></ruby>です。,<ol><li>明日（あした）：明天。</li><li>お目に掛かる（おめにかかる）：表达“拜见”“见到”（尊敬、谦逊说法）。是「会う」的自谦语，常用于表达对方地位更高或需要表达尊重的人。</li><li>予定（よてい）：计划，安排；在句中表示“预定”某事发生。</li><li>です：礼貌结尾。</li><li>语法点：“お目に掛かる”构成为「お」+ 「目」+ 「に」+ 「掛かる」，用来表达自己见到对方，带有谦逊语气。用在正式场合、商务邮件、中高级日语口语。不要用于对同辈或比自己地位低的人。</li></ol>,[sound:jlpt_vocabulary_in_sentence_お目に掛かる.mp3]
思い付く,想出，想到,良いアイデアを思い付いた。,我想出了一个好主意。,<ruby>良い<rt>よい</rt></ruby>アイデアを<ruby>思い付いた<rt>おもいついた</rt></ruby>。,<ol><li>良い（よい）：形容词，意思是“好、好的”。</li><li>アイデア：外来语，意为“主意、想法、点子”。在日语口语和书面语中都常见。</li><li>を：助词，表示动作的对象，“～を”。</li><li>思い付いた（おもいついた）：动词“思い付く（おもいつく）”的过去式，意为“想出、想到”。为复合动词，由“思う（おもう，思考）”和“付く（つく，附、产生）”组成，表达突然或灵感式地产生某个想法。</li><li>语法：“思い付く”常与事物名词连用，表示“想起、想到某事”，多指灵感、主意、方法等突然浮现在脑海之中。</li></ol>,[sound:jlpt_vocabulary_in_sentence_思い付く.mp3]
思い出,回忆,子供の頃の思い出が懐かしいです。,小时候的回忆很怀念。,<ruby>子供<rt>こども</rt></ruby>の<ruby>頃<rt>ころ</rt></ruby>の<ruby>思い出<rt>おもいで</rt></ruby>が<ruby>懐かしい<rt>なつかしい</rt></ruby>です。,<ol><li>子供（こども）：小孩、儿童。</li><li>頃（ころ）：时期，表示时间段。</li><li>思い出（おもいで）：名词，回忆，记忆。</li><li>懐かしい（なつかしい）：形容词，令人怀念、眷恋。</li><li>「の」用来表示前后词语的修饰关系，这里「子供の頃」指“童年时期”。</li><li>「が」为主格助词，标记主语「思い出」。</li><li>です：礼貌句尾，用于加强礼貌色彩。</li><li>语序结构为「（时间）的 思い出（回忆）+が+懐かしい」，表达对过去回忆的怀念。</li><li>注：日本文化中，常用「思い出」表达对过去美好时光的追忆。</li></ol>,[sound:jlpt_vocabulary_in_sentence_思い出.mp3]
主に,主要地,この本は主に学生向けです。,这本书主要面向学生。,この<ruby>本<rt>ほん</rt></ruby>は<ruby>主に<rt>おもに</rt></ruby><ruby>学生<rt>がくせい</rt></ruby><ruby>向け<rt>むけ</rt></ruby>です。,<ol><li>この：指示词，表示“这个”。</li><li>本（ほん）：名词，意思是“书”。</li><li>は：主题助词，提示句子的主题。</li><li>主に（おもに）：副词，意思是“主要地”。</li><li>学生（がくせい）：名词，“学生”。</li><li>向け（むけ）：接尾词，表示“面向……”或“针对……”的意思。</li><li>です：礼貌结句词，表示肯定。</li><li>语法解说：<ul><li>主に：作为副词，可以修饰动词、形容词和句子，表示“以……为主”；常用于说明对象或内容的主要部分。</li><li>X向け：某物是“面向……”对象设计、写作、制作的。</li></ul></li></ol>,[sound:jlpt_vocabulary_in_sentence_主に.mp3]
思わず,不由自主,彼の話に思わず笑ってしまった。,听了他的话，我不由自主地笑了出来。,<ruby>彼の<rt>かれの</rt></ruby><ruby>話に<rt>はなしに</rt></ruby><ruby>思わず<rt>おもわず</rt></ruby><ruby>笑って<rt>わらって</rt></ruby><ruby>しまった。<rt>しまった。</rt></ruby>,<ol><li>彼（かれ）：指“他”。</li><li>話（はなし）：指“说的话”，名词。</li><li>に：表示针对某事物，助词。</li><li>思わず（おもわず）：副词，意思为“不由自主地”或“情不自禁地”，用于描述在无意识或没有打算下做某事，常修饰动词。</li><li>笑って（わらって）：动词“笑う”的て形，表示“笑”。</li><li>しまった：动词“しまう”的过去形，这里和“て”形连用，表达动作已经完成，有时也带遗憾或出乎意料的情感色彩。日常口语中常用于“不小心做了某事”。</li><li>全句语法：“思わず”修饰动词“笑って”，表示说话者体会到在没有控制的情况下笑出了声。</li><li>文化补充：在日本，与他人交流时即使是非正式场合，表现出情不自禁的微笑也是常见的礼貌反应。</li></ol>,[sound:jlpt_vocabulary_in_sentence_思わず.mp3]
泳ぎ,游泳,彼は泳ぎがとても上手です。,他游泳非常厉害。,<ruby>彼<rt>かれ</rt></ruby>は<ruby>泳ぎ<rt>およぎ</rt></ruby>がとても<ruby>上手<rt>じょうず</rt></ruby>です。,<ol><li>彼（かれ）：指“他”，为代词，用于男性，也可以泛指不特定某人。</li><li>は：主题助词，表示主语。</li><li>泳ぎ（およぎ）：名词，表示“游泳”，由动词“泳ぐ（およぐ）”变来的名词形。<br>注意“泳ぎ”只读“およぎ”，不会读作“えいぎ”等。</li><li>が：主格助词，表示句子的主语或对象。</li><li>とても：副词，意思是“非常”，修饰形容词或形容动词。</li><li>上手（じょうず）：形容动词，表示“擅长、厉害”，常与“が”连用，指某技能很强。</li><li>です：礼貌结句助动词，用于句末表尊敬。</li><li>日语表达“游泳游得好”通常说“泳ぎが上手”，不能直接用“泳ぐが上手”。</li></ol>,[sound:jlpt_vocabulary_in_sentence_泳ぎ.mp3]
およそ,大约,駅までおよそ十分かかります。,到车站大约需要十分钟。,<ruby>駅<rt>えき</rt></ruby>までおよそ<ruby>十分<rt>じゅっぷん</rt></ruby>かかります。,<ol><li>駅（えき）：车站。</li><li>まで：表示动作的目的地，意为“到……为止”。</li><li>およそ：副词，意为“大约、差不多”，用于表示数量、时间等的概数。</li><li>十分（じゅっぷん）：十分钟，这里“じゅっぷん”注意发音不能读作“じっぷん”。</li><li>かかります：动词「かかる」的ます形，表示“需要（花费）时间”。</li><li>语法说明：およそ用在数量或时间等词前，起到强调非精确概数的作用，类似于“约”“大约”；常见同义词还有「約（やく）」。</li></ol>,[sound:jlpt_vocabulary_in_sentence_およそ.mp3]
及ぼす,造成，带来,その薬は体に影響を及ぼす。,那种药对身体有影响。,その<ruby>薬<rt>くすり</rt></ruby>は<ruby>体<rt>からだ</rt></ruby>に<ruby>影響<rt>えいきょう</rt></ruby>を<ruby>及ぼす<rt>およぼす</rt></ruby>。,<ol><li>その：指示代词，意思是“那个”。</li><li>薬（くすり）：名词，药。</li><li>は：提示助词，表主语。</li><li>体（からだ）：名词，身体。</li><li>に：助词，表示动作所影响的对象。</li><li>影響（えいきょう）：名词，影响、作用。</li><li>を：宾格助词，表示动作对象。</li><li>及ぼす（およぼす）：动词，意思为“波及、造成、带来影响”，常用于抽象事物，例如“影響を及ぼす”（带来影响）。此外，及ぼす只有一个常用发音“およぼす”。类似常用表达还有“被害を及ぼす”。</li><li>本句语法结构为：AはBにCを及ぼす，表示A给B带来C的影响。</li></ol>,[sound:jlpt_vocabulary_in_sentence_及ぼす.mp3]
下す,做出、下达,先生が決断を下しました。,老师做出了决定。,<ruby>先生<rt>せんせい</rt></ruby>が<ruby>決断<rt>けつだん</rt></ruby>を<ruby>下しました<rt>くだしました</rt></ruby>。,<ol><li>「先生」（せんせい）：老师。对教师或从事特定职业（如医生、律师等）者的尊称。</li><li>「決断」（けつだん）：决定，决断，常指重要的决定。</li><li>「を」：表示动作的对象，是助词，汉语中读作“wo”，但口语一般读“お”。</li><li>「下しました」（くだしました）：动词「下す」的敬体过去式，意思是“做出（决定）、下达（命令）”。这里强调“做出决定”等比较书面的场合。注意「下す」还有“拉肚子”等其他意思，根据上下文区别。</li><li>动词「下す」一般接抽象名词（如決断、判決），做“做出”讲；但用于腹痛、下痢场合是“腹を下す”（拉肚子）的意思。另外，「おろす」也可写作「下す」，但多表示“取下、卸下”。</li></ol>,[sound:jlpt_vocabulary_in_sentence_下す.mp3]
降ろす,拿下，卸下,荷物を車から降ろす。,把行李从车上拿下来。,<ruby>荷物<rt>にもつ</rt></ruby>を<ruby>車<rt>くるま</rt></ruby>から<ruby>降ろす<rt>おろす</rt></ruby>。,<ol><li>荷物（にもつ）：行李、包裹。</li><li>を：助词，表示动作的对象。</li><li>車（くるま）：汽车。</li><li>から：助词，表示动作的起点或出处，在这里是“从”的意思。</li><li>降ろす（おろす）：把东西降下来、卸下，与“下ろす”同音但用法略有差异，指的是让物体从高处到低处，常用于物体的移动，如从车上、架子上等移下去。</li><li>语法结构“〜を〜から降ろす”：表示从某个地方取下、卸下某物。动作对象前加を，出发点前加から。</li></ol>,[sound:jlpt_vocabulary_in_sentence_降ろす.mp3]
卸す,卸下,荷物を車から卸すのは大変です。,把行李从车上卸下来很辛苦。,<ruby>荷物<rt>にもつ</rt></ruby>を<ruby>車<rt>くるま</rt></ruby>から<ruby>卸す<rt>おろす</rt></ruby>のは<ruby>大変<rt>たいへん</rt></ruby>です。,<ol><li>荷物（にもつ）：指行李、包裹。</li><li>車（くるま）：指车，可以是轿车、卡车等。</li><li>卸す（おろす）：动词，表示“卸下、搬下（重物等）”；本句用于把物品从高处或车辆搬下来。</li><li>〜から：表示起点或来源，这里是“从车上”。</li><li>〜のは：这里将动词卸す变为名词化（卸すの），表示“卸下这件事”。</li><li>大変（たいへん）：形容词，表示“辛苦、费力”。</li><li>です：礼貌结句助词。</li><li>文化提示：在日本，如果帮忙卸货物一般会说“手伝いましょうか”（要不要我帮你）。</li></ol>,[sound:jlpt_vocabulary_in_sentence_卸す.mp3]
音,声音,彼の声の音が大きいです。,他的声音很大。,<ruby>彼<rt>かれ</rt></ruby>の<ruby>声<rt>こえ</rt></ruby>の<ruby>音<rt>おと</rt></ruby>が<ruby>大きい<rt>おおきい</rt></ruby>です。,<ol><li>彼（かれ）：指“他”，第三人称。</li><li>声（こえ）：意为“声音，嗓音”，多指人的声音。</li><li>音（おと）：泛指声音，不特指人的说话声，也可以是乐器、环境等发出的声响。</li><li>が：表示前面的“音”是主语（主格助词）。</li><li>大きい（おおきい）：形容词，意为“大”。此处指声音很大。</li><li>“音”有两个常见发音：1. おと：指声音、音响，如“音が聞こえる”；2. ね：常用于复合词，如“足音（あしおと）”。本句用“おと”指具体的声音。</li><li>“音”读音误区：初学者可能会将“音”误读为“ね”或“おん”，但本词独立出现描述声音时只读“おと”。</li></ol>,[sound:jlpt_vocabulary_in_sentence_音.mp3]
恩,恩情,先生の恩を忘れてはいけません。,不能忘记老师的恩情。,<ruby>先生<rt>せんせい</rt></ruby>の<ruby>恩<rt>おん</rt></ruby>を<ruby>忘れて<rt>わすれて</rt></ruby>は<ruby>いけません<rt>いけません</rt></ruby>。,"<ol><li>先生（せんせい）：老师。</li><li>の：表示所属、关系，相当于汉语的""的""。</li><li>恩（おん）：恩情、恩惠，多用于表达受到他人好意或照顾时的感激之情。</li><li>を：宾格助词，表示动作的对象。</li><li>忘れて（わすれて）：动词""忘れる""（忘记）的て形，表示动作的连接。</li><li>は：提示助词，强调主语或对象。</li><li>いけません：表示禁止，不能做某事，常用于提醒或忠告，前面多接动词て形。</li><li>语法结构：动词て形+はいけません——""不能……""、""不可以……""，用来表达禁止。</li></ol>",[sound:jlpt_vocabulary_in_sentence_恩.mp3]
温暖,温暖、暖和,今日はとても温暖な日ですね。,今天真是温暖的一天啊。,<ruby>今日<rt>きょう</rt></ruby>はとても<ruby>温暖<rt>おんだん</rt></ruby>な<ruby>日<rt>ひ</rt></ruby>ですね,<ol><li>今日（きょう）：表示“今天”。</li><li>は：主题助词，提示句子的主题。</li><li>とても：副词，表示“非常、很”。</li><li>温暖（おんだん）：形容动词，表示“温暖”。常用来描述天气、气候等。</li><li>な：接在形容动词词干后，修饰名词。</li><li>日（ひ）：名词，表示“日子、一天”。</li><li>です：礼貌体断定助动词。</li><li>ね：终助词，用于表达感叹或征求对方认同。</li></ol>,[sound:jlpt_vocabulary_in_sentence_温暖.mp3]
温度,温度,今日の温度は三十度です。,今天的温度是三十度。,<ruby>今日<rt>きょう</rt></ruby>の<ruby>温度<rt>おんど</rt></ruby>は<ruby>三十度<rt>さんじゅうど</rt></ruby>です。,<ol><li>今日（きょう）：意思是“今天”。注意和昨日（きのう，昨天）、明日（あした，明天）的区别。</li><li>温度（おんど）：表示物体或空气的冷热程度，即“温度”。</li><li>は：主题助词，标记句子的主题。</li><li>三十度（さんじゅうど）：三十摄氏度。“度（ど）”用于表示温度单位。</li><li>です：是断定句结尾的礼貌用法。</li><li>语法：日语里描述某物的状态时常用“〜は〜です。”的结构。</li></ol>,[sound:jlpt_vocabulary_in_sentence_温度.mp3]
可,可以,この部屋は写真撮影可です。,这个房间可以拍照。,<ruby>この<rt>この</rt></ruby><ruby>部屋<rt>へや</rt></ruby>は<ruby>写真撮影<rt>しゃしんさつえい</rt></ruby><ruby>可<rt>か</rt></ruby>です。,<ol><li>この：连体词，意为“这个”。</li><li>部屋（へや）：名词，房间。</li><li>は：助词，提示主语。</li><li>写真撮影（しゃしんさつえい）：名词，照片拍摄。</li><li>可（か）：本句为“可以”之意，表示许可，经常出现在告示、标识中，口语很少单独使用。与“不可（ふか）”相对。</li><li>です：礼貌句末表达方式。</li><li>语法说明：“A可”结构多用于正式或书面语，如标牌、指示牌、规则说明等。外国人在日本看到“可”字时，需注意为允许/许可某项行为。</li></ol>,[sound:jlpt_vocabulary_in_sentence_可.mp3]
蚊,蚊子,夏になると蚊が増えます。,一到夏天蚊子就变多了。,<ruby>夏<rt>なつ</rt></ruby><ruby>になると<rt>になると</rt></ruby><ruby>蚊<rt>か</rt></ruby><ruby>が<rt>が</rt></ruby><ruby>増えます<rt>ふえます</rt></ruby>。,<ol><li>夏（なつ）：夏天。日语里的四季用词固定，和中文类似。</li><li>になると：表示“到……的时候”。に是助词，なる是“变成”，と是“……的时候”。</li><li>蚊（か）：指蚊子。</li><li>が：主语助词，标明主语（这里是蚊）。</li><li>増えます（ふえます）：动词“増える”的敬体形式，意思是“增多”。一般用于物体数量、现象的增多。</li><li>整句话表示因季节变化，蚊子的数量变多，是典型表达某个现象随时间发生变化。</li></ol>,[sound:jlpt_vocabulary_in_sentence_蚊.mp3]
課,课程,今日の課はとても難しかったです。,今天的课程非常难。,<ruby>今日<rt>きょう</rt></ruby>の<ruby>課<rt>か</rt></ruby>はとても<ruby>難しかった<rt>むずかしかった</rt></ruby>です。,<ol><li>今日（きょう）：表示今天。</li><li>課（か）：表示“课程、课”的意思，常用于学校教育等场景。</li><li>は：提示助词，标记主语或主题。</li><li>とても：副词，表示“非常、很”。</li><li>難しかった（むずかしかった）：形容词“難しい（难しい）”的过去式，表示“难”。</li><li>です：礼貌语尾，表示陈述句的礼貌表达。</li><li>语法：整体句型为“名词 は 形容词です”，用来描述主题的性质。</li><li>文化点：日本学校常以“課”来划分学习内容，例如第一課、第二課等。</li></ol>,[sound:jlpt_vocabulary_in_sentence_課.mp3]
カー,汽车,新しいカーを買いました。,我买了新车。,<ruby>新しい<rt>あたらしい</rt></ruby><ruby>カー<rt>かー</rt></ruby><ruby>を<rt>を</rt></ruby><ruby>買いました<rt>かいました</rt></ruby>。,<ol><li>新しい（あたらしい）：形容词，意思是“新的”。</li><li>カー（かー）：外来语，来自英文 car，指“汽车”。日本日常生活中也常用“車（くるま）”来表示汽车，但“カー”多见于商品名、广告等，突出西式感觉。</li><li>を：助词，表示宾语（即动作的对象）。</li><li>買いました（かいました）：动词“買う（かう）”的过去式“买了”。“ました”是礼貌体。</li></ol>,[sound:jlpt_vocabulary_in_sentence_カー.mp3]
カード,卡片,このカードを使ってください。,请使用这张卡片。,<ruby>この<rt>この</rt></ruby><ruby>カード<rt>かーど</rt></ruby><ruby>を<rt>を</rt></ruby><ruby>使って<rt>つかって</rt></ruby><ruby>ください<rt>ください</rt></ruby>。,<ol><li>この：表示“这个”，是指示词，修饰后面的名词。</li><li>カード（かーど）：外来语，指卡片，例如信用卡、会员卡等。</li><li>を：助词，表示动作的对象。</li><li>使って（つかって）：动词“使う”（使用）的て形，接后续表示请求或命令。</li><li>ください：礼貌地请求对方做某事，接在动词て形之后。</li><li>日语中常用卡片（カード）泛指物理卡、银行卡等，平假名较少写，更多用片假名表示外来语。</li></ol>,[sound:jlpt_vocabulary_in_sentence_カード.mp3]
貝,贝壳,海で綺麗な貝を拾いました。,我在海边捡到了漂亮的贝壳。,<ruby>海<rt>うみ</rt></ruby>で<ruby>綺麗<rt>きれい</rt></ruby>な<ruby>貝<rt>かい</rt></ruby>を<ruby>拾いました<rt>ひろいました</rt></ruby>。,<ol><li>海（うみ）：大海，海洋。</li><li>で：表示动作发生的场所助词。</li><li>綺麗（きれい）：形容词，意为漂亮、干净。な形容词，使用时后接「な」修饰名词。</li><li>貝（かい）：贝，贝壳。日常生活中指的是海滩或海里能捡到的壳类，有时也用于指食用的贝类。</li><li>を：宾语助词，表示动作的对象。</li><li>拾いました（ひろいました）：动词「拾う」（ひろう）的敬体过去式，意为捡到。</li><li>句型：『（场所）で（东西）を拾いました』，表示在某地捡到了某物。</li></ol>,[sound:jlpt_vocabulary_in_sentence_貝.mp3]
害,伤害,その言葉が人を害することがあります。,那句话有时会伤害别人。,<ruby>その<rt>その</rt></ruby><ruby>言葉<rt>ことば</rt></ruby>が<ruby>人<rt>ひと</rt></ruby>を<ruby>害する<rt>がいする</rt></ruby><ruby>こと<rt>こと</rt></ruby><ruby>があります<rt>があります</rt></ruby>。,<ol><li>その：指示词，意思是“那”，用来指前文或对方提及的事物。</li><li>言葉（ことば）：名词，意思是“话、言语”。</li><li>が：助词，用于主语后，解释为“……会……”。</li><li>人（ひと）：名词，“人”。</li><li>を：宾格助词，表示动作的对象。</li><li>害する（がいする）：动词，表示“伤害、损害”。多用于书面语。</li><li>ことがあります：固定表达，意思是“有时会……”，用于表示有可能发生的事情。</li><li>整个句子结构为AがBを害することがあります，相当于“有时A会伤害B”。</li><li>注意：害（がい）单独出现为名词，害する（がいする）为动词，后者使用更正式，更常见于书面场合。</li></ol>,[sound:jlpt_vocabulary_in_sentence_害.mp3]
会員,会员,私は図書館の会員になりました。,我成了图书馆的会员。,<ruby>私<rt>わたし</rt></ruby>は<ruby>図書館<rt>としょかん</rt></ruby>の<ruby>会員<rt>かいいん</rt></ruby>に<ruby>なりました<rt>なりました</rt></ruby>。,<ol><li>私（わたし）：第一人称，表示“我”。</li><li>図書館（としょかん）：意为“图书馆”。</li><li>会員（かいいん）：指某个组织或机构的正式会员。</li><li>〜の：表示前后名词的所属关系。</li><li>〜になりました：动词“なる”（变成、成为）的过去式“なりました”，表示状态的变化。</li><li>在日本，许多公共设施如图书馆、健身房、俱乐部等都需要注册成为会員后才可享受相关服务。</li></ol>,[sound:jlpt_vocabulary_in_sentence_会員.mp3]
絵画,绘画,彼の趣味は絵画を描くことです。,他的兴趣是绘画。,<ruby>彼<rt>かれ</rt></ruby>の<ruby>趣味<rt>しゅみ</rt></ruby>は<ruby>絵画<rt>かいが</rt></ruby>を<ruby>描く<rt>かく</rt></ruby>ことです。,<ol><li>彼（かれ）：指“他”，第三人称男性代词。</li><li>趣味（しゅみ）：兴趣、爱好。</li><li>は：主题助词，接在主题后面，强调“彼の趣味”。</li><li>絵画（かいが）：绘画、画作，是“絵”（え，画，图片）与“画”（が，画，描绘）构成的单词，指艺术意义上的画作。</li><li>を：宾格助词，标记前面的“絵画”为动作的对象。</li><li>描く（かく）：画，描绘（常用于绘画、画作）。与“書く（かく）”不同，后者侧重于“写字”。</li><li>こと：名词化用法，把前面的动词“描く”变成名词性词组，表示“画画这一行为”。</li><li>です：敬体终止助动词，用于表达礼貌和断定。</li><li>语法说明：此句采用“〜ことです”结构，表示“兴趣是〜”的意思。外来学习者易混淆“趣味は〜です”的表达，实际上可以用“趣味は絵画を描くことです”或“趣味は絵画です”，前者更明确是“画画”而不仅指作品。</li></ol>,[sound:jlpt_vocabulary_in_sentence_絵画.mp3]
海外,海外、国外,私は海外で働きたいです。,我想在海外工作。,<ruby>私<rt>わたし</rt></ruby>は<ruby>海外<rt>かいがい</rt></ruby>で<ruby>働き<rt>はたらき</rt></ruby>たいです。,<ol><li>私（わたし）：第一人称，表示“我”。在正式或正式场合常用，男女皆可使用。</li><li>は：助词，主语提示助词，用于提示主语“私”。</li><li>海外（かいがい）：名词，意为“海外、国外”。一般用来指本国以外的所有地区。</li><li>で：表示动作发生的场所助词，翻译为“在……”。</li><li>働きたい：动词“働く（はたらく）”的连用形“働き”加上表示希望、想要的“たい”形，整体意思是“想工作”。</li><li>です：礼貌语尾，用于句末，使语气变得更为客气。</li><li>日语表达“在海外工作”时，一般说“海外で働く（かいがいではたらく）”，其中“で”不可省略，区别于“に”主要表示动作目的地。</li></ol>,[sound:jlpt_vocabulary_in_sentence_海外.mp3]
会計,会计,彼は会社の会計を担当しています。,他负责公司的会计工作。,<ruby>彼<rt>かれ</rt></ruby>は<ruby>会社<rt>かいしゃ</rt></ruby>の<ruby>会計<rt>かいけい</rt></ruby>を<ruby>担当しています<rt>たんとうしています</rt></ruby>。,<ol><li>彼（かれ）：指代第三人称“他”。</li><li>会社（かいしゃ）：公司。</li><li>の：表示所属或限定，如“的”。</li><li>会計（かいけい）：会计、财务。可指从事会计的人，也可指会计相关的工作事务。</li><li>を：宾语助词，表示前面名词是动作的对象。</li><li>担当しています（たんとうしています）：“担当する”的进行时，表示正在负责某项工作。</li><li>本句为“ＡはＢを担当しています”的常用表达，意为“Ａ负责Ｂ”。</li></ol>,[sound:jlpt_vocabulary_in_sentence_会計.mp3]
解決,解决,この問題を解決します。,我来解决这个问题。,<ruby>この<rt>この</rt></ruby><ruby>問題<rt>もんだい</rt></ruby><ruby>を<rt>を</rt></ruby><ruby>解決<rt>かいけつ</rt></ruby><ruby>します<rt>します</rt></ruby>。,<ol><li>この：指示词，意思为“这个”。</li><li>問題（もんだい）：名词，意为“问题”。</li><li>を：助词，提示动作的对象，放在宾语后面。</li><li>解決（かいけつ）：动词，意思是“解决”。</li><li>します：する的敬体形式，表示“做”，与名词形式的动词搭配（如解決します）。</li><li>「名词+します」结构：将名词动词化，经常用于书面、正式场合。</li></ol>,[sound:jlpt_vocabulary_in_sentence_解決.mp3]
会合,会面,駅で友人と会合します。,我将在车站和朋友会面。,<ruby>駅<rt>えき</rt></ruby>で<ruby>友人<rt>ゆうじん</rt></ruby>と<ruby>会合<rt>かいごう</rt></ruby>します。,<ol><li>駅（えき）：名词，车站。</li><li>で：助词，表示动作发生的场所。</li><li>友人（ゆうじん）：名词，朋友。比「友達（ともだち）」更正式。</li><li>と：助词，表示和谁一起。</li><li>会合（かいごう）：名词，意思是会面（正式场合较多），如商务、组织等的集合或会议。</li><li>します：动词「する」的敬体形。用于搭配名词，构成动词性动作。</li><li>日常口语里「会合」略显正式，普通朋友间见面常用「会う（あう）」；如工作场合常说「会合」或「打ち合わせ（うちあわせ）」。</li></ol>,[sound:jlpt_vocabulary_in_sentence_会合.mp3]
外交,外交,日本の外交はとても重要です。,日本的外交非常重要。,<ruby>日本<rt>にほん</rt></ruby>の<ruby>外交<rt>がいこう</rt></ruby>はとても<ruby>重要<rt>じゅうよう</rt></ruby>です。,<ol><li>日本（にほん）：日本国名。发音为“にほん”或“にっぽん”，日常会话多用“にほん”。</li><li>の：连接名词，表示前者是后者的所属或修饰成分。</li><li>外交（がいこう）：指描述国家间关系、交涉等的词汇。</li><li>は：主题助词，标记句子的主题。</li><li>とても：副词，表示“非常”、“很”。</li><li>重要（じゅうよう）：形容动词，意思是“重要”。</li><li>です：礼貌表达句尾。</li><li>语法说明：「AはBです」为“主语是宾语”的基础判断句结构。在正式场合多用“外交（がいこう）”，发音需要注意中间“こう”要拉长音。</li></ol>,[sound:jlpt_vocabulary_in_sentence_外交.mp3]
開始,开始,授業は八時に開始します。,课程八点开始。,<ruby>授業<rt>じゅぎょう</rt></ruby>は<ruby>八時<rt>はちじ</rt></ruby>に<ruby>開始<rt>かいし</rt></ruby>します。,<ol><li>授業（じゅぎょう）：课程、上课，常用于学校、培训等场合。</li><li>は：主题助词，强调主语“授業”。</li><li>八時（はちじ）：八点钟，表示具体的时间。</li><li>に：表示动作发生的具体时间点，接在时间词后面。</li><li>開始（かいし）：开始、启动，一般用于正式、较庄重的场合，也可用「始める」（はじめる）表达“（他动）开始做某事”。这里使用「開始」强调一个正式的启动时间。</li><li>します：动词「する」的敬体，“做”，接在名词后使其动词化。</li></ol>,[sound:jlpt_vocabulary_in_sentence_開始.mp3]
解釈,解释,先生の言葉を正しく解釈しました。,我正确地解释了老师的话。,<ruby>先生<rt>せんせい</rt></ruby>の<ruby>言葉<rt>ことば</rt></ruby>を<ruby>正しく<rt>ただしく</rt></ruby><ruby>解釈<rt>かいしゃく</rt></ruby><ruby>しました<rt>しました</rt></ruby>。,<ol><li>先生（せんせい）：老师。</li><li>言葉（ことば）：话、语言。</li><li>正しく（ただしく）：正确地，是正しい（正确的）的副词形式。</li><li>解釈（かいしゃく）：解释、理解，常用于对语言、现象或文字含义的说明。</li><li>しました：是「する」的过去式，表示“做了”。</li><li>语法结构：A を B する，表示“对A做B”。在本句中，『先生の言葉を解釈する』即“解释老师的话”。</li><li>文化补充：“解釈”在日本不仅限于语言，还常用于法律、文学等领域，强调从主观立场对内容进行说明。</li></ol>,[sound:jlpt_vocabulary_in_sentence_解釈.mp3]
外出,外出,今日は外出する予定です。,今天打算外出。,<ruby>今日<rt>きょう</rt></ruby>は<ruby>外出<rt>がいしゅつ</rt></ruby>する<ruby>予定<rt>よてい</rt></ruby>です。,<ol><li>今日（きょう）：今天。</li><li>は：主题助词，表明主语。</li><li>外出（がいしゅつ）：外出，离开家去外面。通常用于正式、书面语，口语中“出かける（でかける）”更常用。</li><li>する：动词“做”，这里和名词“外出”搭配，表示进行“外出”这个动作。</li><li>予定（よてい）：计划、安排。</li><li>です：礼貌语句末表达。</li><li>语法：日语中“〜する予定です”表达“打算/预定要做某事”。结构为“动词基本形/名词+する+予定です”。</li></ol>,[sound:jlpt_vocabulary_in_sentence_外出.mp3]
改善,改善，改进,会社の仕組みを改善しました。,我改进了公司的制度。,<ruby>会社<rt>かいしゃ</rt></ruby>の<ruby>仕組み<rt>しくみ</rt></ruby>を<ruby>改善<rt>かいぜん</rt></ruby><ruby>しました<rt>しました</rt></ruby>。,<ol><li>会社（かいしゃ）：意思为公司。</li><li>仕組み（しくみ）：意思是构造、制度、机制等，常用于说明系统、结构或制度方面。</li><li>を：宾语助词，表示“对……进行动作”。</li><li>改善（かいぜん）：意思为改善、改进。常用于企业或生产等专业场景，也可指日常生活中的改进。注意发音不是“かいせん”。</li><li>しました：动词“する”（做）的过去时敬体，表示“做了……”。</li><li>句子结构为“名词+を+动词”，典型的日语宾语+谓语表达。敬体形式适用于职场、正式场合。</li></ol>,[sound:jlpt_vocabulary_in_sentence_改善.mp3]
快適,舒适,この部屋はとても快適です。,这个房间非常舒适。,<ruby>この<rt>この</rt></ruby><ruby>部屋<rt>へや</rt></ruby><ruby>は<rt>は</rt></ruby><ruby>とても<rt>とても</rt></ruby><ruby>快適<rt>かいてき</rt></ruby><ruby>です<rt>です</rt></ruby>。,<ol><li>この：指示连体词，意思是“这个”。</li><li>部屋（へや）：名词，意思是“房间”。</li><li>は：主语助词，提示句子的主题。</li><li>とても：副词，意思是“非常”。</li><li>快適（かいてき）：形容动词，意思是“舒适、舒服”。</li><li>です：礼貌体判断动词，表示陈述或断定。</li><li>语法点：形容动词与です一起使用，表达主观判断时，语气较为正式或礼貌。</li></ol>,[sound:jlpt_vocabulary_in_sentence_快適.mp3]
回復,回复,上司から回復のメールを受け取りました。,收到了上司的回复邮件。,<ruby>上司<rt>じょうし</rt></ruby>から<ruby>回復<rt>かいふく</rt></ruby>のメールを<ruby>受け取りました<rt>うけとりました</rt></ruby>。,<ol><li>上司（じょうし）：指职位或级别高于自己的人，常用于职场。</li><li>から：表示动作的起点或来源，“从”。</li><li>回復（かいふく）：本意为“恢复”，但在电子邮件等交流中可表示“回复”，与“返信（へんしん）”意义接近，但“回復”更侧重于对方的信息被接收后的答复。注意不要与“恢复健康”等语境混淆。</li><li>メール：外来语，指邮件，多为电子邮件（Email）。</li><li>を：宾格助词，标记动作对象。</li><li>受け取りました（うけとりました）：“受け取る”的过去敬体形式，表示“收到了”或“接收了”。</li><li>语法说明：主语省略，日语邮件常用“回復を受け取る”表达收到回复的场合。“回復”和“返信”均表示“回复”，其中“返信”更常见，但部分企业或行政用语中偶见“回復”。</li></ol>,[sound:jlpt_vocabulary_in_sentence_回復.mp3]
飼う,饲养,私は犬を飼っています。,我养着一只狗。,<ruby>私<rt>わたし</rt></ruby>は<ruby>犬<rt>いぬ</rt></ruby>を<ruby>飼って<rt>かって</rt></ruby><ruby>います<rt>います</rt></ruby>。,<ol><li>私（わたし）：第一人称代词，意为“我”。</li><li>犬（いぬ）：名词，指“狗”。</li><li>を：助词，表明宾语。</li><li>飼う（かう）：动词，意思是饲养动物，这里用“飼っています”表示动作的持续，说明现在正在进行养狗的状态。日常生活中常用于养宠物等动物，不用于饲养植物。</li><li>います：动词“いる”的礼貌形式，用于表示动作的正在进行或状态的持续。</li><li>日语中用「飼う（かう）」特别指养动物，不能用于植物（植物用「育てる（そだてる）」）。</li></ol>,[sound:jlpt_vocabulary_in_sentence_飼う.mp3]
帰す,让回去,先生は生徒を早く帰すことにした。,老师决定让学生早点回去。,<ruby>先生<rt>せんせい</rt></ruby>は<ruby>生徒<rt>せいと</rt></ruby>を<ruby>早く<rt>はやく</rt></ruby><ruby>帰す<rt>かえす</rt></ruby>ことにした。,<ol><li>先生（せんせい）：老师。</li><li>生徒（せいと）：学生，一般指中小学生。</li><li>を：提示动作对象的助词，表示动作的承受者。</li><li>早く（はやく）：副词，意为“早、早点”。由形容词“早い”变为副词形式。</li><li>帰す（かえす）：让某人回去、送某人回家，这里与自他动词“帰る（かえる，自回去）”区分清楚。“帰す”只能用于他动，表示让别人回去。</li><li>ことにした：表示说话人做出某种决定。用动词基本形+ことにする。</li></ol>,[sound:jlpt_vocabulary_in_sentence_帰す.mp3]
代える,替换,古いパソコンを新しいものに代える。,把旧电脑换成新的。,<ruby>古い<rt>ふるい</rt></ruby>パソコンを<ruby>新しい<rt>あたらしい</rt></ruby>ものに<ruby>代える<rt>かえる</rt></ruby>。,<ol><li>古い（ふるい）：形容词，意思是“旧的”。</li><li>パソコン：外来语，指“个人电脑”。</li><li>を：助词，标示宾语（这里是要替换的东西）。</li><li>新しい（あたらしい）：形容词，意思是“新的”。</li><li>もの：表示“东西、物品”。</li><li>に：助词，表示动作的对象或方向。</li><li>代える（かえる）：动词，意思是“替换、换成”。与「変える」同音，但意思不同（変える意为“改变”）。注意根据上下文选择用法。</li><li>语法结构：“AをBに代える”表示把A替换成B。</li></ol>,[sound:jlpt_vocabulary_in_sentence_代える.mp3]
替える,替换,古い電池を新しいものに替える。,把旧电池换成新的。,<ruby>古い<rt>ふるい</rt></ruby><ruby>電池<rt>でんち</rt></ruby>を<ruby>新しい<rt>あたらしい</rt></ruby>ものに<ruby>替える<rt>かえる</rt></ruby>。,<ol><li>古い（ふるい）：形容词，表示“旧的”。</li><li>電池（でんち）：名词，意为“电池”。</li><li>を：助词，标记宾语，此处指被替换的东西。</li><li>新しい（あたらしい）：形容词，意思是“新的”。</li><li>もの：泛指“东西、物品”。</li><li>に：助词，表示替换后的目标对象。</li><li>替える（かえる）：动词，意思是“替换”、“更换”，用于将A换成B。需与「換える（かえる）」区分，后者常指物理交换，如金钱兑换。</li><li>句中顺序为“旧物+を+新物+に+替える”，是日语中更换类动词的典型结构。</li></ol>,[sound:jlpt_vocabulary_in_sentence_替える.mp3]
換える,更换,古い電池を新しいものに換える。,把旧电池换成新的。,<ruby>古い<rt>ふるい</rt></ruby><ruby>電池<rt>でんち</rt></ruby>を<ruby>新しい<rt>あたらしい</rt></ruby>ものに<ruby>換える<rt>かえる</rt></ruby>。,<ol><li>古い（ふるい）：形容词，意为“旧的”。</li><li>電池（でんち）：名词，意为“电池”。</li><li>を：宾语助词，标记动词的作用对象。</li><li>新しい（あたらしい）：形容词，意为“新的”。</li><li>もの：名词，意为“东西、物品”，此处用来指代“新电池”。</li><li>に：助词，表示变化的目标，即“变成……”。</li><li>換える（かえる）：动词“更换、替换”。和「替える」有相似意思，但「換える」更侧重于更换种类或状态，「替える」多指替换同类的物品。</li><li>句型“ＡをＢに換える”表示“把Ａ换成Ｂ”。</li></ol>,[sound:jlpt_vocabulary_in_sentence_換える.mp3]
反る,翘起、弯曲,この本の表紙が反ってきました。,这本书的封面翘起来了。,<ruby>この<rt>この</rt></ruby><ruby>本<rt>ほん</rt></ruby>の<ruby>表紙<rt>ひょうし</rt></ruby>が<ruby>反って<rt>そって</rt></ruby><ruby>きました<rt>きました</rt></ruby>。,<ol><li>この：指示词，表示“这个”。</li><li>本（ほん）：名词，“书”。</li><li>の：连接词，表示前面的事物修饰后面的事物，这里是“书的”。</li><li>表紙（ひょうし）：名词，“封面”。</li><li>が：表示主语（这里是书的封面）。</li><li>反って（そって）：动词“反る”的te形，表示状态变化“翘起、弯曲”。在这里表示动作状态的延续。</li><li>きました：动词“来る”的过去形式，和te形连用，表达“到现在已经出现某种变化”，即“已经变得……”</li><li>整个句子属于日常描述某物因受潮、受热等翘起时的表达。</li></ol>,[sound:jlpt_vocabulary_in_sentence_反る.mp3]
香り,香气,花の香りが部屋に広がった。,花的香气在房间里弥漫开来。,<ruby>花<rt>はな</rt></ruby>の<ruby>香り<rt>かおり</rt></ruby>が<ruby>部屋<rt>へや</rt></ruby>に<ruby>広がった<rt>ひろがった</rt></ruby>。,<ol><li>花（はな）：花朵。</li><li>の：助词，表示所属关系。</li><li>香り（かおり）：名词，香气、香味，表示好闻的气味。用于描述食物、花等散发出来的芳香。</li><li>が：主格助词，标明主语。</li><li>部屋（へや）：房间。</li><li>に：表示地点、场所。</li><li>広がった（ひろがった）：动词“広がる”（扩散、蔓延）的过去式，表示扩散开来。</li><li>语法：“AのB”结构用于表达“A的B”，如“花の香り”为“花的香气”。动词过去式“-た”形用于表达动作已完成。</li></ol>,[sound:jlpt_vocabulary_in_sentence_香り.mp3]
画家,画家,彼は有名な画家です。,他是一位著名的画家。,<ruby>彼<rt>かれ</rt></ruby>は<ruby>有名<rt>ゆうめい</rt></ruby>な<ruby>画家<rt>がか</rt></ruby>です。,<ol><li>彼（かれ）：第三人称代词，意为“他”。</li><li>有名（ゆうめい）：形容动词，表示有名、著名。后接「な」，与名词连接形成句子的连体修饰。</li><li>画家（がか）：名词，意为“画家”，指从事绘画的人。注意“家”在不同词语中念法不同，如“作家（さっか）”。</li><li>です：是敬体句末结尾，表示礼貌。</li></ol>,[sound:jlpt_vocabulary_in_sentence_画家.mp3]
以来,以来，之后,卒業以来、彼に会っていません。,自从毕业后，就没有见过他。,<ruby>卒業<rt>そつぎょう</rt></ruby><ruby>以来<rt>いらい</rt></ruby>、<ruby>彼<rt>かれ</rt></ruby>に<ruby>会って<rt>あって</rt></ruby><ruby>いません<rt>いません</rt></ruby>。,<ol><li>卒業（そつぎょう）：名词，意思是“毕业”。</li><li>以来（いらい）：接续助词，表示“自从……之后一直”，后常接持续或未发生的状态。</li><li>彼（かれ）：代词，意思是“他”。</li><li>に：助词，表示目标或对象。</li><li>会って（あって）：动词“会う（あう）”的て形，表示“见面”。</li><li>いません：动词否定，表示没有做某事。</li><li>语法说明：“卒業以来”整体意思为“自从毕业后”，常用表达时间的起点，后接持续状态或行为的否定。</li></ol>,[sound:jlpt_vocabulary_in_sentence_以来.mp3]
抱える,承担；怀抱,彼は大きな問題を抱えている。,他正承担着重大的问题。,<ruby>彼は<rt>かれは</rt></ruby><ruby>大きな<rt>おおきな</rt></ruby><ruby>問題<rt>もんだい</rt></ruby>を<ruby>抱えている<rt>かかえている</rt></ruby>。,<ol><li>彼（かれ）：他，指男性。</li><li>は：主题助词，标明主语。</li><li>大きな：形容动词“大きい（おおきい）”的連体形式，修饰后面的名词，意为“大的”。</li><li>問題（もんだい）：问题。</li><li>を：宾语助词，表示“问题”为动作的对象。</li><li>抱えている（かかえている）：动词“抱える”的ている形式，表示状态持续。这里引申为“承担、面临”。本动词还有“夹，怀，抱（物理动作）”，但在生活和新闻语境中常用于比喻困难、烦恼等抽象事物。</li><li>注意：「抱える」除了怀抱具体物品，也常指抽象事物，比如“问题”或“负担”。用法上与「持つ」不同，通常不用于“一般地拥有”，而着重于“必须处理、较为沉重的事物”。</li></ol>,[sound:jlpt_vocabulary_in_sentence_抱える.mp3]
価格,价格,この店の価格はとても安いです。,这家店的价格非常便宜。,<ruby>この<rt>この</rt></ruby><ruby>店<rt>みせ</rt></ruby><ruby>の<rt>の</rt></ruby><ruby>価格<rt>かかく</rt></ruby><ruby>は<rt>は</rt></ruby><ruby>とても<rt>とても</rt></ruby><ruby>安い<rt>やすい</rt></ruby>です。,<ol><li>この：指示词，意思为“这个”。常用于修饰后面的名词（如“この店”）。</li><li>店（みせ）：名词，意思为“商店”。</li><li>の：助词，连接名词，表示“的”。</li><li>価格（かかく）：名词，意思为“价格”。读作「かかく」。</li><li>は：提示助词，表示主题，读作「わ」。</li><li>とても：副词，意思为“非常”。</li><li>安い（やすい）：形容词，意思为“便宜”。</li><li>です：礼貌结句助动词。</li><li>语法结构：“このAのB”表示“这家A的B”；本句中“この店の価格”即“这家店的价格”。</li><li>价格（価格）有时也读作「かけい」（较少见），但日常生活中基本统一用「かかく」。</li></ol>,[sound:jlpt_vocabulary_in_sentence_価格.mp3]
化学,化学,私は化学が好きです。,我喜欢化学。,<ruby>私<rt>わたし</rt></ruby>は<ruby>化学<rt>かがく</rt></ruby>が<ruby>好き<rt>すき</rt></ruby>です。,<ol><li>私（わたし）：第一人称，意为“我”。</li><li>は：主题助词，表示主语。</li><li>化学（かがく）：名词，表示学科“化学”。</li><li>が：主语助词，也可用于强调主语，常用于喜欢、讨厌等表达感情的句中。</li><li>好き（すき）：形容动词，表示“喜欢”。</li><li>です：敬体终句助词，表达礼貌语气。</li><li>句型讲解：“～が好きです”表达喜欢某事物，是固定句型，前方一般使用名词。注意不能用“を”。</li></ol>,[sound:jlpt_vocabulary_in_sentence_化学.mp3]
輝く,闪耀,夜空に星が輝いている。,夜空中星星在闪耀。,<ruby>夜空<rt>よぞら</rt></ruby>に<ruby>星<rt>ほし</rt></ruby>が<ruby>輝いている<rt>かがやいている</rt></ruby>。,<ol><li>夜空（よぞら）：指夜晚的天空，“夜”是晚上，“空”指天空，在日语中经常搭配一起用来描写夜景。</li><li>に：日语中表示动作的场所助词，常用于指出动作发生的地点。</li><li>星（ほし）：星星。在日语与汉语用法基本一致。</li><li>が：格助词，表示主语。</li><li>輝いている（かがやいている）：是动词“輝く（かがやく，闪闪发光）”的ている形式，表示动作正在进行，即“正在闪耀”。这里体现出日本人对自然景色的细腻描绘。</li><li>整个句子结构为“场所に+物が+ている”，表达某物在某地处于某种状态，非常常见。</li><li>文化补充：在日本文学和诗歌中，“星が輝いている”常用来表达浪漫或希望的意象。</li></ol>,[sound:jlpt_vocabulary_in_sentence_輝く.mp3]
